---,Attribute,DamageValue,ArmorDamageValue,ShieldDamageValue,ShieldAreaDamageValue,MobDamageValue,MobBigDamageValue,MidStrongholdDamageValue,GuardStrongholdDamageValue,StrongholdDamageValue,HeadShotRate,CriticalHitRate,ScoreRate,ScoreRateNonPlayer,MyDamageRate,FriendDamageRate,VsBossDamageRate,VsBossDownValueRate,FlinchValue,ReactionType,DownValue,DamageType,AbnormalStateType,AbnormalStateValue,AbnormalStateTime,BlowOffType,BlowOffPowerValue,BlowOffPitchDeg,BlowOffYawDeg,FlinchTime,KnockBackPowerValue,KnockBackPowerValueShield,PeculiarDamageType,PeculiarDamageValue,Mob3Damage,AttackHitStopTime,DamageHitStopTime,ShakeType,StrengthShake,ShakeRate,TAGComboStart,CrossBreakDamageRate,CrossBreakDownValueRate
Empty,EAttackAttribute::None,0,0,0,0,0,0,0,0,0,0,0,0,0,0,0,0,0,0,EReactionType::None,0,EDamageType::InvincibleBlowOff,EAbnormalStateType::None,0,0,EBlowOffType::Unit,0,0,0,0,0,0,EPeculiarDamageType::None,0,0,0,0,EShakeType::None,1,1,0,2,0
ATK_MachineGun_Bullet01,EAttackAttribute::Bullet,5.3,9,8,12,30,19,0,10,40,0,1,1,1,1,1,1,1,0,EReactionType::None,0,EDamageType::InvincibleBlowOff,EAbnormalStateType::None,0,0,EBlowOffType::Unit,0,0,0,0,0,0,EPeculiarDamageType::None,0,0,0,0,EShakeType::ImpactStatic,0.1,0.7,8,2,40
ATK_HandGun_Bullet01,EAttackAttribute::Bullet,8,18,14,14,20,10,0,5,25,0,1,1,1,1,1,1,1,0,EReactionType::None,0,EDamageType::InvincibleBlowOff,EAbnormalStateType::None,0,0,EBlowOffType::Unit,0,0,0,0.2,2000,0,EPeculiarDamageType::None,0,0,0,0.03,EShakeType::ImpactStatic,0.1,0.7,16,3.25,100
ATK_PulseGun_Bullet01,EAttackAttribute::Beam,15,12,12,12,20,4,0,3,6,0,1,1,1,1,1,1,1,1000,EReactionType::Flinch,0,EDamageType::InvincibleBlowOff,EAbnormalStateType::None,0,0,EBlowOffType::Unit,0,0,0,0.6,1500,0,EPeculiarDamageType::None,0,0,0,0.03,EShakeType::ImpactDynamic,0.2,1,15,1.5,60
ATK_PulseGun_Bullet02,EAttackAttribute::Beam,15,12,12,12,20,4,0,3,6,0,1,1,1,1,1,1,1,1000,EReactionType::Flinch,0,EDamageType::InvincibleBlowOff,EAbnormalStateType::None,0,0,EBlowOffType::Unit,0,0,0,0.6,1500,0,EPeculiarDamageType::None,0,0,0,0.03,EShakeType::ImpactDynamic,0.2,1,15,1.5,60
ATK_PulseGun_Bullet03,EAttackAttribute::Beam,15,12,12,12,20,4,0,3,6,0,1,1,1,1,1,1,1,1000,EReactionType::Flinch,0,EDamageType::InvincibleBlowOff,EAbnormalStateType::None,0,0,EBlowOffType::Unit,0,0,0,0.6,1500,0,EPeculiarDamageType::None,0,0,0,0.03,EShakeType::ImpactDynamic,0.2,1,15,1.5,60
ATK_PulseGun_Bullet04,EAttackAttribute::Beam,15,12,12,12,20,4,0,3,6,0,1,1,1,1,1,1,1,1000,EReactionType::Flinch,0,EDamageType::InvincibleBlowOff,EAbnormalStateType::None,0,0,EBlowOffType::Unit,0,0,0,0.6,1500,0,EPeculiarDamageType::None,0,0,0,0.03,EShakeType::ImpactDynamic,0.2,1,15,1.5,60
ATK_PulseGun_Bullet05,EAttackAttribute::Beam,15,12,12,12,20,4,0,3,6,0,1,1,1,1,1,1,1,1000,EReactionType::Flinch,0,EDamageType::InvincibleBlowOff,EAbnormalStateType::None,0,0,EBlowOffType::Unit,0,0,0,0.6,1500,0,EPeculiarDamageType::None,0,0,0,0.03,EShakeType::ImpactDynamic,0.2,1,15,1.5,60
ATK_BeamRifle_Bullet01,EAttackAttribute::Beam,56,80,120,120,150,150,0,80,180,0,1,1,1,1,1,1,1,0,EReactionType::None,0,EDamageType::InvincibleBlowOff,EAbnormalStateType::None,0,0,EBlowOffType::Unit,0,0,0,0,0,0,EPeculiarDamageType::None,0,0,0,0.02,EShakeType::ImpactStatic,1,1.2,112,2.5,500
ATK_RocketLauncher_Bullet01,EAttackAttribute::Rocket,60,50,50,50,70,30,0,20,40,0,1,1,1,1,1,1,1,0,EReactionType::None,0,EDamageType::InvincibleBlowOff,EAbnormalStateType::None,0,0,EBlowOffType::Unit,0,0,0,0,0,0,EPeculiarDamageType::None,0,0,0,0.03,EShakeType::ImpactStatic,1,1,0,1.5,0
ATK_3WayBeam_Bullet01,EAttackAttribute::Beam,60,100,180,180,100,190,0,120,340,0,1,1,1,1,1,1,1,0,EReactionType::None,0,EDamageType::InvincibleBlowOff,EAbnormalStateType::None,0,0,EBlowOffType::Unit,0,0,0,0.5,5000,0,EPeculiarDamageType::None,0,0,0,0.05,EShakeType::ImpactStatic,1,1.2,150,2,500
ATK_BoundGun_Bullet01,EAttackAttribute::Bullet,25,20,20,20,26,6,0,4,8,0,1,1,1,1,1,1,1,1000,EReactionType::Flinch,0,EDamageType::InvincibleBlowOff,EAbnormalStateType::None,0,0,EBlowOffType::Unit,0,0,0,0.6,1500,0,EPeculiarDamageType::None,0,0,0,0.03,EShakeType::ImpactDynamic,0.2,1,15,1.5,60
ATK_BoundGun_Bullet02,EAttackAttribute::Bullet,25,20,20,20,26,6,0,4,8,0,1,1,1,1,1,1,1,1000,EReactionType::Flinch,0,EDamageType::InvincibleBlowOff,EAbnormalStateType::None,0,0,EBlowOffType::Unit,0,0,0,0.6,1500,0,EPeculiarDamageType::None,0,0,0,0.03,EShakeType::ImpactDynamic,0.2,1,15,1.5,60
ATK_BoundGun_Bullet03,EAttackAttribute::Bullet,25,20,20,20,26,6,0,4,8,0,1,1,1,1,1,1,1,1000,EReactionType::Flinch,0,EDamageType::InvincibleBlowOff,EAbnormalStateType::None,0,0,EBlowOffType::Unit,0,0,0,0.6,1500,0,EPeculiarDamageType::None,0,0,0,0.03,EShakeType::ImpactDynamic,0.2,1,15,1.5,60
ATK_BoundGun_Bullet04,EAttackAttribute::Bullet,25,20,20,20,26,6,0,4,8,0,1,1,1,1,1,1,1,1000,EReactionType::Flinch,0,EDamageType::InvincibleBlowOff,EAbnormalStateType::None,0,0,EBlowOffType::Unit,0,0,0,0.6,1500,0,EPeculiarDamageType::None,0,0,0,0.03,EShakeType::ImpactDynamic,0.2,1,15,1.5,60
ATK_BoundGun_Bullet05,EAttackAttribute::Bullet,25,20,20,20,26,6,0,4,8,0,1,1,1,1,1,1,1,1000,EReactionType::Flinch,0,EDamageType::InvincibleBlowOff,EAbnormalStateType::None,0,0,EBlowOffType::Unit,0,0,0,0.6,1500,0,EPeculiarDamageType::None,0,0,0,0.03,EShakeType::ImpactDynamic,0.2,1,15,1.5,60
ATK_Pressure_Bullet01,EAttackAttribute::Bomb,200,500,200,200,200,280,0,140,400,0,1,1,1,1,1,1,1,1000,EReactionType::BlowOff,0,EDamageType::InvincibleBlowOff,EAbnormalStateType::None,0,0,EBlowOffType::Center,10000,40,0,0,0,0,EPeculiarDamageType::None,0,0,0,0,EShakeType::ImpactStatic,1,1,145,1.5,580
ATK_ShotGun_Bullet01,EAttackAttribute::Bullet,10,10,10,10,20,4,0,2,6,0,1,1,1,1,1,3,1,350,EReactionType::Flinch,50,EDamageType::InvincibleBlowOff,EAbnormalStateType::None,0,0,EBlowOffType::Unit,0,0,0,0.4,1500,0,EPeculiarDamageType::None,0,0,0,0.03,EShakeType::ImpactDynamic,0.2,1,15,1.8,75
ATK_ShotGun_Bullet02,EAttackAttribute::Bullet,10,10,10,10,20,4,0,2,6,0,1,1,1,1,1,3,1,350,EReactionType::Flinch,50,EDamageType::InvincibleBlowOff,EAbnormalStateType::None,0,0,EBlowOffType::Unit,0,0,0,0.4,1500,0,EPeculiarDamageType::None,0,0,0,0.03,EShakeType::ImpactDynamic,0.2,1,15,1.8,75
ATK_ShotGun_Bullet03,EAttackAttribute::Bullet,10,10,10,10,20,2,0,1,6,0,1,1,1,1,1,3,1,350,EReactionType::Flinch,50,EDamageType::InvincibleBlowOff,EAbnormalStateType::None,0,0,EBlowOffType::Unit,0,0,0,0.4,1500,0,EPeculiarDamageType::None,0,0,0,0.03,EShakeType::ImpactDynamic,0.2,1,15,1.8,75
ATK_ShotGun_Bullet04,EAttackAttribute::Bullet,10,10,10,10,20,2,0,1,6,0,1,1,1,1,1,3,1,350,EReactionType::Flinch,50,EDamageType::InvincibleBlowOff,EAbnormalStateType::None,0,0,EBlowOffType::Unit,0,0,0,0.4,1500,0,EPeculiarDamageType::None,0,0,0,0.03,EShakeType::ImpactDynamic,0.2,1,15,1.8,75
ATK_ShotGun_Bullet05,EAttackAttribute::Bullet,10,10,10,10,20,2,0,1,6,0,1,1,1,1,1,3,1,350,EReactionType::Flinch,50,EDamageType::InvincibleBlowOff,EAbnormalStateType::None,0,0,EBlowOffType::Unit,0,0,0,0.4,1500,0,EPeculiarDamageType::None,0,0,0,0.03,EShakeType::ImpactDynamic,0.2,1,15,1.8,75
ATK_BeamNet_Bullet01,EAttackAttribute::Beam,40,0,0,0,0,0,0,0,0,0,1,1,1,1,1,1,1,0,EReactionType::None,0,EDamageType::InvincibleBlowOff,EAbnormalStateType::Palsy,1000,2.5,EBlowOffType::Unit,0,0,0,0,0,0,EPeculiarDamageType::None,0,0,0,0.02,EShakeType::ImpactDynamic,1.5,1,60,1,0
ATK_CoilGun_Bullet01,EAttackAttribute::Bullet,20,50,50,50,150,100,0,50,150,0,1,1,1,1,1,1.5,1,0,EReactionType::None,0,EDamageType::InvincibleBlowOff,EAbnormalStateType::Palsy,1000,2,EBlowOffType::Unit,0,0,0,0,0,0,EPeculiarDamageType::None,0,0,0,0.1,EShakeType::ImpactStatic,5,1,0,1.5,0
ATK_MachineGun_Type02_Bullet01,EAttackAttribute::Bullet,5,11,20,20,40,22,0,9,25,0,1,1,1,1,1,2,1,0,EReactionType::None,0,EDamageType::InvincibleBlowOff,EAbnormalStateType::None,0,0,EBlowOffType::Unit,0,0,0,0,0,0,EPeculiarDamageType::None,0,0,0,0,EShakeType::ImpactStatic,0.1,0.7,7.5,2.25,40
ATK_BeamMagnum_Bullet01,EAttackAttribute::Beam,80,120,200,230,180,200,0,100,240,0,1.05,1,1,1,1,1,1,0,EReactionType::None,0,EDamageType::InvincibleBlowOff,EAbnormalStateType::None,0,0,EBlowOffType::Unit,0,0,0,0.6,1500,0,EPeculiarDamageType::None,0,0,0,0.06,EShakeType::DampedDynamic,2,1.5,120,2,500
ATK_7WayBeam_Bullet01,EAttackAttribute::Beam,60,55,200,200,150,200,0,100,250,0,1,1,1,1,1,2,1,1000,EReactionType::Flinch,0,EDamageType::InvincibleBlowOff,EAbnormalStateType::None,0,0,EBlowOffType::Unit,0,0,0,0.6,2500,2500,EPeculiarDamageType::None,0,0,0,0.02,EShakeType::DampedStatic,0.5,1,150,2.25,500
ATK_MultipleGrenadeLauncher_Bullet01,EAttackAttribute::Rocket,25,40,80,60,80,50,0,20,70,0,1,1,1,1,1,1,1,0,EReactionType::None,100,EDamageType::InvincibleBlowOff,EAbnormalStateType::None,0,0,EBlowOffType::Unit,0,0,0,0,0,0,EPeculiarDamageType::None,0,0,0,0.01,EShakeType::ImpactStatic,1,1,50,1.5,100
ATK_BeamMachineGun_Bullet01,EAttackAttribute::Beam,20,20,20,20,20,30,0,20,40,0,1,1,1,1,1,1,1,0,EReactionType::None,0,EDamageType::InvincibleBlowOff,EAbnormalStateType::None,0,0,EBlowOffType::Unit,0,0,0,0,0,0,EPeculiarDamageType::None,0,0,0,0,EShakeType::ImpactStatic,0.1,0.7,20,1.5,80
ATK_GatlingGun_Type02_Bullet01,EAttackAttribute::Bullet,7,19,18,18,25,15,0,9,32,0,1,1,1,1,1,0.8,1,0,EReactionType::None,25,EDamageType::InvincibleBlowOff,EAbnormalStateType::None,0,0,EBlowOffType::Unit,0,0,0,0.5,2000,0,EPeculiarDamageType::None,0,0,0,0,EShakeType::ImpactStatic,0.1,0.7,15,2.3,50
ATK_GatlingGun_Type02_Bullet02,EAttackAttribute::Bullet,8,18,18,18,25,15,0,9,32,0,1,1,1,1,1,0.8,1,0,EReactionType::None,25,EDamageType::InvincibleBlowOff,EAbnormalStateType::None,0,0,EBlowOffType::Unit,0,0,0,0,0,0,EPeculiarDamageType::None,0,0,0,0,EShakeType::ImpactStatic,0.1,0.7,15,2.3,50
ATK_HealGun_Bullet01,EAttackAttribute::Heal,0,0,0,0,0,0,0,0,0,0,1,0.45,1,1,1,1,1,0,EReactionType::None,0,EDamageType::InvincibleBlowOff,EAbnormalStateType::None,0,0,EBlowOffType::Unit,0,0,0,0,0,0,EPeculiarDamageType::None,0,0,0,0,EShakeType::None,1,1,-100,1,0
ATK_PowerUpGun_Bullet01,EAttackAttribute::Normal,0,0,0,0,0,0,0,0,0,0,1,1,1,1,1,1,1,0,EReactionType::None,0,EDamageType::InvincibleBlowOff,EAbnormalStateType::BuffAtk,1000,6.5,EBlowOffType::Unit,0,0,0,0,0,0,EPeculiarDamageType::UseException,1.5,0,0,0,EShakeType::None,1,1,0,1.5,0
ATK_GatlingGun_Bullet01,EAttackAttribute::Bullet,6,13,22,18,20,8,0,6,16,0,1,1,1,1,1,0.8,1,0,EReactionType::None,25,EDamageType::InvincibleBlowOff,EAbnormalStateType::None,0,0,EBlowOffType::Unit,0,0,0,0.5,2000,0,EPeculiarDamageType::None,0,0,0,0,EShakeType::ImpactStatic,0.1,0.7,12,2.4,50
ATK_GatlingGun_Bullet02,EAttackAttribute::Bullet,6,12,20,15,17,7,0,4,13,0,1,1,1,1,1,0.8,1,0,EReactionType::None,25,EDamageType::InvincibleBlowOff,EAbnormalStateType::None,0,0,EBlowOffType::Unit,0,0,0,0,0,0,EPeculiarDamageType::None,0,0,0,0,EShakeType::ImpactStatic,0.1,0.7,12,2.4,50
ATK_ReverseGun_Bullet01,EAttackAttribute::Beam,20,15,40,40,10,15,0,10,20,0,1,1,1,1,1,1,1,0,EReactionType::None,0,EDamageType::InvincibleBlowOff,EAbnormalStateType::None,0,0,EBlowOffType::Unit,0,0,0,0,0,0,EPeculiarDamageType::None,0,0,0,0.07,EShakeType::ImpactDynamic,1,1,24,1.5,96
ATK_LaserRifle_Bullet01,EAttackAttribute::Laser,50,50,50,50,45,35,0,25,50,0,1,1,1,1,1,1,1,350,EReactionType::Flinch,0,EDamageType::InvincibleBlowOff,EAbnormalStateType::None,0,0,EBlowOffType::Unit,0,0,0,0,0,0,EPeculiarDamageType::None,0,0,0,0.02,EShakeType::RapidDynamic,1,1,50,1.5,200
ATK_HandGun_Type02_Bullet01,EAttackAttribute::Bullet,10.6,18,15,15,20,14,0,7,27,0,1,1,1,1,1,1,1,0,EReactionType::None,0,EDamageType::InvincibleBlowOff,EAbnormalStateType::None,0,0,EBlowOffType::Unit,0,0,0,0,500,0,EPeculiarDamageType::None,0,0,0,0.06,EShakeType::ImpactStatic,0.1,0.7,21,2.6,125
ATK_FlameThrower_Bullet01,EAttackAttribute::Normal,4,9,14,14,15,11,0,7,14,0,1,1.1,1,1,1,2,1,0,EReactionType::None,0,EDamageType::InvincibleBlowOff,EAbnormalStateType::Burning,1000,6,EBlowOffType::Unit,0,0,0,0,0,0,EPeculiarDamageType::UseException,1,0,0,0,EShakeType::ImpactStatic,0.1,0.7,6,3,50
ATK_IceGun_Bullet01,EAttackAttribute::Normal,110,150,100,100,150,232,0,116,285,0,1,1,1,1,1,1,1,0,EReactionType::None,0,EDamageType::InvincibleBlowOff,EAbnormalStateType::Freeze,1000,5,EBlowOffType::Unit,0,0,0,0,0,0,EPeculiarDamageType::UseException,0.9,0,0,0.02,EShakeType::DampedDynamic,1,1,70,1.5,280
ATK_IceGun_Bullet02,EAttackAttribute::Normal,75,75,75,75,0,0,0,0,0,0,1,1,1,1,1,1,1,0,EReactionType::None,0,EDamageType::InvincibleBlowOff,EAbnormalStateType::None,0,0,EBlowOffType::Unit,0,0,0,0,0,0,EPeculiarDamageType::None,0,0,0,0.02,EShakeType::DampedDynamic,1,1,47,1.5,188
ATK_HealLaser_Bullet01,EAttackAttribute::Heal,12.5,0,0,0,0,0,0,0,0,0,1,1,1,1,1,1,1,0,EReactionType::None,0,EDamageType::InvincibleBlowOff,EAbnormalStateType::None,0,0,EBlowOffType::Unit,0,0,0,0,0,0,EPeculiarDamageType::None,0,0,0,0,EShakeType::None,1,1,0,1.5,0
ATK_BeamRifle_Type02_Bullet01,EAttackAttribute::Beam,68,88,150,150,140,130,0,60,160,0,1,1,1,1,1,1,1,0,EReactionType::None,0,EDamageType::InvincibleBlowOff,EAbnormalStateType::None,0,0,EBlowOffType::Unit,0,0,0,0,0,0,EPeculiarDamageType::None,0,0,0,0.02,EShakeType::ImpactStatic,1,1.2,111,2.2,500
ATK_RocketLauncher_Type02_Bullet01,EAttackAttribute::Rocket,0,40,80,60,70,70,0,20,80,0,1,1,1,1,1,1,1,0,EReactionType::None,0,EDamageType::InvincibleBlowOff,EAbnormalStateType::None,0,0,EBlowOffType::Unit,0,0,0,0,0,0,EPeculiarDamageType::None,0,0,0,0.03,EShakeType::ImpactStatic,1,1,0,1.5,0
ATK_BothBeamRifle_Bullet01,EAttackAttribute::Beam,100,140,180,180,150,400,0,200,425,0,1,1,1,1,1,1,1,1000,EReactionType::Flinch,500,EDamageType::InvincibleBlowOff,EAbnormalStateType::None,0,0,EBlowOffType::Unit,7000,50,0,0.4,0,0,EPeculiarDamageType::None,0,0,0,0.2,EShakeType::DampedDynamic,1,1,150,1.35,500
ATK_BothBeamRifle_Bullet02,EAttackAttribute::Beam,100,140,180,180,150,400,0,200,425,0,1,1,1,1,1,1,1,1000,EReactionType::Flinch,500,EDamageType::InvincibleBlowOff,EAbnormalStateType::None,0,0,EBlowOffType::Unit,7000,50,0,0.4,0,0,EPeculiarDamageType::None,0,0,0,0.2,EShakeType::DampedDynamic,1,1,150,1.35,500
ATK_BothBeamRifle_Bullet03,EAttackAttribute::Beam,60,75,100,100,100,130,0,65,157,0,1,1,1,1,1,1,1,1000,EReactionType::BlowOff,175,EDamageType::InvincibleBlowOff,EAbnormalStateType::None,0,0,EBlowOffType::Unit,7000,40,0,0.8,0,0,EPeculiarDamageType::None,0,0,0,0.1,EShakeType::DampedStatic,1,1.5,48,2.1,250
ATK_BothBeamRifle_Bullet05,EAttackAttribute::Beam,24,40,125,125,150,60,0,30,95,0,1,1,1,1,1,1,1,1000,EReactionType::Flinch,0,EDamageType::InvincibleBlowOff,EAbnormalStateType::None,0,0,EBlowOffType::Unit,0,0,0,0.3,2000,0,EPeculiarDamageType::None,0,0,0,0.02,EShakeType::DampedDynamic,1,1,48,2.4,200
ATK_PlasmaGun_Bullet01,EAttackAttribute::Beam,100,100,45,45,25,30,0,10,110,0,1,1,1,1,1,1,1,0,EReactionType::None,600,EDamageType::InvincibleBlowOff,EAbnormalStateType::None,0,0,EBlowOffType::Unit,0,0,0,0,0,0,EPeculiarDamageType::None,0,0,0,0,EShakeType::DampedDynamic,2,1,80,1.2,600
ATK_BothHandsRocketLauncher_Bullet01,EAttackAttribute::Rocket,0,50,25,25,50,60,0,30,110,0,1,1,1,1,1,1,1,0,EReactionType::None,0,EDamageType::InvincibleBlowOff,EAbnormalStateType::None,0,0,EBlowOffType::Unit,0,0,0,1,4000,0,EPeculiarDamageType::None,0,0,0,0.02,EShakeType::ImpactStatic,1,1,0,1.5,0
ATK_BothHandsRocketLauncher_Bullet02,EAttackAttribute::Rocket,0,50,25,25,50,60,0,30,110,0,1,1,1,1,1,1,1,0,EReactionType::None,0,EDamageType::InvincibleBlowOff,EAbnormalStateType::None,0,0,EBlowOffType::Unit,0,0,0,1,4000,0,EPeculiarDamageType::None,0,0,0,0.02,EShakeType::ImpactStatic,1,1,0,1.5,0
ATK_GatlingGunAndRocketLauncher_Bullet01,EAttackAttribute::Bullet,24,20,20,20,50,22,0,11,24,0,1,1,1,1,1,1,1,0,EReactionType::None,100,EDamageType::InvincibleBlowOff,EAbnormalStateType::None,0,0,EBlowOffType::Unit,0,0,0,0,0,0,EPeculiarDamageType::None,0,0,0,0.01,EShakeType::ImpactStatic,1,1,60,1.9,175
ATK_GatlingGunAndRocketLauncher_Bullet02,EAttackAttribute::Bullet,6,17,17,17,22,14,0,7,19,0,1,1,1,1,1,1,1,0,EReactionType::None,25,EDamageType::InvincibleBlowOff,EAbnormalStateType::None,0,0,EBlowOffType::Unit,0,0,0,0,0,0,EPeculiarDamageType::None,0,0,0,0,EShakeType::DampedDynamic,1,1,12,2.2,50
ATK_GatlingGunAndRocketLauncher_Bullet03,EAttackAttribute::Bullet,6,17,17,17,22,14,0,7,19,0,1,1,1,1,1,1,1,0,EReactionType::None,25,EDamageType::InvincibleBlowOff,EAbnormalStateType::None,0,0,EBlowOffType::Unit,0,0,0,0,0,0,EPeculiarDamageType::None,0,0,0,0,EShakeType::DampedDynamic,1,1,12,2.2,50
ATK_Cannon_Bullet01,EAttackAttribute::Rocket,80,200,300,350,150,180,0,90,350,0,1,1,1,1,1,1,1,1000,EReactionType::BlowOff,500,EDamageType::InvincibleBlowOff,EAbnormalStateType::None,0,0,EBlowOffType::Unit,10000,20,0,0,0,0,EPeculiarDamageType::None,0,0,0,0,EShakeType::ImpactDynamic,1,1,96,4.7,1000
ATK_Cannon_Bullet02,EAttackAttribute::Rocket,0,0,350,450,150,40,0,20,200,0,1,1,1,1,1,1,1,0,EReactionType::None,0,EDamageType::InvincibleBlowOff,EAbnormalStateType::None,0,0,EBlowOffType::Unit,10000,30,0,0,0,0,EPeculiarDamageType::None,0,0,0,0,EShakeType::ImpactDynamic,1,1,0,1.5,0
ATK_TwinBastardRifle_Bullet01,EAttackAttribute::Laser,40,50,500,100,100,400,0,200,550,0,1,1,1,1,1,1,1,1000,EReactionType::Flinch,100,EDamageType::InvincibleBlowOff,EAbnormalStateType::None,0,0,EBlowOffType::Unit,0,0,0,0.8,800,0,EPeculiarDamageType::None,0,0,0,0.02,EShakeType::RapidDynamic,1,1,16,2,200
ATK_BeamMachineGun_Type02_Bullet01,EAttackAttribute::Beam,6.6,10,20,20,73,32,0,15,48,0,1,1,1,1,1,1,1,0,EReactionType::None,0,EDamageType::InvincibleBlowOff,EAbnormalStateType::None,0,0,EBlowOffType::Unit,0,0,0,0,0,0,EPeculiarDamageType::None,0,0,0,0,EShakeType::ImpactStatic,0.1,0.7,10,2,50
ATK_HarpoonGun_Bullet01,EAttackAttribute::Bullet,200,200,500,500,290,600,0,300,600,0,1,1,1,1,1,1,0.5,0,EReactionType::None,0,EDamageType::HarpoonBlowOff,EAbnormalStateType::None,0,0,EBlowOffType::Unit,30000,0,0,0,0,0,EPeculiarDamageType::None,0,0,0,0.1,EShakeType::ImpactStatic,3,1,1000,1.5,1000
ATK_SnakeGun_Bullet01,EAttackAttribute::Beam,25,35,35,35,25,25,0,20,20,0,1,1,1,1,1,1,1,0,EReactionType::None,0,EDamageType::InvincibleBlowOff,EAbnormalStateType::None,0,0,EBlowOffType::Unit,0,0,0,0,0,0,EPeculiarDamageType::None,0,0,0,0.02,EShakeType::DampedDynamic,1,1,40,1.5,160
ATK_SniperRifle_Bullet01,EAttackAttribute::Beam,360,500,1200,600,800,696,0,348,1000,0,1,1,1,1,1,0.6,0.3,0,EReactionType::None,1000,EDamageType::InvincibleBlowOff,EAbnormalStateType::None,0,0,EBlowOffType::UnitXY,10000,30,0,0,0,0,EPeculiarDamageType::None,0,0,0,0.15,EShakeType::ImpactStatic,1.2,1.4,288,1.8,1000
ATK_BeamMagnum_Type02_Bullet01,EAttackAttribute::Beam,200,200,200,200,240,160,0,110,225,0,1,1,1,1,1,1,1,0,EReactionType::None,0,EDamageType::InvincibleBlowOff,EAbnormalStateType::None,0,0,EBlowOffType::Unit,0,0,0,0.6,1500,0,EPeculiarDamageType::None,0,0,0,0.3,EShakeType::DampedStatic,1,1.5,175,1.5,700
ATK_Laser_Bullet01,EAttackAttribute::Laser,36,46,90,90,50,28,0,21,42,0,1,1,1,1,1,0.6,0.6,350,EReactionType::Flinch,100,EDamageType::InvincibleBlowOff,EAbnormalStateType::None,0,0,EBlowOffType::Unit,0,0,0,0.2,500,0,EPeculiarDamageType::None,0,0,0,0.05,EShakeType::RapidDynamic,1,1,29,1.2,100
ATK_TacticalNuclear_Bullet01,EAttackAttribute::Rocket,0,0,0,0,0,0,0,0,0,0,1,1,1,1,1,0.2,0.2,0,EReactionType::None,0,EDamageType::InvincibleBlowOff,EAbnormalStateType::None,0,0,EBlowOffType::Unit,0,0,0,0,0,0,EPeculiarDamageType::None,0,0,0,0,EShakeType::None,1,1,0,1.5,0
ATK_SatelliteCannon_Bullet01,EAttackAttribute::Laser,32,80,90,100,80,72,0,35,53,0,1,1,1,0,0,0.6,0.6,500,EReactionType::Flinch,100,EDamageType::InvincibleBlowOff,EAbnormalStateType::None,0,0,EBlowOffType::Unit,0,0,0,0,0,0,EPeculiarDamageType::None,0,0,0,0.03,EShakeType::RapidDynamic,1,1,80,1.65,100
ATK_BoundBubble_Bullet01,EAttackAttribute::Normal,145,160,200,250,500,166,0,83,200,0,1,1,1,1,1,1,1,1000,EReactionType::Flinch,0,EDamageType::InvincibleBlowOff,EAbnormalStateType::None,0,0,EBlowOffType::Unit,0,0,0,1,500,0,EPeculiarDamageType::None,0,0,0,0.01,EShakeType::None,1,1,190,1.5,760
ATK_BoundBubble_Bullet02,EAttackAttribute::Normal,145,160,200,250,500,166,0,83,200,0,1,1,1,1,1,1,1,1000,EReactionType::Flinch,0,EDamageType::InvincibleBlowOff,EAbnormalStateType::None,0,0,EBlowOffType::Unit,0,0,0,1,500,0,EPeculiarDamageType::None,0,0,0,0.01,EShakeType::None,1,1,190,1.5,760
ATK_PowerUpGunType02_Bullet01,EAttackAttribute::Normal,0,0,0,0,0,0,0,0,0,0,1,1,1,1,1,1,1,0,EReactionType::None,0,EDamageType::InvincibleBlowOff,EAbnormalStateType::BuffBooster,1000,9,EBlowOffType::Unit,0,0,0,0,0,0,EPeculiarDamageType::UseException,0.6,0,0,0,EShakeType::None,1,1,0,1.5,0
ATK_MobHijackJammer_Bullet01,EAttackAttribute::Normal,0,0,0,0,0,0,0,0,0,0,1,1,1,1,1,1,1,0,EReactionType::None,0,EDamageType::InvincibleBlowOff,EAbnormalStateType::None,0,0,EBlowOffType::Unit,0,0,0,0,0,0,EPeculiarDamageType::MobHijack,0,0,0,0,EShakeType::None,1,1,0,1.5,0
ATK_RestraintWideShot_Bullet01,EAttackAttribute::Beam,108,120,200,250,180,200,0,100,650,0,1,1,1,1,1,1.5,1,0,EReactionType::None,0,EDamageType::InvincibleBlowOff,EAbnormalStateType::BondageAttack,1000,2.5,EBlowOffType::Unit,0,0,0,0,0,0,EPeculiarDamageType::None,0,0,0,0.02,EShakeType::DampedDynamic,1,1,189,2.25,1000
ATK_BeamHandGun_Bullet01,EAttackAttribute::Beam,8,23,26,29,50,16,0,10,27,0,1,1,1,1,1,1,1,0,EReactionType::None,0,EDamageType::InvincibleBlowOff,EAbnormalStateType::None,0,0,EBlowOffType::Unit,0,0,0,0,0,0,EPeculiarDamageType::None,0,0,0,0.03,EShakeType::ImpactStatic,0.1,0.7,16,3.25,100
ATK_LaserRifleType02_Bullet01,EAttackAttribute::Laser,50,50,50,50,45,35,0,25,50,0,1,1,1,1,1,1,1,350,EReactionType::Flinch,0,EDamageType::InvincibleBlowOff,EAbnormalStateType::None,0,0,EBlowOffType::Unit,0,0,0,0,0,0,EPeculiarDamageType::None,0,0,0,0.02,EShakeType::RapidDynamic,1,1,50,1.5,200
ATK_ChargeSpreadLaser_Bullet01,EAttackAttribute::Laser,60,240,165,32,150,28,0,14,38,0,1,1,1,1,1,0.2,0.2,1000,EReactionType::Flinch,175,EDamageType::InvincibleBlowOff,EAbnormalStateType::None,0,0,EBlowOffType::Unit,7000,30,0,0.2,0,0,EPeculiarDamageType::None,0,0,0,0.2,EShakeType::RapidDynamic,1,1,48,1.1,175
ATK_ChargeSpreadLaser_Bullet02,EAttackAttribute::Laser,90,240,165,32,150,28,0,14,38,0,1,1,1,1,1,0.2,0.2,1000,EReactionType::BlowOff,350,EDamageType::InvincibleBlowOff,EAbnormalStateType::None,0,0,EBlowOffType::Unit,7000,30,0,0.2,0,0,EPeculiarDamageType::None,0,0,0,0.2,EShakeType::RapidDynamic,1,1,180,1.1,350
ATK_BeamSaber_Grap01,EAttackAttribute::BeamGrap,90,160,200,200,150,236,0,118,250,0,1,1,1,1,1,3,1.2,1000,EReactionType::Flinch,0,EDamageType::InvincibleBlowOff,EAbnormalStateType::None,0,0,EBlowOffType::Unit,0,0,0,1,2500,0,EPeculiarDamageType::None,0,0,0,0,EShakeType::DampedDynamic,5,1,100,1.4,300
ATK_BeamSaber_Grap02,EAttackAttribute::BeamGrap,80,140,200,200,80,218,0,109,170,0,1,1,1,1,1,3,1.2,1000,EReactionType::Flinch,0,EDamageType::InvincibleBlowOff,EAbnormalStateType::None,0,0,EBlowOffType::Unit,0,0,0,1,3500,0,EPeculiarDamageType::None,0,0,0,0,EShakeType::DampedDynamic,5,1,0,1.4,200
ATK_BeamSaber_Grap03,EAttackAttribute::BeamGrap,150,200,300,300,180,498,0,249,320,0,1,1,1,1,1,3,1.2,0,EReactionType::None,1000,EDamageType::InvincibleBlowOff,EAbnormalStateType::None,0,0,EBlowOffType::OwnerXY,15000,-10,0,0,0,0,EPeculiarDamageType::None,0,0,0.05,0.05,EShakeType::DampedDynamic,10,5,156,1.4,500
ATK_Boomerang_Bullet01,EAttackAttribute::Beam,30,80,110,80,55,95,0,40,125,0,1,1,1,1,1,1,1,1000,EReactionType::Flinch,0,EDamageType::InvincibleBlowOff,EAbnormalStateType::None,0,0,EBlowOffType::Unit,0,0,0,0.4,800,0,EPeculiarDamageType::None,0,0,0,0.2,EShakeType::ImpactDynamic,1,1,120,1.5,0
ATK_Boomerang_Bullet01_Atk02,EAttackAttribute::Beam,30,80,110,80,55,95,0,40,125,0,1,1,1,1,1,1,1,1000,EReactionType::Flinch,0,EDamageType::InvincibleBlowOff,EAbnormalStateType::None,0,0,EBlowOffType::Unit,0,0,0,0.4,800,0,EPeculiarDamageType::None,0,0,0,0.2,EShakeType::ImpactDynamic,1,1,120,1.5,0
ATK_RocketPunch_Bullet01,EAttackAttribute::Rocket,200,400,400,500,250,578,0,289,650,0,1,1,1,1,1,1,1,1000,EReactionType::BlowOff,0,EDamageType::InvincibleBlowOff,EAbnormalStateType::None,0,0,EBlowOffType::Unit,10000,25,0,0.4,6000,0,EPeculiarDamageType::None,0,0,0,0.1,EShakeType::ImpactStatic,3,1,300,1.5,1000
ATK_Anchor_Bullet01,EAttackAttribute::Normal,0,0,0,0,0,0,0,0,0,0,1,1,1,1,1,1,1,0,EReactionType::None,0,EDamageType::InvincibleBlowOff,EAbnormalStateType::None,0,0,EBlowOffType::Unit,0,0,0,0,0,0,EPeculiarDamageType::None,0,0,0,0,EShakeType::ImpactDynamic,1,1,100,1.5,400
ATK_Anchor_Grap01,EAttackAttribute::Grap,200,150,200,200,100,150,0,100,200,0,1,1,1,1,1,1,1,1000,EReactionType::BlowOff,0,EDamageType::InvincibleBlowOff,EAbnormalStateType::None,0,0,EBlowOffType::Unit,0,50,0,0,0,0,EPeculiarDamageType::None,0,0,0.1,0.1,EShakeType::ImpactDynamic,1,1,125,1.5,500
ATK_BeamSickle_Grap01,EAttackAttribute::Grap,200,240,300,300,500,650,0,300,420,0,1,1,1,1,1,3,1.2,1000,EReactionType::BlowOff,0,EDamageType::InvincibleBlowOff,EAbnormalStateType::None,0,0,EBlowOffType::Owner,10000,25,-10,0,0,0,EPeculiarDamageType::None,0,0,0.25,0.25,EShakeType::ImpactDynamic,3,1,480,1.6,1000
ATK_BeamSickle_Bullet01,EAttackAttribute::Beam,24,40,100,100,150,90,0,35,120,0,1,1,1,1,1,1,1,0,EReactionType::None,0,EDamageType::InvincibleBlowOff,EAbnormalStateType::None,0,0,EBlowOffType::Unit,0,0,0,0.8,0,0,EPeculiarDamageType::None,0,0,0,0.02,EShakeType::ImpactStatic,1,1.2,96,3.5,350
ATK_Lance_Grap01,EAttackAttribute::Grap,40,120,100,100,400,740,0,370,700,0,1,1,1,1,1,10,5,0,EReactionType::None,0,EDamageType::InvincibleBlowOff,EAbnormalStateType::None,0,0,EBlowOffType::Unit,0,0,0,0,0,0,EPeculiarDamageType::None,0,0,0.1,0.1,EShakeType::DampedDynamic,8,1,0,1.3,0
ATK_Lance_Grap02,EAttackAttribute::Grap,10,12,20,20,0,0,0,0,0,0,1,1,1,1,1,0.1,1,0,EReactionType::None,0,EDamageType::InvincibleBlowOff,EAbnormalStateType::None,0,0,EBlowOffType::Unit,0,0,0,0,0,0,EPeculiarDamageType::None,0,0,0,0,EShakeType::ImpactRandom,1,1,20,1.3,0
ATK_Lance_Grap03,EAttackAttribute::Grap,100,180,180,180,0,0,0,0,0,0,1,1,1,1,1,0.1,1,0,EReactionType::None,1000,EDamageType::InvincibleBlowOff,EAbnormalStateType::None,0,0,EBlowOffType::OwnerXY,15000,30,0,0,0,0,EPeculiarDamageType::None,0,0,0,0,EShakeType::ImpactDynamic,5,1,200,1.3,1000
ATK_DoubleRocketPunch_Bullet01,EAttackAttribute::Rocket,160,300,450,500,460,290,0,200,460,0,1,1,1,1,1,1,1,1000,EReactionType::Flinch,500,EDamageType::InvincibleBlowOff,EAbnormalStateType::None,0,0,EBlowOffType::Unit,10000,30,0,0.4,6000,0,EPeculiarDamageType::None,0,0,0,0.12,EShakeType::ImpactStatic,3,1,200,1.3,500
ATK_DoubleRocketPunch_Bullet02,EAttackAttribute::Rocket,160,300,450,500,460,290,0,200,460,0,1,1,1,1,1,1,1,1000,EReactionType::Flinch,500,EDamageType::InvincibleBlowOff,EAbnormalStateType::None,0,0,EBlowOffType::Unit,10000,30,0,0.4,6000,0,EPeculiarDamageType::None,0,0,0,0.12,EShakeType::ImpactStatic,3,1,200,1.3,500
ATK_Whip_Grap01,EAttackAttribute::Grap,250,230,250,250,150,190,0,150,250,0,1,1,1,1,1,1,1,1000,EReactionType::Flinch,0,EDamageType::InvincibleBlowOff,EAbnormalStateType::None,0,0,EBlowOffType::Unit,0,90,0,1.5,0,0,EPeculiarDamageType::None,0,0,0.1,0.1,EShakeType::ImpactDynamic,1,1,150,1.5,600
ATK_TwinSwordGrapR01,EAttackAttribute::Grap,80,140,200,200,280,150,0,100,180,0,1,1,1,1,1,3,1,1000,EReactionType::Flinch,0,EDamageType::InvincibleBlowOff,EAbnormalStateType::None,0,0,EBlowOffType::Unit,0,0,0,1,0,0,EPeculiarDamageType::None,0,0,0.1,0.1,EShakeType::ImpactStatic,2,2,100,1.5,0
ATK_TwinSwordGrapR02,EAttackAttribute::Grap,50,60,150,150,210,125,0,80,100,0,1,1,1,1,1,3,1,1000,EReactionType::Flinch,0,EDamageType::InvincibleBlowOff,EAbnormalStateType::None,0,0,EBlowOffType::Unit,0,0,0,1,0,0,EPeculiarDamageType::None,0,0,0.003,0.003,EShakeType::ImpactStatic,2,2,0,1.5,0
ATK_TwinSwordGrapR03,EAttackAttribute::Grap,40,60,125,125,175,125,0,80,100,0,1,1,1,1,1,3,1,1000,EReactionType::Flinch,0,EDamageType::InvincibleBlowOff,EAbnormalStateType::None,0,0,EBlowOffType::Unit,0,0,0,1,0,0,EPeculiarDamageType::None,0,0,0.003,0.003,EShakeType::ImpactStatic,2,2,0,1.5,0
ATK_TwinSwordGrapR04,EAttackAttribute::Grap,30,80,100,100,140,125,0,80,150,0,1,1,1,1,1,3,1,1000,EReactionType::Flinch,0,EDamageType::InvincibleBlowOff,EAbnormalStateType::None,0,0,EBlowOffType::Unit,0,0,0,2,0,0,EPeculiarDamageType::None,0,0,0.003,0.003,EShakeType::ImpactStatic,0.3,1,0,1.5,0
ATK_TwinSwordGrapR05,EAttackAttribute::Grap,120,160,300,300,420,220,0,170,380,0,1,1,1,1,1,3,1,1000,EReactionType::None,1000,EDamageType::InvincibleBlowOff,EAbnormalStateType::None,0,0,EBlowOffType::OwnerXY,20000,-70,0,1,5250,0,EPeculiarDamageType::None,0,0,0.15,0.15,EShakeType::ImpactStatic,2,2,188,1.5,1000
ATK_TwinSwordGrapL01,EAttackAttribute::Grap,20,40,50,50,60,80,0,55,50,0,1,1,1,1,1,3,1,1000,EReactionType::Flinch,0,EDamageType::InvincibleBlowOff,EAbnormalStateType::None,0,0,EBlowOffType::Unit,0,0,0,1,3000,0,EPeculiarDamageType::None,0,0,0.001,0,EShakeType::RapidStatic,0.7,1,0,1,100
ATK_TwinSwordGrapL02,EAttackAttribute::Grap,200,120,120,120,180,160,0,135,70,0,1,1,1,1,1,3,1,1000,EReactionType::BlowOff,0,EDamageType::InvincibleBlowOff,EAbnormalStateType::None,0,0,EBlowOffType::OwnerXY,7500,45,0,0,0,0,EPeculiarDamageType::None,0,0,0.1,0.07,EShakeType::ImpactStatic,5,5,600,1.5,1000
ATK_LargeSword_Grap01,EAttackAttribute::Grap,80,130,80,80,100,180,0,90,280,0,1,1,1,1,1,3,1.2,1000,EReactionType::Flinch,0,EDamageType::InvincibleBlowOff,EAbnormalStateType::None,0,0,EBlowOffType::Unit,0,0,0,1.5,1000,0,EPeculiarDamageType::None,0,0,0.01,0.01,EShakeType::DampedDynamic,1,1,0,1.5,200
ATK_LargeSword_Grap02,EAttackAttribute::Grap,40,150,150,150,100,200,0,100,205,0,1,1,1,1,1,3,1.2,1000,EReactionType::BlowOff,0,EDamageType::InvincibleBlowOff,EAbnormalStateType::None,0,0,EBlowOffType::OwnerXY,10000,50,0,0,0,0,EPeculiarDamageType::None,0,0,0.15,0.15,EShakeType::DampedDynamic,5,5,240,1.4,200
ATK_LargeSword_Bullet01,EAttackAttribute::Beam,50,38,50,50,25,40,0,25,50,0,1,1,1,1,1,1,1,0,EReactionType::None,0,EDamageType::InvincibleBlowOff,EAbnormalStateType::None,0,0,EBlowOffType::Unit,0,0,0,0,0,0,EPeculiarDamageType::None,0,0,0,0.02,EShakeType::DampedStatic,0.5,1.2,0,1.5,0
ATK_Hammer_Grap01,EAttackAttribute::Grap,1500,1500,1500,1500,300,225,0,150,300,0,1,1,1,1,1,1,1,1000,EReactionType::ShootUp,0,EDamageType::InvincibleBlowOff,EAbnormalStateType::None,0,0,EBlowOffType::Unit,0,80,0,1.6,0,0,EPeculiarDamageType::None,0,0,0.07,0.07,EShakeType::RapidDynamic,1.2,1,187.5,1.5,750
ATK_Hammer_Grap02,EAttackAttribute::Grap,360,400,600,770,500,800,0,390,550,0,1,1,1,1,1,3,1.2,1000,EReactionType::ShootDown,1000,EDamageType::InvincibleBlowOff,EAbnormalStateType::None,0,0,EBlowOffType::OwnerXY,10000,-45,0,0,0,0,EPeculiarDamageType::None,0,0,0.3,0.3,EShakeType::DampedDynamic,1.5,0.01,272,1.5,1000
ATK_Hammer_Bullet01,EAttackAttribute::Rocket,240,200,535,450,200,470,0,250,340,0,1,1,1,1,1,1,1,1000,EReactionType::BlowOff,1000,EDamageType::InvincibleBlowOff,EAbnormalStateType::Burning,1000,9,EBlowOffType::Unit,9000,75,0,0,0,0,EPeculiarDamageType::None,1,0,0,0.1,EShakeType::ImpactDynamic,1,1,288,1.6,2000
ATK_LargeBeamSaber_Grap01,EAttackAttribute::BeamGrap,240,400,500,500,500,500,0,250,650,0,1,1,1,1,1,3,1.2,1000,EReactionType::BlowOff,0,EDamageType::InvincibleBlowOff,EAbnormalStateType::None,0,0,EBlowOffType::Owner,12000,30,0,0,0,0,EPeculiarDamageType::None,0,0,0.1,0.5,EShakeType::ImpactDynamic,1,1,600,1.4,1000
ATK_LargeBeamSaber_Grap02,EAttackAttribute::BeamGrap,240,400,500,500,500,500,0,250,650,0,1,1,1,1,1,3,1.2,1000,EReactionType::BlowOff,0,EDamageType::InvincibleBlowOff,EAbnormalStateType::None,0,0,EBlowOffType::Owner,12000,30,0,0,0,0,EPeculiarDamageType::None,0,0,0.1,0.5,EShakeType::ImpactDynamic,1,1,600,1.4,1000
ATK_LargeBeamSaber_Grap03,EAttackAttribute::BeamGrap,360,600,750,750,750,750,0,375,650,0,1,1,1,1,1,3,1.2,1000,EReactionType::BlowOff,1000,EDamageType::InvincibleBlowOff,EAbnormalStateType::None,0,0,EBlowOffType::Owner,12000,30,0,0,0,0,EPeculiarDamageType::None,0,0,0.1,0.5,EShakeType::ImpactDynamic,1,1,288,1.65,1000
ATK_LargeBeamSaber_Grap04,EAttackAttribute::BeamGrap,360,600,750,750,750,750,0,375,650,0,1,1,1,1,1,3,1.2,1000,EReactionType::BlowOff,1000,EDamageType::InvincibleBlowOff,EAbnormalStateType::None,0,0,EBlowOffType::Owner,12000,30,0,0,0,0,EPeculiarDamageType::None,0,0,0.1,0.5,EShakeType::ImpactDynamic,1,1,288,1.65,1000
ATK_MachineHijack_Bullet01,EAttackAttribute::Bomb,120,100,0,0,100,200,0,100,200,0,1,1,1,1,1,1.5,1.2,1000,EReactionType::Flinch,240,EDamageType::InvincibleBlowOff,EAbnormalStateType::Jamming,1000,4,EBlowOffType::Unit,0,0,0,0.6,5000,0,EPeculiarDamageType::Stop,5,0,0,0.1,EShakeType::ImpactDynamic,1,1,300,2.5,1000
ATK_OptionsShield_Bullet01,EAttackAttribute::Normal,0,0,0,0,0,0,0,0,0,0,1,1,1,1,1,1,1,0,EReactionType::None,0,EDamageType::InvincibleBlowOff,EAbnormalStateType::BuffShield,0,0,EBlowOffType::Unit,0,0,0,0,0,0,EPeculiarDamageType::UseException,1.5,0,0,0,EShakeType::None,1,1,0,1.5,0
ATK_BlizzardGun_Bullet01,EAttackAttribute::Normal,7,7,11,11,12,8,0,5,13,0,1,1.2,1,1,1,1.5,1,0,EReactionType::None,0,EDamageType::InvincibleBlowOff,EAbnormalStateType::Freeze,1000,2,EBlowOffType::Unit,0,0,0,0,0,0,EPeculiarDamageType::UseException,0.9,0,0,0,EShakeType::None,1,1,5,1.5,20
ATK_BlizzardGun_Bullet02,EAttackAttribute::Normal,70,70,70,70,110,110,0,70,200,0,1,1.1,1,1,1,1.5,1,0,EReactionType::None,0,EDamageType::InvincibleBlowOff,EAbnormalStateType::Freeze,1000,3,EBlowOffType::Unit,0,0,0,0,0,0,EPeculiarDamageType::UseException,0.9,0,0,0.02,EShakeType::DampedDynamic,1,1,70,1.5,280
ATK_PowerBall_Bullet01,EAttackAttribute::Beam,160,200,150,150,150,344,0,172,750,0,1,1,1,1,1,1.5,1.2,1000,EReactionType::Flinch,0,EDamageType::InvincibleBlowOff,EAbnormalStateType::None,0,0,EBlowOffType::Unit,0,0,0,0.3,400,0,EPeculiarDamageType::None,0,0,0,0.2,EShakeType::RapidDynamic,1,1,240,2,1000
ATK_PowerBall_Bullet02,EAttackAttribute::Beam,240,200,450,450,300,666,0,333,1300,0,1,1,1,1,1,1.5,1.2,1000,EReactionType::BlowOff,0,EDamageType::InvincibleBlowOff,EAbnormalStateType::Jamming,1000,3,EBlowOffType::Unit,10000,40,0,0,0,0,EPeculiarDamageType::None,0,0,0,0.2,EShakeType::RapidDynamic,1,1,360,1.7,1000
ATK_PowerBall_Bullet03,EAttackAttribute::Beam,80,115,800,800,200,240,0,120,450,0,1,1,1,1,1,1.5,1.2,1000,EReactionType::BlowOff,0,EDamageType::InvincibleBlowOff,EAbnormalStateType::None,0,0,EBlowOffType::Unit,12000,55,0,0.6,400,0,EPeculiarDamageType::None,0,0,0,0.4,EShakeType::RapidDynamic,1,1,120,1.5,250
ATK_RailGun_Bullet01,EAttackAttribute::Laser,280,350,400,400,400,580,0,290,870,0,1,1,1,1,1,1,1,1000,EReactionType::BlowOff,0,EDamageType::InvincibleBlowOff,EAbnormalStateType::None,0,0,EBlowOffType::Unit,10000,0,0,0,0,0,EPeculiarDamageType::None,0,0,0,0.25,EShakeType::ImpactStatic,1,1,224,1.3,1000
ATK_BeamRifleType03_Bullet01,EAttackAttribute::Beam,56,80,120,120,150,180,0,85,183,0,1,1,1,1,1,1,1,0,EReactionType::None,0,EDamageType::InvincibleBlowOff,EAbnormalStateType::None,0,0,EBlowOffType::Unit,0,0,0,0,0,0,EPeculiarDamageType::None,0,0,0,0.1,EShakeType::ImpactDynamic,0.5,1.2,112,2.5,350
ATK_PulseGunType02_Bullet01,EAttackAttribute::Beam,15,12,12,12,20,4,0,3,6,0,1,1,1,1,1,1,1,1000,EReactionType::Flinch,0,EDamageType::InvincibleBlowOff,EAbnormalStateType::None,0,0,EBlowOffType::Unit,0,0,0,0.6,1500,0,EPeculiarDamageType::None,0,0,0,0.03,EShakeType::ImpactDynamic,0.2,1,15,1.5,60
ATK_PulseGunType02_Bullet02,EAttackAttribute::Beam,15,12,12,12,20,4,0,3,6,0,1,1,1,1,1,1,1,1000,EReactionType::Flinch,0,EDamageType::InvincibleBlowOff,EAbnormalStateType::None,0,0,EBlowOffType::Unit,0,0,0,0.6,1500,0,EPeculiarDamageType::None,0,0,0,0.03,EShakeType::ImpactDynamic,0.2,1,15,1.5,60
ATK_PulseGunType02_Bullet03,EAttackAttribute::Beam,15,12,12,12,20,4,0,3,6,0,1,1,1,1,1,1,1,1000,EReactionType::Flinch,0,EDamageType::InvincibleBlowOff,EAbnormalStateType::None,0,0,EBlowOffType::Unit,0,0,0,0.6,1500,0,EPeculiarDamageType::None,0,0,0,0.03,EShakeType::ImpactDynamic,0.2,1,15,1.5,60
ATK_PulseGunType02_Bullet04,EAttackAttribute::Beam,15,12,12,12,20,4,0,3,6,0,1,1,1,1,1,1,1,1000,EReactionType::Flinch,0,EDamageType::InvincibleBlowOff,EAbnormalStateType::None,0,0,EBlowOffType::Unit,0,0,0,0.6,1500,0,EPeculiarDamageType::None,0,0,0,0.03,EShakeType::ImpactDynamic,0.2,1,15,1.5,60
ATK_PulseGunType02_Bullet05,EAttackAttribute::Beam,15,12,12,12,20,4,0,3,6,0,1,1,1,1,1,1,1,1000,EReactionType::Flinch,0,EDamageType::InvincibleBlowOff,EAbnormalStateType::None,0,0,EBlowOffType::Unit,0,0,0,0.6,1500,0,EPeculiarDamageType::None,0,0,0,0.03,EShakeType::ImpactDynamic,0.2,1,15,1.5,60
ATK_BeamSaberType02_Grap01,EAttackAttribute::BeamGrap,200,200,200,200,150,300,0,200,400,0,1,1,1,1,1,1,1,1000,EReactionType::Flinch,0,EDamageType::InvincibleBlowOff,EAbnormalStateType::None,0,0,EBlowOffType::Unit,0,20,0,1,2500,0,EPeculiarDamageType::None,0,0,0,0,EShakeType::DampedDynamic,5,1,150,1.5,600
ATK_BeamSaberType02_Grap02,EAttackAttribute::BeamGrap,150,150,150,150,80,200,0,150,300,0,1,1,1,1,1,1,1,1000,EReactionType::Flinch,0,EDamageType::InvincibleBlowOff,EAbnormalStateType::None,0,0,EBlowOffType::Unit,0,20,0,1,3500,0,EPeculiarDamageType::None,0,0,0,0,EShakeType::DampedDynamic,5,1,100,1.5,400
ATK_BeamSaberType02_Grap03,EAttackAttribute::BeamGrap,300,300,300,300,180,375,0,250,500,0,1,1,1,1,1,1,1,1000,EReactionType::BlowOff,0,EDamageType::InvincibleBlowOff,EAbnormalStateType::None,0,0,EBlowOffType::Unit,0,-10,0,0,0,0,EPeculiarDamageType::None,0,0,0.05,0.05,EShakeType::DampedDynamic,5,1,200,1.5,800
ATK_TurningGun_Bullet01,EAttackAttribute::Beam,150,200,200,200,80,20,0,10,27,0,1,1,1,1,1,1,1,0,EReactionType::None,0,EDamageType::InvincibleBlowOff,EAbnormalStateType::None,0,0,EBlowOffType::OwnerCenter,10000,20,0,0.5,2500,0,EPeculiarDamageType::None,0,0,0,0.1,EShakeType::ImpactDynamic,1,1,500,1.5,2000
ATK_WideShotType03_Bullet01,EAttackAttribute::Beam,60,100,130,130,100,120,0,75,190,0,1,1,1,1,1,1,1,0,EReactionType::None,0,EDamageType::InvincibleBlowOff,EAbnormalStateType::None,0,0,EBlowOffType::Unit,0,0,0,0.8,5000,0,EPeculiarDamageType::None,0,0,0,0.05,EShakeType::DampedStatic,0.5,1.2,120,2.25,500
ATK_WideShotType03_Bullet02,EAttackAttribute::Beam,60,100,130,130,100,120,0,75,190,0,1,1,1,1,1,1,1,0,EReactionType::None,0,EDamageType::InvincibleBlowOff,EAbnormalStateType::None,0,0,EBlowOffType::Unit,0,0,0,0.8,5000,0,EPeculiarDamageType::None,0,0,0,0.05,EShakeType::DampedStatic,0.5,1.2,120,2.25,500
ATK_MachineGunType03_Bullet01,EAttackAttribute::Bullet,3.4,8,11,11,30,20,0,8,33,0,1,1,1,1,1,1,1,0,EReactionType::None,0,EDamageType::InvincibleBlowOff,EAbnormalStateType::None,0,0,EBlowOffType::Unit,0,0,0,0,0,0,EPeculiarDamageType::None,0,0,0,0,EShakeType::ImpactStatic,0.1,0.7,7.2,3,40
ATK_PlasmaGunType02_Bullet01,EAttackAttribute::Beam,68,68,90,90,75,18,0,12,24,0,1,1,1,1,1,1,1,0,EReactionType::None,0,EDamageType::InvincibleBlowOff,EAbnormalStateType::None,0,0,EBlowOffType::Unit,0,0,0,0,0,0,EPeculiarDamageType::None,0,0,0,0,EShakeType::DampedStatic,0.3,1,50,1.5,200
ATK_BeamShotGun_Bullet01,EAttackAttribute::Beam,12,11,7,6,11,5,0,3,8,0,1,1,1,1,1,3,1,70,EReactionType::BlowOff,50,EDamageType::InvincibleBlowOff,EAbnormalStateType::None,0,0,EBlowOffType::Unit,6500,70,0,0,0,0,EPeculiarDamageType::None,0,0,0,0,EShakeType::ImpactDynamic,0.2,1,15,1.5,75
ATK_BeamShotGun_Bullet02,EAttackAttribute::Beam,12,9,6,6,11,5,0,3,8,0,1,1,1,1,1,3,1,70,EReactionType::BlowOff,50,EDamageType::InvincibleBlowOff,EAbnormalStateType::None,0,0,EBlowOffType::Unit,6500,70,0,0,0,0,EPeculiarDamageType::None,0,0,0,0,EShakeType::ImpactDynamic,0.2,1,15,1.5,75
ATK_BeamShotGun_Bullet03,EAttackAttribute::Beam,12,5,5,6,11,4,0,2,7,0,1,1,1,1,1,3,1,70,EReactionType::BlowOff,50,EDamageType::InvincibleBlowOff,EAbnormalStateType::None,0,0,EBlowOffType::Unit,6500,70,0,0,0,0,EPeculiarDamageType::None,0,0,0,0,EShakeType::ImpactDynamic,0.2,1,15,1.5,75
ATK_BeamShotGun_Bullet04,EAttackAttribute::Beam,12,5,4,6,11,4,0,2,7,0,1,1,1,1,1,3,1,70,EReactionType::BlowOff,50,EDamageType::InvincibleBlowOff,EAbnormalStateType::None,0,0,EBlowOffType::Unit,6500,70,0,0,0,0,EPeculiarDamageType::None,0,0,0,0,EShakeType::ImpactDynamic,0.2,1,15,1.5,75
ATK_BeamShotGun_Bullet05,EAttackAttribute::Beam,12,4,3,6,11,4,0,2,7,0,1,1,1,1,1,3,1,70,EReactionType::BlowOff,50,EDamageType::InvincibleBlowOff,EAbnormalStateType::None,0,0,EBlowOffType::Unit,6500,70,0,0,0,0,EPeculiarDamageType::None,0,0,0,0,EShakeType::ImpactDynamic,0.2,1,15,1.5,75
ATK_BeamRifleType04_Bullet01,EAttackAttribute::Beam,45,72,100,100,150,170,0,80,180,0,1,1,1,1,1,1,1,0,EReactionType::None,0,EDamageType::InvincibleBlowOff,EAbnormalStateType::None,0,0,EBlowOffType::Unit,0,0,0,0,0,0,EPeculiarDamageType::None,0,0,0,0.02,EShakeType::ImpactStatic,1,1.2,111,2.9,500
ATK_3WayBeamGun_Bullet01,EAttackAttribute::Beam,80,100,70,70,140,45,0,22,50,0,1,1,1,1,1,1,1,0,EReactionType::None,0,EDamageType::InvincibleBlowOff,EAbnormalStateType::None,0,0,EBlowOffType::Unit,0,0,0,0.6,1500,0,EPeculiarDamageType::None,0,0,0,0.07,EShakeType::ImpactDynamic,0.2,1,120,2.2,500
ATK_3WayBeamGun_Bullet02,EAttackAttribute::Beam,64,80,65,70,140,45,0,22,50,0,1,1,1,1,1,1,1,0,EReactionType::None,0,EDamageType::InvincibleBlowOff,EAbnormalStateType::None,0,0,EBlowOffType::Unit,0,0,0,0.6,1500,0,EPeculiarDamageType::None,0,0,0,0.07,EShakeType::ImpactDynamic,0.2,1,96,2.2,500
ATK_MachineGunType04_Bullet01,EAttackAttribute::Bullet,15,15,12,12,30,19,0,10,40,0,1,1,1,1,1,1,1,0,EReactionType::None,0,EDamageType::InvincibleBlowOff,EAbnormalStateType::None,0,0,EBlowOffType::Unit,0,0,0,0,0,0,EPeculiarDamageType::None,0,0,0,0,EShakeType::ImpactStatic,0.1,0.7,10,1.5,40
ATK_RocketLauncherType03_Bullet01,EAttackAttribute::Rocket,0,50,44,44,50,66,0,36,135,0,1,1,1,1,1,1,1,0,EReactionType::None,0,EDamageType::InvincibleBlowOff,EAbnormalStateType::None,0,0,EBlowOffType::Center,7500,20,0,0,0,0,EPeculiarDamageType::None,0,0,0,0.03,EShakeType::ImpactStatic,1,1,0,1.5,0
ATK_RippleLaser_Bullet01,EAttackAttribute::Beam,85,85,85,85,150,90,0,60,120,0,1,1,1,1,1,1,1,0,EReactionType::None,0,EDamageType::InvincibleBlowOff,EAbnormalStateType::None,0,0,EBlowOffType::Unit,0,0,0,0.5,5000,0,EPeculiarDamageType::None,0,0,0,0.05,EShakeType::DampedStatic,0.5,1.2,53,1.5,212
ATK_RippleLaserType02_Bullet01,EAttackAttribute::Beam,45,100,95,95,130,220,0,105,200,0,1,1,1,1,1,1,1,0,EReactionType::None,0,EDamageType::InvincibleBlowOff,EAbnormalStateType::None,0,0,EBlowOffType::Unit,0,0,0,0,0,0,EPeculiarDamageType::None,0,0,0,0.05,EShakeType::DampedStatic,0.5,1.2,90,2.5,500
ATK_KnockBackGun_Bullet01,EAttackAttribute::Beam,20,40,60,60,100,40,0,22,60,0,1,1,1,1,1,1,1,1000,EReactionType::Flinch,0,EDamageType::InvincibleBlowOff,EAbnormalStateType::None,0,0,EBlowOffType::Unit,0,0,0,0.2,4000,0,EPeculiarDamageType::None,0,0,0,0.02,EShakeType::ImpactStatic,0.7,1,40,1.5,100
ATK_KnockBackGunType02_Bullet01,EAttackAttribute::Beam,50,60,40,40,100,30,0,15,60,0,1,1,1,1,1,1,1,1000,EReactionType::Flinch,0,EDamageType::InvincibleBlowOff,EAbnormalStateType::None,0,0,EBlowOffType::Unit,0,0,0,0.4,5000,0,EPeculiarDamageType::None,0,0,0,0.02,EShakeType::ImpactStatic,0.7,1,100,1,0
ATK_HeartGun_Bullet01,EAttackAttribute::Beam,100,120,120,120,100,120,0,60,183,0,1,1,1,1,1,1,1,350,EReactionType::BlowOff,0,EDamageType::InvincibleBlowOff,EAbnormalStateType::None,0,0,EBlowOffType::Unit,15000,0,0,0.3,10000,0,EPeculiarDamageType::None,0,0,0,0.15,EShakeType::ImpactDynamic,0.5,1.2,72.5,1.5,290
ATK_FireRifle_Bullet01,EAttackAttribute::Beam,56,88,180,170,130,180,0,90,300,0,1,1,1,1,1,1.5,1,0,EReactionType::None,0,EDamageType::InvincibleBlowOff,EAbnormalStateType::Burning,1000,6,EBlowOffType::Unit,0,0,0,0,0,0,EPeculiarDamageType::UseException,0.5,0,0,0.02,EShakeType::DampedDynamic,2,1.2,112,2.3,500
ATK_HarpoonGunType02_Bullet01,EAttackAttribute::Bullet,160,600,600,600,400,746,0,363,900,0,1,1,1,1,1,1,0.5,1000,EReactionType::Flinch,0,EDamageType::HarpoonBlowOff,EAbnormalStateType::None,0,0,EBlowOffType::Unit,15000,0,0,1,12000,0,EPeculiarDamageType::None,0,0,0,0.1,EShakeType::ImpactStatic,3,1,128,1,1000
ATK_SniperRifleType02_Bullet01,EAttackAttribute::Beam,128,235,250,250,400,330,0,87,220,0,1,1,1,1,1,1,1,1000,EReactionType::BlowOff,400,EDamageType::InvincibleBlowOff,EAbnormalStateType::None,0,0,EBlowOffType::UnitXY,10000,20,0,0,1000,0,EPeculiarDamageType::None,0,0,0,0.1,EShakeType::ImpactStatic,3,1,320,2.75,1000
ATK_BeamGatlingGun_Bullet01,EAttackAttribute::Beam,6,10,25,40,40,14,0,7,23,0,1,1,1,1,1,0.8,1,0,EReactionType::None,25,EDamageType::InvincibleBlowOff,EAbnormalStateType::None,0,0,EBlowOffType::Unit,0,0,0,0.3,2000,0,EPeculiarDamageType::None,0,0,0,0,EShakeType::ImpactStatic,0.1,0.7,12,2.2,50
ATK_BeamGatlingGun_Bullet02,EAttackAttribute::Beam,6,8,25,40,40,13,0,6,23,0,1,1,1,1,1,0.8,1,0,EReactionType::None,25,EDamageType::InvincibleBlowOff,EAbnormalStateType::None,0,0,EBlowOffType::Unit,0,0,0,0,0,0,EPeculiarDamageType::None,0,0,0,0,EShakeType::ImpactStatic,0.1,0.7,12,2.2,50
ATK_BeamSickleType02_Grap01,EAttackAttribute::Grap,200,350,300,300,500,650,0,300,420,0,1,1,1,1,1,3,1.2,1000,EReactionType::BlowOff,0,EDamageType::InvincibleBlowOff,EAbnormalStateType::None,0,0,EBlowOffType::Owner,15000,30,-10,0,0,0,EPeculiarDamageType::None,0,0,0.25,0.25,EShakeType::ImpactStatic,3,1,480,1.6,1000
ATK_BeamSickleType02_Bullet01,EAttackAttribute::Laser,48,315,450,450,50,28,0,21,42,0,1,1,1,1,1,0.6,0.6,500,EReactionType::Flinch,200,EDamageType::InvincibleBlowOff,EAbnormalStateType::None,0,0,EBlowOffType::Unit,8000,20,0,0.2,500,0,EPeculiarDamageType::None,0,0,0,0.05,EShakeType::RapidDynamic,1,1,80,1.7,200
ATK_LineStanGun_Bullet01,EAttackAttribute::Laser,20,50,0,0,150,30,0,20,60,0,1,1,1,1,1,1.5,1,0,EReactionType::None,0,EDamageType::InvincibleBlowOff,EAbnormalStateType::Palsy,1000,3,EBlowOffType::Unit,0,0,0,0,0,0,EPeculiarDamageType::None,0,0,0,0,EShakeType::RapidRandom,1,1,0,1,0
ATK_BeamSaberType03_Grap01,EAttackAttribute::BeamGrap,180,200,200,200,150,236,0,118,250,0,1,1,1,1,1,3,1.2,1000,EReactionType::Flinch,0,EDamageType::InvincibleBlowOff,EAbnormalStateType::None,0,0,EBlowOffType::Unit,0,0,0,1,2500,0,EPeculiarDamageType::None,0,0,0,0,EShakeType::DampedDynamic,5,1,125,1.5,500
ATK_BeamSaberType03_Grap02,EAttackAttribute::BeamGrap,170,200,200,200,80,218,0,109,170,0,1,1,1,1,1,3,1.2,1000,EReactionType::Flinch,0,EDamageType::InvincibleBlowOff,EAbnormalStateType::None,0,0,EBlowOffType::Unit,0,0,0,1,3500,0,EPeculiarDamageType::None,0,0,0,0,EShakeType::DampedDynamic,5,1,94,1.5,376
ATK_BeamSaberType03_Grap03,EAttackAttribute::BeamGrap,250,300,300,300,180,498,0,249,320,0,1,1,1,1,1,3,1.2,0,EReactionType::None,0,EDamageType::InvincibleBlowOff,EAbnormalStateType::None,0,0,EBlowOffType::OwnerXY,15000,-10,0,0,0,0,EPeculiarDamageType::None,0,0,0.05,0.05,EShakeType::DampedDynamic,10,5,500,1.5,2000
ATK_BeamSaberType04_Grap01,EAttackAttribute::BeamGrap,180,200,200,200,150,236,0,118,250,0,1,1,1,1,1,3,1.2,1000,EReactionType::Flinch,0,EDamageType::InvincibleBlowOff,EAbnormalStateType::None,1000,2.5,EBlowOffType::Unit,0,0,0,1,2500,0,EPeculiarDamageType::UseException,0.8,0,0,0,EShakeType::DampedDynamic,5,1,125,1.5,500
ATK_BeamSaberType04_Grap02,EAttackAttribute::BeamGrap,170,200,200,200,80,218,0,109,170,0,1,1,1,1,1,3,1.2,1000,EReactionType::Flinch,0,EDamageType::InvincibleBlowOff,EAbnormalStateType::None,1000,2.5,EBlowOffType::Unit,0,0,0,1,3500,0,EPeculiarDamageType::UseException,0.8,0,0,0,EShakeType::DampedDynamic,5,1,94,1.5,376
ATK_BeamSaberType04_Grap03,EAttackAttribute::BeamGrap,250,300,300,300,180,498,0,249,320,0,1,1,1,1,1,3,1.2,0,EReactionType::None,0,EDamageType::InvincibleBlowOff,EAbnormalStateType::None,1000,7,EBlowOffType::OwnerXY,15000,-10,0,0,0,0,EPeculiarDamageType::UseException,0.8,0,0.05,0.05,EShakeType::DampedDynamic,10,5,500,1.5,2000
ATK_LanceType02_Grap01,EAttackAttribute::Grap,100,100,100,100,400,740,0,370,700,0,1,1,1,1,1,10,5,0,EReactionType::None,0,EDamageType::InvincibleBlowOff,EAbnormalStateType::None,0,0,EBlowOffType::Unit,0,0,0,0,0,0,EPeculiarDamageType::None,0,0,0.1,0.1,EShakeType::DampedDynamic,8,1,0,1.5,400
ATK_LanceType02_Grap02,EAttackAttribute::Grap,18,18,20,20,0,0,0,0,0,0,1,1,1,1,1,0.1,1,0,EReactionType::None,0,EDamageType::InvincibleBlowOff,EAbnormalStateType::None,0,0,EBlowOffType::Unit,0,0,0,0,0,0,EPeculiarDamageType::None,0,0,0,0,EShakeType::ImpactRandom,1,1,0,1.5,0
ATK_LanceType02_Grap03,EAttackAttribute::Grap,180,180,180,180,0,0,0,0,0,0,1,1,1,1,1,0.1,1,0,EReactionType::None,0,EDamageType::InvincibleBlowOff,EAbnormalStateType::None,0,0,EBlowOffType::OwnerXY,2500,15,0,0,0,0,EPeculiarDamageType::None,0,0,0,0,EShakeType::DampedDynamic,5,1,0,1.5,0
ATK_BoomerangType02_Bullet01,EAttackAttribute::Beam,66,117,40,40,150,160,0,80,200,0,1,1,1,1,1,1,1,1000,EReactionType::Flinch,0,EDamageType::InvincibleBlowOff,EAbnormalStateType::None,0,0,EBlowOffType::Unit,0,0,0,0.6,3000,0,EPeculiarDamageType::None,0,0,0,0.2,EShakeType::ImpactDynamic,1,1,132,0.5,0
ATK_BoomerangType02_Bullet01_Atk02,EAttackAttribute::Beam,66,117,40,40,150,160,0,80,200,0,1,1,1,1,1,1,1,1000,EReactionType::Flinch,0,EDamageType::InvincibleBlowOff,EAbnormalStateType::None,0,0,EBlowOffType::Unit,0,0,0,0.6,3000,0,EPeculiarDamageType::None,0,0,0,0.2,EShakeType::ImpactDynamic,1,1,132,0.5,0
ATK_ShotGunType02_Bullet01,EAttackAttribute::Bullet,18,25,20,20,33,10,0,5,16,0,1,1,1,1,1,3,1,125,EReactionType::Flinch,85,EDamageType::InvincibleBlowOff,EAbnormalStateType::None,0,0,EBlowOffType::Unit,0,0,0,0.8,1500,0,EPeculiarDamageType::None,0,0,0,0.03,EShakeType::ImpactDynamic,0.2,1,22.5,1.5,85
ATK_ShotGunType02_Bullet02,EAttackAttribute::Bullet,18,25,20,20,33,10,0,5,16,0,1,1,1,1,1,3,1,125,EReactionType::Flinch,85,EDamageType::InvincibleBlowOff,EAbnormalStateType::None,0,0,EBlowOffType::Unit,0,0,0,0.8,1500,0,EPeculiarDamageType::None,0,0,0,0.03,EShakeType::ImpactDynamic,0.2,1,22.5,1.5,85
ATK_ShotGunType02_Bullet03,EAttackAttribute::Bullet,18,25,20,20,33,10,0,5,16,0,1,1,1,1,1,3,1,125,EReactionType::Flinch,85,EDamageType::InvincibleBlowOff,EAbnormalStateType::None,0,0,EBlowOffType::Unit,0,0,0,0.8,1500,0,EPeculiarDamageType::None,0,0,0,0.03,EShakeType::ImpactDynamic,0.2,1,22.5,1.5,85
ATK_ShotGunType02_Bullet04,EAttackAttribute::Bullet,18,25,20,20,33,10,0,5,16,0,1,1,1,1,1,3,1,125,EReactionType::Flinch,85,EDamageType::InvincibleBlowOff,EAbnormalStateType::None,0,0,EBlowOffType::Unit,0,0,0,0.8,1500,0,EPeculiarDamageType::None,0,0,0,0.03,EShakeType::ImpactDynamic,0.2,1,22.5,1.5,85
ATK_ShotGunType02_Bullet05,EAttackAttribute::Bullet,18,25,20,20,33,10,0,5,16,0,1,1,1,1,1,3,1,125,EReactionType::Flinch,85,EDamageType::InvincibleBlowOff,EAbnormalStateType::None,0,0,EBlowOffType::Unit,0,0,0,0.8,1500,0,EPeculiarDamageType::None,0,0,0,0.03,EShakeType::ImpactDynamic,0.2,1,22.5,1.5,85
ATK_HandGunType03_Bullet01,EAttackAttribute::Bullet,5.1,18,12,12,20,10,0,5,25,0,1,1,1,1,1,1,1,0,EReactionType::None,0,EDamageType::InvincibleBlowOff,EAbnormalStateType::None,0,0,EBlowOffType::Unit,0,0,0,0.2,2000,0,EPeculiarDamageType::None,0,0,0,0.02,EShakeType::ImpactStatic,0.1,0.7,14,3.5,85
ATK_MultiRocketLauncher_Bullet01,EAttackAttribute::Rocket,16,40,40,50,60,20,0,13,35,0,1,1,1,1,1,1,1,0,EReactionType::None,50,EDamageType::InvincibleBlowOff,EAbnormalStateType::None,0,0,EBlowOffType::Unit,0,0,0,0,0,0,EPeculiarDamageType::None,0,0,0,0.01,EShakeType::ImpactStatic,1,1,24,1.2,100
ATK_MultiRocketLauncherType02_Bullet01,EAttackAttribute::Rocket,30,60,80,60,80,50,0,20,60,0,1,1,1,1,1,1,1,0,EReactionType::None,100,EDamageType::InvincibleBlowOff,EAbnormalStateType::None,0,0,EBlowOffType::Unit,0,0,0,0,0,0,EPeculiarDamageType::None,0,0,0,0.1,EShakeType::ImpactStatic,1,1,60,1.55,100
ATK_RocketLauncherType04_Bullet01,EAttackAttribute::Rocket,40,45,25,25,50,60,0,30,110,0,1,1,1,1,1,1,1,0,EReactionType::None,0,EDamageType::InvincibleBlowOff,EAbnormalStateType::None,0,0,EBlowOffType::Unit,0,0,0,1,4000,0,EPeculiarDamageType::None,0,0,0,0.02,EShakeType::ImpactStatic,1,1,12.5,1.5,50
ATK_RocketLauncherType05_Bullet01,EAttackAttribute::Rocket,40,45,25,25,50,60,0,30,110,0,1,1,1,1,1,1,1,0,EReactionType::None,0,EDamageType::InvincibleBlowOff,EAbnormalStateType::None,0,0,EBlowOffType::Unit,0,0,0,1,4000,0,EPeculiarDamageType::None,0,0,0,0.02,EShakeType::ImpactStatic,1,1,12.5,1.5,50
ATK_BeamHandGunType02_Bullet01,EAttackAttribute::Beam,8.5,11,18,30,75,13,0,8,14,0,1,1,1,1,1,1,1,0,EReactionType::None,0,EDamageType::InvincibleBlowOff,EAbnormalStateType::None,0,0,EBlowOffType::Unit,0,0,0,0,0,0,EPeculiarDamageType::AccumulateDamageUp,0.2,0,0,0,EShakeType::ImpactStatic,0.1,0.7,11.5,1.5,46
ATK_BeamHandGunType03_Bullet01,EAttackAttribute::Beam,10,24,26,29,50,16,0,10,27,0,1,1,1,1,1,1,1,0,EReactionType::None,0,EDamageType::InvincibleBlowOff,EAbnormalStateType::None,0,0,EBlowOffType::Unit,0,0,0,0,0,0,EPeculiarDamageType::None,0,0,0,0,EShakeType::ImpactStatic,0.1,0.7,25,2.6,100
ATK_BlizzardGunType02_Bullet01,EAttackAttribute::Normal,36,60,70,70,110,110,0,70,200,0,1,1.1,1,1,1,1.5,1,0,EReactionType::None,0,EDamageType::InvincibleBlowOff,EAbnormalStateType::Freeze,1000,3,EBlowOffType::Unit,0,0,0,0,0,0,EPeculiarDamageType::UseException,0.9,0,0,0.02,EShakeType::DampedDynamic,1,1,72,3.5,500
ATK_BlizzardGunType03_Bullet01,EAttackAttribute::Normal,2.5,7,11,11,12,8,0,5,13,0,1,1.2,1,1,1,1.5,1,0,EReactionType::None,0,EDamageType::InvincibleBlowOff,EAbnormalStateType::Freeze,1000,1.5,EBlowOffType::Unit,0,0,0,0,0,0,EPeculiarDamageType::UseException,0.9,0,0,0,EShakeType::None,1,1,5,3,50
ATK_OptionsShieldType02_Bullet01,EAttackAttribute::Normal,0,0,0,0,0,0,0,0,0,0,1,1,1,1,1,1,1,0,EReactionType::None,0,EDamageType::InvincibleBlowOff,EAbnormalStateType::BuffShield,0,0,EBlowOffType::Unit,0,0,0,0,0,0,EPeculiarDamageType::UseException,1.5,0,0,0,EShakeType::None,1,1,0,1.5,0
ATK_ShotGunType03_Bullet01,EAttackAttribute::Bullet,16,33,20,20,20,4,0,2,6,0,1,1,1,1,1,3,1,100,EReactionType::Flinch,62.5,EDamageType::InvincibleBlowOff,EAbnormalStateType::None,0,0,EBlowOffType::Unit,0,0,0,0.8,1500,0,EPeculiarDamageType::None,0,0,0,0.03,EShakeType::ImpactDynamic,0.2,1,20,2.6,125
ATK_ShotGunType03_Bullet02,EAttackAttribute::Bullet,16,33,20,20,20,4,0,2,6,0,1,1,1,1,1,3,1,100,EReactionType::Flinch,62.5,EDamageType::InvincibleBlowOff,EAbnormalStateType::None,0,0,EBlowOffType::Unit,0,0,0,0.8,1500,0,EPeculiarDamageType::None,0,0,0,0.03,EShakeType::ImpactDynamic,0.2,1,20,2.6,125
ATK_ShotGunType03_Bullet03,EAttackAttribute::Bullet,16,33,20,20,20,2,0,1,6,0,1,1,1,1,1,3,1,100,EReactionType::Flinch,62.5,EDamageType::InvincibleBlowOff,EAbnormalStateType::None,0,0,EBlowOffType::Unit,0,0,0,0.8,1500,0,EPeculiarDamageType::None,0,0,0,0.03,EShakeType::ImpactDynamic,0.2,1,20,2.6,125
ATK_ShotGunType03_Bullet04,EAttackAttribute::Bullet,16,33,20,20,20,2,0,1,6,0,1,1,1,1,1,3,1,100,EReactionType::Flinch,62.5,EDamageType::InvincibleBlowOff,EAbnormalStateType::None,0,0,EBlowOffType::Unit,0,0,0,0.8,1500,0,EPeculiarDamageType::None,0,0,0,0.03,EShakeType::ImpactDynamic,0.2,1,20,2.6,125
ATK_ShotGunType03_Bullet05,EAttackAttribute::Bullet,16,33,20,20,20,2,0,1,6,0,1,1,1,1,1,3,1,100,EReactionType::Flinch,62.5,EDamageType::InvincibleBlowOff,EAbnormalStateType::None,0,0,EBlowOffType::Unit,0,0,0,0.8,1500,0,EPeculiarDamageType::None,0,0,0,0.03,EShakeType::ImpactDynamic,0.2,1,20,2.6,125
ATK_BeamRifleType05_Bullet01,EAttackAttribute::Beam,36,110,120,120,150,150,0,80,180,0,1,1,1,1,1,1,1,0,EReactionType::None,0,EDamageType::InvincibleBlowOff,EAbnormalStateType::None,0,0,EBlowOffType::Unit,0,0,0,0,0,0,EPeculiarDamageType::None,0,0,0,0.02,EShakeType::ImpactStatic,1,1.2,72,3,350
ATK_LaserType02_Bullet01,EAttackAttribute::Laser,48,62,90,90,50,28,0,21,42,0,1,1,1,1,1,0.6,0.6,350,EReactionType::Flinch,125,EDamageType::InvincibleBlowOff,EAbnormalStateType::None,0,0,EBlowOffType::Unit,0,0,0,0.2,500,0,EPeculiarDamageType::None,0,0,0,0.05,EShakeType::RapidDynamic,1,1,40,1.25,125
ATK_HandGatlingGun_Bullet01,EAttackAttribute::Bullet,5,10,22,18,20,8,0,6,16,0,1,1,1,1,1,0.8,1,0,EReactionType::None,25,EDamageType::InvincibleBlowOff,EAbnormalStateType::None,0,0,EBlowOffType::Unit,0,0,0,0.5,2000,0,EPeculiarDamageType::None,0,0,0,0,EShakeType::ImpactStatic,0.1,0.7,10,3,50
ATK_HandGatlingGun_Bullet02,EAttackAttribute::Bullet,5,9,20,15,17,7,0,4,13,0,1,1,1,1,1,0.8,1,0,EReactionType::None,25,EDamageType::InvincibleBlowOff,EAbnormalStateType::None,0,0,EBlowOffType::Unit,0,0,0,0,0,0,EPeculiarDamageType::None,0,0,0,0,EShakeType::ImpactStatic,0.1,0.7,10,3,50
ATK_HandGunType04_Bullet01,EAttackAttribute::Bullet,30,5,14,14,20,10,0,5,25,0,1,1,1,1,1,1,1,250,EReactionType::BlowOff,0,EDamageType::InvincibleBlowOff,EAbnormalStateType::None,0,0,EBlowOffType::Unit,0,0,0,0.2,2000,0,EPeculiarDamageType::None,0,0,0,0,EShakeType::ImpactStatic,0.1,0.7,75,2.5,350
Coop_ATK,EAttackAttribute::None,0,0,0,0,0,0,0,0,0,0,1,1,1,1,1,1,1,0,EReactionType::None,0,EDamageType::InvincibleBlowOff,EAbnormalStateType::None,0,0,EBlowOffType::Unit,0,0,0,0,0,0,EPeculiarDamageType::None,0,0,0,0,EShakeType::None,1,1,0,1.5,0
Coop_ATK_PulseGun_Coop01,EAttackAttribute::Bomb,10,8,20,20,10,4,0,3,6,0,1,1,1,1,1,1,1,0,EReactionType::None,0,EDamageType::InvincibleBlowOff,EAbnormalStateType::None,0,0,EBlowOffType::Unit,0,0,0,0,0,0,EPeculiarDamageType::None,0,0,0,0,EShakeType::RapidRandom,0.5,0.5,0,1.5,0
Coop_ATK_RocketLauncher_Coop01,EAttackAttribute::Bomb,60,50,50,50,35,30,0,20,40,0,1,1,1,1,1,1,1,0,EReactionType::None,0,EDamageType::InvincibleBlowOff,EAbnormalStateType::None,0,0,EBlowOffType::Unit,0,0,0,0.3,5000,0,EPeculiarDamageType::None,0,0,0,0,EShakeType::None,1,1,100,1.5,400
Coop_ATK_MissileLauncher_Coop01,EAttackAttribute::Bomb,20,15,20,20,25,0,0,0,0,0,1,1,1,1,1,1,1,0,EReactionType::None,0,EDamageType::InvincibleBlowOff,EAbnormalStateType::None,0,0,EBlowOffType::Unit,0,0,0,0,0,0,EPeculiarDamageType::None,0,0,0,0,EShakeType::ImpactStatic,1,1,0,1.5,0
Coop_ATK_MultipleGrenadeLauncher_Coop01,EAttackAttribute::Bomb,0,0,0,0,50,0,0,0,0,0,1,1,1,1,1,1,1,0,EReactionType::None,0,EDamageType::InvincibleBlowOff,EAbnormalStateType::None,0,0,EBlowOffType::Unit,0,0,0,0,0,0,EPeculiarDamageType::None,0,0,0,0,EShakeType::None,1,1,0,1.5,0
Coop_ATK_RocketLauncher_Type02_Coop01,EAttackAttribute::Bomb,90,120,0,0,80,30,0,0,0,0,1,1,1,1,1,1,1,0,EReactionType::None,350,EDamageType::InvincibleBlowOff,EAbnormalStateType::None,0,0,EBlowOffType::Unit,0,0,0,0,1000,0,EPeculiarDamageType::None,0,0,0,0,EShakeType::None,1,1,180,2.5,500
Coop_ATK_PlasmaGun_Coop01,EAttackAttribute::BeamBomb,10,50,13,13,25,8,0,5,13,0,1,1,1,1,1,1,1,1000,EReactionType::Flinch,50,EDamageType::InvincibleBlowOff,EAbnormalStateType::None,0,0,EBlowOffType::Unit,0,0,0,0.4,0,0,EPeculiarDamageType::None,0,0,0,0,EShakeType::RapidRandom,0.5,0.5,20,1.2,50
Coop_ATK_BothHandsRocketLauncher_Coop01,EAttackAttribute::Bomb,72,330,20,20,150,30,0,15,0,0,1,1,1,1,1,1,1,0,EReactionType::None,250,EDamageType::InvincibleBlowOff,EAbnormalStateType::None,0,0,EBlowOffType::Center,10000,40,0,0,0,0,EPeculiarDamageType::None,0,0,0,0,EShakeType::None,1,1,180,2.3,500
Coop_ATK_BothHandsRocketLauncher_Coop02,EAttackAttribute::Bomb,72,330,20,20,150,30,0,15,0,0,1,1,1,1,1,1,1,0,EReactionType::None,250,EDamageType::InvincibleBlowOff,EAbnormalStateType::None,0,0,EBlowOffType::Center,10000,40,0,0,0,0,EPeculiarDamageType::None,0,0,0,0,EShakeType::None,1,1,180,2.3,500
Coop_ATK_GatlingGunAndRocketLauncher_Coop01,EAttackAttribute::Bomb,0,25,25,25,100,0,0,0,0,0,1,1,1,1,1,1,1,0,EReactionType::None,0,EDamageType::InvincibleBlowOff,EAbnormalStateType::None,0,0,EBlowOffType::Unit,0,0,0,0,0,0,EPeculiarDamageType::None,0,0,0,0,EShakeType::None,1,1,0,1.5,0
Coop_ATK_Cannon_Coop01,EAttackAttribute::Bomb,120,100,50,50,140,40,0,30,100,0,1,1,1,1,1,1,1,0,EReactionType::None,0,EDamageType::InvincibleBlowOff,EAbnormalStateType::None,0,0,EBlowOffType::Center,8000,10,0,0,0,0,EPeculiarDamageType::None,0,0,0,0,EShakeType::ImpactDynamic,5,1,144,1.25,0
Coop_ATK_Cannon_Coop02,EAttackAttribute::Bomb,160,200,170,200,500,290,0,220,350,0,1,1,1,1,1,1,1,1000,EReactionType::Flinch,0,EDamageType::InvincibleBlowOff,EAbnormalStateType::None,0,0,EBlowOffType::Center,10000,30,0,0.8,2000,0,EPeculiarDamageType::None,0,0,0,0,EShakeType::ImpactDynamic,5,1,480,2,1000
Coop_ATK_TwinBastardRifle_Coop01,EAttackAttribute::BeamBomb,48,65,400,400,150,540,0,270,1150,0,1,1,1,1,1,1,1,1000,EReactionType::Flinch,200,EDamageType::InvincibleBlowOff,EAbnormalStateType::None,0,0,EBlowOffType::Center,8000,70,0,0,0,0,EPeculiarDamageType::None,0,0,0,0.1,EShakeType::ImpactStatic,1,1,96,3.3,200
Coop_ATK_TwinBastardRifle_Coop02,EAttackAttribute::BeamBomb,48,37,400,400,150,540,0,270,0,0,1,1,1,1,1,1,1,1000,EReactionType::Flinch,200,EDamageType::InvincibleBlowOff,EAbnormalStateType::None,0,0,EBlowOffType::Center,8000,70,0,0,0,0,EPeculiarDamageType::None,0,0,0,0.1,EShakeType::ImpactStatic,1,1,96,3.3,200
Coop_ATK_SatelliteMortar_Bullet01,EAttackAttribute::Rocket,0,250,250,250,100,50,0,30,0,0,1,1,1,1,1,1,1,0,EReactionType::None,0,EDamageType::InvincibleBlowOff,EAbnormalStateType::None,0,0,EBlowOffType::Unit,0,0,0,0,0,0,EPeculiarDamageType::None,0,0,0,1,EShakeType::ImpactDynamic,1,1,0,1.5,0
Coop_ATK_SatelliteMortar_Coop01,EAttackAttribute::Bomb,280,350,250,250,100,40,0,30,0,0,1,1,1,1,1,1,1,0,EReactionType::None,1000,EDamageType::InvincibleBlowOff,EAbnormalStateType::None,0,0,EBlowOffType::Center,10000,45,0,0,0,0,EPeculiarDamageType::None,0,0,0,0.05,EShakeType::ImpactDynamic,5,1,224,1.5,1000
Coop_ATK_HarpoonGun_Coop01,EAttackAttribute::Bomb,200,200,0,0,0,0,0,0,0,0,1,1,1,1,1,1,1,0,EReactionType::None,0,EDamageType::InvincibleBlowOff,EAbnormalStateType::None,0,0,EBlowOffType::UnitXY,10000,45,0,0,0,0,EPeculiarDamageType::None,0,0,0,0.07,EShakeType::ImpactDynamic,5,1,500,1,2000
Coop_ATK_SatelliteLaser_Bullet01,EAttackAttribute::Laser,0,0,0,0,0,0,0,0,0,0,1,1,1,1,1,1,1,0,EReactionType::None,0,EDamageType::InvincibleBlowOff,EAbnormalStateType::None,0,0,EBlowOffType::Unit,0,0,0,1,500,0,EPeculiarDamageType::None,0,0,0,0.03,EShakeType::RapidDynamic,1,1,0,1.5,0
Coop_ATK_SatelliteLaser_Coop01,EAttackAttribute::Bomb,600,600,1000,1000,500,350,0,175,0,0,1,1,1,1,1,1,1,0,EReactionType::None,0,EDamageType::InvincibleBlowOff,EAbnormalStateType::None,0,0,EBlowOffType::UnitXY,12000,70,0,0,0,0,EPeculiarDamageType::None,0,0,0,0,EShakeType::None,1,1,500,1.5,2000
Coop_ATK_TacticalNuclear_Coop01,EAttackAttribute::Bomb,150,150,1000,1000,150,44,0,22,69,0,1,1,1,1,0,0.2,0.2,1000,EReactionType::BlowOff,0,EDamageType::InvincibleBlowOff,EAbnormalStateType::None,0,0,EBlowOffType::UnitXY,15000,80,0,0,0,0,EPeculiarDamageType::None,0,0,0,0.05,EShakeType::RapidRandom,0.5,0.5,50,1.5,200
Coop_ATK_BoundBubble_Coop01,EAttackAttribute::Bomb,0,0,0,0,300,0,0,0,0,0,1,1,1,1,1,1,1,0,EReactionType::None,0,EDamageType::InvincibleBlowOff,EAbnormalStateType::None,0,0,EBlowOffType::Unit,0,0,0,0,0,0,EPeculiarDamageType::None,0,0,0,0,EShakeType::ImpactStatic,1,1,0,1.5,0
Coop_ATK_MobHijackJammer_Coop01,EAttackAttribute::Normal,0,0,0,0,0,0,0,0,0,0,1,1,1,1,1,1,1,0,EReactionType::None,0,EDamageType::InvincibleBlowOff,EAbnormalStateType::None,0,0,EBlowOffType::Unit,0,0,0,0,0,0,EPeculiarDamageType::MobHijack,0,0,0,0,EShakeType::RapidDynamic,1,1,0,1.5,0
Coop_ATK_Hammer_Coop01,EAttackAttribute::Bomb,50,100,150,10,10,9,0,6,18,0,1,1,1,1,1,1.5,1,350,EReactionType::BlowOff,0,EDamageType::InvincibleBlowOff,EAbnormalStateType::Burning,1000,9,EBlowOffType::Center,8000,45,0,0,0,0,EPeculiarDamageType::UseException,1,0,0,0.2,EShakeType::RapidRandom,1,1,75,1.5,350
Coop_ATK_SentryGun_Coop01,EAttackAttribute::Beam,24,40,50,50,80,34,0,19,30,0,1,0.5,0.5,1,1,1,1,0,EReactionType::None,0,EDamageType::InvincibleBlowOff,EAbnormalStateType::None,0,0,EBlowOffType::Unit,0,0,0,0,0,0,EPeculiarDamageType::None,0,0,0,0.03,EShakeType::ImpactStatic,0.1,0.7,60,0.5,0
Coop_ATK_Grenade_Coop01,EAttackAttribute::Bomb,120,200,400,300,250,130,0,65,120,0,1,1,1,1,1,1,1,1000,EReactionType::BlowOff,500,EDamageType::InvincibleBlowOff,EAbnormalStateType::None,0,0,EBlowOffType::UnitXY,5000,45,0,0,0,0,EPeculiarDamageType::None,0,0,0,0.05,EShakeType::ImpactDynamic,5,1,240,1.5,500
Coop_ATK_3WayGrenade_Coop01,EAttackAttribute::Bomb,40,40,40,40,50,225,0,150,300,0,1,1,1,1,1,1,1,100,EReactionType::BlowOff,0,EDamageType::InvincibleBlowOff,EAbnormalStateType::None,0,0,EBlowOffType::Unit,0,0,0,0,0,0,EPeculiarDamageType::None,0,0,0,0,EShakeType::ImpactStatic,1,1,25,1.5,100
Coop_ATK_HealArea_Etc01,EAttackAttribute::Heal,8,0,0,0,0,0,0,0,0,0,1,0.3,1,1,1,1,1,0,EReactionType::None,0,EDamageType::InvincibleBlowOff,EAbnormalStateType::None,0,0,EBlowOffType::Unit,0,0,0,0,0,0,EPeculiarDamageType::None,0,0,0,0,EShakeType::None,1,1,4,1.5,0
Coop_ATK_LineBomb_Coop01,EAttackAttribute::Bomb,40,60,200,150,200,100,0,100,53,0,1,1,1,1,1,1.5,1,0,EReactionType::None,200,EDamageType::InvincibleBlowOff,EAbnormalStateType::Burning,1000,12,EBlowOffType::UnitXY,10000,60,0,0,0,0,EPeculiarDamageType::UseException,1,0,0,0.03,EShakeType::ImpactStatic,0.5,0.5,80,0.5,0
Coop_ATK_Jammer_Coop01,EAttackAttribute::Normal,0,0,0,0,0,0,0,0,0,0,1,1,1,1,1,1.5,1,0,EReactionType::None,0,EDamageType::InvincibleBlowOff,EAbnormalStateType::Jamming,1000,4.5,EBlowOffType::Unit,0,0,0,0,0,0,EPeculiarDamageType::None,0,0,0,0,EShakeType::RapidRandom,1,1,0,1.5,0
Coop_ATK_Mine_Coop01,EAttackAttribute::Bomb,70,55,70,70,200,75,0,50,100,0,1,1,1,1,1,1,1,0,EReactionType::None,0,EDamageType::InvincibleBlowOff,EAbnormalStateType::None,0,0,EBlowOffType::Unit,0,0,0,0,0,0,EPeculiarDamageType::None,0,0,0,0,EShakeType::None,1,1,0,1.5,0
Coop_ATK_FireBomb_Coop01,EAttackAttribute::Bomb,60,80,150,10,10,9,0,6,18,0,1,1,1,1,1,1.5,1,350,EReactionType::BlowOff,0,EDamageType::InvincibleBlowOff,EAbnormalStateType::Burning,1000,9,EBlowOffType::Center,5000,45,0,0,0,0,EPeculiarDamageType::UseException,1,0,0,0.2,EShakeType::RapidRandom,1,1,80,1.6,350
Coop_ATK_GravityField_Etc01,EAttackAttribute::Normal,0,0,0,0,0,0,0,0,0,0,1,1,1,1,1,1,1,0,EReactionType::None,0,EDamageType::InvincibleBlowOff,EAbnormalStateType::Gravity,1000,10,EBlowOffType::Unit,0,0,0,0,0,0,EPeculiarDamageType::UseException,0.5,0,0,0,EShakeType::None,1,1,0,1.5,0
Coop_ATK_TrapBeamNet_Coop01,EAttackAttribute::Beam,40,0,0,0,0,0,0,0,0,0,1,1,1,1,1,1.5,1,0,EReactionType::None,0,EDamageType::InvincibleBlowOff,EAbnormalStateType::Palsy,1000,3.5,EBlowOffType::Unit,0,80,0,0,0,0,EPeculiarDamageType::None,0,0,0,0.02,EShakeType::ImpactStatic,1.2,1.2,60,1,0
Coop_ATK_Drone_Coop01,EAttackAttribute::Beam,80,100,125,125,150,60,0,30,0,0,1,1,1,1,1,1,1,0,EReactionType::None,0,EDamageType::InvincibleBlowOff,EAbnormalStateType::None,0,0,EBlowOffType::Unit,0,0,0,0,0,0,EPeculiarDamageType::None,0,0,0,0.02,EShakeType::DampedDynamic,1,1,40,1.5,160
Coop_ATK_TornadoArea_Coop01,EAttackAttribute::Object,25,25,20,20,40,10,0,5,30,0,1,1,1,1,0,1.5,1,0,EReactionType::None,0,EDamageType::InvincibleBlowOff,EAbnormalStateType::MoveSlow,1000,2,EBlowOffType::Center,0,80,0,0,0,0,EPeculiarDamageType::UseException,0.6,0,0,0,EShakeType::None,1,1,17.5,1.5,70
Coop_ATK_Options_Coop01,EAttackAttribute::Beam,20,25,30,50,50,30,0,10,10,0,1,1,1,1,1,1,1,0,EReactionType::None,0,EDamageType::InvincibleBlowOff,EAbnormalStateType::None,0,0,EBlowOffType::Unit,0,0,0,0,0,0,EPeculiarDamageType::None,0,0,0,0,EShakeType::None,1,1,7.5,1.5,30
Coop_ATK_Options_Coop02,EAttackAttribute::Heal,6,0,0,0,0,0,0,0,0,0,1,1,1,1,1,1,1,0,EReactionType::None,0,EDamageType::InvincibleBlowOff,EAbnormalStateType::None,0,0,EBlowOffType::Unit,0,0,0,0,0,0,EPeculiarDamageType::None,0,0,0,0,EShakeType::None,1,1,0,1.5,0
Coop_ATK_SentryGunType03_Coop01,EAttackAttribute::Rocket,50,70,100,100,50,120,0,25,80,0,1,1,1,1,1,1,1,1000,EReactionType::Flinch,0,EDamageType::InvincibleBlowOff,EAbnormalStateType::None,0,0,EBlowOffType::Unit,0,0,0,0,0,0,EPeculiarDamageType::None,0,0,0,0.1,EShakeType::ImpactStatic,0.5,1,125,0.5,0
Coop_ATK_SentryGunType03_Coop02,EAttackAttribute::Bomb,0,0,0,0,100,0,0,0,0,0,1,1,1,1,1,1,1,0,EReactionType::None,0,EDamageType::InvincibleBlowOff,EAbnormalStateType::None,0,0,EBlowOffType::Center,0,0,0,0.4,5000,0,EPeculiarDamageType::None,0,0,0,0,EShakeType::None,1,1,0,1.5,0
Coop_ATK_PulseGunType02_Coop01,EAttackAttribute::Bomb,10,8,20,20,10,4,0,3,6,0,1,1,1,1,1,1,1,0,EReactionType::None,0,EDamageType::InvincibleBlowOff,EAbnormalStateType::None,0,0,EBlowOffType::Unit,0,0,0,0,0,0,EPeculiarDamageType::None,0,0,0,0,EShakeType::RapidRandom,0.5,0.5,0,1.5,0
Coop_ATK_SatelliteMortarType02_Bullet01,EAttackAttribute::Rocket,30,25,25,25,40,6,0,4,8,0,1,1,1,1,1,1,1,0,EReactionType::None,0,EDamageType::InvincibleBlowOff,EAbnormalStateType::None,0,0,EBlowOffType::Unit,0,0,0,0,0,0,EPeculiarDamageType::None,0,0,0,0,EShakeType::ImpactDynamic,1,1,0,1.5,0
Coop_ATK_SatelliteMortarType02_Coop01,EAttackAttribute::Bomb,120,100,100,100,150,30,0,20,40,0,1,1,1,1,1,1,1,1000,EReactionType::BlowOff,0,EDamageType::InvincibleBlowOff,EAbnormalStateType::None,0,0,EBlowOffType::Unit,0,15,0,0,0,0,EPeculiarDamageType::None,0,0,0,0.05,EShakeType::ImpactDynamic,5,1,0,1.5,0
Coop_ATK_PlasmaGunType02_Coop01,EAttackAttribute::Bomb,50,50,68,68,50,60,0,20,0,0,1,1,1,1,1,1,1,0,EReactionType::None,0,EDamageType::InvincibleBlowOff,EAbnormalStateType::None,0,0,EBlowOffType::Unit,0,0,0,0,0,0,EPeculiarDamageType::None,0,0,0,0,EShakeType::RapidRandom,0.5,0.5,45,1.5,180
Coop_ATK_3WayGrenadeType02_Coop01,EAttackAttribute::Bomb,40,40,40,40,50,225,0,150,300,0,1,1,1,1,1,1,1,100,EReactionType::BlowOff,0,EDamageType::InvincibleBlowOff,EAbnormalStateType::None,0,0,EBlowOffType::Unit,0,0,0,0,0,0,EPeculiarDamageType::None,0,0,0,0,EShakeType::ImpactStatic,1,1,25,1.5,100
Coop_ATK_RocketLauncherType03_Coop01,EAttackAttribute::Bomb,45,20,0,0,50,0,0,0,0,0,1,1,1,1,1,1,1,0,EReactionType::None,175,EDamageType::InvincibleBlowOff,EAbnormalStateType::None,0,0,EBlowOffType::Center,7500,20,0,0,0,0,EPeculiarDamageType::None,0,0,0,0,EShakeType::ImpactStatic,1,1,68,2.5,350
Coop_ATK_HarpoonGunType02_Coop01,EAttackAttribute::Bomb,240,0,0,0,0,0,0,0,0,0,1,1,1,1,1,1,1,0,EReactionType::None,0,EDamageType::InvincibleBlowOff,EAbnormalStateType::None,0,0,EBlowOffType::UnitXY,10000,45,0,0,0,0,EPeculiarDamageType::None,0,0,0,0.07,EShakeType::ImpactDynamic,5,1,360,1,2000
Coop_ATK_GrenadeType02_Coop01,EAttackAttribute::Bomb,160,300,200,200,250,220,0,110,300,0,1,1,1,1,1,1,1,1000,EReactionType::BlowOff,500,EDamageType::InvincibleBlowOff,EAbnormalStateType::None,0,0,EBlowOffType::UnitXY,5000,60,0,0.8,0,0,EPeculiarDamageType::None,0,0,0,0.05,EShakeType::ImpactDynamic,5,1,240,1.25,1000
Coop_ATK_FireBombType02_Coop01,EAttackAttribute::Bomb,70,90,150,10,10,9,0,6,18,0,1,1,1,1,1,1.5,1,350,EReactionType::BlowOff,0,EDamageType::InvincibleBlowOff,EAbnormalStateType::Burning,1000,12,EBlowOffType::Center,8000,45,0,0,0,0,EPeculiarDamageType::UseException,0.4,0,0,0.2,EShakeType::RapidRandom,1,1,12.5,1.5,50
Coop_ATK_FireBombType02_Coop02,EAttackAttribute::Bomb,70,90,150,10,10,9,0,6,18,0,1,1,1,1,1,1.5,1,350,EReactionType::BlowOff,0,EDamageType::InvincibleBlowOff,EAbnormalStateType::Burning,1000,12,EBlowOffType::Center,8000,45,0,0,0,0,EPeculiarDamageType::UseException,0.4,0,0,0.2,EShakeType::RapidRandom,1,1,12.5,1.5,50
Coop_ATK_OptionsType02_Coop01,EAttackAttribute::Beam,14,16,20,60,75,40,0,20,25,0,1,1,1,1,1,1,1,0,EReactionType::None,0,EDamageType::InvincibleBlowOff,EAbnormalStateType::None,0,0,EBlowOffType::Unit,0,0,0,0,0,0,EPeculiarDamageType::None,0,0,0,0,EShakeType::None,1,1,7.5,1.5,30
Coop_ATK_OptionsType03_Coop01,EAttackAttribute::Beam,16,19,20,60,75,40,0,20,15,0,1,1,1,1,1,1,1,0,EReactionType::None,0,EDamageType::InvincibleBlowOff,EAbnormalStateType::None,0,0,EBlowOffType::Unit,0,0,0,0,0,0,EPeculiarDamageType::None,0,0,0,0,EShakeType::None,1,1,7.5,1.5,30
Coop_ATK_MultiRocketLauncher_Coop01,EAttackAttribute::Bomb,0,0,0,0,50,0,0,0,0,0,1,1,1,1,1,1,1,0,EReactionType::None,0,EDamageType::InvincibleBlowOff,EAbnormalStateType::None,0,0,EBlowOffType::Unit,0,0,0,0,0,0,EPeculiarDamageType::None,0,0,0,0,EShakeType::None,1,1,0,1.5,0
Coop_ATK_MultiRocketLauncherType02_Coop01,EAttackAttribute::Bomb,0,0,0,0,50,0,0,0,0,0,1,1,1,1,1,1,1,0,EReactionType::None,0,EDamageType::InvincibleBlowOff,EAbnormalStateType::None,0,0,EBlowOffType::Unit,0,0,0,0,0,0,EPeculiarDamageType::None,0,0,0,0,EShakeType::None,1,1,0,1.5,0
Coop_ATK_RocketLauncherType04_Coop01,EAttackAttribute::Bomb,10,0,0,0,80,30,0,0,0,0,1,1,1,1,1,1,1,0,EReactionType::None,0,EDamageType::InvincibleBlowOff,EAbnormalStateType::None,0,0,EBlowOffType::Unit,0,0,0,0.3,5000,0,EPeculiarDamageType::None,0,0,0,0,EShakeType::None,1,1,30,1.5,120
Coop_ATK_RocketLauncherType05_Coop01,EAttackAttribute::Bomb,10,0,0,0,80,30,0,0,0,0,1,1,1,1,1,1,1,0,EReactionType::None,0,EDamageType::InvincibleBlowOff,EAbnormalStateType::None,0,0,EBlowOffType::Unit,0,0,0,0.3,5000,0,EPeculiarDamageType::None,0,0,0,0,EShakeType::None,1,1,30,1.5,120
Coop_ATK_IceLineBomb_Coop01,EAttackAttribute::Bomb,160,240,200,150,200,100,0,100,53,0,1,1,1,1,1,1.5,1,1000,EReactionType::Flinch,0,EDamageType::InvincibleBlowOff,EAbnormalStateType::Freeze,1000,4.5,EBlowOffType::UnitXY,10000,60,0,0.8,2000,0,EPeculiarDamageType::UseException,0.9,0,0,0.06,EShakeType::ImpactStatic,0.5,0.5,400,1.6,1000
Coop_ATK_SentryGunType04_Coop01,EAttackAttribute::Bullet,35,40,50,50,80,34,0,19,30,0,1,0.5,0.5,1,1,1,1,0,EReactionType::None,0,EDamageType::InvincibleBlowOff,EAbnormalStateType::None,0,0,EBlowOffType::Unit,0,0,0,0,0,0,EPeculiarDamageType::None,0,0,0,0.03,EShakeType::ImpactStatic,0.1,0.7,21.5,1.5,86
Coop_ATK_TrapBomb_Coop01,EAttackAttribute::Bomb,160,240,400,300,250,130,0,65,120,0,1,1,1,1,1,1,1,1000,EReactionType::BlowOff,0,EDamageType::InvincibleBlowOff,EAbnormalStateType::None,0,0,EBlowOffType::UnitXY,5000,60,0,0.4,0,0,EPeculiarDamageType::None,0,0,0,0.05,EShakeType::ImpactDynamic,5,1,300,1.6,1000
MOB_ATK,EAttackAttribute::None,0,0,0,0,0,0,0,0,0,0,1,1,1,1,1,1,1,0,EReactionType::None,0,EDamageType::InvincibleBlowOff,EAbnormalStateType::None,0,0,EBlowOffType::Unit,0,0,0,0,0,0,EPeculiarDamageType::None,0,0,0,0,EShakeType::None,1,1,0,1.5,0
ATK_MobAttack01_Bullet01_Atk01,EAttackAttribute::Beam,10,7,10,10,20,5,0,50,5,0,1,1,1,1,1,1,1,0,EReactionType::None,0,EDamageType::InvincibleBlowOff,EAbnormalStateType::None,0,0,EBlowOffType::Unit,0,0,0,0,0,0,EPeculiarDamageType::None,0,0,0,0,EShakeType::None,1,1,0,1.5,0
ATK_MobAttack01_Bullet01_Atk02,EAttackAttribute::Beam,10,7,10,10,40,5,0,50,5,0,1,1,1,1,1,1,1,0,EReactionType::None,0,EDamageType::InvincibleBlowOff,EAbnormalStateType::None,0,0,EBlowOffType::Unit,0,0,0,0,0,0,EPeculiarDamageType::None,0,0,0,0,EShakeType::None,1,1,0,1.5,0
ATK_MobAttack01_Bullet02_Atk01,EAttackAttribute::Beam,0,0,0,0,0,0,50,0,0,0,1,1,1,1,1,1,1,0,EReactionType::None,0,EDamageType::InvincibleBlowOff,EAbnormalStateType::None,0,0,EBlowOffType::Unit,0,0,0,0,0,0,EPeculiarDamageType::None,0,0,0,0,EShakeType::None,1,1,0,1.5,0
ATK_MobAttack01_Bullet02_Atk02,EAttackAttribute::Beam,0,0,0,0,0,0,75,0,0,0,1,1,1,1,1,1,1,0,EReactionType::None,0,EDamageType::InvincibleBlowOff,EAbnormalStateType::None,0,0,EBlowOffType::Unit,0,0,0,0,0,0,EPeculiarDamageType::None,0,0,0,0,EShakeType::None,1,1,0,1.5,0
ATK_MobAttack01_Bullet03_Atk01,EAttackAttribute::Beam,0,0,0,0,0,0,60,0,0,0,1,1,1,1,1,1,1,0,EReactionType::None,0,EDamageType::InvincibleBlowOff,EAbnormalStateType::None,0,0,EBlowOffType::Unit,0,0,0,0,0,0,EPeculiarDamageType::None,0,0,0,0,EShakeType::None,1,1,0,1.5,0
ATK_MobAttack01_Bullet03_Atk02,EAttackAttribute::Beam,0,0,0,0,0,0,90,0,0,0,1,1,1,1,1,1,1,0,EReactionType::None,0,EDamageType::InvincibleBlowOff,EAbnormalStateType::None,0,0,EBlowOffType::Unit,0,0,0,0,0,0,EPeculiarDamageType::None,0,0,0,0,EShakeType::None,1,1,0,1.5,0
ATK_MobAttack01_Bullet04_Atk01,EAttackAttribute::Beam,0,0,0,0,0,0,70,0,0,0,1,1,1,1,1,1,1,0,EReactionType::None,0,EDamageType::InvincibleBlowOff,EAbnormalStateType::None,0,0,EBlowOffType::Unit,0,0,0,0,0,0,EPeculiarDamageType::None,0,0,0,0,EShakeType::None,1,1,0,1.5,0
ATK_MobAttack01_Bullet04_Atk02,EAttackAttribute::Beam,0,0,0,0,0,0,105,0,0,0,1,1,1,1,1,1,1,0,EReactionType::None,0,EDamageType::InvincibleBlowOff,EAbnormalStateType::None,0,0,EBlowOffType::Unit,0,0,0,0,0,0,EPeculiarDamageType::None,0,0,0,0,EShakeType::None,1,1,0,1.5,0
ATK_MobAttack01_Sp_Bullet01,EAttackAttribute::Beam,0,0,0,0,0,0,0,0,150,0,1,1,1,1,1,1,1,0,EReactionType::None,0,EDamageType::InvincibleBlowOff,EAbnormalStateType::None,0,0,EBlowOffType::Unit,0,0,0,0,0,0,EPeculiarDamageType::None,0,0,0,0,EShakeType::None,1,1,0,1.5,0
ATK_MobAttack01_Sp_Bullet02,EAttackAttribute::Beam,0,0,0,0,0,0,0,0,200,0,1,1,1,1,1,1,1,0,EReactionType::None,0,EDamageType::InvincibleBlowOff,EAbnormalStateType::None,0,0,EBlowOffType::Unit,0,0,0,0,0,0,EPeculiarDamageType::None,0,0,0,0,EShakeType::None,1,1,0,1.5,0
ATK_MobAttack01_Sp_Bullet03,EAttackAttribute::Beam,0,0,0,0,0,0,0,0,300,0,1,1,1,1,1,1,1,0,EReactionType::None,0,EDamageType::InvincibleBlowOff,EAbnormalStateType::None,0,0,EBlowOffType::Unit,0,0,0,0,0,0,EPeculiarDamageType::None,0,0,0,0,EShakeType::None,1,1,0,1.5,0
ATK_MobAttack02_Bullet01_Atk01,EAttackAttribute::Beam,90,68,90,90,100,4,0,100,5,0,1,1,1,1,1,1,1,0,EReactionType::None,0,EDamageType::InvincibleBlowOff,EAbnormalStateType::None,0,0,EBlowOffType::Unit,0,0,0,0,0,0,EPeculiarDamageType::None,0,0,0,0,EShakeType::DampedDynamic,1,1,90,1.5,360
ATK_MobAttack02_Bullet01_Atk02,EAttackAttribute::Beam,90,68,90,90,125,4,0,100,5,0,1,1,1,1,1,1,1,0,EReactionType::None,0,EDamageType::InvincibleBlowOff,EAbnormalStateType::None,0,0,EBlowOffType::Unit,0,0,0,0,0,0,EPeculiarDamageType::None,0,0,0,0,EShakeType::DampedDynamic,1,1,90,1.5,360
ATK_MobAttack02_Bullet02_Atk01,EAttackAttribute::Rocket,100,100,100,100,0,20,0,50,25,0,1,1,1,1,1,1,1,1000,EReactionType::Flinch,0,EDamageType::InvincibleBlowOff,EAbnormalStateType::None,0,0,EBlowOffType::Unit,0,0,0,0.3,2000,0,EPeculiarDamageType::None,0,0,0,0.1,EShakeType::DampedDynamic,1,1,150,1.5,600
ATK_MobAttack02_Bullet02_Atk02,EAttackAttribute::Rocket,120,120,120,120,0,20,0,50,25,0,1,1,1,1,1,1,1,1000,EReactionType::Flinch,0,EDamageType::InvincibleBlowOff,EAbnormalStateType::None,0,0,EBlowOffType::Unit,0,0,0,0.3,2000,0,EPeculiarDamageType::None,0,0,0,0.1,EShakeType::DampedDynamic,1,1,150,1.5,600
ATK_MobAttack02_Bullet03,EAttackAttribute::Rocket,100,100,100,100,0,20,0,50,25,0,1,1,1,1,1,1,1,1000,EReactionType::Flinch,0,EDamageType::InvincibleBlowOff,EAbnormalStateType::None,0,0,EBlowOffType::Unit,0,0,0,0.3,2000,0,EPeculiarDamageType::None,0,0,0,0.1,EShakeType::DampedDynamic,1,1,150,1.5,600
ATK_MobAttack02_Sp_Bullet01,EAttackAttribute::Beam,0,0,0,0,0,0,0,0,1000,0,1,1,1,1,1,1,1,0,EReactionType::None,0,EDamageType::InvincibleBlowOff,EAbnormalStateType::None,0,0,EBlowOffType::Unit,0,0,0,0,0,0,EPeculiarDamageType::None,0,0,0,0,EShakeType::None,1,1,0,1.5,0
ATK_MobAttack02_Etc01_Atk01,EAttackAttribute::Bomb,250,188,250,250,0,4,0,100,5,0,1,1,1,1,1,1,1,0,EReactionType::None,0,EDamageType::InvincibleBlowOff,EAbnormalStateType::None,0,0,EBlowOffType::UnitXY,10000,15,0,0,0,0,EPeculiarDamageType::None,0,0,0,0,EShakeType::ImpactDynamic,1,1,500,1.5,2000
ATK_MobAttack02_Etc01_Atk02,EAttackAttribute::Bomb,500,300,500,500,0,8,0,300,10,0,1,1,1,1,1,1,1,0,EReactionType::None,0,EDamageType::InvincibleBlowOff,EAbnormalStateType::None,0,0,EBlowOffType::UnitXY,10000,15,0,0,0,0,EPeculiarDamageType::None,0,0,0,0,EShakeType::ImpactDynamic,1,1,500,1.5,2000
ATK_MobAttack03_Bullet01,EAttackAttribute::Laser,275,275,275,275,100,750,0,50,800,0,1,1,1,1,1,1,1,500,EReactionType::Flinch,0,EDamageType::InvincibleBlowOff,EAbnormalStateType::None,0,0,EBlowOffType::UnitXY,1000,15,0,0,0,0,EPeculiarDamageType::None,0,0,0,0.05,EShakeType::RapidDynamic,1,1,175,1.5,700
ATK_MobAttack03_Bullet02,EAttackAttribute::Laser,100,150,35,35,75,8,0,25,10,0,1,1,1,1,1,1,1,350,EReactionType::Flinch,0,EDamageType::InvincibleBlowOff,EAbnormalStateType::None,0,0,EBlowOffType::UnitXY,1000,15,0,1,0,0,EPeculiarDamageType::None,0,0,0,0.05,EShakeType::ImpactDynamic,1,1,90,1.5,360
ATK_MobAttack03_Bullet03,EAttackAttribute::Laser,60,100,100,100,100,8,0,50,10,0,1,1,1,1,1,1,1,1000,EReactionType::BlowOff,0,EDamageType::InvincibleBlowOff,EAbnormalStateType::None,0,0,EBlowOffType::UnitXY,5000,15,0,0,0,0,EPeculiarDamageType::None,0,0,0,0.05,EShakeType::ImpactStatic,0.6,1,50,1.5,200
ATK_MobAttack03_Bullet04,EAttackAttribute::Laser,150,150,100,100,75,8,0,25,10,0,1,1,1,1,1,1,1,350,EReactionType::Flinch,0,EDamageType::InvincibleBlowOff,EAbnormalStateType::None,0,0,EBlowOffType::UnitXY,1000,15,0,1,0,0,EPeculiarDamageType::None,0,0,0,0.05,EShakeType::ImpactDynamic,1,1,100,1.5,400
ATK_MobAttack03_Bullet05,EAttackAttribute::Laser,275,275,275,275,100,750,0,50,600,0,1,1,1,1,1,1,1,500,EReactionType::Flinch,0,EDamageType::InvincibleBlowOff,EAbnormalStateType::None,0,0,EBlowOffType::UnitXY,1000,15,0,0,0,0,EPeculiarDamageType::None,0,0,0,0.05,EShakeType::RapidDynamic,1,1,175,1.5,700
ATK_MobAttack03_Bullet06,EAttackAttribute::Laser,275,275,275,275,100,750,0,50,400,0,1,1,1,1,1,1,1,500,EReactionType::Flinch,0,EDamageType::InvincibleBlowOff,EAbnormalStateType::None,0,0,EBlowOffType::UnitXY,1000,15,0,0,0,0,EPeculiarDamageType::None,0,0,0,0.05,EShakeType::RapidDynamic,1,1,175,1.5,700
ATK_MobAttack03_Bullet07,EAttackAttribute::Laser,275,275,275,275,100,750,0,50,200,0,1,1,1,1,1,1,1,500,EReactionType::Flinch,0,EDamageType::InvincibleBlowOff,EAbnormalStateType::None,0,0,EBlowOffType::UnitXY,1000,15,0,0,0,0,EPeculiarDamageType::None,0,0,0,0.05,EShakeType::RapidDynamic,1,1,175,1.5,700
ATK_MobAttack03_Etc01_Atk01,EAttackAttribute::Bomb,60,90,200,200,300,10,0,100,5,0,1,1,1,1,1,1,1,1000,EReactionType::BlowOff,0,EDamageType::InvincibleBlowOff,EAbnormalStateType::None,0,0,EBlowOffType::Center,16000,30,0,0,0,0,EPeculiarDamageType::None,0,0,0,0.1,EShakeType::ImpactStatic,0.6,0.8,50,1.5,200
ATK_StorongholdAttack02_Bullet01,EAttackAttribute::Laser,100,140,30,35,75,8,0,25,10,0,1,1,1,1,1,1,1,350,EReactionType::Flinch,0,EDamageType::InvincibleBlowOff,EAbnormalStateType::None,0,0,EBlowOffType::Unit,1000,0,0,0,0,0,EPeculiarDamageType::None,0,0,0,0.05,EShakeType::RapidDynamic,1,1,75,1.5,300
ATK_StorongholdAttack02_Bullet02,EAttackAttribute::Laser,100,140,150,150,75,8,0,25,10,0,1,1,1,1,1,1,1,350,EReactionType::Flinch,0,EDamageType::InvincibleBlowOff,EAbnormalStateType::None,0,0,EBlowOffType::Unit,1000,0,0,0,0,0,EPeculiarDamageType::None,0,0,0,0.05,EShakeType::RapidDynamic,1,1,75,1.5,300
ATK_StorongholdAttack02_Bullet03,EAttackAttribute::Beam,200,200,100,30,35,8,0,10,10,0,1,1,1,1,1,1,1,0,EReactionType::None,0,EDamageType::InvincibleBlowOff,EAbnormalStateType::None,0,0,EBlowOffType::Unit,0,0,0,0,0,0,EPeculiarDamageType::None,0,0,0,0.1,EShakeType::ImpactDynamic,1,1,0,1.5,0
ATK_BossMob_LineStan_Bullet01,EAttackAttribute::Laser,125,125,63,63,0,0,0,0,0,0,1,1,1,1,1,1,1,0,EReactionType::None,0,EDamageType::InvincibleBlowOff,EAbnormalStateType::Palsy,1000,3.2,EBlowOffType::Unit,0,0,0,0,0,0,EPeculiarDamageType::None,0,0,0,0,EShakeType::RapidRandom,1,1,0,1.5,0
ATK_BossMob_Laser_Bullet01,EAttackAttribute::Laser,100,140,30,35,75,8,0,25,10,0,1,1,1,1,1,1,1,350,EReactionType::Flinch,0,EDamageType::InvincibleBlowOff,EAbnormalStateType::None,0,0,EBlowOffType::Unit,1000,0,0,0,0,0,EPeculiarDamageType::None,0,0,0,0.05,EShakeType::RapidDynamic,1,1,75,1.5,300
Coop_MOB_ATK,EAttackAttribute::None,0,0,0,0,0,0,0,0,0,0,1,1,1,1,1,1,1,0,EReactionType::None,0,EDamageType::InvincibleBlowOff,EAbnormalStateType::None,0,0,EBlowOffType::Unit,0,0,0,0,0,0,EPeculiarDamageType::None,0,0,0,0,EShakeType::None,1,1,0,1.5,0
Coop_MOB_ATK_BossMob_TornadoArea_Coop01,EAttackAttribute::Object,63,63,31,31,40,10,0,5,30,0,1,1,1,1,1,1,1,0,EReactionType::None,0,EDamageType::InvincibleBlowOff,EAbnormalStateType::MoveSlow,1000,2,EBlowOffType::Center,0,80,0,0,0,0,EPeculiarDamageType::UseException,0.5,0,0,0,EShakeType::None,1,1,17.5,1.5,70
BOSS_ATK,EAttackAttribute::None,0,0,0,0,0,0,0,0,0,0,1,1,1,1,1,1,1,0,EReactionType::None,0,EDamageType::InvincibleBlowOff,EAbnormalStateType::None,0,0,EBlowOffType::Unit,0,0,0,0,0,0,EPeculiarDamageType::None,0,0,0,0,EShakeType::None,1,1,0,1.5,0
Boss_ATK_BeamRifleBoss01_Bullet01,EAttackAttribute::Beam,225,225,113,113,200,200,0,130,300,0,1,1,1,1,1,1,1,0,EReactionType::None,0,EDamageType::InvincibleBlowOff,EAbnormalStateType::None,0,0,EBlowOffType::Unit,0,0,0,0,0,0,EPeculiarDamageType::None,0,0,0,0.02,EShakeType::ImpactStatic,1,1.2,125,1.5,500
Boss_ATK_LargeSwordBoss01_Grap01,EAttackAttribute::Grap,1250,1250,0,0,100,180,0,90,1500,0,1,1,1,1,1,1,1,1000,EReactionType::Flinch,0,EDamageType::InvincibleBlowOff,EAbnormalStateType::None,0,0,EBlowOffType::OwnerXY,15000,0,0,0,0,0,EPeculiarDamageType::None,0,0,0.05,0.05,EShakeType::DampedDynamic,3,3,500,1.5,2000
Boss_ATK_LargeSwordBoss01_Grap02,EAttackAttribute::Grap,1250,1250,0,0,100,200,0,100,1500,0,1,1,1,1,1,1,1,1000,EReactionType::BlowOff,0,EDamageType::InvincibleBlowOff,EAbnormalStateType::None,0,0,EBlowOffType::OwnerXY,15000,80,0,0,0,0,EPeculiarDamageType::None,0,0,0.1,0.1,EShakeType::DampedDynamic,3,3,500,1.5,2000
Boss_ATK_MachineHijackBoss01_Bullet01,EAttackAttribute::Bomb,225,225,225,225,200,200,0,600,1100,0,1,1,1,1,1,1,1,0,EReactionType::None,0,EDamageType::InvincibleBlowOff,EAbnormalStateType::Palsy,1000,3.2,EBlowOffType::Unit,0,0,0,1,5000,0,EPeculiarDamageType::Stop,5,0,0,0,EShakeType::None,1,1,0,1.5,0
Boss_ATK_TacticalNuclearBoss01_Bullet01,EAttackAttribute::Rocket,0,0,0,0,0,0,0,0,0,0,1,1,1,1,1,1,1,0,EReactionType::None,0,EDamageType::InvincibleBlowOff,EAbnormalStateType::None,0,0,EBlowOffType::Unit,0,0,0,0,0,0,EPeculiarDamageType::None,0,0,0,0,EShakeType::None,1,1,0,1.5,0
Boss_ATK_WideShotBoss01_Bullet01,EAttackAttribute::Beam,338,338,169,169,130,180,0,85,160,0,1,1,1,1,1,1,1,1000,EReactionType::Flinch,0,EDamageType::InvincibleBlowOff,EAbnormalStateType::None,0,0,EBlowOffType::OwnerXY,8000,10,0,0.5,5000,0,EPeculiarDamageType::None,0,0,0,0.05,EShakeType::DampedStatic,0.5,1.2,250,1.5,1000
Boss_ATK_WideShotBoss01_Bullet02,EAttackAttribute::Beam,338,338,169,169,130,180,0,85,160,0,1,1,1,1,1,1,1,1000,EReactionType::Flinch,0,EDamageType::InvincibleBlowOff,EAbnormalStateType::None,0,0,EBlowOffType::OwnerXY,8000,10,0,0.5,5000,0,EPeculiarDamageType::None,0,0,0,0.05,EShakeType::DampedStatic,0.5,1.2,250,1.5,1000
Boss_ATK_LaserBoss01_Bullet01,EAttackAttribute::Laser,100,100,100,10,1000,1000,0,200,50,0,1,1,1,1,1,1,1,350,EReactionType::Flinch,0,EDamageType::InvincibleBlowOff,EAbnormalStateType::None,0,0,EBlowOffType::Unit,0,0,0,0.2,500,0,EPeculiarDamageType::None,0,0,0,0.05,EShakeType::RapidDynamic,1,1,56,1.5,224
Boss_ATK_LaserType02Boss01_Bullet01,EAttackAttribute::Laser,1000,1000,200,200,1000,1000,0,200,60,0,1,1,1,1,1,1,1,350,EReactionType::Flinch,0,EDamageType::InvincibleBlowOff,EAbnormalStateType::None,0,0,EBlowOffType::Unit,0,0,0,0.2,500,0,EPeculiarDamageType::None,0,0,0,0.05,EShakeType::RapidDynamic,1,1,56,1.5,224
Boss_ATK_WideShotType02Boss01_Bullet01,EAttackAttribute::Beam,675,675,338,338,150,200,0,100,500,0,1,1,1,1,1,1,1,0,EReactionType::None,0,EDamageType::InvincibleBlowOff,EAbnormalStateType::None,0,0,EBlowOffType::Unit,0,0,0,0.5,5000,0,EPeculiarDamageType::None,0,0,0,0.05,EShakeType::DampedStatic,0.5,1.2,500,1.5,2000
Coop_Boss_ATK,EAttackAttribute::None,0,0,0,0,0,0,0,0,0,0,1,1,1,1,1,1,1,0,EReactionType::None,0,EDamageType::InvincibleBlowOff,EAbnormalStateType::None,0,0,EBlowOffType::Unit,0,0,0,0,0,0,EPeculiarDamageType::None,0,0,0,0,EShakeType::None,1,1,0,1.5,0
Coop_Boss_ATK_TacticalNuclearBoss01_Coop01,EAttackAttribute::Bomb,180,180,1000,1000,150,44,0,22,69,0,1,1,1,0,0,1,1,1000,EReactionType::BlowOff,0,EDamageType::InvincibleBlowOff,EAbnormalStateType::None,0,0,EBlowOffType::UnitXY,10000,80,0,0,0,0,EPeculiarDamageType::None,0,0,0,0.05,EShakeType::RapidRandom,0.5,0.5,72.5,1.5,290
Coop_Boss_ATK_TornadoAreaBoss01_Coop01,EAttackAttribute::Object,10,20,20,20,40,10,0,5,30,0,1,1,1,1,1,1,1,0,EReactionType::None,0,EDamageType::InvincibleBlowOff,EAbnormalStateType::MoveSlow,1000,1.5,EBlowOffType::Center,0,80,0,0,0,0,EPeculiarDamageType::UseException,0.5,0,0,0,EShakeType::None,1,1,17.5,1.5,70
Coop_Boss_ATK_SpBombing_Bullet01,EAttackAttribute::Rocket,450,450,1000,1000,100,50,0,30,0,0,1,1,1,1,1,1,1,0,EReactionType::None,0,EDamageType::InvincibleBlowOff,EAbnormalStateType::None,0,0,EBlowOffType::Unit,0,0,0,0,0,0,EPeculiarDamageType::None,0,0,0,1,EShakeType::ImpactDynamic,1,1,0,1.5,0
Coop_Boss_ATK_SpBombing_Coop01,EAttackAttribute::Bomb,450,450,1000,1000,100,40,0,30,0,0,1,1,1,1,1,1,1,1000,EReactionType::Flinch,0,EDamageType::InvincibleBlowOff,EAbnormalStateType::None,0,0,EBlowOffType::Center,10000,45,0,0,0,0,EPeculiarDamageType::None,0,0,0,0.05,EShakeType::ImpactDynamic,5,1,250,1.5,1000
Coop_Boss_ATK_LineBombBoss01_Coop01,EAttackAttribute::Bomb,450,450,1000,1000,200,100,0,100,1000,0,1,1,1,1,1,1,1,1000,EReactionType::BlowOff,0,EDamageType::InvincibleBlowOff,EAbnormalStateType::Burning,1000,24,EBlowOffType::UnitXY,12000,75,0,0,0,0,EPeculiarDamageType::UseException,0.4,0,0,0.06,EShakeType::ImpactStatic,0.5,0.5,500,1.5,0
Coop_Boss_ATK_SatelliteMortarBoss01_Bullet01,EAttackAttribute::Rocket,450,450,1000,1000,100,50,0,30,0,0,1,1,1,1,1,1,1,0,EReactionType::None,0,EDamageType::InvincibleBlowOff,EAbnormalStateType::None,0,0,EBlowOffType::Unit,0,0,0,0,0,0,EPeculiarDamageType::None,0,0,0,1,EShakeType::ImpactDynamic,1,1,0,1.5,0
Coop_Boss_ATK_SatelliteMortarBoss01_Coop01,EAttackAttribute::Bomb,450,450,1000,1000,100,40,0,30,0,0,1,1,1,1,1,1,1,1000,EReactionType::Flinch,0,EDamageType::InvincibleBlowOff,EAbnormalStateType::None,0,0,EBlowOffType::Center,10000,45,0,0,0,0,EPeculiarDamageType::None,0,0,0,0.05,EShakeType::ImpactDynamic,5,1,250,1.5,1000
VS_Skill_ATK,EAttackAttribute::None,0,0,0,0,0,0,0,0,0,0,1,1,1,1,1,1,1,0,EReactionType::None,0,EDamageType::InvincibleBlowOff,EAbnormalStateType::None,0,0,EBlowOffType::Unit,0,0,0,0,0,0,EPeculiarDamageType::None,0,0,0,0,EShakeType::None,1,1,0,1.5,0
Skill_ATK_Buff01,EAttackAttribute::Normal,0,0,0,0,0,0,0,0,0,0,1,1,1,1,1,1,1,0,EReactionType::None,0,EDamageType::InvincibleBlowOff,EAbnormalStateType::BuffAtk,1000,10,EBlowOffType::Unit,0,0,0,0,0,0,EPeculiarDamageType::UseException,1.25,0,0,0,EShakeType::None,1,1,0,1.5,0
Skill_ATK_Buff02,EAttackAttribute::Normal,0,0,0,0,0,0,0,0,0,0,1,1,1,1,1,1,1,0,EReactionType::None,0,EDamageType::InvincibleBlowOff,EAbnormalStateType::BuffBooster,1000,10,EBlowOffType::Unit,0,0,0,0,0,0,EPeculiarDamageType::UseException,0.8,0,0,0,EShakeType::None,1,1,0,1.5,0
Skill_ATK_BoundBubble_Bullet01,EAttackAttribute::Normal,160,100,200,250,500,166,0,83,200,0,1,1,1,1,1,1,1,1000,EReactionType::Flinch,0,EDamageType::InvincibleBlowOff,EAbnormalStateType::None,0,0,EBlowOffType::Unit,0,0,0,1,500,0,EPeculiarDamageType::None,0,0,0,0.01,EShakeType::None,1,1,400,1.5,1000
Skill_ATK_BoundBubble_Bullet02,EAttackAttribute::Normal,176,100,200,250,500,166,0,83,200,0,1,1,1,1,1,1,1,1000,EReactionType::Flinch,0,EDamageType::InvincibleBlowOff,EAbnormalStateType::None,0,0,EBlowOffType::Unit,0,0,0,1,500,0,EPeculiarDamageType::None,0,0,0,0.01,EShakeType::None,1,1,440,1.5,1000
Skill_ATK_BoundBubble_Bullet03,EAttackAttribute::Normal,192,100,200,250,500,166,0,83,200,0,1,1,1,1,1,1,1,1000,EReactionType::Flinch,0,EDamageType::InvincibleBlowOff,EAbnormalStateType::None,0,0,EBlowOffType::Unit,0,0,0,1,500,0,EPeculiarDamageType::None,0,0,0,0.01,EShakeType::None,1,1,480,1.5,1000
Skill_ATK_Pressure_Bullet01_Atk01,EAttackAttribute::Bomb,180,160,200,200,200,280,0,140,400,0,1,1,1,1,1,1,1,1000,EReactionType::BlowOff,0,EDamageType::InvincibleBlowOff,EAbnormalStateType::None,0,0,EBlowOffType::Center,10000,30,0,0,0,0,EPeculiarDamageType::None,0,0,0,0,EShakeType::ImpactStatic,1,1,360,1.2,1000
Skill_ATK_Pressure_Bullet01_Atk02,EAttackAttribute::Bomb,198,160,200,200,200,280,0,140,400,0,1,1,1,1,1,1,1,1000,EReactionType::BlowOff,0,EDamageType::InvincibleBlowOff,EAbnormalStateType::None,0,0,EBlowOffType::Center,10000,30,0,0,0,0,EPeculiarDamageType::None,0,0,0,0,EShakeType::ImpactStatic,1,1,450,1.2,1000
Skill_ATK_Pressure_Bullet01_Atk03,EAttackAttribute::Bomb,216,160,200,200,200,280,0,140,400,0,1,1,1,1,1,1,1,1000,EReactionType::BlowOff,0,EDamageType::InvincibleBlowOff,EAbnormalStateType::None,0,0,EBlowOffType::Center,10000,30,0,0,0,0,EPeculiarDamageType::None,0,0,0,0,EShakeType::ImpactStatic,1,1,1000,1.2,1000
Skill_ATK_PowerBall_Bullet01,EAttackAttribute::Beam,240,120,800,800,200,240,0,120,450,0,1,1,1,1,1,1.5,1.2,1000,EReactionType::BlowOff,1000,EDamageType::InvincibleBlowOff,EAbnormalStateType::None,0,0,EBlowOffType::UnitXY,12000,55,0,0.4,2000,0,EPeculiarDamageType::None,0,0,0,0.1,EShakeType::RapidDynamic,1,1,192,1.6,1000
Skill_ATK_PowerBall_Bullet02,EAttackAttribute::Beam,280,120,800,800,200,240,0,120,450,0,1,1,1,1,1,1.5,1.2,1000,EReactionType::BlowOff,1000,EDamageType::InvincibleBlowOff,EAbnormalStateType::None,0,0,EBlowOffType::UnitXY,13000,55,0,0.4,2000,0,EPeculiarDamageType::None,0,0,0,0.2,EShakeType::RapidDynamic,1,1,224,1.6,1000
Skill_ATK_PowerBall_Bullet03,EAttackAttribute::Beam,320,120,800,800,200,240,0,120,450,0,1,1,1,1,1,1.5,1.2,1000,EReactionType::BlowOff,1000,EDamageType::InvincibleBlowOff,EAbnormalStateType::None,0,0,EBlowOffType::UnitXY,15000,55,0,0.4,2000,0,EPeculiarDamageType::None,0,0,0,0.4,EShakeType::RapidDynamic,1,1,256,1.6,1000
Skill_ATK_MachineGun_Bullet01,EAttackAttribute::Bullet,7,6,8,12,30,19,0,10,40,0,1,1,1,1,1,1,1,0,EReactionType::None,0,EDamageType::InvincibleBlowOff,EAbnormalStateType::None,0,0,EBlowOffType::Unit,0,0,0,0,0,0,EPeculiarDamageType::None,0,0,0,0,EShakeType::ImpactStatic,0.1,0.7,40,1.5,30
Skill_ATK_MachineGun_Bullet02,EAttackAttribute::Bullet,7,6,8,12,30,19,0,10,40,0,1,1,1,1,1,1,1,0,EReactionType::None,0,EDamageType::InvincibleBlowOff,EAbnormalStateType::None,0,0,EBlowOffType::Unit,0,0,0,0,0,0,EPeculiarDamageType::None,0,0,0,0,EShakeType::ImpactStatic,0.1,0.7,50,1.5,30
Skill_ATK_MachineGun_Bullet03,EAttackAttribute::Bullet,7,6,8,12,30,19,0,10,40,0,1,1,1,1,1,1,1,0,EReactionType::None,0,EDamageType::InvincibleBlowOff,EAbnormalStateType::None,0,0,EBlowOffType::Unit,0,0,0,0,0,0,EPeculiarDamageType::None,0,0,0,0,EShakeType::ImpactStatic,0.1,0.7,60,1.5,30
Skill_ATK_CoilGun_Bullet01,EAttackAttribute::Bullet,50,50,50,50,150,100,0,50,150,0,1,1,1,1,1,1.5,1,1000,EReactionType::Flinch,0,EDamageType::InvincibleBlowOff,EAbnormalStateType::None,1000,4,EBlowOffType::Unit,0,0,0,1,0,0,EPeculiarDamageType::None,0,0,0,0.1,EShakeType::ImpactStatic,5,1,62.5,1.5,250
Skill_ATK_CoilGun_Bullet02,EAttackAttribute::Bullet,50,50,50,50,150,100,0,50,150,0,1,1,1,1,1,1.5,1,0,EReactionType::None,0,EDamageType::InvincibleBlowOff,EAbnormalStateType::Palsy,1000,2,EBlowOffType::Unit,0,0,0,0,0,0,EPeculiarDamageType::None,0,0,0,0.1,EShakeType::ImpactStatic,5,1,62.5,1.5,250
Skill_ATK_CoilGun_Bullet03,EAttackAttribute::Bullet,50,50,50,50,150,100,0,50,150,0,1,1,1,1,1,1.5,1,0,EReactionType::None,0,EDamageType::InvincibleBlowOff,EAbnormalStateType::None,1000,4,EBlowOffType::Unit,0,0,0,0,0,0,EPeculiarDamageType::None,0,0,0,0.1,EShakeType::ImpactStatic,5,1,62.5,1.5,250
Skill_ATK_Stealth_Buff01,EAttackAttribute::Normal,0,0,0,0,0,0,0,0,0,0,1,1,1,1,1,1,1,0,EReactionType::None,0,EDamageType::InvincibleBlowOff,EAbnormalStateType::ARSkillStealth,1000,10,EBlowOffType::Unit,0,0,0,0,0,0,EPeculiarDamageType::UseException,0.8,0,0,0,EShakeType::None,1,1,0,1.5,0
Skill_ATK_Stealth_Buff02,EAttackAttribute::Normal,0,0,0,0,0,0,0,0,0,0,1,1,1,1,1,1,1,0,EReactionType::None,0,EDamageType::InvincibleBlowOff,EAbnormalStateType::ARSkillStealth,1000,10,EBlowOffType::Unit,0,0,0,0,0,0,EPeculiarDamageType::UseException,0.8,0,0,0,EShakeType::None,1,1,0,1.5,0
Skill_ATK_Stealth_Buff03,EAttackAttribute::Normal,0,0,0,0,0,0,0,0,0,0,1,1,1,1,1,1,1,0,EReactionType::None,0,EDamageType::InvincibleBlowOff,EAbnormalStateType::ARSkillStealth,1000,10,EBlowOffType::Unit,0,0,0,0,0,0,EPeculiarDamageType::UseException,0.8,0,0,0,EShakeType::None,1,1,0,1.5,0
Skill_ATK_WideShot_Bullet01,EAttackAttribute::Beam,80,80,180,180,100,190,0,120,340,0,1,1,1,1,1,1,1,0,EReactionType::None,0,EDamageType::InvincibleBlowOff,EAbnormalStateType::None,0,0,EBlowOffType::Unit,0,0,0,0.5,5000,0,EPeculiarDamageType::None,0,0,0,0.05,EShakeType::ImpactStatic,1,1.2,240,1.5,400
Skill_ATK_WideShot_Bullet02,EAttackAttribute::Beam,80,80,180,180,100,190,0,120,340,0,1,1,1,1,1,1,1,0,EReactionType::None,0,EDamageType::InvincibleBlowOff,EAbnormalStateType::None,0,0,EBlowOffType::Unit,0,0,0,0.5,5000,0,EPeculiarDamageType::None,0,0,0,0.05,EShakeType::ImpactStatic,1,1.2,300,1.5,400
Skill_ATK_WideShot_Bullet03,EAttackAttribute::Beam,80,80,180,180,100,190,0,120,340,0,1,1,1,1,1,1,1,0,EReactionType::None,0,EDamageType::InvincibleBlowOff,EAbnormalStateType::None,0,0,EBlowOffType::Unit,0,0,0,0.5,5000,0,EPeculiarDamageType::None,0,0,0,0.05,EShakeType::ImpactStatic,1,1.2,360,1.5,400
Coop_VS_Skill_ATK,EAttackAttribute::None,0,0,0,0,0,0,0,0,0,0,1,1,1,1,1,1,1,0,EReactionType::None,0,EDamageType::InvincibleBlowOff,EAbnormalStateType::None,0,0,EBlowOffType::Unit,0,0,0,0,0,0,EPeculiarDamageType::None,0,0,0,0,EShakeType::None,1,1,0,1.5,0
Coop_Skill_ATK_BoundBubble_Coop01,EAttackAttribute::Bomb,0,0,0,0,300,0,0,0,0,0,1,1,1,1,1,1,1,0,EReactionType::None,0,EDamageType::InvincibleBlowOff,EAbnormalStateType::None,0,0,EBlowOffType::Unit,0,0,0,0,0,0,EPeculiarDamageType::None,0,0,0,0,EShakeType::ImpactStatic,1,1,0,1.5,0
Coop_Skill_ATK_BoundBubble_Coop02,EAttackAttribute::Bomb,0,0,0,0,300,0,0,0,0,0,1,1,1,1,1,1,1,0,EReactionType::None,0,EDamageType::InvincibleBlowOff,EAbnormalStateType::None,0,0,EBlowOffType::Unit,0,0,0,0,0,0,EPeculiarDamageType::None,0,0,0,0,EShakeType::ImpactStatic,1,1,0,1.5,0
Coop_Skill_ATK_BoundBubble_Coop03,EAttackAttribute::Bomb,0,0,0,0,300,0,0,0,0,0,1,1,1,1,1,1,1,0,EReactionType::None,0,EDamageType::InvincibleBlowOff,EAbnormalStateType::None,0,0,EBlowOffType::Unit,0,0,0,0,0,0,EPeculiarDamageType::None,0,0,0,0,EShakeType::ImpactStatic,1,1,0,1.5,0
Coop_Skill_ATK_SatelliteLaser_Coop01,EAttackAttribute::Bomb,300,360,1000,1000,500,350,0,175,0,0,1,1,1,1,1,1,1,0,EReactionType::None,1000,EDamageType::InvincibleBlowOff,EAbnormalStateType::None,0,0,EBlowOffType::UnitXY,12000,60,0,0,0,0,EPeculiarDamageType::None,0,0,0,0,EShakeType::None,1,1,240,1.15,1000
Coop_Skill_ATK_SatelliteLaser_Coop02,EAttackAttribute::Bomb,330,360,1000,1000,500,350,0,175,0,0,1,1,1,1,1,1,1,0,EReactionType::None,1000,EDamageType::InvincibleBlowOff,EAbnormalStateType::None,0,0,EBlowOffType::UnitXY,12000,60,0,0,0,0,EPeculiarDamageType::None,0,0,0,0,EShakeType::None,1,1,264,1.1,1000
Coop_Skill_ATK_SatelliteLaser_Coop03,EAttackAttribute::Bomb,360,360,1000,1000,500,350,0,175,0,0,1,1,1,1,1,1,1,0,EReactionType::None,1000,EDamageType::InvincibleBlowOff,EAbnormalStateType::None,0,0,EBlowOffType::UnitXY,12000,60,0,0,0,0,EPeculiarDamageType::None,0,0,0,0,EShakeType::None,1,1,288,1.05,1000
Coop_Skill_ATK_SentryGun_Coop01,EAttackAttribute::Laser,100,100,500,100,100,400,0,200,550,0,1,1,1,1,1,1,1,0,EReactionType::None,0,EDamageType::InvincibleBlowOff,EAbnormalStateType::None,0,0,EBlowOffType::Unit,0,0,0,0,0,0,EPeculiarDamageType::None,0,0,0,0.02,EShakeType::RapidDynamic,1,1,80,1.5,400
Coop_Skill_ATK_SentryGun_Coop02,EAttackAttribute::Laser,100,100,500,100,100,400,0,200,550,0,1,1,1,1,1,1,1,0,EReactionType::None,0,EDamageType::InvincibleBlowOff,EAbnormalStateType::None,0,0,EBlowOffType::Unit,0,0,0,0,0,0,EPeculiarDamageType::None,0,0,0,0.02,EShakeType::RapidDynamic,1,1,80,1.5,400
Coop_Skill_ATK_SentryGun_Coop03,EAttackAttribute::Laser,100,100,500,100,100,400,0,200,550,0,1,1,1,1,1,1,1,0,EReactionType::None,0,EDamageType::InvincibleBlowOff,EAbnormalStateType::None,0,0,EBlowOffType::Unit,0,0,0,0,0,0,EPeculiarDamageType::None,0,0,0,0.02,EShakeType::RapidDynamic,1,1,80,1.5,400
Coop_Skill_ATK_SentryGun_Coop04,EAttackAttribute::BeamBomb,65,65,400,400,150,540,0,270,1150,0,1,1,1,1,1,1,1,1000,EReactionType::BlowOff,0,EDamageType::InvincibleBlowOff,EAbnormalStateType::None,0,0,EBlowOffType::Center,8000,70,0,0,0,0,EPeculiarDamageType::None,0,0,0,0.1,EShakeType::ImpactStatic,1,1,18,1.5,90
Coop_Skill_ATK_SentryGun_Coop05,EAttackAttribute::BeamBomb,37,37,400,400,150,540,0,270,0,0,1,1,1,1,1,1,1,1000,EReactionType::BlowOff,0,EDamageType::InvincibleBlowOff,EAbnormalStateType::None,0,0,EBlowOffType::Center,8000,70,0,0,0,0,EPeculiarDamageType::None,0,0,0,0.1,EShakeType::ImpactStatic,1,1,18,1.5,90
Coop_Skill_ATK_TornadoArea_Coop01,EAttackAttribute::Object,12,25,20,20,40,10,0,5,30,0,1,1,1,1,0,1.5,1,0,EReactionType::None,0,EDamageType::InvincibleBlowOff,EAbnormalStateType::MoveSlow,1000,6,EBlowOffType::Center,0,80,0,0,0,0,EPeculiarDamageType::UseException,0.6,0,0,0.003,EShakeType::None,1,1,48,1,0
Coop_Skill_ATK_TornadoArea_Coop02,EAttackAttribute::Object,14,25,20,20,40,10,0,5,30,0,1,1,1,1,0,1.5,1,0,EReactionType::None,0,EDamageType::InvincibleBlowOff,EAbnormalStateType::MoveSlow,1000,6,EBlowOffType::Center,0,80,0,0,0,0,EPeculiarDamageType::UseException,0.5,0,0,0.003,EShakeType::None,1,1,56,1,0
Coop_Skill_ATK_TornadoArea_Coop03,EAttackAttribute::Object,16,25,20,20,40,10,0,5,30,0,1,1,1,1,0,1.5,1,0,EReactionType::None,0,EDamageType::InvincibleBlowOff,EAbnormalStateType::MoveSlow,1000,6,EBlowOffType::Center,0,80,0,0,0,0,EPeculiarDamageType::UseException,0.4,0,0,0.003,EShakeType::None,1,1,64,1,0
Coop_Skill_ATK_Options_Coop01,EAttackAttribute::Beam,6,25,30,50,50,30,0,10,10,0,1,1,1,1,1,1,1,0,EReactionType::None,0,EDamageType::InvincibleBlowOff,EAbnormalStateType::None,0,0,EBlowOffType::Unit,0,0,0,0,0,0,EPeculiarDamageType::None,0,0,0,0.05,EShakeType::None,1,1,18,1.5,30
Coop_Skill_ATK_Options_Coop02,EAttackAttribute::Heal,12,0,0,0,0,0,0,0,0,0,1,1,1,1,1,1,1,0,EReactionType::None,0,EDamageType::InvincibleBlowOff,EAbnormalStateType::None,0,0,EBlowOffType::Unit,0,0,0,0,0,0,EPeculiarDamageType::None,0,0,0,0,EShakeType::None,1,1,0,1.5,0
Coop_Skill_ATK_Options_Coop03,EAttackAttribute::Beam,7,25,30,50,50,30,0,10,10,0,1,1,1,1,1,1,1,0,EReactionType::None,0,EDamageType::InvincibleBlowOff,EAbnormalStateType::None,0,0,EBlowOffType::Unit,0,0,0,0,0,0,EPeculiarDamageType::None,0,0,0,0.05,EShakeType::None,1,1,21,1.5,30
Coop_Skill_ATK_Options_Coop04,EAttackAttribute::Heal,14,0,0,0,0,0,0,0,0,0,1,1,1,1,1,1,1,0,EReactionType::None,0,EDamageType::InvincibleBlowOff,EAbnormalStateType::None,0,0,EBlowOffType::Unit,0,0,0,0,0,0,EPeculiarDamageType::None,0,0,0,0,EShakeType::None,1,1,0,1.5,0
Coop_Skill_ATK_Options_Coop05,EAttackAttribute::Beam,8,25,30,50,50,30,0,10,10,0,1,1,1,1,1,1,1,0,EReactionType::None,0,EDamageType::InvincibleBlowOff,EAbnormalStateType::None,0,0,EBlowOffType::Unit,0,0,0,0,0,0,EPeculiarDamageType::None,0,0,0,0.05,EShakeType::None,1,1,24,1.5,30
Coop_Skill_ATK_Options_Coop06,EAttackAttribute::Heal,16,0,0,0,0,0,0,0,0,0,1,1,1,1,1,1,1,0,EReactionType::None,0,EDamageType::InvincibleBlowOff,EAbnormalStateType::None,0,0,EBlowOffType::Unit,0,0,0,0,0,0,EPeculiarDamageType::None,0,0,0,0,EShakeType::None,1,1,0,1.5,0
System_ATK,EAttackAttribute::None,0,0,0,0,0,0,0,0,0,0,1,1,1,1,1,1,1,0,EReactionType::None,0,EDamageType::InvincibleBlowOff,EAbnormalStateType::None,0,0,EBlowOffType::Unit,0,0,0,0,0,0,EPeculiarDamageType::None,0,0,0,0,EShakeType::None,1,1,0,1.5,0
System_ATK_AbnormalFire,EAttackAttribute::Normal,20,0,0,0,0,0,0,0,0,0,1,1,1,1,1,1,1,0,EReactionType::None,0,EDamageType::InvincibleBlowOff,EAbnormalStateType::None,0,0,EBlowOffType::Unit,0,0,0,0,0,0,EPeculiarDamageType::None,0,0,0,0,EShakeType::RapidRandom,1,1,0,1.5,0
ATK_DebugTest_Bullet01,EAttackAttribute::Normal,0,0,0,0,0,0,0,0,0,0,1,1,1,1,1,1,1,1000,EReactionType::Flinch,83,EDamageType::InvincibleBlowOff,EAbnormalStateType::None,0,0,EBlowOffType::Unit,0,0,0,0.1,2000,0,EPeculiarDamageType::None,0,0,0,0.05,EShakeType::ImpactStatic,1,1.2,33.200001,1.5,166
System_ATK_RestartDash,EAttackAttribute::Normal,300,300,0,0,300,600,0,800,800,0,1,1,1,1,1,1,1,1000,EReactionType::BlowOff,0,EDamageType::InvincibleBlowOff,EAbnormalStateType::None,0,0,EBlowOffType::Owner,10000,0,0,0,0,0,EPeculiarDamageType::None,0,0,0,0,EShakeType::None,1,1,0,1.5,0
System_ATK_DashAttack,EAttackAttribute::Normal,160,300,0,0,300,50,0,50,50,0,1,1,1,1,1,1,1,1000,EReactionType::BlowOff,0,EDamageType::InvincibleBlowOff,EAbnormalStateType::None,0,0,EBlowOffType::Owner,10000,10,0,0,0,0,EPeculiarDamageType::None,0,0,0.05,0.05,EShakeType::ImpactStatic,1,1,480,1.5,1000
System_ATK_LanceType02_Heal,EAttackAttribute::Heal,0,0,0,0,0,0,0,0,0,0,1,1,1,1,1,1,1,0,EReactionType::None,0,EDamageType::InvincibleBlowOff,EAbnormalStateType::None,0,0,EBlowOffType::Owner,10000,10,0,0,0,0,EPeculiarDamageType::None,0,0,0.05,0.05,EShakeType::ImpactStatic,1,1,0,1.5,0
