---,EmblemPartsId,Name,EmblemPartsType,DefaultEmblemPartsFlag,IsEditable,Texture,FlagTexture,Descprition,GameModeId
0,0,-,OutLine,False,False,-,-,※削除不可,0
1,90001,デザイン確認用エンブレム,Main,False,False,Texture2D'/Game/_Test/Texture/Emblem/Tex_Emblem_Temporaryp_02.Tex_Emblem_Temporaryp_02',Texture2D'/Game/_Test/Texture/Emblem/Tex_Emblem_Temporaryp_02_Flag.Tex_Emblem_Temporaryp_02_Flag',,0
2,90002,デザイン確認用エンブレム,OutLine,False,True,Texture2D'/Game/_Test/Texture/Emblem/Tex_Emblem_Temporaryp_01.Tex_Emblem_Temporaryp_01',Texture2D'/Game/_Test/Texture/Emblem/Tex_Emblem_Temporaryp_01_Flag.Tex_Emblem_Temporaryp_01_Flag',,0
3,90003,デザイン確認用エンブレム,Main,False,True,Texture2D'/Game/_Test/Texture/Emblem/Tex_Emblem_Temporaryp_02.Tex_Emblem_Temporaryp_02',Texture2D'/Game/_Test/Texture/Emblem/Tex_Emblem_Temporaryp_02_Flag.Tex_Emblem_Temporaryp_02_Flag',,0
4,90004,デザイン確認用エンブレム,Sub,False,True,Texture2D'/Game/_Test/Texture/Emblem/Tex_Emblem_Temporaryp_03.Tex_Emblem_Temporaryp_03',Texture2D'/Game/_Test/Texture/Emblem/Tex_Emblem_Temporaryp_03_Flag.Tex_Emblem_Temporaryp_03_Flag',,0
5,10001,シールドフレームA,OutLine,True,True,Texture2D'/Game/GUI/Common/Tex/Emblem/01/Tex_Emblem_01_0001.Tex_Emblem_01_0001',Texture2D'/Game/GUI/Common/Tex/Emblem/01/Tex_Emblem_01_0001_Flag.Tex_Emblem_01_0001_Flag',,0
6,10002,ヘキサフレーム,OutLine,False,True,Texture2D'/Game/GUI/Common/Tex/Emblem/01/Tex_Emblem_01_0002.Tex_Emblem_01_0002',Texture2D'/Game/GUI/Common/Tex/Emblem/01/Tex_Emblem_01_0002_Flag.Tex_Emblem_01_0002_Flag',,0
7,10003,シールドフレームB,OutLine,False,True,Texture2D'/Game/GUI/Common/Tex/Emblem/01/Tex_Emblem_01_0003.Tex_Emblem_01_0003',Texture2D'/Game/GUI/Common/Tex/Emblem/01/Tex_Emblem_01_0003_Flag.Tex_Emblem_01_0003_Flag',,0
8,10004,シールドフレームC,OutLine,False,True,Texture2D'/Game/GUI/Common/Tex/Emblem/01/Tex_Emblem_01_0004.Tex_Emblem_01_0004',Texture2D'/Game/GUI/Common/Tex/Emblem/01/Tex_Emblem_01_0004_Flag.Tex_Emblem_01_0004_Flag',,0
9,10005,バニシングサークル,OutLine,False,True,Texture2D'/Game/GUI/Common/Tex/Emblem/01/Tex_Emblem_01_0005.Tex_Emblem_01_0005',Texture2D'/Game/GUI/Common/Tex/Emblem/01/Tex_Emblem_01_0005_Flag.Tex_Emblem_01_0005_Flag',,0
10,10006,バニシングスクウェア,OutLine,False,True,Texture2D'/Game/GUI/Common/Tex/Emblem/01/Tex_Emblem_01_0006.Tex_Emblem_01_0006',Texture2D'/Game/GUI/Common/Tex/Emblem/01/Tex_Emblem_01_0006_Flag.Tex_Emblem_01_0006_Flag',,0
11,10007,オメガサークル,OutLine,False,True,Texture2D'/Game/GUI/Common/Tex/Emblem/01/Tex_Emblem_01_0007.Tex_Emblem_01_0007',Texture2D'/Game/GUI/Common/Tex/Emblem/01/Tex_Emblem_01_0007_Flag.Tex_Emblem_01_0007_Flag',,0
12,10008,コースターフレーム,OutLine,False,True,Texture2D'/Game/GUI/Common/Tex/Emblem/01/Tex_Emblem_01_0008.Tex_Emblem_01_0008',Texture2D'/Game/GUI/Common/Tex/Emblem/01/Tex_Emblem_01_0008_Flag.Tex_Emblem_01_0008_Flag',,0
13,10009,リーフフレームA,OutLine,False,True,Texture2D'/Game/GUI/Common/Tex/Emblem/01/Tex_Emblem_01_0009.Tex_Emblem_01_0009',Texture2D'/Game/GUI/Common/Tex/Emblem/01/Tex_Emblem_01_0009_Flag.Tex_Emblem_01_0009_Flag',,0
14,10010,リーフダイヤ,OutLine,False,True,Texture2D'/Game/GUI/Common/Tex/Emblem/01/Tex_Emblem_01_0010.Tex_Emblem_01_0010',Texture2D'/Game/GUI/Common/Tex/Emblem/01/Tex_Emblem_01_0010_Flag.Tex_Emblem_01_0010_Flag',,0
15,10011,リーフフレームB,OutLine,False,True,Texture2D'/Game/GUI/Common/Tex/Emblem/01/Tex_Emblem_01_0011.Tex_Emblem_01_0011',Texture2D'/Game/GUI/Common/Tex/Emblem/01/Tex_Emblem_01_0011_Flag.Tex_Emblem_01_0011_Flag',,0
16,10012,リーフシールド,OutLine,False,True,Texture2D'/Game/GUI/Common/Tex/Emblem/01/Tex_Emblem_01_0012.Tex_Emblem_01_0012',Texture2D'/Game/GUI/Common/Tex/Emblem/01/Tex_Emblem_01_0012_Flag.Tex_Emblem_01_0012_Flag',,0
17,10013,プリンセスフレーム,OutLine,False,True,Texture2D'/Game/GUI/Common/Tex/Emblem/01/Tex_Emblem_01_0013.Tex_Emblem_01_0013',Texture2D'/Game/GUI/Common/Tex/Emblem/01/Tex_Emblem_01_0013_Flag.Tex_Emblem_01_0013_Flag',,0
18,10014,ギアフレーム,OutLine,False,True,Texture2D'/Game/GUI/Common/Tex/Emblem/01/Tex_Emblem_01_0014.Tex_Emblem_01_0014',Texture2D'/Game/GUI/Common/Tex/Emblem/01/Tex_Emblem_01_0014_Flag.Tex_Emblem_01_0014_Flag',,0
19,10015,ハートフレーム,OutLine,False,True,Texture2D'/Game/GUI/Common/Tex/Emblem/01/Tex_Emblem_01_0015.Tex_Emblem_01_0015',Texture2D'/Game/GUI/Common/Tex/Emblem/01/Tex_Emblem_01_0015_Flag.Tex_Emblem_01_0015_Flag',,0
20,10016,アンティークサークル,OutLine,False,True,Texture2D'/Game/GUI/Common/Tex/Emblem/01/Tex_Emblem_01_0016.Tex_Emblem_01_0016',Texture2D'/Game/GUI/Common/Tex/Emblem/01/Tex_Emblem_01_0016_Flag.Tex_Emblem_01_0016_Flag',,0
21,10017,サーマルスクウェア,OutLine,False,True,Texture2D'/Game/GUI/Common/Tex/Emblem/01/Tex_Emblem_01_0017.Tex_Emblem_01_0017',Texture2D'/Game/GUI/Common/Tex/Emblem/01/Tex_Emblem_01_0017_Flag.Tex_Emblem_01_0017_Flag',,0
22,10018,コントロールサークルA,OutLine,False,True,Texture2D'/Game/GUI/Common/Tex/Emblem/01/Tex_Emblem_01_0018.Tex_Emblem_01_0018',Texture2D'/Game/GUI/Common/Tex/Emblem/01/Tex_Emblem_01_0018_Flag.Tex_Emblem_01_0018_Flag',,0
23,10019,コネクトフレーム,OutLine,False,True,Texture2D'/Game/GUI/Common/Tex/Emblem/01/Tex_Emblem_01_0019.Tex_Emblem_01_0019',Texture2D'/Game/GUI/Common/Tex/Emblem/01/Tex_Emblem_01_0019_Flag.Tex_Emblem_01_0019_Flag',,0
24,10020,送受信,OutLine,False,True,Texture2D'/Game/GUI/Common/Tex/Emblem/01/Tex_Emblem_01_0020.Tex_Emblem_01_0020',Texture2D'/Game/GUI/Common/Tex/Emblem/01/Tex_Emblem_01_0020_Flag.Tex_Emblem_01_0020_Flag',,0
25,10021,ライトネット,OutLine,False,True,Texture2D'/Game/GUI/Common/Tex/Emblem/01/Tex_Emblem_01_0021.Tex_Emblem_01_0021',Texture2D'/Game/GUI/Common/Tex/Emblem/01/Tex_Emblem_01_0021_Flag.Tex_Emblem_01_0021_Flag',,0
26,10022,プラグフレーム,OutLine,False,True,Texture2D'/Game/GUI/Common/Tex/Emblem/01/Tex_Emblem_01_0022.Tex_Emblem_01_0022',Texture2D'/Game/GUI/Common/Tex/Emblem/01/Tex_Emblem_01_0022_Flag.Tex_Emblem_01_0022_Flag',,0
27,10023,フォースガード,OutLine,False,True,Texture2D'/Game/GUI/Common/Tex/Emblem/01/Tex_Emblem_01_0023.Tex_Emblem_01_0023',Texture2D'/Game/GUI/Common/Tex/Emblem/01/Tex_Emblem_01_0023_Flag.Tex_Emblem_01_0023_Flag',,0
28,10024,イコライザーフレーム,OutLine,False,True,Texture2D'/Game/GUI/Common/Tex/Emblem/01/Tex_Emblem_01_0024.Tex_Emblem_01_0024',Texture2D'/Game/GUI/Common/Tex/Emblem/01/Tex_Emblem_01_0024_Flag.Tex_Emblem_01_0024_Flag',,0
29,10025,チェーンフレーム,OutLine,False,True,Texture2D'/Game/GUI/Common/Tex/Emblem/01/Tex_Emblem_01_0025.Tex_Emblem_01_0025',Texture2D'/Game/GUI/Common/Tex/Emblem/01/Tex_Emblem_01_0025_Flag.Tex_Emblem_01_0025_Flag',,0
30,10026,ピアノフレーム,OutLine,False,True,Texture2D'/Game/GUI/Common/Tex/Emblem/01/Tex_Emblem_01_0026.Tex_Emblem_01_0026',Texture2D'/Game/GUI/Common/Tex/Emblem/01/Tex_Emblem_01_0026_Flag.Tex_Emblem_01_0026_Flag',,0
31,10027,ラブフレーム,OutLine,False,True,Texture2D'/Game/GUI/Common/Tex/Emblem/01/Tex_Emblem_01_0027.Tex_Emblem_01_0027',Texture2D'/Game/GUI/Common/Tex/Emblem/01/Tex_Emblem_01_0027_Flag.Tex_Emblem_01_0027_Flag',,0
32,10028,スターフレーム,OutLine,False,True,Texture2D'/Game/GUI/Common/Tex/Emblem/01/Tex_Emblem_01_0028.Tex_Emblem_01_0028',Texture2D'/Game/GUI/Common/Tex/Emblem/01/Tex_Emblem_01_0028_Flag.Tex_Emblem_01_0028_Flag',,0
33,10029,スタードロップフレーム,OutLine,False,True,Texture2D'/Game/GUI/Common/Tex/Emblem/01/Tex_Emblem_01_0029.Tex_Emblem_01_0029',Texture2D'/Game/GUI/Common/Tex/Emblem/01/Tex_Emblem_01_0029_Flag.Tex_Emblem_01_0029_Flag',,0
34,10030,フラワーフレーム,OutLine,False,True,Texture2D'/Game/GUI/Common/Tex/Emblem/01/Tex_Emblem_01_0030.Tex_Emblem_01_0030',Texture2D'/Game/GUI/Common/Tex/Emblem/01/Tex_Emblem_01_0030_Flag.Tex_Emblem_01_0030_Flag',,0
35,10031,クラウドフレーム,OutLine,False,True,Texture2D'/Game/GUI/Common/Tex/Emblem/01/Tex_Emblem_01_0031.Tex_Emblem_01_0031',Texture2D'/Game/GUI/Common/Tex/Emblem/01/Tex_Emblem_01_0031_Flag.Tex_Emblem_01_0031_Flag',,0
36,10032,ソリディアフレーム,OutLine,False,True,Texture2D'/Game/GUI/Common/Tex/Emblem/01/Tex_Emblem_01_0032.Tex_Emblem_01_0032',Texture2D'/Game/GUI/Common/Tex/Emblem/01/Tex_Emblem_01_0032_Flag.Tex_Emblem_01_0032_Flag',,0
37,10033,カーディナルフレーム,OutLine,False,True,Texture2D'/Game/GUI/Common/Tex/Emblem/01/Tex_Emblem_01_0033.Tex_Emblem_01_0033',Texture2D'/Game/GUI/Common/Tex/Emblem/01/Tex_Emblem_01_0033_Flag.Tex_Emblem_01_0033_Flag',,0
38,10034,スクラッパーフレーム,OutLine,False,True,Texture2D'/Game/GUI/Common/Tex/Emblem/01/Tex_Emblem_01_0034.Tex_Emblem_01_0034',Texture2D'/Game/GUI/Common/Tex/Emblem/01/Tex_Emblem_01_0034_Flag.Tex_Emblem_01_0034_Flag',,0
39,10035,サイトヘッドフレーム,OutLine,False,True,Texture2D'/Game/GUI/Common/Tex/Emblem/01/Tex_Emblem_01_0035.Tex_Emblem_01_0035',Texture2D'/Game/GUI/Common/Tex/Emblem/01/Tex_Emblem_01_0035_Flag.Tex_Emblem_01_0035_Flag',,0
40,10036,シーユー・レイターフレーム,OutLine,False,True,Texture2D'/Game/GUI/Common/Tex/Emblem/01/Tex_Emblem_01_0036.Tex_Emblem_01_0036',Texture2D'/Game/GUI/Common/Tex/Emblem/01/Tex_Emblem_01_0036_Flag.Tex_Emblem_01_0036_Flag',,0
41,10037,ゴールテン・ダーフレーム,OutLine,False,True,Texture2D'/Game/GUI/Common/Tex/Emblem/01/Tex_Emblem_01_0037.Tex_Emblem_01_0037',Texture2D'/Game/GUI/Common/Tex/Emblem/01/Tex_Emblem_01_0037_Flag.Tex_Emblem_01_0037_Flag',,0
42,10038,アンゼロイフレーム,OutLine,False,True,Texture2D'/Game/GUI/Common/Tex/Emblem/01/Tex_Emblem_01_0038.Tex_Emblem_01_0038',Texture2D'/Game/GUI/Common/Tex/Emblem/01/Tex_Emblem_01_0038_Flag.Tex_Emblem_01_0038_Flag',,0
43,10039,ディスドスフレーム,OutLine,False,True,Texture2D'/Game/GUI/Common/Tex/Emblem/01/Tex_Emblem_01_0039.Tex_Emblem_01_0039',Texture2D'/Game/GUI/Common/Tex/Emblem/01/Tex_Emblem_01_0039_Flag.Tex_Emblem_01_0039_Flag',,0
44,10040,サブライガフレーム,OutLine,False,True,Texture2D'/Game/GUI/Common/Tex/Emblem/01/Tex_Emblem_01_0040.Tex_Emblem_01_0040',Texture2D'/Game/GUI/Common/Tex/Emblem/01/Tex_Emblem_01_0040_Flag.Tex_Emblem_01_0040_Flag',,0
45,10041,ファルマコンフレーム,OutLine,False,True,Texture2D'/Game/GUI/Common/Tex/Emblem/01/Tex_Emblem_01_0041.Tex_Emblem_01_0041',Texture2D'/Game/GUI/Common/Tex/Emblem/01/Tex_Emblem_01_0041_Flag.Tex_Emblem_01_0041_Flag',,0
46,10042,ラピスヘッジフレーム,OutLine,False,True,Texture2D'/Game/GUI/Common/Tex/Emblem/01/Tex_Emblem_01_0042.Tex_Emblem_01_0042',Texture2D'/Game/GUI/Common/Tex/Emblem/01/Tex_Emblem_01_0042_Flag.Tex_Emblem_01_0042_Flag',,0
47,10043,パ・フェクトフレーム,OutLine,False,True,Texture2D'/Game/GUI/Common/Tex/Emblem/01/Tex_Emblem_01_0043.Tex_Emblem_01_0043',Texture2D'/Game/GUI/Common/Tex/Emblem/01/Tex_Emblem_01_0043_Flag.Tex_Emblem_01_0043_Flag',,0
48,10044,エタニティフレーム,OutLine,False,True,Texture2D'/Game/GUI/Common/Tex/Emblem/01/Tex_Emblem_01_0044.Tex_Emblem_01_0044',Texture2D'/Game/GUI/Common/Tex/Emblem/01/Tex_Emblem_01_0044_Flag.Tex_Emblem_01_0044_Flag',,0
49,10045,オキサイドフレーム,OutLine,False,True,Texture2D'/Game/GUI/Common/Tex/Emblem/01/Tex_Emblem_01_0045.Tex_Emblem_01_0045',Texture2D'/Game/GUI/Common/Tex/Emblem/01/Tex_Emblem_01_0045_Flag.Tex_Emblem_01_0045_Flag',,0
50,20001,アリエス,Main,False,True,Texture2D'/Game/GUI/Common/Tex/Emblem/02/Tex_Emblem_02_0001.Tex_Emblem_02_0001',Texture2D'/Game/GUI/Common/Tex/Emblem/02/Tex_Emblem_02_0001_Flag.Tex_Emblem_02_0001_Flag',,0
51,20002,タウラス,Main,False,True,Texture2D'/Game/GUI/Common/Tex/Emblem/02/Tex_Emblem_02_0002.Tex_Emblem_02_0002',Texture2D'/Game/GUI/Common/Tex/Emblem/02/Tex_Emblem_02_0002_Flag.Tex_Emblem_02_0002_Flag',,0
52,20003,ジェミニ,Main,False,True,Texture2D'/Game/GUI/Common/Tex/Emblem/02/Tex_Emblem_02_0003.Tex_Emblem_02_0003',Texture2D'/Game/GUI/Common/Tex/Emblem/02/Tex_Emblem_02_0003_Flag.Tex_Emblem_02_0003_Flag',,0
53,20004,キャンサー,Main,False,True,Texture2D'/Game/GUI/Common/Tex/Emblem/02/Tex_Emblem_02_0004.Tex_Emblem_02_0004',Texture2D'/Game/GUI/Common/Tex/Emblem/02/Tex_Emblem_02_0004_Flag.Tex_Emblem_02_0004_Flag',,0
54,20005,レオ,Main,False,True,Texture2D'/Game/GUI/Common/Tex/Emblem/02/Tex_Emblem_02_0005.Tex_Emblem_02_0005',Texture2D'/Game/GUI/Common/Tex/Emblem/02/Tex_Emblem_02_0005_Flag.Tex_Emblem_02_0005_Flag',,0
55,20006,ヴァルゴ,Main,False,True,Texture2D'/Game/GUI/Common/Tex/Emblem/02/Tex_Emblem_02_0006.Tex_Emblem_02_0006',Texture2D'/Game/GUI/Common/Tex/Emblem/02/Tex_Emblem_02_0006_Flag.Tex_Emblem_02_0006_Flag',,0
56,20007,リーブラ,Main,False,True,Texture2D'/Game/GUI/Common/Tex/Emblem/02/Tex_Emblem_02_0007.Tex_Emblem_02_0007',Texture2D'/Game/GUI/Common/Tex/Emblem/02/Tex_Emblem_02_0007_Flag.Tex_Emblem_02_0007_Flag',,0
57,20008,スコルピオ,Main,False,True,Texture2D'/Game/GUI/Common/Tex/Emblem/02/Tex_Emblem_02_0008.Tex_Emblem_02_0008',Texture2D'/Game/GUI/Common/Tex/Emblem/02/Tex_Emblem_02_0008_Flag.Tex_Emblem_02_0008_Flag',,0
58,20009,サジタリウス,Main,False,True,Texture2D'/Game/GUI/Common/Tex/Emblem/02/Tex_Emblem_02_0009.Tex_Emblem_02_0009',Texture2D'/Game/GUI/Common/Tex/Emblem/02/Tex_Emblem_02_0009_Flag.Tex_Emblem_02_0009_Flag',,0
59,20010,カプリコーン,Main,False,True,Texture2D'/Game/GUI/Common/Tex/Emblem/02/Tex_Emblem_02_0010.Tex_Emblem_02_0010',Texture2D'/Game/GUI/Common/Tex/Emblem/02/Tex_Emblem_02_0010_Flag.Tex_Emblem_02_0010_Flag',,0
60,20011,アクエリアス,Main,False,True,Texture2D'/Game/GUI/Common/Tex/Emblem/02/Tex_Emblem_02_0011.Tex_Emblem_02_0011',Texture2D'/Game/GUI/Common/Tex/Emblem/02/Tex_Emblem_02_0011_Flag.Tex_Emblem_02_0011_Flag',,0
61,20012,ピスケス,Main,False,True,Texture2D'/Game/GUI/Common/Tex/Emblem/02/Tex_Emblem_02_0012.Tex_Emblem_02_0012',Texture2D'/Game/GUI/Common/Tex/Emblem/02/Tex_Emblem_02_0012_Flag.Tex_Emblem_02_0012_Flag',,0
62,20013,1,Main,False,True,Texture2D'/Game/GUI/Common/Tex/Emblem/02/Tex_Emblem_02_0013.Tex_Emblem_02_0013',Texture2D'/Game/GUI/Common/Tex/Emblem/02/Tex_Emblem_02_0013_Flag.Tex_Emblem_02_0013_Flag',,0
63,20014,2,Main,False,True,Texture2D'/Game/GUI/Common/Tex/Emblem/02/Tex_Emblem_02_0014.Tex_Emblem_02_0014',Texture2D'/Game/GUI/Common/Tex/Emblem/02/Tex_Emblem_02_0014_Flag.Tex_Emblem_02_0014_Flag',,0
64,20015,3,Main,False,True,Texture2D'/Game/GUI/Common/Tex/Emblem/02/Tex_Emblem_02_0015.Tex_Emblem_02_0015',Texture2D'/Game/GUI/Common/Tex/Emblem/02/Tex_Emblem_02_0015_Flag.Tex_Emblem_02_0015_Flag',,0
65,20016,4,Main,False,True,Texture2D'/Game/GUI/Common/Tex/Emblem/02/Tex_Emblem_02_0016.Tex_Emblem_02_0016',Texture2D'/Game/GUI/Common/Tex/Emblem/02/Tex_Emblem_02_0016_Flag.Tex_Emblem_02_0016_Flag',,0
66,20017,5,Main,False,True,Texture2D'/Game/GUI/Common/Tex/Emblem/02/Tex_Emblem_02_0017.Tex_Emblem_02_0017',Texture2D'/Game/GUI/Common/Tex/Emblem/02/Tex_Emblem_02_0017_Flag.Tex_Emblem_02_0017_Flag',,0
67,20018,6,Main,False,True,Texture2D'/Game/GUI/Common/Tex/Emblem/02/Tex_Emblem_02_0018.Tex_Emblem_02_0018',Texture2D'/Game/GUI/Common/Tex/Emblem/02/Tex_Emblem_02_0018_Flag.Tex_Emblem_02_0018_Flag',,0
68,20019,7,Main,False,True,Texture2D'/Game/GUI/Common/Tex/Emblem/02/Tex_Emblem_02_0019.Tex_Emblem_02_0019',Texture2D'/Game/GUI/Common/Tex/Emblem/02/Tex_Emblem_02_0019_Flag.Tex_Emblem_02_0019_Flag',,0
69,20020,8,Main,False,True,Texture2D'/Game/GUI/Common/Tex/Emblem/02/Tex_Emblem_02_0020.Tex_Emblem_02_0020',Texture2D'/Game/GUI/Common/Tex/Emblem/02/Tex_Emblem_02_0020_Flag.Tex_Emblem_02_0020_Flag',,0
70,20021,9,Main,False,True,Texture2D'/Game/GUI/Common/Tex/Emblem/02/Tex_Emblem_02_0021.Tex_Emblem_02_0021',Texture2D'/Game/GUI/Common/Tex/Emblem/02/Tex_Emblem_02_0021_Flag.Tex_Emblem_02_0021_Flag',,0
71,20022,10,Main,False,True,Texture2D'/Game/GUI/Common/Tex/Emblem/02/Tex_Emblem_02_0022.Tex_Emblem_02_0022',Texture2D'/Game/GUI/Common/Tex/Emblem/02/Tex_Emblem_02_0022_Flag.Tex_Emblem_02_0022_Flag',,0
72,20023,ルーンｇ,Main,False,True,Texture2D'/Game/GUI/Common/Tex/Emblem/02/Tex_Emblem_02_0023.Tex_Emblem_02_0023',Texture2D'/Game/GUI/Common/Tex/Emblem/02/Tex_Emblem_02_0023_Flag.Tex_Emblem_02_0023_Flag',,0
73,20024,ルーンｐ,Main,False,True,Texture2D'/Game/GUI/Common/Tex/Emblem/02/Tex_Emblem_02_0024.Tex_Emblem_02_0024',Texture2D'/Game/GUI/Common/Tex/Emblem/02/Tex_Emblem_02_0024_Flag.Tex_Emblem_02_0024_Flag',,0
74,20025,ルーンｊ,Main,False,True,Texture2D'/Game/GUI/Common/Tex/Emblem/02/Tex_Emblem_02_0025.Tex_Emblem_02_0025',Texture2D'/Game/GUI/Common/Tex/Emblem/02/Tex_Emblem_02_0025_Flag.Tex_Emblem_02_0025_Flag',,0
75,20026,ルーンｄ,Main,False,True,Texture2D'/Game/GUI/Common/Tex/Emblem/02/Tex_Emblem_02_0026.Tex_Emblem_02_0026',Texture2D'/Game/GUI/Common/Tex/Emblem/02/Tex_Emblem_02_0026_Flag.Tex_Emblem_02_0026_Flag',,0
76,20027,ドラゴン,Main,False,True,Texture2D'/Game/GUI/Common/Tex/Emblem/02/Tex_Emblem_02_0027.Tex_Emblem_02_0027',Texture2D'/Game/GUI/Common/Tex/Emblem/02/Tex_Emblem_02_0027_Flag.Tex_Emblem_02_0027_Flag',,0
77,20028,ドラゴンヘッド,Main,False,True,Texture2D'/Game/GUI/Common/Tex/Emblem/02/Tex_Emblem_02_0028.Tex_Emblem_02_0028',Texture2D'/Game/GUI/Common/Tex/Emblem/02/Tex_Emblem_02_0028_Flag.Tex_Emblem_02_0028_Flag',,0
78,20029,ユニコーンヘッド,Main,False,True,Texture2D'/Game/GUI/Common/Tex/Emblem/02/Tex_Emblem_02_0029.Tex_Emblem_02_0029',Texture2D'/Game/GUI/Common/Tex/Emblem/02/Tex_Emblem_02_0029_Flag.Tex_Emblem_02_0029_Flag',,0
79,20030,ポップユニコーン,Main,False,True,Texture2D'/Game/GUI/Common/Tex/Emblem/02/Tex_Emblem_02_0030.Tex_Emblem_02_0030',Texture2D'/Game/GUI/Common/Tex/Emblem/02/Tex_Emblem_02_0030_Flag.Tex_Emblem_02_0030_Flag',,0
80,20031,フェニックス,Main,False,True,Texture2D'/Game/GUI/Common/Tex/Emblem/02/Tex_Emblem_02_0031.Tex_Emblem_02_0031',Texture2D'/Game/GUI/Common/Tex/Emblem/02/Tex_Emblem_02_0031_Flag.Tex_Emblem_02_0031_Flag',,0
81,20032,イーグル,Main,False,True,Texture2D'/Game/GUI/Common/Tex/Emblem/02/Tex_Emblem_02_0032.Tex_Emblem_02_0032',Texture2D'/Game/GUI/Common/Tex/Emblem/02/Tex_Emblem_02_0032_Flag.Tex_Emblem_02_0032_Flag',,0
82,20033,ピジョン,Main,False,True,Texture2D'/Game/GUI/Common/Tex/Emblem/02/Tex_Emblem_02_0033.Tex_Emblem_02_0033',Texture2D'/Game/GUI/Common/Tex/Emblem/02/Tex_Emblem_02_0033_Flag.Tex_Emblem_02_0033_Flag',,0
83,20034,オウル,Main,False,True,Texture2D'/Game/GUI/Common/Tex/Emblem/02/Tex_Emblem_02_0034.Tex_Emblem_02_0034',Texture2D'/Game/GUI/Common/Tex/Emblem/02/Tex_Emblem_02_0034_Flag.Tex_Emblem_02_0034_Flag',,0
84,20035,バタフライ,Main,False,True,Texture2D'/Game/GUI/Common/Tex/Emblem/02/Tex_Emblem_02_0035.Tex_Emblem_02_0035',Texture2D'/Game/GUI/Common/Tex/Emblem/02/Tex_Emblem_02_0035_Flag.Tex_Emblem_02_0035_Flag',,0
85,20036,スコーピオン,Main,False,True,Texture2D'/Game/GUI/Common/Tex/Emblem/02/Tex_Emblem_02_0036.Tex_Emblem_02_0036',Texture2D'/Game/GUI/Common/Tex/Emblem/02/Tex_Emblem_02_0036_Flag.Tex_Emblem_02_0036_Flag',,0
86,20037,ビー,Main,False,True,Texture2D'/Game/GUI/Common/Tex/Emblem/02/Tex_Emblem_02_0037.Tex_Emblem_02_0037',Texture2D'/Game/GUI/Common/Tex/Emblem/02/Tex_Emblem_02_0037_Flag.Tex_Emblem_02_0037_Flag',,0
87,20038,スネークヘッド,Main,False,True,Texture2D'/Game/GUI/Common/Tex/Emblem/02/Tex_Emblem_02_0038.Tex_Emblem_02_0038',Texture2D'/Game/GUI/Common/Tex/Emblem/02/Tex_Emblem_02_0038_Flag.Tex_Emblem_02_0038_Flag',,0
88,20039,ライオンヘッド,Main,False,True,Texture2D'/Game/GUI/Common/Tex/Emblem/02/Tex_Emblem_02_0039.Tex_Emblem_02_0039',Texture2D'/Game/GUI/Common/Tex/Emblem/02/Tex_Emblem_02_0039_Flag.Tex_Emblem_02_0039_Flag',,0
89,20040,シャーク,Main,False,True,Texture2D'/Game/GUI/Common/Tex/Emblem/02/Tex_Emblem_02_0040.Tex_Emblem_02_0040',Texture2D'/Game/GUI/Common/Tex/Emblem/02/Tex_Emblem_02_0040_Flag.Tex_Emblem_02_0040_Flag',,0
90,20041,ナインテイル,Main,False,True,Texture2D'/Game/GUI/Common/Tex/Emblem/02/Tex_Emblem_02_0041.Tex_Emblem_02_0041',Texture2D'/Game/GUI/Common/Tex/Emblem/02/Tex_Emblem_02_0041_Flag.Tex_Emblem_02_0041_Flag',,0
91,20042,オシャレ猫,Main,False,True,Texture2D'/Game/GUI/Common/Tex/Emblem/02/Tex_Emblem_02_0042.Tex_Emblem_02_0042',Texture2D'/Game/GUI/Common/Tex/Emblem/02/Tex_Emblem_02_0042_Flag.Tex_Emblem_02_0042_Flag',,0
92,20043,オシャレ犬,Main,False,True,Texture2D'/Game/GUI/Common/Tex/Emblem/02/Tex_Emblem_02_0043.Tex_Emblem_02_0043',Texture2D'/Game/GUI/Common/Tex/Emblem/02/Tex_Emblem_02_0043_Flag.Tex_Emblem_02_0043_Flag',,0
93,20044,おすわり猫,Main,False,True,Texture2D'/Game/GUI/Common/Tex/Emblem/02/Tex_Emblem_02_0044.Tex_Emblem_02_0044',Texture2D'/Game/GUI/Common/Tex/Emblem/02/Tex_Emblem_02_0044_Flag.Tex_Emblem_02_0044_Flag',,0
94,20045,うさぎ,Main,False,True,Texture2D'/Game/GUI/Common/Tex/Emblem/02/Tex_Emblem_02_0045.Tex_Emblem_02_0045',Texture2D'/Game/GUI/Common/Tex/Emblem/02/Tex_Emblem_02_0045_Flag.Tex_Emblem_02_0045_Flag',,0
95,20046,猫,Main,False,True,Texture2D'/Game/GUI/Common/Tex/Emblem/02/Tex_Emblem_02_0046.Tex_Emblem_02_0046',Texture2D'/Game/GUI/Common/Tex/Emblem/02/Tex_Emblem_02_0046_Flag.Tex_Emblem_02_0046_Flag',,0
96,20047,フライングひよこ,Main,False,True,Texture2D'/Game/GUI/Common/Tex/Emblem/02/Tex_Emblem_02_0047.Tex_Emblem_02_0047',Texture2D'/Game/GUI/Common/Tex/Emblem/02/Tex_Emblem_02_0047_Flag.Tex_Emblem_02_0047_Flag',,0
97,20048,狐メン,Main,False,True,Texture2D'/Game/GUI/Common/Tex/Emblem/02/Tex_Emblem_02_0048.Tex_Emblem_02_0048',Texture2D'/Game/GUI/Common/Tex/Emblem/02/Tex_Emblem_02_0048_Flag.Tex_Emblem_02_0048_Flag',,0
98,20049,月うさぎ,Main,False,True,Texture2D'/Game/GUI/Common/Tex/Emblem/02/Tex_Emblem_02_0049.Tex_Emblem_02_0049',Texture2D'/Game/GUI/Common/Tex/Emblem/02/Tex_Emblem_02_0049_Flag.Tex_Emblem_02_0049_Flag',,0
99,20050,ドルフィン,Main,False,True,Texture2D'/Game/GUI/Common/Tex/Emblem/02/Tex_Emblem_02_0050.Tex_Emblem_02_0050',Texture2D'/Game/GUI/Common/Tex/Emblem/02/Tex_Emblem_02_0050_Flag.Tex_Emblem_02_0050_Flag',,0
100,20051,バードゲージ,Main,False,True,Texture2D'/Game/GUI/Common/Tex/Emblem/02/Tex_Emblem_02_0051.Tex_Emblem_02_0051',Texture2D'/Game/GUI/Common/Tex/Emblem/02/Tex_Emblem_02_0051_Flag.Tex_Emblem_02_0051_Flag',,0
101,20052,クジャク,Main,False,True,Texture2D'/Game/GUI/Common/Tex/Emblem/02/Tex_Emblem_02_0052.Tex_Emblem_02_0052',Texture2D'/Game/GUI/Common/Tex/Emblem/02/Tex_Emblem_02_0052_Flag.Tex_Emblem_02_0052_Flag',,0
102,20053,フィーバー,Main,False,True,Texture2D'/Game/GUI/Common/Tex/Emblem/02/Tex_Emblem_02_0053.Tex_Emblem_02_0053',Texture2D'/Game/GUI/Common/Tex/Emblem/02/Tex_Emblem_02_0053_Flag.Tex_Emblem_02_0053_Flag',,0
103,20054,鳳凰の構え,Main,False,True,Texture2D'/Game/GUI/Common/Tex/Emblem/02/Tex_Emblem_02_0054.Tex_Emblem_02_0054',Texture2D'/Game/GUI/Common/Tex/Emblem/02/Tex_Emblem_02_0054_Flag.Tex_Emblem_02_0054_Flag',,0
104,20055,シップ,Main,False,True,Texture2D'/Game/GUI/Common/Tex/Emblem/02/Tex_Emblem_02_0055.Tex_Emblem_02_0055',Texture2D'/Game/GUI/Common/Tex/Emblem/02/Tex_Emblem_02_0055_Flag.Tex_Emblem_02_0055_Flag',,0
105,20056,ハート,Main,False,True,Texture2D'/Game/GUI/Common/Tex/Emblem/02/Tex_Emblem_02_0056.Tex_Emblem_02_0056',Texture2D'/Game/GUI/Common/Tex/Emblem/02/Tex_Emblem_02_0056_Flag.Tex_Emblem_02_0056_Flag',,0
106,20057,スペード,Main,False,True,Texture2D'/Game/GUI/Common/Tex/Emblem/02/Tex_Emblem_02_0057.Tex_Emblem_02_0057',Texture2D'/Game/GUI/Common/Tex/Emblem/02/Tex_Emblem_02_0057_Flag.Tex_Emblem_02_0057_Flag',,0
107,20058,クラブ,Main,False,True,Texture2D'/Game/GUI/Common/Tex/Emblem/02/Tex_Emblem_02_0058.Tex_Emblem_02_0058',Texture2D'/Game/GUI/Common/Tex/Emblem/02/Tex_Emblem_02_0058_Flag.Tex_Emblem_02_0058_Flag',,0
108,20059,ダイヤ,Main,False,True,Texture2D'/Game/GUI/Common/Tex/Emblem/02/Tex_Emblem_02_0059.Tex_Emblem_02_0059',Texture2D'/Game/GUI/Common/Tex/Emblem/02/Tex_Emblem_02_0059_Flag.Tex_Emblem_02_0059_Flag',,0
109,20060,アイスクリスタル,Main,False,True,Texture2D'/Game/GUI/Common/Tex/Emblem/02/Tex_Emblem_02_0060.Tex_Emblem_02_0060',Texture2D'/Game/GUI/Common/Tex/Emblem/02/Tex_Emblem_02_0060_Flag.Tex_Emblem_02_0060_Flag',,0
110,20061,ギア,Main,False,True,Texture2D'/Game/GUI/Common/Tex/Emblem/02/Tex_Emblem_02_0061.Tex_Emblem_02_0061',Texture2D'/Game/GUI/Common/Tex/Emblem/02/Tex_Emblem_02_0061_Flag.Tex_Emblem_02_0061_Flag',,0
111,20062,スズランハート,Main,False,True,Texture2D'/Game/GUI/Common/Tex/Emblem/02/Tex_Emblem_02_0062.Tex_Emblem_02_0062',Texture2D'/Game/GUI/Common/Tex/Emblem/02/Tex_Emblem_02_0062_Flag.Tex_Emblem_02_0062_Flag',,0
112,20063,リーフハート,Main,False,True,Texture2D'/Game/GUI/Common/Tex/Emblem/02/Tex_Emblem_02_0063.Tex_Emblem_02_0063',Texture2D'/Game/GUI/Common/Tex/Emblem/02/Tex_Emblem_02_0063_Flag.Tex_Emblem_02_0063_Flag',,0
113,20064,フローズン,Main,False,True,Texture2D'/Game/GUI/Common/Tex/Emblem/02/Tex_Emblem_02_0064.Tex_Emblem_02_0064',Texture2D'/Game/GUI/Common/Tex/Emblem/02/Tex_Emblem_02_0064_Flag.Tex_Emblem_02_0064_Flag',,0
114,20065,ハートフル,Main,False,True,Texture2D'/Game/GUI/Common/Tex/Emblem/02/Tex_Emblem_02_0065.Tex_Emblem_02_0065',Texture2D'/Game/GUI/Common/Tex/Emblem/02/Tex_Emblem_02_0065_Flag.Tex_Emblem_02_0065_Flag',,0
115,20066,蓮,Main,False,True,Texture2D'/Game/GUI/Common/Tex/Emblem/02/Tex_Emblem_02_0066.Tex_Emblem_02_0066',Texture2D'/Game/GUI/Common/Tex/Emblem/02/Tex_Emblem_02_0066_Flag.Tex_Emblem_02_0066_Flag',,0
116,20067,ローズ,Main,False,True,Texture2D'/Game/GUI/Common/Tex/Emblem/02/Tex_Emblem_02_0067.Tex_Emblem_02_0067',Texture2D'/Game/GUI/Common/Tex/Emblem/02/Tex_Emblem_02_0067_Flag.Tex_Emblem_02_0067_Flag',,0
117,20068,フラワーマーク,Main,False,True,Texture2D'/Game/GUI/Common/Tex/Emblem/02/Tex_Emblem_02_0068.Tex_Emblem_02_0068',Texture2D'/Game/GUI/Common/Tex/Emblem/02/Tex_Emblem_02_0068_Flag.Tex_Emblem_02_0068_Flag',,0
118,20069,バンブーリーフ,Main,False,True,Texture2D'/Game/GUI/Common/Tex/Emblem/02/Tex_Emblem_02_0069.Tex_Emblem_02_0069',Texture2D'/Game/GUI/Common/Tex/Emblem/02/Tex_Emblem_02_0069_Flag.Tex_Emblem_02_0069_Flag',,0
119,20070,クローバーリーフ,Main,False,True,Texture2D'/Game/GUI/Common/Tex/Emblem/02/Tex_Emblem_02_0070.Tex_Emblem_02_0070',Texture2D'/Game/GUI/Common/Tex/Emblem/02/Tex_Emblem_02_0070_Flag.Tex_Emblem_02_0070_Flag',,0
120,20071,オールドヘルム,Main,False,True,Texture2D'/Game/GUI/Common/Tex/Emblem/02/Tex_Emblem_02_0071.Tex_Emblem_02_0071',Texture2D'/Game/GUI/Common/Tex/Emblem/02/Tex_Emblem_02_0071_Flag.Tex_Emblem_02_0071_Flag',,0
121,20072,フルールトリス,Main,False,True,Texture2D'/Game/GUI/Common/Tex/Emblem/02/Tex_Emblem_02_0072.Tex_Emblem_02_0072',Texture2D'/Game/GUI/Common/Tex/Emblem/02/Tex_Emblem_02_0072_Flag.Tex_Emblem_02_0072_Flag',,0
122,20073,トランプ,Main,False,True,Texture2D'/Game/GUI/Common/Tex/Emblem/02/Tex_Emblem_02_0073.Tex_Emblem_02_0073',Texture2D'/Game/GUI/Common/Tex/Emblem/02/Tex_Emblem_02_0073_Flag.Tex_Emblem_02_0073_Flag',,0
123,20074,メイドウェア,Main,False,True,Texture2D'/Game/GUI/Common/Tex/Emblem/02/Tex_Emblem_02_0074.Tex_Emblem_02_0074',Texture2D'/Game/GUI/Common/Tex/Emblem/02/Tex_Emblem_02_0074_Flag.Tex_Emblem_02_0074_Flag',,0
124,20075,素敵ブローチ,Main,False,True,Texture2D'/Game/GUI/Common/Tex/Emblem/02/Tex_Emblem_02_0075.Tex_Emblem_02_0075',Texture2D'/Game/GUI/Common/Tex/Emblem/02/Tex_Emblem_02_0075_Flag.Tex_Emblem_02_0075_Flag',,0
125,20076,ザ・マスク,Main,False,True,Texture2D'/Game/GUI/Common/Tex/Emblem/02/Tex_Emblem_02_0076.Tex_Emblem_02_0076',Texture2D'/Game/GUI/Common/Tex/Emblem/02/Tex_Emblem_02_0076_Flag.Tex_Emblem_02_0076_Flag',,0
126,20077,リボン,Main,False,True,Texture2D'/Game/GUI/Common/Tex/Emblem/02/Tex_Emblem_02_0077.Tex_Emblem_02_0077',Texture2D'/Game/GUI/Common/Tex/Emblem/02/Tex_Emblem_02_0077_Flag.Tex_Emblem_02_0077_Flag',,0
127,20078,ハートキー,Main,False,True,Texture2D'/Game/GUI/Common/Tex/Emblem/02/Tex_Emblem_02_0078.Tex_Emblem_02_0078',Texture2D'/Game/GUI/Common/Tex/Emblem/02/Tex_Emblem_02_0078_Flag.Tex_Emblem_02_0078_Flag',,0
128,20079,ツインベル,Main,False,True,Texture2D'/Game/GUI/Common/Tex/Emblem/02/Tex_Emblem_02_0079.Tex_Emblem_02_0079',Texture2D'/Game/GUI/Common/Tex/Emblem/02/Tex_Emblem_02_0079_Flag.Tex_Emblem_02_0079_Flag',,0
129,20080,フォーリンラブ,Main,False,True,Texture2D'/Game/GUI/Common/Tex/Emblem/02/Tex_Emblem_02_0080.Tex_Emblem_02_0080',Texture2D'/Game/GUI/Common/Tex/Emblem/02/Tex_Emblem_02_0080_Flag.Tex_Emblem_02_0080_Flag',,0
130,20081,セーラーウェア,Main,False,True,Texture2D'/Game/GUI/Common/Tex/Emblem/02/Tex_Emblem_02_0081.Tex_Emblem_02_0081',Texture2D'/Game/GUI/Common/Tex/Emblem/02/Tex_Emblem_02_0081_Flag.Tex_Emblem_02_0081_Flag',,0
131,20082,フライングハート,Main,False,True,Texture2D'/Game/GUI/Common/Tex/Emblem/02/Tex_Emblem_02_0082.Tex_Emblem_02_0082',Texture2D'/Game/GUI/Common/Tex/Emblem/02/Tex_Emblem_02_0082_Flag.Tex_Emblem_02_0082_Flag',,0
132,20083,シャープソウル,Main,False,True,Texture2D'/Game/GUI/Common/Tex/Emblem/02/Tex_Emblem_02_0083.Tex_Emblem_02_0083',Texture2D'/Game/GUI/Common/Tex/Emblem/02/Tex_Emblem_02_0083_Flag.Tex_Emblem_02_0083_Flag',,0
133,20084,シェイプウォーター,Main,False,True,Texture2D'/Game/GUI/Common/Tex/Emblem/02/Tex_Emblem_02_0084.Tex_Emblem_02_0084',Texture2D'/Game/GUI/Common/Tex/Emblem/02/Tex_Emblem_02_0084_Flag.Tex_Emblem_02_0084_Flag',,0
134,20085,スピードウイングA,Main,False,True,Texture2D'/Game/GUI/Common/Tex/Emblem/02/Tex_Emblem_02_0085.Tex_Emblem_02_0085',Texture2D'/Game/GUI/Common/Tex/Emblem/02/Tex_Emblem_02_0085_Flag.Tex_Emblem_02_0085_Flag',,0
135,20086,スピードウイングB,Main,False,True,Texture2D'/Game/GUI/Common/Tex/Emblem/02/Tex_Emblem_02_0086.Tex_Emblem_02_0086',Texture2D'/Game/GUI/Common/Tex/Emblem/02/Tex_Emblem_02_0086_Flag.Tex_Emblem_02_0086_Flag',,0
136,20087,フライングスター,Main,False,True,Texture2D'/Game/GUI/Common/Tex/Emblem/02/Tex_Emblem_02_0087.Tex_Emblem_02_0087',Texture2D'/Game/GUI/Common/Tex/Emblem/02/Tex_Emblem_02_0087_Flag.Tex_Emblem_02_0087_Flag',,0
137,20088,ガンスクウェア,Main,False,True,Texture2D'/Game/GUI/Common/Tex/Emblem/02/Tex_Emblem_02_0088.Tex_Emblem_02_0088',Texture2D'/Game/GUI/Common/Tex/Emblem/02/Tex_Emblem_02_0088_Flag.Tex_Emblem_02_0088_Flag',,0
138,20089,トーン,Main,False,True,Texture2D'/Game/GUI/Common/Tex/Emblem/02/Tex_Emblem_02_0089.Tex_Emblem_02_0089',Texture2D'/Game/GUI/Common/Tex/Emblem/02/Tex_Emblem_02_0089_Flag.Tex_Emblem_02_0089_Flag',,0
139,20090,スピナ－,Main,True,True,Texture2D'/Game/GUI/Common/Tex/Emblem/02/Tex_Emblem_02_0090.Tex_Emblem_02_0090',Texture2D'/Game/GUI/Common/Tex/Emblem/02/Tex_Emblem_02_0090_Flag.Tex_Emblem_02_0090_Flag',,0
140,20091,初心者マーク,Main,True,False,Texture2D'/Game/GUI/Common/Tex/Emblem/02/Tex_Emblem_02_0091.Tex_Emblem_02_0091',Texture2D'/Game/GUI/Common/Tex/Emblem/02/Tex_Emblem_02_0091_Flag.Tex_Emblem_02_0091_Flag',,0
141,20092,鏡餅,Main,False,True,Texture2D'/Game/GUI/Common/Tex/Emblem/02/Tex_Emblem_02_0092.Tex_Emblem_02_0092',Texture2D'/Game/GUI/Common/Tex/Emblem/02/Tex_Emblem_02_0092_Flag.Tex_Emblem_02_0092_Flag',,0
142,20093,羽子板,Main,False,True,Texture2D'/Game/GUI/Common/Tex/Emblem/02/Tex_Emblem_02_0093.Tex_Emblem_02_0093',Texture2D'/Game/GUI/Common/Tex/Emblem/02/Tex_Emblem_02_0093_Flag.Tex_Emblem_02_0093_Flag',,0
143,20094,門松,Main,False,True,Texture2D'/Game/GUI/Common/Tex/Emblem/02/Tex_Emblem_02_0094.Tex_Emblem_02_0094',Texture2D'/Game/GUI/Common/Tex/Emblem/02/Tex_Emblem_02_0094_Flag.Tex_Emblem_02_0094_Flag',,0
144,20095,豆まき,Main,False,True,Texture2D'/Game/GUI/Common/Tex/Emblem/02/Tex_Emblem_02_0095.Tex_Emblem_02_0095',Texture2D'/Game/GUI/Common/Tex/Emblem/02/Tex_Emblem_02_0095_Flag.Tex_Emblem_02_0095_Flag',,0
145,20096,恵方巻き,Main,False,True,Texture2D'/Game/GUI/Common/Tex/Emblem/02/Tex_Emblem_02_0096.Tex_Emblem_02_0096',Texture2D'/Game/GUI/Common/Tex/Emblem/02/Tex_Emblem_02_0096_Flag.Tex_Emblem_02_0096_Flag',,0
146,20097,チョコ,Main,False,True,Texture2D'/Game/GUI/Common/Tex/Emblem/02/Tex_Emblem_02_0097.Tex_Emblem_02_0097',Texture2D'/Game/GUI/Common/Tex/Emblem/02/Tex_Emblem_02_0097_Flag.Tex_Emblem_02_0097_Flag',,0
147,20098,プレゼント,Main,False,True,Texture2D'/Game/GUI/Common/Tex/Emblem/02/Tex_Emblem_02_0098.Tex_Emblem_02_0098',Texture2D'/Game/GUI/Common/Tex/Emblem/02/Tex_Emblem_02_0098_Flag.Tex_Emblem_02_0098_Flag',,0
148,20099,お雛様,Main,False,True,Texture2D'/Game/GUI/Common/Tex/Emblem/02/Tex_Emblem_02_0099.Tex_Emblem_02_0099',Texture2D'/Game/GUI/Common/Tex/Emblem/02/Tex_Emblem_02_0099_Flag.Tex_Emblem_02_0099_Flag',,0
149,20100,ひな祭り,Main,False,True,Texture2D'/Game/GUI/Common/Tex/Emblem/02/Tex_Emblem_02_0100.Tex_Emblem_02_0100',Texture2D'/Game/GUI/Common/Tex/Emblem/02/Tex_Emblem_02_0100_Flag.Tex_Emblem_02_0100_Flag',,0
150,20101,桜,Main,False,True,Texture2D'/Game/GUI/Common/Tex/Emblem/02/Tex_Emblem_02_0101.Tex_Emblem_02_0101',Texture2D'/Game/GUI/Common/Tex/Emblem/02/Tex_Emblem_02_0101_Flag.Tex_Emblem_02_0101_Flag',,0
151,20102,三色団子,Main,False,True,Texture2D'/Game/GUI/Common/Tex/Emblem/02/Tex_Emblem_02_0102.Tex_Emblem_02_0102',Texture2D'/Game/GUI/Common/Tex/Emblem/02/Tex_Emblem_02_0102_Flag.Tex_Emblem_02_0102_Flag',,0
152,20103,鯉のぼり,Main,False,True,Texture2D'/Game/GUI/Common/Tex/Emblem/02/Tex_Emblem_02_0103.Tex_Emblem_02_0103',Texture2D'/Game/GUI/Common/Tex/Emblem/02/Tex_Emblem_02_0103_Flag.Tex_Emblem_02_0103_Flag',,0
153,20104,カブト,Main,False,True,Texture2D'/Game/GUI/Common/Tex/Emblem/02/Tex_Emblem_02_0104.Tex_Emblem_02_0104',Texture2D'/Game/GUI/Common/Tex/Emblem/02/Tex_Emblem_02_0104_Flag.Tex_Emblem_02_0104_Flag',,0
154,20105,柏餅,Main,False,True,Texture2D'/Game/GUI/Common/Tex/Emblem/02/Tex_Emblem_02_0105.Tex_Emblem_02_0105',Texture2D'/Game/GUI/Common/Tex/Emblem/02/Tex_Emblem_02_0105_Flag.Tex_Emblem_02_0105_Flag',,0
155,20106,カタツムリ,Main,False,True,Texture2D'/Game/GUI/Common/Tex/Emblem/02/Tex_Emblem_02_0106.Tex_Emblem_02_0106',Texture2D'/Game/GUI/Common/Tex/Emblem/02/Tex_Emblem_02_0106_Flag.Tex_Emblem_02_0106_Flag',,0
156,20107,てるてるぼうず,Main,False,True,Texture2D'/Game/GUI/Common/Tex/Emblem/02/Tex_Emblem_02_0107.Tex_Emblem_02_0107',Texture2D'/Game/GUI/Common/Tex/Emblem/02/Tex_Emblem_02_0107_Flag.Tex_Emblem_02_0107_Flag',,0
157,20108,傘,Main,False,True,Texture2D'/Game/GUI/Common/Tex/Emblem/02/Tex_Emblem_02_0108.Tex_Emblem_02_0108',Texture2D'/Game/GUI/Common/Tex/Emblem/02/Tex_Emblem_02_0108_Flag.Tex_Emblem_02_0108_Flag',,0
158,20109,短冊,Main,False,True,Texture2D'/Game/GUI/Common/Tex/Emblem/02/Tex_Emblem_02_0109.Tex_Emblem_02_0109',Texture2D'/Game/GUI/Common/Tex/Emblem/02/Tex_Emblem_02_0109_Flag.Tex_Emblem_02_0109_Flag',,0
159,20110,織姫と彦星,Main,False,True,Texture2D'/Game/GUI/Common/Tex/Emblem/02/Tex_Emblem_02_0110.Tex_Emblem_02_0110',Texture2D'/Game/GUI/Common/Tex/Emblem/02/Tex_Emblem_02_0110_Flag.Tex_Emblem_02_0110_Flag',,0
160,20111,天の川,Main,False,True,Texture2D'/Game/GUI/Common/Tex/Emblem/02/Tex_Emblem_02_0111.Tex_Emblem_02_0111',Texture2D'/Game/GUI/Common/Tex/Emblem/02/Tex_Emblem_02_0111_Flag.Tex_Emblem_02_0111_Flag',,0
161,20112,ひまわり,Main,False,True,Texture2D'/Game/GUI/Common/Tex/Emblem/02/Tex_Emblem_02_0112.Tex_Emblem_02_0112',Texture2D'/Game/GUI/Common/Tex/Emblem/02/Tex_Emblem_02_0112_Flag.Tex_Emblem_02_0112_Flag',,0
162,20113,スイカ,Main,False,True,Texture2D'/Game/GUI/Common/Tex/Emblem/02/Tex_Emblem_02_0113.Tex_Emblem_02_0113',Texture2D'/Game/GUI/Common/Tex/Emblem/02/Tex_Emblem_02_0113_Flag.Tex_Emblem_02_0113_Flag',,0
163,20114,浮き輪とハイビスカス,Main,False,True,Texture2D'/Game/GUI/Common/Tex/Emblem/02/Tex_Emblem_02_0114.Tex_Emblem_02_0114',Texture2D'/Game/GUI/Common/Tex/Emblem/02/Tex_Emblem_02_0114_Flag.Tex_Emblem_02_0114_Flag',,0
164,20115,かとり豚,Main,False,True,Texture2D'/Game/GUI/Common/Tex/Emblem/02/Tex_Emblem_02_0115.Tex_Emblem_02_0115',Texture2D'/Game/GUI/Common/Tex/Emblem/02/Tex_Emblem_02_0115_Flag.Tex_Emblem_02_0115_Flag',,0
165,20116,かき氷,Main,False,True,Texture2D'/Game/GUI/Common/Tex/Emblem/02/Tex_Emblem_02_0116.Tex_Emblem_02_0116',Texture2D'/Game/GUI/Common/Tex/Emblem/02/Tex_Emblem_02_0116_Flag.Tex_Emblem_02_0116_Flag',,0
166,20117,お月見団子,Main,False,True,Texture2D'/Game/GUI/Common/Tex/Emblem/02/Tex_Emblem_02_0117.Tex_Emblem_02_0117',Texture2D'/Game/GUI/Common/Tex/Emblem/02/Tex_Emblem_02_0117_Flag.Tex_Emblem_02_0117_Flag',,0
167,20118,うさぎオンザムーン,Main,False,True,Texture2D'/Game/GUI/Common/Tex/Emblem/02/Tex_Emblem_02_0118.Tex_Emblem_02_0118',Texture2D'/Game/GUI/Common/Tex/Emblem/02/Tex_Emblem_02_0118_Flag.Tex_Emblem_02_0118_Flag',,0
168,20119,紅葉,Main,False,True,Texture2D'/Game/GUI/Common/Tex/Emblem/02/Tex_Emblem_02_0119.Tex_Emblem_02_0119',Texture2D'/Game/GUI/Common/Tex/Emblem/02/Tex_Emblem_02_0119_Flag.Tex_Emblem_02_0119_Flag',,0
169,20120,どんぐり,Main,False,True,Texture2D'/Game/GUI/Common/Tex/Emblem/02/Tex_Emblem_02_0120.Tex_Emblem_02_0120',Texture2D'/Game/GUI/Common/Tex/Emblem/02/Tex_Emblem_02_0120_Flag.Tex_Emblem_02_0120_Flag',,0
170,20121,くり,Main,False,True,Texture2D'/Game/GUI/Common/Tex/Emblem/02/Tex_Emblem_02_0121.Tex_Emblem_02_0121',Texture2D'/Game/GUI/Common/Tex/Emblem/02/Tex_Emblem_02_0121_Flag.Tex_Emblem_02_0121_Flag',,0
171,20122,ゴースト,Main,False,True,Texture2D'/Game/GUI/Common/Tex/Emblem/02/Tex_Emblem_02_0122.Tex_Emblem_02_0122',Texture2D'/Game/GUI/Common/Tex/Emblem/02/Tex_Emblem_02_0122_Flag.Tex_Emblem_02_0122_Flag',,0
172,20123,ジャック・オー・ランタン,Main,False,True,Texture2D'/Game/GUI/Common/Tex/Emblem/02/Tex_Emblem_02_0123.Tex_Emblem_02_0123',Texture2D'/Game/GUI/Common/Tex/Emblem/02/Tex_Emblem_02_0123_Flag.Tex_Emblem_02_0123_Flag',,0
173,20124,クリスマスツリー,Main,False,True,Texture2D'/Game/GUI/Common/Tex/Emblem/02/Tex_Emblem_02_0124.Tex_Emblem_02_0124',Texture2D'/Game/GUI/Common/Tex/Emblem/02/Tex_Emblem_02_0124_Flag.Tex_Emblem_02_0124_Flag',,0
174,20125,サンタ人形,Main,False,True,Texture2D'/Game/GUI/Common/Tex/Emblem/02/Tex_Emblem_02_0125.Tex_Emblem_02_0125',Texture2D'/Game/GUI/Common/Tex/Emblem/02/Tex_Emblem_02_0125_Flag.Tex_Emblem_02_0125_Flag',,0
175,20126,クリスマスプレゼント,Main,False,True,Texture2D'/Game/GUI/Common/Tex/Emblem/02/Tex_Emblem_02_0126.Tex_Emblem_02_0126',Texture2D'/Game/GUI/Common/Tex/Emblem/02/Tex_Emblem_02_0126_Flag.Tex_Emblem_02_0126_Flag',,0
176,20127,雪だるま,Main,False,True,Texture2D'/Game/GUI/Common/Tex/Emblem/02/Tex_Emblem_02_0127.Tex_Emblem_02_0127',Texture2D'/Game/GUI/Common/Tex/Emblem/02/Tex_Emblem_02_0127_Flag.Tex_Emblem_02_0127_Flag',,0
177,20128,北海道,OutLine,False,True,Texture2D'/Game/GUI/Common/Tex/Emblem/02/Tex_Emblem_02_0128.Tex_Emblem_02_0128',Texture2D'/Game/GUI/Common/Tex/Emblem/02/Tex_Emblem_02_0128_Flag.Tex_Emblem_02_0128_Flag',,0
178,20129,青森,OutLine,False,True,Texture2D'/Game/GUI/Common/Tex/Emblem/02/Tex_Emblem_02_0129.Tex_Emblem_02_0129',Texture2D'/Game/GUI/Common/Tex/Emblem/02/Tex_Emblem_02_0129_Flag.Tex_Emblem_02_0129_Flag',,0
179,20130,岩手,OutLine,False,True,Texture2D'/Game/GUI/Common/Tex/Emblem/02/Tex_Emblem_02_0130.Tex_Emblem_02_0130',Texture2D'/Game/GUI/Common/Tex/Emblem/02/Tex_Emblem_02_0130_Flag.Tex_Emblem_02_0130_Flag',,0
180,20131,宮城,OutLine,False,True,Texture2D'/Game/GUI/Common/Tex/Emblem/02/Tex_Emblem_02_0131.Tex_Emblem_02_0131',Texture2D'/Game/GUI/Common/Tex/Emblem/02/Tex_Emblem_02_0131_Flag.Tex_Emblem_02_0131_Flag',,0
181,20132,秋田,OutLine,False,True,Texture2D'/Game/GUI/Common/Tex/Emblem/02/Tex_Emblem_02_0132.Tex_Emblem_02_0132',Texture2D'/Game/GUI/Common/Tex/Emblem/02/Tex_Emblem_02_0132_Flag.Tex_Emblem_02_0132_Flag',,0
182,20133,山形,OutLine,False,True,Texture2D'/Game/GUI/Common/Tex/Emblem/02/Tex_Emblem_02_0133.Tex_Emblem_02_0133',Texture2D'/Game/GUI/Common/Tex/Emblem/02/Tex_Emblem_02_0133_Flag.Tex_Emblem_02_0133_Flag',,0
183,20134,福島,OutLine,False,True,Texture2D'/Game/GUI/Common/Tex/Emblem/02/Tex_Emblem_02_0134.Tex_Emblem_02_0134',Texture2D'/Game/GUI/Common/Tex/Emblem/02/Tex_Emblem_02_0134_Flag.Tex_Emblem_02_0134_Flag',,0
184,20135,茨城,OutLine,False,True,Texture2D'/Game/GUI/Common/Tex/Emblem/02/Tex_Emblem_02_0135.Tex_Emblem_02_0135',Texture2D'/Game/GUI/Common/Tex/Emblem/02/Tex_Emblem_02_0135_Flag.Tex_Emblem_02_0135_Flag',,0
185,20136,栃木,OutLine,False,True,Texture2D'/Game/GUI/Common/Tex/Emblem/02/Tex_Emblem_02_0136.Tex_Emblem_02_0136',Texture2D'/Game/GUI/Common/Tex/Emblem/02/Tex_Emblem_02_0136_Flag.Tex_Emblem_02_0136_Flag',,0
186,20137,群馬,OutLine,False,True,Texture2D'/Game/GUI/Common/Tex/Emblem/02/Tex_Emblem_02_0137.Tex_Emblem_02_0137',Texture2D'/Game/GUI/Common/Tex/Emblem/02/Tex_Emblem_02_0137_Flag.Tex_Emblem_02_0137_Flag',,0
187,20138,埼玉,OutLine,False,True,Texture2D'/Game/GUI/Common/Tex/Emblem/02/Tex_Emblem_02_0138.Tex_Emblem_02_0138',Texture2D'/Game/GUI/Common/Tex/Emblem/02/Tex_Emblem_02_0138_Flag.Tex_Emblem_02_0138_Flag',,0
188,20139,千葉,OutLine,False,True,Texture2D'/Game/GUI/Common/Tex/Emblem/02/Tex_Emblem_02_0139.Tex_Emblem_02_0139',Texture2D'/Game/GUI/Common/Tex/Emblem/02/Tex_Emblem_02_0139_Flag.Tex_Emblem_02_0139_Flag',,0
189,20140,東京,OutLine,False,True,Texture2D'/Game/GUI/Common/Tex/Emblem/02/Tex_Emblem_02_0140.Tex_Emblem_02_0140',Texture2D'/Game/GUI/Common/Tex/Emblem/02/Tex_Emblem_02_0140_Flag.Tex_Emblem_02_0140_Flag',,0
190,20141,神奈川,OutLine,False,True,Texture2D'/Game/GUI/Common/Tex/Emblem/02/Tex_Emblem_02_0141.Tex_Emblem_02_0141',Texture2D'/Game/GUI/Common/Tex/Emblem/02/Tex_Emblem_02_0141_Flag.Tex_Emblem_02_0141_Flag',,0
191,20142,新潟,OutLine,False,True,Texture2D'/Game/GUI/Common/Tex/Emblem/02/Tex_Emblem_02_0142.Tex_Emblem_02_0142',Texture2D'/Game/GUI/Common/Tex/Emblem/02/Tex_Emblem_02_0142_Flag.Tex_Emblem_02_0142_Flag',,0
192,20143,富山,OutLine,False,True,Texture2D'/Game/GUI/Common/Tex/Emblem/02/Tex_Emblem_02_0143.Tex_Emblem_02_0143',Texture2D'/Game/GUI/Common/Tex/Emblem/02/Tex_Emblem_02_0143_Flag.Tex_Emblem_02_0143_Flag',,0
193,20144,石川,OutLine,False,True,Texture2D'/Game/GUI/Common/Tex/Emblem/02/Tex_Emblem_02_0144.Tex_Emblem_02_0144',Texture2D'/Game/GUI/Common/Tex/Emblem/02/Tex_Emblem_02_0144_Flag.Tex_Emblem_02_0144_Flag',,0
194,20145,福井,OutLine,False,True,Texture2D'/Game/GUI/Common/Tex/Emblem/02/Tex_Emblem_02_0145.Tex_Emblem_02_0145',Texture2D'/Game/GUI/Common/Tex/Emblem/02/Tex_Emblem_02_0145_Flag.Tex_Emblem_02_0145_Flag',,0
195,20146,山梨,OutLine,False,True,Texture2D'/Game/GUI/Common/Tex/Emblem/02/Tex_Emblem_02_0146.Tex_Emblem_02_0146',Texture2D'/Game/GUI/Common/Tex/Emblem/02/Tex_Emblem_02_0146_Flag.Tex_Emblem_02_0146_Flag',,0
196,20147,長野,OutLine,False,True,Texture2D'/Game/GUI/Common/Tex/Emblem/02/Tex_Emblem_02_0147.Tex_Emblem_02_0147',Texture2D'/Game/GUI/Common/Tex/Emblem/02/Tex_Emblem_02_0147_Flag.Tex_Emblem_02_0147_Flag',,0
197,20148,岐阜,OutLine,False,True,Texture2D'/Game/GUI/Common/Tex/Emblem/02/Tex_Emblem_02_0148.Tex_Emblem_02_0148',Texture2D'/Game/GUI/Common/Tex/Emblem/02/Tex_Emblem_02_0148_Flag.Tex_Emblem_02_0148_Flag',,0
198,20149,静岡,OutLine,False,True,Texture2D'/Game/GUI/Common/Tex/Emblem/02/Tex_Emblem_02_0149.Tex_Emblem_02_0149',Texture2D'/Game/GUI/Common/Tex/Emblem/02/Tex_Emblem_02_0149_Flag.Tex_Emblem_02_0149_Flag',,0
199,20150,愛知,OutLine,False,True,Texture2D'/Game/GUI/Common/Tex/Emblem/02/Tex_Emblem_02_0150.Tex_Emblem_02_0150',Texture2D'/Game/GUI/Common/Tex/Emblem/02/Tex_Emblem_02_0150_Flag.Tex_Emblem_02_0150_Flag',,0
200,20151,三重,OutLine,False,True,Texture2D'/Game/GUI/Common/Tex/Emblem/02/Tex_Emblem_02_0151.Tex_Emblem_02_0151',Texture2D'/Game/GUI/Common/Tex/Emblem/02/Tex_Emblem_02_0151_Flag.Tex_Emblem_02_0151_Flag',,0
201,20152,滋賀,OutLine,False,True,Texture2D'/Game/GUI/Common/Tex/Emblem/02/Tex_Emblem_02_0152.Tex_Emblem_02_0152',Texture2D'/Game/GUI/Common/Tex/Emblem/02/Tex_Emblem_02_0152_Flag.Tex_Emblem_02_0152_Flag',,0
202,20153,京都,OutLine,False,True,Texture2D'/Game/GUI/Common/Tex/Emblem/02/Tex_Emblem_02_0153.Tex_Emblem_02_0153',Texture2D'/Game/GUI/Common/Tex/Emblem/02/Tex_Emblem_02_0153_Flag.Tex_Emblem_02_0153_Flag',,0
203,20154,大阪,OutLine,False,True,Texture2D'/Game/GUI/Common/Tex/Emblem/02/Tex_Emblem_02_0154.Tex_Emblem_02_0154',Texture2D'/Game/GUI/Common/Tex/Emblem/02/Tex_Emblem_02_0154_Flag.Tex_Emblem_02_0154_Flag',,0
204,20155,兵庫,OutLine,False,True,Texture2D'/Game/GUI/Common/Tex/Emblem/02/Tex_Emblem_02_0155.Tex_Emblem_02_0155',Texture2D'/Game/GUI/Common/Tex/Emblem/02/Tex_Emblem_02_0155_Flag.Tex_Emblem_02_0155_Flag',,0
205,20156,奈良,OutLine,False,True,Texture2D'/Game/GUI/Common/Tex/Emblem/02/Tex_Emblem_02_0156.Tex_Emblem_02_0156',Texture2D'/Game/GUI/Common/Tex/Emblem/02/Tex_Emblem_02_0156_Flag.Tex_Emblem_02_0156_Flag',,0
206,20157,和歌山,OutLine,False,True,Texture2D'/Game/GUI/Common/Tex/Emblem/02/Tex_Emblem_02_0157.Tex_Emblem_02_0157',Texture2D'/Game/GUI/Common/Tex/Emblem/02/Tex_Emblem_02_0157_Flag.Tex_Emblem_02_0157_Flag',,0
207,20158,鳥取,OutLine,False,True,Texture2D'/Game/GUI/Common/Tex/Emblem/02/Tex_Emblem_02_0158.Tex_Emblem_02_0158',Texture2D'/Game/GUI/Common/Tex/Emblem/02/Tex_Emblem_02_0158_Flag.Tex_Emblem_02_0158_Flag',,0
208,20159,島根,OutLine,False,True,Texture2D'/Game/GUI/Common/Tex/Emblem/02/Tex_Emblem_02_0159.Tex_Emblem_02_0159',Texture2D'/Game/GUI/Common/Tex/Emblem/02/Tex_Emblem_02_0159_Flag.Tex_Emblem_02_0159_Flag',,0
209,20160,岡山,OutLine,False,True,Texture2D'/Game/GUI/Common/Tex/Emblem/02/Tex_Emblem_02_0160.Tex_Emblem_02_0160',Texture2D'/Game/GUI/Common/Tex/Emblem/02/Tex_Emblem_02_0160_Flag.Tex_Emblem_02_0160_Flag',,0
210,20161,広島,OutLine,False,True,Texture2D'/Game/GUI/Common/Tex/Emblem/02/Tex_Emblem_02_0161.Tex_Emblem_02_0161',Texture2D'/Game/GUI/Common/Tex/Emblem/02/Tex_Emblem_02_0161_Flag.Tex_Emblem_02_0161_Flag',,0
211,20162,山口,OutLine,False,True,Texture2D'/Game/GUI/Common/Tex/Emblem/02/Tex_Emblem_02_0162.Tex_Emblem_02_0162',Texture2D'/Game/GUI/Common/Tex/Emblem/02/Tex_Emblem_02_0162_Flag.Tex_Emblem_02_0162_Flag',,0
212,20163,徳島,OutLine,False,True,Texture2D'/Game/GUI/Common/Tex/Emblem/02/Tex_Emblem_02_0163.Tex_Emblem_02_0163',Texture2D'/Game/GUI/Common/Tex/Emblem/02/Tex_Emblem_02_0163_Flag.Tex_Emblem_02_0163_Flag',,0
213,20164,香川,OutLine,False,True,Texture2D'/Game/GUI/Common/Tex/Emblem/02/Tex_Emblem_02_0164.Tex_Emblem_02_0164',Texture2D'/Game/GUI/Common/Tex/Emblem/02/Tex_Emblem_02_0164_Flag.Tex_Emblem_02_0164_Flag',,0
214,20165,愛媛,OutLine,False,True,Texture2D'/Game/GUI/Common/Tex/Emblem/02/Tex_Emblem_02_0165.Tex_Emblem_02_0165',Texture2D'/Game/GUI/Common/Tex/Emblem/02/Tex_Emblem_02_0165_Flag.Tex_Emblem_02_0165_Flag',,0
215,20166,高知,OutLine,False,True,Texture2D'/Game/GUI/Common/Tex/Emblem/02/Tex_Emblem_02_0166.Tex_Emblem_02_0166',Texture2D'/Game/GUI/Common/Tex/Emblem/02/Tex_Emblem_02_0166_Flag.Tex_Emblem_02_0166_Flag',,0
216,20167,福岡,OutLine,False,True,Texture2D'/Game/GUI/Common/Tex/Emblem/02/Tex_Emblem_02_0167.Tex_Emblem_02_0167',Texture2D'/Game/GUI/Common/Tex/Emblem/02/Tex_Emblem_02_0167_Flag.Tex_Emblem_02_0167_Flag',,0
217,20168,佐賀,OutLine,False,True,Texture2D'/Game/GUI/Common/Tex/Emblem/02/Tex_Emblem_02_0168.Tex_Emblem_02_0168',Texture2D'/Game/GUI/Common/Tex/Emblem/02/Tex_Emblem_02_0168_Flag.Tex_Emblem_02_0168_Flag',,0
218,20169,長崎,OutLine,False,True,Texture2D'/Game/GUI/Common/Tex/Emblem/02/Tex_Emblem_02_0169.Tex_Emblem_02_0169',Texture2D'/Game/GUI/Common/Tex/Emblem/02/Tex_Emblem_02_0169_Flag.Tex_Emblem_02_0169_Flag',,0
219,20170,熊本,OutLine,False,True,Texture2D'/Game/GUI/Common/Tex/Emblem/02/Tex_Emblem_02_0170.Tex_Emblem_02_0170',Texture2D'/Game/GUI/Common/Tex/Emblem/02/Tex_Emblem_02_0170_Flag.Tex_Emblem_02_0170_Flag',,0
220,20171,大分,OutLine,False,True,Texture2D'/Game/GUI/Common/Tex/Emblem/02/Tex_Emblem_02_0171.Tex_Emblem_02_0171',Texture2D'/Game/GUI/Common/Tex/Emblem/02/Tex_Emblem_02_0171_Flag.Tex_Emblem_02_0171_Flag',,0
221,20172,宮崎,OutLine,False,True,Texture2D'/Game/GUI/Common/Tex/Emblem/02/Tex_Emblem_02_0172.Tex_Emblem_02_0172',Texture2D'/Game/GUI/Common/Tex/Emblem/02/Tex_Emblem_02_0172_Flag.Tex_Emblem_02_0172_Flag',,0
222,20173,鹿児島,OutLine,False,True,Texture2D'/Game/GUI/Common/Tex/Emblem/02/Tex_Emblem_02_0173.Tex_Emblem_02_0173',Texture2D'/Game/GUI/Common/Tex/Emblem/02/Tex_Emblem_02_0173_Flag.Tex_Emblem_02_0173_Flag',,0
223,20174,沖縄,OutLine,False,True,Texture2D'/Game/GUI/Common/Tex/Emblem/02/Tex_Emblem_02_0174.Tex_Emblem_02_0174',Texture2D'/Game/GUI/Common/Tex/Emblem/02/Tex_Emblem_02_0174_Flag.Tex_Emblem_02_0174_Flag',,0
224,20175,初心者,Main,True,True,Texture2D'/Game/GUI/Common/Tex/Emblem/02/Tex_Emblem_02_0091.Tex_Emblem_02_0091',Texture2D'/Game/GUI/Common/Tex/Emblem/02/Tex_Emblem_02_0091_Flag.Tex_Emblem_02_0091_Flag',,0
225,20176,ソリディアメイン,Main,False,True,Texture2D'/Game/GUI/Common/Tex/Emblem/02/Tex_Emblem_02_0187.Tex_Emblem_02_0187',Texture2D'/Game/GUI/Common/Tex/Emblem/02/Tex_Emblem_02_0187_Flag.Tex_Emblem_02_0187_Flag',,0
226,20177,カーディナルメイン,Main,False,True,Texture2D'/Game/GUI/Common/Tex/Emblem/02/Tex_Emblem_02_0188.Tex_Emblem_02_0188',Texture2D'/Game/GUI/Common/Tex/Emblem/02/Tex_Emblem_02_0188_Flag.Tex_Emblem_02_0188_Flag',,0
227,20178,スクラッパーメイン,Main,False,True,Texture2D'/Game/GUI/Common/Tex/Emblem/02/Tex_Emblem_02_0189.Tex_Emblem_02_0189',Texture2D'/Game/GUI/Common/Tex/Emblem/02/Tex_Emblem_02_0189_Flag.Tex_Emblem_02_0189_Flag',,0
228,20179,サイトヘッドメイン,Main,False,True,Texture2D'/Game/GUI/Common/Tex/Emblem/02/Tex_Emblem_02_0190.Tex_Emblem_02_0190',Texture2D'/Game/GUI/Common/Tex/Emblem/02/Tex_Emblem_02_0190_Flag.Tex_Emblem_02_0190_Flag',,0
229,20180,シーユー・レイターメイン,Main,False,True,Texture2D'/Game/GUI/Common/Tex/Emblem/02/Tex_Emblem_02_0191.Tex_Emblem_02_0191',Texture2D'/Game/GUI/Common/Tex/Emblem/02/Tex_Emblem_02_0191_Flag.Tex_Emblem_02_0191_Flag',,0
230,20181,ゴールテン・ダーメイン,Main,False,True,Texture2D'/Game/GUI/Common/Tex/Emblem/02/Tex_Emblem_02_0192.Tex_Emblem_02_0192',Texture2D'/Game/GUI/Common/Tex/Emblem/02/Tex_Emblem_02_0192_Flag.Tex_Emblem_02_0192_Flag',,0
231,20182,アンゼロイメイン,Main,False,True,Texture2D'/Game/GUI/Common/Tex/Emblem/02/Tex_Emblem_02_0193.Tex_Emblem_02_0193',Texture2D'/Game/GUI/Common/Tex/Emblem/02/Tex_Emblem_02_0193_Flag.Tex_Emblem_02_0193_Flag',,0
232,20183,ディスドスメイン,Main,False,True,Texture2D'/Game/GUI/Common/Tex/Emblem/02/Tex_Emblem_02_0194.Tex_Emblem_02_0194',Texture2D'/Game/GUI/Common/Tex/Emblem/02/Tex_Emblem_02_0194_Flag.Tex_Emblem_02_0194_Flag',,0
233,20184,サブライガメイン,Main,False,True,Texture2D'/Game/GUI/Common/Tex/Emblem/02/Tex_Emblem_02_0195.Tex_Emblem_02_0195',Texture2D'/Game/GUI/Common/Tex/Emblem/02/Tex_Emblem_02_0195_Flag.Tex_Emblem_02_0195_Flag',,0
234,20185,ファルマコンメイン,Main,False,True,Texture2D'/Game/GUI/Common/Tex/Emblem/02/Tex_Emblem_02_0196.Tex_Emblem_02_0196',Texture2D'/Game/GUI/Common/Tex/Emblem/02/Tex_Emblem_02_0196_Flag.Tex_Emblem_02_0196_Flag',,0
235,20186,ラピスヘッジメイン,Main,False,True,Texture2D'/Game/GUI/Common/Tex/Emblem/02/Tex_Emblem_02_0197.Tex_Emblem_02_0197',Texture2D'/Game/GUI/Common/Tex/Emblem/02/Tex_Emblem_02_0197_Flag.Tex_Emblem_02_0197_Flag',,0
236,20187,パ・フェクトメイン,Main,False,True,Texture2D'/Game/GUI/Common/Tex/Emblem/02/Tex_Emblem_02_0198.Tex_Emblem_02_0198',Texture2D'/Game/GUI/Common/Tex/Emblem/02/Tex_Emblem_02_0198_Flag.Tex_Emblem_02_0198_Flag',,0
237,20188,エタニティメイン,Main,False,True,Texture2D'/Game/GUI/Common/Tex/Emblem/02/Tex_Emblem_02_0199.Tex_Emblem_02_0199',Texture2D'/Game/GUI/Common/Tex/Emblem/02/Tex_Emblem_02_0199_Flag.Tex_Emblem_02_0199_Flag',,0
238,20189,オキサイドメイン,Main,False,True,Texture2D'/Game/GUI/Common/Tex/Emblem/02/Tex_Emblem_02_0200.Tex_Emblem_02_0200',Texture2D'/Game/GUI/Common/Tex/Emblem/02/Tex_Emblem_02_0200_Flag.Tex_Emblem_02_0200_Flag',,0
239,20190,ブーケ,Main,False,True,Texture2D'/Game/GUI/Common/Tex/Emblem/02/Tex_Emblem_02_0201.Tex_Emblem_02_0201',Texture2D'/Game/GUI/Common/Tex/Emblem/02/Tex_Emblem_02_0201_Flag.Tex_Emblem_02_0201_Flag',,0
240,20204,WXW,Main,False,True,Texture2D'/Game/GUI/Common/Tex/Emblem/02/Tex_Emblem_02_0204.Tex_Emblem_02_0204',Texture2D'/Game/GUI/Common/Tex/Emblem/02/Tex_Emblem_02_0204_Flag.Tex_Emblem_02_0204_Flag',,0
241,20205,殴重鋼匠,Main,False,True,Texture2D'/Game/GUI/Common/Tex/Emblem/02/Tex_Emblem_02_0205.Tex_Emblem_02_0205',Texture2D'/Game/GUI/Common/Tex/Emblem/02/Tex_Emblem_02_0205_Flag.Tex_Emblem_02_0205_Flag',,0
242,20206,MA-I,Main,False,True,Texture2D'/Game/GUI/Common/Tex/Emblem/02/Tex_Emblem_02_0206.Tex_Emblem_02_0206',Texture2D'/Game/GUI/Common/Tex/Emblem/02/Tex_Emblem_02_0206_Flag.Tex_Emblem_02_0206_Flag',,0
243,20207,AVENIR,Main,False,True,Texture2D'/Game/GUI/Common/Tex/Emblem/02/Tex_Emblem_02_0207.Tex_Emblem_02_0207',Texture2D'/Game/GUI/Common/Tex/Emblem/02/Tex_Emblem_02_0207_Flag.Tex_Emblem_02_0207_Flag',,0
244,30001,クロスライト,Sub,True,True,Texture2D'/Game/GUI/Common/Tex/Emblem/03/Tex_Emblem_03_0001.Tex_Emblem_03_0001',Texture2D'/Game/GUI/Common/Tex/Emblem/03/Tex_Emblem_03_0001_Flag.Tex_Emblem_03_0001_Flag',,0
245,30002,シャイニングフロスト,Sub,False,True,Texture2D'/Game/GUI/Common/Tex/Emblem/03/Tex_Emblem_03_0002.Tex_Emblem_03_0002',Texture2D'/Game/GUI/Common/Tex/Emblem/03/Tex_Emblem_03_0002_Flag.Tex_Emblem_03_0002_Flag',,0
246,30003,ツインドラゴン,Sub,False,True,Texture2D'/Game/GUI/Common/Tex/Emblem/03/Tex_Emblem_03_0003.Tex_Emblem_03_0003',Texture2D'/Game/GUI/Common/Tex/Emblem/03/Tex_Emblem_03_0003_Flag.Tex_Emblem_03_0003_Flag',,0
247,30004,バーニング,Sub,False,True,Texture2D'/Game/GUI/Common/Tex/Emblem/03/Tex_Emblem_03_0004.Tex_Emblem_03_0004',Texture2D'/Game/GUI/Common/Tex/Emblem/03/Tex_Emblem_03_0004_Flag.Tex_Emblem_03_0004_Flag',,0
248,30005,ザ・サン,Sub,False,True,Texture2D'/Game/GUI/Common/Tex/Emblem/03/Tex_Emblem_03_0005.Tex_Emblem_03_0005',Texture2D'/Game/GUI/Common/Tex/Emblem/03/Tex_Emblem_03_0005_Flag.Tex_Emblem_03_0005_Flag',,0
249,30006,スパイダーネット,Sub,False,True,Texture2D'/Game/GUI/Common/Tex/Emblem/03/Tex_Emblem_03_0006.Tex_Emblem_03_0006',Texture2D'/Game/GUI/Common/Tex/Emblem/03/Tex_Emblem_03_0006_Flag.Tex_Emblem_03_0006_Flag',,0
250,30007,ビーハウス,Sub,False,True,Texture2D'/Game/GUI/Common/Tex/Emblem/03/Tex_Emblem_03_0007.Tex_Emblem_03_0007',Texture2D'/Game/GUI/Common/Tex/Emblem/03/Tex_Emblem_03_0007_Flag.Tex_Emblem_03_0007_Flag',,0
251,30008,ポリスバッジ,Sub,False,True,Texture2D'/Game/GUI/Common/Tex/Emblem/03/Tex_Emblem_03_0008.Tex_Emblem_03_0008',Texture2D'/Game/GUI/Common/Tex/Emblem/03/Tex_Emblem_03_0008_Flag.Tex_Emblem_03_0008_Flag',,0
252,30009,コースター,Sub,True,True,Texture2D'/Game/GUI/Common/Tex/Emblem/03/Tex_Emblem_03_0009.Tex_Emblem_03_0009',Texture2D'/Game/GUI/Common/Tex/Emblem/03/Tex_Emblem_03_0009_Flag.Tex_Emblem_03_0009_Flag',,0
253,30010,折り紙,Sub,False,True,Texture2D'/Game/GUI/Common/Tex/Emblem/03/Tex_Emblem_03_0010.Tex_Emblem_03_0010',Texture2D'/Game/GUI/Common/Tex/Emblem/03/Tex_Emblem_03_0010_Flag.Tex_Emblem_03_0010_Flag',,0
254,30011,シルエットダイヤ,Sub,False,True,Texture2D'/Game/GUI/Common/Tex/Emblem/03/Tex_Emblem_03_0011.Tex_Emblem_03_0011',Texture2D'/Game/GUI/Common/Tex/Emblem/03/Tex_Emblem_03_0011_Flag.Tex_Emblem_03_0011_Flag',,0
255,30012,シルエットスター,Sub,False,True,Texture2D'/Game/GUI/Common/Tex/Emblem/03/Tex_Emblem_03_0012.Tex_Emblem_03_0012',Texture2D'/Game/GUI/Common/Tex/Emblem/03/Tex_Emblem_03_0012_Flag.Tex_Emblem_03_0012_Flag',,0
256,30013,シルエットハート,Sub,False,True,Texture2D'/Game/GUI/Common/Tex/Emblem/03/Tex_Emblem_03_0013.Tex_Emblem_03_0013',Texture2D'/Game/GUI/Common/Tex/Emblem/03/Tex_Emblem_03_0013_Flag.Tex_Emblem_03_0013_Flag',,0
257,30014,禁止,Sub,False,True,Texture2D'/Game/GUI/Common/Tex/Emblem/03/Tex_Emblem_03_0014.Tex_Emblem_03_0014',Texture2D'/Game/GUI/Common/Tex/Emblem/03/Tex_Emblem_03_0014_Flag.Tex_Emblem_03_0014_Flag',,0
258,30015,ローテーション,Sub,False,True,Texture2D'/Game/GUI/Common/Tex/Emblem/03/Tex_Emblem_03_0015.Tex_Emblem_03_0015',Texture2D'/Game/GUI/Common/Tex/Emblem/03/Tex_Emblem_03_0015_Flag.Tex_Emblem_03_0015_Flag',,0
259,30016,フロストダイヤ,Sub,False,True,Texture2D'/Game/GUI/Common/Tex/Emblem/03/Tex_Emblem_03_0016.Tex_Emblem_03_0016',Texture2D'/Game/GUI/Common/Tex/Emblem/03/Tex_Emblem_03_0016_Flag.Tex_Emblem_03_0016_Flag',,0
260,30017,シルエットクラウン,Sub,False,True,Texture2D'/Game/GUI/Common/Tex/Emblem/03/Tex_Emblem_03_0017.Tex_Emblem_03_0017',Texture2D'/Game/GUI/Common/Tex/Emblem/03/Tex_Emblem_03_0017_Flag.Tex_Emblem_03_0017_Flag',,0
261,30018,もみじリーフ,Sub,False,True,Texture2D'/Game/GUI/Common/Tex/Emblem/03/Tex_Emblem_03_0018.Tex_Emblem_03_0018',Texture2D'/Game/GUI/Common/Tex/Emblem/03/Tex_Emblem_03_0018_Flag.Tex_Emblem_03_0018_Flag',,0
262,30019,サークルエッジ,Sub,False,True,Texture2D'/Game/GUI/Common/Tex/Emblem/03/Tex_Emblem_03_0019.Tex_Emblem_03_0019',Texture2D'/Game/GUI/Common/Tex/Emblem/03/Tex_Emblem_03_0019_Flag.Tex_Emblem_03_0019_Flag',,0
263,30020,スプラッシュ,Sub,False,True,Texture2D'/Game/GUI/Common/Tex/Emblem/03/Tex_Emblem_03_0020.Tex_Emblem_03_0020',Texture2D'/Game/GUI/Common/Tex/Emblem/03/Tex_Emblem_03_0020_Flag.Tex_Emblem_03_0020_Flag',,0
264,30021,ダスト,Sub,False,True,Texture2D'/Game/GUI/Common/Tex/Emblem/03/Tex_Emblem_03_0021.Tex_Emblem_03_0021',Texture2D'/Game/GUI/Common/Tex/Emblem/03/Tex_Emblem_03_0021_Flag.Tex_Emblem_03_0021_Flag',,0
265,30022,アングリー,Sub,False,True,Texture2D'/Game/GUI/Common/Tex/Emblem/03/Tex_Emblem_03_0022.Tex_Emblem_03_0022',Texture2D'/Game/GUI/Common/Tex/Emblem/03/Tex_Emblem_03_0022_Flag.Tex_Emblem_03_0022_Flag',,0
266,30023,バニシング,Sub,False,True,Texture2D'/Game/GUI/Common/Tex/Emblem/03/Tex_Emblem_03_0023.Tex_Emblem_03_0023',Texture2D'/Game/GUI/Common/Tex/Emblem/03/Tex_Emblem_03_0023_Flag.Tex_Emblem_03_0023_Flag',,0
267,30024,ギャラクシー,Sub,False,True,Texture2D'/Game/GUI/Common/Tex/Emblem/03/Tex_Emblem_03_0024.Tex_Emblem_03_0024',Texture2D'/Game/GUI/Common/Tex/Emblem/03/Tex_Emblem_03_0024_Flag.Tex_Emblem_03_0024_Flag',,0
268,30025,サークルスラッシュ,Sub,False,True,Texture2D'/Game/GUI/Common/Tex/Emblem/03/Tex_Emblem_03_0025.Tex_Emblem_03_0025',Texture2D'/Game/GUI/Common/Tex/Emblem/03/Tex_Emblem_03_0025_Flag.Tex_Emblem_03_0025_Flag',,0
269,30026,ダブルスター,Sub,False,True,Texture2D'/Game/GUI/Common/Tex/Emblem/03/Tex_Emblem_03_0026.Tex_Emblem_03_0026',Texture2D'/Game/GUI/Common/Tex/Emblem/03/Tex_Emblem_03_0026_Flag.Tex_Emblem_03_0026_Flag',,0
270,30027,ツインタイド,Sub,False,True,Texture2D'/Game/GUI/Common/Tex/Emblem/03/Tex_Emblem_03_0027.Tex_Emblem_03_0027',Texture2D'/Game/GUI/Common/Tex/Emblem/03/Tex_Emblem_03_0027_Flag.Tex_Emblem_03_0027_Flag',,0
271,30028,ダイヤサークル,Sub,False,True,Texture2D'/Game/GUI/Common/Tex/Emblem/03/Tex_Emblem_03_0028.Tex_Emblem_03_0028',Texture2D'/Game/GUI/Common/Tex/Emblem/03/Tex_Emblem_03_0028_Flag.Tex_Emblem_03_0028_Flag',,0
272,30029,ツインハート,Sub,False,True,Texture2D'/Game/GUI/Common/Tex/Emblem/03/Tex_Emblem_03_0029.Tex_Emblem_03_0029',Texture2D'/Game/GUI/Common/Tex/Emblem/03/Tex_Emblem_03_0029_Flag.Tex_Emblem_03_0029_Flag',,0
273,30030,ハナマル,Sub,False,True,Texture2D'/Game/GUI/Common/Tex/Emblem/03/Tex_Emblem_03_0030.Tex_Emblem_03_0030',Texture2D'/Game/GUI/Common/Tex/Emblem/03/Tex_Emblem_03_0030_Flag.Tex_Emblem_03_0030_Flag',,0
274,30031,音符記号,Sub,False,True,Texture2D'/Game/GUI/Common/Tex/Emblem/03/Tex_Emblem_03_0031.Tex_Emblem_03_0031',Texture2D'/Game/GUI/Common/Tex/Emblem/03/Tex_Emblem_03_0031_Flag.Tex_Emblem_03_0031_Flag',,0
275,30032,アングリーマーク,Sub,False,True,Texture2D'/Game/GUI/Common/Tex/Emblem/03/Tex_Emblem_03_0032.Tex_Emblem_03_0032',Texture2D'/Game/GUI/Common/Tex/Emblem/03/Tex_Emblem_03_0032_Flag.Tex_Emblem_03_0032_Flag',,0
276,30033,ビックリマーク,Sub,False,True,Texture2D'/Game/GUI/Common/Tex/Emblem/03/Tex_Emblem_03_0033.Tex_Emblem_03_0033',Texture2D'/Game/GUI/Common/Tex/Emblem/03/Tex_Emblem_03_0033_Flag.Tex_Emblem_03_0033_Flag',,0
277,30034,クエスチョンマーク,Sub,False,True,Texture2D'/Game/GUI/Common/Tex/Emblem/03/Tex_Emblem_03_0034.Tex_Emblem_03_0034',Texture2D'/Game/GUI/Common/Tex/Emblem/03/Tex_Emblem_03_0034_Flag.Tex_Emblem_03_0034_Flag',,0
278,30035,ダブルダレマーク,Sub,False,True,Texture2D'/Game/GUI/Common/Tex/Emblem/03/Tex_Emblem_03_0035.Tex_Emblem_03_0035',Texture2D'/Game/GUI/Common/Tex/Emblem/03/Tex_Emblem_03_0035_Flag.Tex_Emblem_03_0035_Flag',,0
279,30036,プレイボタン,Sub,False,True,Texture2D'/Game/GUI/Common/Tex/Emblem/03/Tex_Emblem_03_0036.Tex_Emblem_03_0036',Texture2D'/Game/GUI/Common/Tex/Emblem/03/Tex_Emblem_03_0036_Flag.Tex_Emblem_03_0036_Flag',,0
280,30037,スピードアップ,Sub,False,True,Texture2D'/Game/GUI/Common/Tex/Emblem/03/Tex_Emblem_03_0037.Tex_Emblem_03_0037',Texture2D'/Game/GUI/Common/Tex/Emblem/03/Tex_Emblem_03_0037_Flag.Tex_Emblem_03_0037_Flag',,0
281,30038,ターゲット,Sub,False,True,Texture2D'/Game/GUI/Common/Tex/Emblem/03/Tex_Emblem_03_0038.Tex_Emblem_03_0038',Texture2D'/Game/GUI/Common/Tex/Emblem/03/Tex_Emblem_03_0038_Flag.Tex_Emblem_03_0038_Flag',,0
282,30039,ト音記号,Sub,False,True,Texture2D'/Game/GUI/Common/Tex/Emblem/03/Tex_Emblem_03_0039.Tex_Emblem_03_0039',Texture2D'/Game/GUI/Common/Tex/Emblem/03/Tex_Emblem_03_0039_Flag.Tex_Emblem_03_0039_Flag',,0
283,30040,矢印,Sub,False,True,Texture2D'/Game/GUI/Common/Tex/Emblem/03/Tex_Emblem_03_0040.Tex_Emblem_03_0040',Texture2D'/Game/GUI/Common/Tex/Emblem/03/Tex_Emblem_03_0040_Flag.Tex_Emblem_03_0040_Flag',,0
284,30041,マインドライト,Sub,False,True,Texture2D'/Game/GUI/Common/Tex/Emblem/03/Tex_Emblem_03_0041.Tex_Emblem_03_0041',Texture2D'/Game/GUI/Common/Tex/Emblem/03/Tex_Emblem_03_0041_Flag.Tex_Emblem_03_0041_Flag',,0
285,30042,コメントLOVE,Sub,False,True,Texture2D'/Game/GUI/Common/Tex/Emblem/03/Tex_Emblem_03_0042.Tex_Emblem_03_0042',Texture2D'/Game/GUI/Common/Tex/Emblem/03/Tex_Emblem_03_0042_Flag.Tex_Emblem_03_0042_Flag',,0
286,30043,コンフューズド,Sub,False,True,Texture2D'/Game/GUI/Common/Tex/Emblem/03/Tex_Emblem_03_0043.Tex_Emblem_03_0043',Texture2D'/Game/GUI/Common/Tex/Emblem/03/Tex_Emblem_03_0043_Flag.Tex_Emblem_03_0043_Flag',,0
287,30044,ラウンドビックリマーク,Sub,False,True,Texture2D'/Game/GUI/Common/Tex/Emblem/03/Tex_Emblem_03_0044.Tex_Emblem_03_0044',Texture2D'/Game/GUI/Common/Tex/Emblem/03/Tex_Emblem_03_0044_Flag.Tex_Emblem_03_0044_Flag',,0
288,30045,ダウンサンダー,Sub,False,True,Texture2D'/Game/GUI/Common/Tex/Emblem/03/Tex_Emblem_03_0045.Tex_Emblem_03_0045',Texture2D'/Game/GUI/Common/Tex/Emblem/03/Tex_Emblem_03_0045_Flag.Tex_Emblem_03_0045_Flag',,0
289,30046,プラント,Sub,False,True,Texture2D'/Game/GUI/Common/Tex/Emblem/03/Tex_Emblem_03_0046.Tex_Emblem_03_0046',Texture2D'/Game/GUI/Common/Tex/Emblem/03/Tex_Emblem_03_0046_Flag.Tex_Emblem_03_0046_Flag',,0
290,30047,通信OK,Sub,False,True,Texture2D'/Game/GUI/Common/Tex/Emblem/03/Tex_Emblem_03_0047.Tex_Emblem_03_0047',Texture2D'/Game/GUI/Common/Tex/Emblem/03/Tex_Emblem_03_0047_Flag.Tex_Emblem_03_0047_Flag',,0
291,30048,レイニー,Sub,False,True,Texture2D'/Game/GUI/Common/Tex/Emblem/03/Tex_Emblem_03_0048.Tex_Emblem_03_0048',Texture2D'/Game/GUI/Common/Tex/Emblem/03/Tex_Emblem_03_0048_Flag.Tex_Emblem_03_0048_Flag',,0
292,30049,サンオアクラウド,Sub,False,True,Texture2D'/Game/GUI/Common/Tex/Emblem/03/Tex_Emblem_03_0049.Tex_Emblem_03_0049',Texture2D'/Game/GUI/Common/Tex/Emblem/03/Tex_Emblem_03_0049_Flag.Tex_Emblem_03_0049_Flag',,0
293,30050,チェックオーケー,Sub,False,True,Texture2D'/Game/GUI/Common/Tex/Emblem/03/Tex_Emblem_03_0050.Tex_Emblem_03_0050',Texture2D'/Game/GUI/Common/Tex/Emblem/03/Tex_Emblem_03_0050_Flag.Tex_Emblem_03_0050_Flag',,0
294,30051,スペースサークル,Sub,False,True,Texture2D'/Game/GUI/Common/Tex/Emblem/03/Tex_Emblem_03_0051.Tex_Emblem_03_0051',Texture2D'/Game/GUI/Common/Tex/Emblem/03/Tex_Emblem_03_0051_Flag.Tex_Emblem_03_0051_Flag',,0
295,30052,スリースターズ,Sub,False,True,Texture2D'/Game/GUI/Common/Tex/Emblem/03/Tex_Emblem_03_0052.Tex_Emblem_03_0052',Texture2D'/Game/GUI/Common/Tex/Emblem/03/Tex_Emblem_03_0052_Flag.Tex_Emblem_03_0052_Flag',,0
296,30053,サターン,Sub,False,True,Texture2D'/Game/GUI/Common/Tex/Emblem/03/Tex_Emblem_03_0053.Tex_Emblem_03_0053',Texture2D'/Game/GUI/Common/Tex/Emblem/03/Tex_Emblem_03_0053_Flag.Tex_Emblem_03_0053_Flag',,0
297,30054,クアンタムサークル,Sub,False,True,Texture2D'/Game/GUI/Common/Tex/Emblem/03/Tex_Emblem_03_0054.Tex_Emblem_03_0054',Texture2D'/Game/GUI/Common/Tex/Emblem/03/Tex_Emblem_03_0054_Flag.Tex_Emblem_03_0054_Flag',,0
298,30055,スタースパーク,Sub,False,True,Texture2D'/Game/GUI/Common/Tex/Emblem/03/Tex_Emblem_03_0055.Tex_Emblem_03_0055',Texture2D'/Game/GUI/Common/Tex/Emblem/03/Tex_Emblem_03_0055_Flag.Tex_Emblem_03_0055_Flag',,0
299,30056,ラインスター,Sub,False,True,Texture2D'/Game/GUI/Common/Tex/Emblem/03/Tex_Emblem_03_0056.Tex_Emblem_03_0056',Texture2D'/Game/GUI/Common/Tex/Emblem/03/Tex_Emblem_03_0056_Flag.Tex_Emblem_03_0056_Flag',,0
300,30057,アース,Sub,False,True,Texture2D'/Game/GUI/Common/Tex/Emblem/03/Tex_Emblem_03_0057.Tex_Emblem_03_0057',Texture2D'/Game/GUI/Common/Tex/Emblem/03/Tex_Emblem_03_0057_Flag.Tex_Emblem_03_0057_Flag',,0
301,30058,シャイニングスター,Sub,False,True,Texture2D'/Game/GUI/Common/Tex/Emblem/03/Tex_Emblem_03_0058.Tex_Emblem_03_0058',Texture2D'/Game/GUI/Common/Tex/Emblem/03/Tex_Emblem_03_0058_Flag.Tex_Emblem_03_0058_Flag',,0
302,30059,クロスソード,Sub,False,True,Texture2D'/Game/GUI/Common/Tex/Emblem/03/Tex_Emblem_03_0059.Tex_Emblem_03_0059',Texture2D'/Game/GUI/Common/Tex/Emblem/03/Tex_Emblem_03_0059_Flag.Tex_Emblem_03_0059_Flag',,0
303,30060,バットウイング,Sub,False,True,Texture2D'/Game/GUI/Common/Tex/Emblem/03/Tex_Emblem_03_0060.Tex_Emblem_03_0060',Texture2D'/Game/GUI/Common/Tex/Emblem/03/Tex_Emblem_03_0060_Flag.Tex_Emblem_03_0060_Flag',,0
304,30061,ダブルバット,Sub,False,True,Texture2D'/Game/GUI/Common/Tex/Emblem/03/Tex_Emblem_03_0061.Tex_Emblem_03_0061',Texture2D'/Game/GUI/Common/Tex/Emblem/03/Tex_Emblem_03_0061_Flag.Tex_Emblem_03_0061_Flag',,0
305,30062,ツインユニコーン,Sub,False,True,Texture2D'/Game/GUI/Common/Tex/Emblem/03/Tex_Emblem_03_0062.Tex_Emblem_03_0062',Texture2D'/Game/GUI/Common/Tex/Emblem/03/Tex_Emblem_03_0062_Flag.Tex_Emblem_03_0062_Flag',,0
306,30063,ひび割れハート,Sub,False,True,Texture2D'/Game/GUI/Common/Tex/Emblem/03/Tex_Emblem_03_0063.Tex_Emblem_03_0063',Texture2D'/Game/GUI/Common/Tex/Emblem/03/Tex_Emblem_03_0063_Flag.Tex_Emblem_03_0063_Flag',,0
307,30064,エンジェルウイング,Sub,False,True,Texture2D'/Game/GUI/Common/Tex/Emblem/03/Tex_Emblem_03_0064.Tex_Emblem_03_0064',Texture2D'/Game/GUI/Common/Tex/Emblem/03/Tex_Emblem_03_0064_Flag.Tex_Emblem_03_0064_Flag',,0
308,30065,レインボーゲート,Sub,False,True,Texture2D'/Game/GUI/Common/Tex/Emblem/03/Tex_Emblem_03_0065.Tex_Emblem_03_0065',Texture2D'/Game/GUI/Common/Tex/Emblem/03/Tex_Emblem_03_0065_Flag.Tex_Emblem_03_0065_Flag',,0
309,30066,しだれ藤,Sub,False,True,Texture2D'/Game/GUI/Common/Tex/Emblem/03/Tex_Emblem_03_0066.Tex_Emblem_03_0066',Texture2D'/Game/GUI/Common/Tex/Emblem/03/Tex_Emblem_03_0066_Flag.Tex_Emblem_03_0066_Flag',,0
310,30067,グローリーリース,Sub,False,True,Texture2D'/Game/GUI/Common/Tex/Emblem/03/Tex_Emblem_03_0067.Tex_Emblem_03_0067',Texture2D'/Game/GUI/Common/Tex/Emblem/03/Tex_Emblem_03_0067_Flag.Tex_Emblem_03_0067_Flag',,0
311,30068,シューティングスター,Sub,False,True,Texture2D'/Game/GUI/Common/Tex/Emblem/03/Tex_Emblem_03_0068.Tex_Emblem_03_0068',Texture2D'/Game/GUI/Common/Tex/Emblem/03/Tex_Emblem_03_0068_Flag.Tex_Emblem_03_0068_Flag',,0
312,30069,効果A,Sub,False,True,Texture2D'/Game/GUI/Common/Tex/Emblem/03/Tex_Emblem_03_0069.Tex_Emblem_03_0069',Texture2D'/Game/GUI/Common/Tex/Emblem/03/Tex_Emblem_03_0069_Flag.Tex_Emblem_03_0069_Flag',,0
313,30070,効果B,Sub,False,True,Texture2D'/Game/GUI/Common/Tex/Emblem/03/Tex_Emblem_03_0070.Tex_Emblem_03_0070',Texture2D'/Game/GUI/Common/Tex/Emblem/03/Tex_Emblem_03_0070_Flag.Tex_Emblem_03_0070_Flag',,0
314,30071,効果C,Sub,False,True,Texture2D'/Game/GUI/Common/Tex/Emblem/03/Tex_Emblem_03_0071.Tex_Emblem_03_0071',Texture2D'/Game/GUI/Common/Tex/Emblem/03/Tex_Emblem_03_0071_Flag.Tex_Emblem_03_0071_Flag',,0
315,30072,効果D,Sub,False,True,Texture2D'/Game/GUI/Common/Tex/Emblem/03/Tex_Emblem_03_0072.Tex_Emblem_03_0072',Texture2D'/Game/GUI/Common/Tex/Emblem/03/Tex_Emblem_03_0072_Flag.Tex_Emblem_03_0072_Flag',,0
316,30073,リーパーサイス,Sub,False,True,Texture2D'/Game/GUI/Common/Tex/Emblem/03/Tex_Emblem_03_0073.Tex_Emblem_03_0073',Texture2D'/Game/GUI/Common/Tex/Emblem/03/Tex_Emblem_03_0073_Flag.Tex_Emblem_03_0073_Flag',,0
317,30074,オールドクラウン,Sub,False,True,Texture2D'/Game/GUI/Common/Tex/Emblem/03/Tex_Emblem_03_0074.Tex_Emblem_03_0074',Texture2D'/Game/GUI/Common/Tex/Emblem/03/Tex_Emblem_03_0074_Flag.Tex_Emblem_03_0074_Flag',,0
318,30075,フラッグス,Sub,False,True,Texture2D'/Game/GUI/Common/Tex/Emblem/03/Tex_Emblem_03_0075.Tex_Emblem_03_0075',Texture2D'/Game/GUI/Common/Tex/Emblem/03/Tex_Emblem_03_0075_Flag.Tex_Emblem_03_0075_Flag',,0
319,30076,ウインドマーク,Sub,False,True,Texture2D'/Game/GUI/Common/Tex/Emblem/03/Tex_Emblem_03_0076.Tex_Emblem_03_0076',Texture2D'/Game/GUI/Common/Tex/Emblem/03/Tex_Emblem_03_0076_Flag.Tex_Emblem_03_0076_Flag',,0
320,30077,ウイングソード,Sub,False,True,Texture2D'/Game/GUI/Common/Tex/Emblem/03/Tex_Emblem_03_0077.Tex_Emblem_03_0077',Texture2D'/Game/GUI/Common/Tex/Emblem/03/Tex_Emblem_03_0077_Flag.Tex_Emblem_03_0077_Flag',,0
321,30078,フィフススクウェア,Sub,False,True,Texture2D'/Game/GUI/Common/Tex/Emblem/03/Tex_Emblem_03_0078.Tex_Emblem_03_0078',Texture2D'/Game/GUI/Common/Tex/Emblem/03/Tex_Emblem_03_0078_Flag.Tex_Emblem_03_0078_Flag',,0
322,30079,リーフスターク,Sub,False,True,Texture2D'/Game/GUI/Common/Tex/Emblem/03/Tex_Emblem_03_0079.Tex_Emblem_03_0079',Texture2D'/Game/GUI/Common/Tex/Emblem/03/Tex_Emblem_03_0079_Flag.Tex_Emblem_03_0079_Flag',,0
323,30080,クロスクローバー,Sub,False,True,Texture2D'/Game/GUI/Common/Tex/Emblem/03/Tex_Emblem_03_0080.Tex_Emblem_03_0080',Texture2D'/Game/GUI/Common/Tex/Emblem/03/Tex_Emblem_03_0080_Flag.Tex_Emblem_03_0080_Flag',,0
324,30081,ティアラ,Sub,False,True,Texture2D'/Game/GUI/Common/Tex/Emblem/03/Tex_Emblem_03_0081.Tex_Emblem_03_0081',Texture2D'/Game/GUI/Common/Tex/Emblem/03/Tex_Emblem_03_0081_Flag.Tex_Emblem_03_0081_Flag',,0
325,30082,サンクレスト,Sub,False,True,Texture2D'/Game/GUI/Common/Tex/Emblem/03/Tex_Emblem_03_0082.Tex_Emblem_03_0082',Texture2D'/Game/GUI/Common/Tex/Emblem/03/Tex_Emblem_03_0082_Flag.Tex_Emblem_03_0082_Flag',,0
326,30083,フォーウイングス,Sub,False,True,Texture2D'/Game/GUI/Common/Tex/Emblem/03/Tex_Emblem_03_0083.Tex_Emblem_03_0083',Texture2D'/Game/GUI/Common/Tex/Emblem/03/Tex_Emblem_03_0083_Flag.Tex_Emblem_03_0083_Flag',,0
327,30084,ソリディア,Sub,False,True,Texture2D'/Game/GUI/Common/Tex/Emblem/03/Tex_Emblem_03_0084.Tex_Emblem_03_0084',Texture2D'/Game/GUI/Common/Tex/Emblem/03/Tex_Emblem_03_0084_Flag.Tex_Emblem_03_0084_Flag',,0
328,30085,カーディナル,Sub,False,True,Texture2D'/Game/GUI/Common/Tex/Emblem/03/Tex_Emblem_03_0085.Tex_Emblem_03_0085',Texture2D'/Game/GUI/Common/Tex/Emblem/03/Tex_Emblem_03_0085_Flag.Tex_Emblem_03_0085_Flag',,0
329,30086,スクラッパー,Sub,False,True,Texture2D'/Game/GUI/Common/Tex/Emblem/03/Tex_Emblem_03_0086.Tex_Emblem_03_0086',Texture2D'/Game/GUI/Common/Tex/Emblem/03/Tex_Emblem_03_0086_Flag.Tex_Emblem_03_0086_Flag',,0
330,30087,サイトヘッド,Sub,False,True,Texture2D'/Game/GUI/Common/Tex/Emblem/03/Tex_Emblem_03_0087.Tex_Emblem_03_0087',Texture2D'/Game/GUI/Common/Tex/Emblem/03/Tex_Emblem_03_0087_Flag.Tex_Emblem_03_0087_Flag',,0
331,30088,シーユー・レイター,Sub,False,True,Texture2D'/Game/GUI/Common/Tex/Emblem/03/Tex_Emblem_03_0088.Tex_Emblem_03_0088',Texture2D'/Game/GUI/Common/Tex/Emblem/03/Tex_Emblem_03_0088_Flag.Tex_Emblem_03_0088_Flag',,0
332,30089,ゴールテン・ダー,Sub,False,True,Texture2D'/Game/GUI/Common/Tex/Emblem/03/Tex_Emblem_03_0089.Tex_Emblem_03_0089',Texture2D'/Game/GUI/Common/Tex/Emblem/03/Tex_Emblem_03_0089_Flag.Tex_Emblem_03_0089_Flag',,0
333,30090,アンゼロイ,Sub,False,True,Texture2D'/Game/GUI/Common/Tex/Emblem/03/Tex_Emblem_03_0090.Tex_Emblem_03_0090',Texture2D'/Game/GUI/Common/Tex/Emblem/03/Tex_Emblem_03_0090_Flag.Tex_Emblem_03_0090_Flag',,0
334,30091,ディスドス,Sub,False,True,Texture2D'/Game/GUI/Common/Tex/Emblem/03/Tex_Emblem_03_0091.Tex_Emblem_03_0091',Texture2D'/Game/GUI/Common/Tex/Emblem/03/Tex_Emblem_03_0091_Flag.Tex_Emblem_03_0091_Flag',,0
335,30092,サブライガ,Sub,False,True,Texture2D'/Game/GUI/Common/Tex/Emblem/03/Tex_Emblem_03_0092.Tex_Emblem_03_0092',Texture2D'/Game/GUI/Common/Tex/Emblem/03/Tex_Emblem_03_0092_Flag.Tex_Emblem_03_0092_Flag',,0
336,30093,ファルマコン,Sub,False,True,Texture2D'/Game/GUI/Common/Tex/Emblem/03/Tex_Emblem_03_0093.Tex_Emblem_03_0093',Texture2D'/Game/GUI/Common/Tex/Emblem/03/Tex_Emblem_03_0093_Flag.Tex_Emblem_03_0093_Flag',,0
337,30094,ラピスヘッジ,Sub,False,True,Texture2D'/Game/GUI/Common/Tex/Emblem/03/Tex_Emblem_03_0094.Tex_Emblem_03_0094',Texture2D'/Game/GUI/Common/Tex/Emblem/03/Tex_Emblem_03_0094_Flag.Tex_Emblem_03_0094_Flag',,0
338,30095,パ・フェクト,Sub,False,True,Texture2D'/Game/GUI/Common/Tex/Emblem/03/Tex_Emblem_03_0095.Tex_Emblem_03_0095',Texture2D'/Game/GUI/Common/Tex/Emblem/03/Tex_Emblem_03_0095_Flag.Tex_Emblem_03_0095_Flag',,0
339,30096,エタニティ,Sub,False,True,Texture2D'/Game/GUI/Common/Tex/Emblem/03/Tex_Emblem_03_0096.Tex_Emblem_03_0096',Texture2D'/Game/GUI/Common/Tex/Emblem/03/Tex_Emblem_03_0096_Flag.Tex_Emblem_03_0096_Flag',,0
340,30097,オキサイド,Sub,False,True,Texture2D'/Game/GUI/Common/Tex/Emblem/03/Tex_Emblem_03_0097.Tex_Emblem_03_0097',Texture2D'/Game/GUI/Common/Tex/Emblem/03/Tex_Emblem_03_0097_Flag.Tex_Emblem_03_0097_Flag',,0
341,1001,シンボル：ヒカリ,Main,False,False,Texture2D'/Game/GUI/Common/Tex/Emblem/CompleteSet/01/Tex_Emblem_Comp_01_0001.Tex_Emblem_Comp_01_0001',Texture2D'/Game/GUI/Common/Tex/Emblem/CompleteSet/01/Tex_Emblem_Comp_01_0001_Flag.Tex_Emblem_Comp_01_0001_Flag',,0
342,1002,シンボル：レイカ,Main,False,False,Texture2D'/Game/GUI/Common/Tex/Emblem/CompleteSet/01/Tex_Emblem_Comp_01_0002.Tex_Emblem_Comp_01_0002',Texture2D'/Game/GUI/Common/Tex/Emblem/CompleteSet/01/Tex_Emblem_Comp_01_0002_Flag.Tex_Emblem_Comp_01_0002_Flag',,0
343,1003,シンボル：シャーリー,Main,False,False,Texture2D'/Game/GUI/Common/Tex/Emblem/CompleteSet/01/Tex_Emblem_Comp_01_0003.Tex_Emblem_Comp_01_0003',Texture2D'/Game/GUI/Common/Tex/Emblem/CompleteSet/01/Tex_Emblem_Comp_01_0003_Flag.Tex_Emblem_Comp_01_0003_Flag',,0
344,1004,シンボル：イサドラ,Main,False,False,Texture2D'/Game/GUI/Common/Tex/Emblem/CompleteSet/01/Tex_Emblem_Comp_01_0004.Tex_Emblem_Comp_01_0004',Texture2D'/Game/GUI/Common/Tex/Emblem/CompleteSet/01/Tex_Emblem_Comp_01_0004_Flag.Tex_Emblem_Comp_01_0004_Flag',,0
345,1005,シンボル：ナギ,Main,False,False,Texture2D'/Game/GUI/Common/Tex/Emblem/CompleteSet/01/Tex_Emblem_Comp_01_0005.Tex_Emblem_Comp_01_0005',Texture2D'/Game/GUI/Common/Tex/Emblem/CompleteSet/01/Tex_Emblem_Comp_01_0005_Flag.Tex_Emblem_Comp_01_0005_Flag',,0
346,1006,シンボル：カズマ,Main,False,False,Texture2D'/Game/GUI/Common/Tex/Emblem/CompleteSet/01/Tex_Emblem_Comp_01_0006.Tex_Emblem_Comp_01_0006',Texture2D'/Game/GUI/Common/Tex/Emblem/CompleteSet/01/Tex_Emblem_Comp_01_0006_Flag.Tex_Emblem_Comp_01_0006_Flag',,0
347,1007,轟ア・スレッガ,Main,False,False,Texture2D'/Game/GUI/Common/Tex/Emblem/CompleteSet/01/Tex_Emblem_Comp_01_0007.Tex_Emblem_Comp_01_0007',Texture2D'/Game/GUI/Common/Tex/Emblem/CompleteSet/01/Tex_Emblem_Comp_01_0007_Flag.Tex_Emblem_Comp_01_0007_Flag',,0
348,1008,ヴ・レード惺王国,Main,False,False,Texture2D'/Game/GUI/Common/Tex/Emblem/CompleteSet/01/Tex_Emblem_Comp_01_0008.Tex_Emblem_Comp_01_0008',Texture2D'/Game/GUI/Common/Tex/Emblem/CompleteSet/01/Tex_Emblem_Comp_01_0008_Flag.Tex_Emblem_Comp_01_0008_Flag',,0
349,1009,キザナ,Main,False,False,Texture2D'/Game/GUI/Common/Tex/Emblem/CompleteSet/01/Tex_Emblem_Comp_01_0009.Tex_Emblem_Comp_01_0009',Texture2D'/Game/GUI/Common/Tex/Emblem/CompleteSet/01/Tex_Emblem_Comp_01_0009_Flag.Tex_Emblem_Comp_01_0009_Flag',,0
350,1010,ガンスリンガーコラボ001,Main,False,False,Texture2D'/Game/GUI/Common/Tex/Emblem/CompleteSet/01/Tex_Emblem_Comp_01_0010.Tex_Emblem_Comp_01_0010',Texture2D'/Game/GUI/Common/Tex/Emblem/CompleteSet/01/Tex_Emblem_Comp_01_0010_Flag.Tex_Emblem_Comp_01_0010_Flag',,0
351,1011,インベーダー,Main,False,False,Texture2D'/Game/GUI/Common/Tex/Emblem/02/Tex_Emblem_02_0186.Tex_Emblem_02_0186',Texture2D'/Game/GUI/Common/Tex/Emblem/02/Tex_Emblem_02_0186_Flag.Tex_Emblem_02_0186_Flag',,0
352,1012,アズワン株式会社コラボ001,Main,False,False,Texture2D'/Game/GUI/Common/Tex/Emblem/CompleteSet/01/Tex_Emblem_Comp_01_0011.Tex_Emblem_Comp_01_0011',Texture2D'/Game/GUI/Common/Tex/Emblem/CompleteSet/01/Tex_Emblem_Comp_01_0011_Flag.Tex_Emblem_Comp_01_0011_Flag',,0
353,1013,バックラッシュ,Main,False,False,Texture2D'/Game/GUI/Common/Tex/Emblem/Group/TEX_Com_Emblem_Group_04.TEX_Com_Emblem_Group_04',Texture2D'/Game/GUI/Common/Tex/Emblem/Group/TEX_Com_Emblem_Group_large_04.TEX_Com_Emblem_Group_large_04',CPU用,0
354,1014,1周年記念,Main,False,False,Texture2D'/Game/GUI/Common/Tex/Emblem/CompleteSet/01/Tex_Emblem_Comp_01_0014.Tex_Emblem_Comp_01_0014',Texture2D'/Game/GUI/Common/Tex/Emblem/CompleteSet/01/Tex_Emblem_Comp_01_0014_Flag.Tex_Emblem_Comp_01_0014_Flag',,0
355,1015,キザナ,Main,False,False,Texture2D'/Game/GUI/Common/Tex/Emblem/CompleteSet/01/Tex_Emblem_Comp_01_0015.Tex_Emblem_Comp_01_0015',Texture2D'/Game/GUI/Common/Tex/Emblem/CompleteSet/01/Tex_Emblem_Comp_01_0015_Flag.Tex_Emblem_Comp_01_0015_Flag',,0
356,1016,バックラッシュ,Main,False,False,Texture2D'/Game/GUI/Common/Tex/Emblem/CompleteSet/01/Tex_Emblem_Comp_01_0016.Tex_Emblem_Comp_01_0016',Texture2D'/Game/GUI/Common/Tex/Emblem/CompleteSet/01/Tex_Emblem_Comp_01_0016_Flag.Tex_Emblem_Comp_01_0016_Flag',,0
100000,100000,-,OutLine,False,False,-,-,※削除不可,1
100001,190001,デザイン確認用エンブレム,Main,False,False,Texture2D'/Game/_Test/Texture/Emblem/Tex_Emblem_Temporaryp_02.Tex_Emblem_Temporaryp_02',Texture2D'/Game/_Test/Texture/Emblem/Tex_Emblem_Temporaryp_02_Flag.Tex_Emblem_Temporaryp_02_Flag',,1
100002,190002,デザイン確認用エンブレム,OutLine,False,True,Texture2D'/Game/_Test/Texture/Emblem/Tex_Emblem_Temporaryp_01.Tex_Emblem_Temporaryp_01',Texture2D'/Game/_Test/Texture/Emblem/Tex_Emblem_Temporaryp_01_Flag.Tex_Emblem_Temporaryp_01_Flag',,1
100003,190003,デザイン確認用エンブレム,Main,False,True,Texture2D'/Game/_Test/Texture/Emblem/Tex_Emblem_Temporaryp_02.Tex_Emblem_Temporaryp_02',Texture2D'/Game/_Test/Texture/Emblem/Tex_Emblem_Temporaryp_02_Flag.Tex_Emblem_Temporaryp_02_Flag',,1
100004,190004,デザイン確認用エンブレム,Sub,False,True,Texture2D'/Game/_Test/Texture/Emblem/Tex_Emblem_Temporaryp_03.Tex_Emblem_Temporaryp_03',Texture2D'/Game/_Test/Texture/Emblem/Tex_Emblem_Temporaryp_03_Flag.Tex_Emblem_Temporaryp_03_Flag',,1
100005,110001,シールドフレームA,OutLine,True,True,Texture2D'/Game/GUI/Common/Tex/Emblem/01/Tex_Emblem_01_0001.Tex_Emblem_01_0001',Texture2D'/Game/GUI/Common/Tex/Emblem/01/Tex_Emblem_01_0001_Flag.Tex_Emblem_01_0001_Flag',,1
100006,110002,ヘキサフレーム,OutLine,False,True,Texture2D'/Game/GUI/Common/Tex/Emblem/01/Tex_Emblem_01_0002.Tex_Emblem_01_0002',Texture2D'/Game/GUI/Common/Tex/Emblem/01/Tex_Emblem_01_0002_Flag.Tex_Emblem_01_0002_Flag',,1
100007,110003,シールドフレームB,OutLine,False,True,Texture2D'/Game/GUI/Common/Tex/Emblem/01/Tex_Emblem_01_0003.Tex_Emblem_01_0003',Texture2D'/Game/GUI/Common/Tex/Emblem/01/Tex_Emblem_01_0003_Flag.Tex_Emblem_01_0003_Flag',,1
100008,110004,シールドフレームC,OutLine,False,True,Texture2D'/Game/GUI/Common/Tex/Emblem/01/Tex_Emblem_01_0004.Tex_Emblem_01_0004',Texture2D'/Game/GUI/Common/Tex/Emblem/01/Tex_Emblem_01_0004_Flag.Tex_Emblem_01_0004_Flag',,1
100009,110005,バニシングサークル,OutLine,False,True,Texture2D'/Game/GUI/Common/Tex/Emblem/01/Tex_Emblem_01_0005.Tex_Emblem_01_0005',Texture2D'/Game/GUI/Common/Tex/Emblem/01/Tex_Emblem_01_0005_Flag.Tex_Emblem_01_0005_Flag',,1
100010,110006,バニシングスクウェア,OutLine,False,True,Texture2D'/Game/GUI/Common/Tex/Emblem/01/Tex_Emblem_01_0006.Tex_Emblem_01_0006',Texture2D'/Game/GUI/Common/Tex/Emblem/01/Tex_Emblem_01_0006_Flag.Tex_Emblem_01_0006_Flag',,1
100011,110007,オメガサークル,OutLine,False,True,Texture2D'/Game/GUI/Common/Tex/Emblem/01/Tex_Emblem_01_0007.Tex_Emblem_01_0007',Texture2D'/Game/GUI/Common/Tex/Emblem/01/Tex_Emblem_01_0007_Flag.Tex_Emblem_01_0007_Flag',,1
100012,110008,コースターフレーム,OutLine,False,True,Texture2D'/Game/GUI/Common/Tex/Emblem/01/Tex_Emblem_01_0008.Tex_Emblem_01_0008',Texture2D'/Game/GUI/Common/Tex/Emblem/01/Tex_Emblem_01_0008_Flag.Tex_Emblem_01_0008_Flag',,1
100013,110009,リーフフレームA,OutLine,False,True,Texture2D'/Game/GUI/Common/Tex/Emblem/01/Tex_Emblem_01_0009.Tex_Emblem_01_0009',Texture2D'/Game/GUI/Common/Tex/Emblem/01/Tex_Emblem_01_0009_Flag.Tex_Emblem_01_0009_Flag',,1
100014,110010,リーフダイヤ,OutLine,False,True,Texture2D'/Game/GUI/Common/Tex/Emblem/01/Tex_Emblem_01_0010.Tex_Emblem_01_0010',Texture2D'/Game/GUI/Common/Tex/Emblem/01/Tex_Emblem_01_0010_Flag.Tex_Emblem_01_0010_Flag',,1
100015,110011,リーフフレームB,OutLine,False,True,Texture2D'/Game/GUI/Common/Tex/Emblem/01/Tex_Emblem_01_0011.Tex_Emblem_01_0011',Texture2D'/Game/GUI/Common/Tex/Emblem/01/Tex_Emblem_01_0011_Flag.Tex_Emblem_01_0011_Flag',,1
100016,110012,リーフシールド,OutLine,False,True,Texture2D'/Game/GUI/Common/Tex/Emblem/01/Tex_Emblem_01_0012.Tex_Emblem_01_0012',Texture2D'/Game/GUI/Common/Tex/Emblem/01/Tex_Emblem_01_0012_Flag.Tex_Emblem_01_0012_Flag',,1
100017,110013,プリンセスフレーム,OutLine,False,True,Texture2D'/Game/GUI/Common/Tex/Emblem/01/Tex_Emblem_01_0013.Tex_Emblem_01_0013',Texture2D'/Game/GUI/Common/Tex/Emblem/01/Tex_Emblem_01_0013_Flag.Tex_Emblem_01_0013_Flag',,1
100018,110014,ギアフレーム,OutLine,False,True,Texture2D'/Game/GUI/Common/Tex/Emblem/01/Tex_Emblem_01_0014.Tex_Emblem_01_0014',Texture2D'/Game/GUI/Common/Tex/Emblem/01/Tex_Emblem_01_0014_Flag.Tex_Emblem_01_0014_Flag',,1
100019,110015,ハートフレーム,OutLine,False,True,Texture2D'/Game/GUI/Common/Tex/Emblem/01/Tex_Emblem_01_0015.Tex_Emblem_01_0015',Texture2D'/Game/GUI/Common/Tex/Emblem/01/Tex_Emblem_01_0015_Flag.Tex_Emblem_01_0015_Flag',,1
100020,110016,アンティークサークル,OutLine,False,True,Texture2D'/Game/GUI/Common/Tex/Emblem/01/Tex_Emblem_01_0016.Tex_Emblem_01_0016',Texture2D'/Game/GUI/Common/Tex/Emblem/01/Tex_Emblem_01_0016_Flag.Tex_Emblem_01_0016_Flag',,1
100021,110017,サーマルスクウェア,OutLine,False,True,Texture2D'/Game/GUI/Common/Tex/Emblem/01/Tex_Emblem_01_0017.Tex_Emblem_01_0017',Texture2D'/Game/GUI/Common/Tex/Emblem/01/Tex_Emblem_01_0017_Flag.Tex_Emblem_01_0017_Flag',,1
100022,110018,コントロールサークルA,OutLine,False,True,Texture2D'/Game/GUI/Common/Tex/Emblem/01/Tex_Emblem_01_0018.Tex_Emblem_01_0018',Texture2D'/Game/GUI/Common/Tex/Emblem/01/Tex_Emblem_01_0018_Flag.Tex_Emblem_01_0018_Flag',,1
100023,110019,コネクトフレーム,OutLine,False,True,Texture2D'/Game/GUI/Common/Tex/Emblem/01/Tex_Emblem_01_0019.Tex_Emblem_01_0019',Texture2D'/Game/GUI/Common/Tex/Emblem/01/Tex_Emblem_01_0019_Flag.Tex_Emblem_01_0019_Flag',,1
100024,110020,送受信,OutLine,False,True,Texture2D'/Game/GUI/Common/Tex/Emblem/01/Tex_Emblem_01_0020.Tex_Emblem_01_0020',Texture2D'/Game/GUI/Common/Tex/Emblem/01/Tex_Emblem_01_0020_Flag.Tex_Emblem_01_0020_Flag',,1
100025,110021,ライトネット,OutLine,False,True,Texture2D'/Game/GUI/Common/Tex/Emblem/01/Tex_Emblem_01_0021.Tex_Emblem_01_0021',Texture2D'/Game/GUI/Common/Tex/Emblem/01/Tex_Emblem_01_0021_Flag.Tex_Emblem_01_0021_Flag',,1
100026,110022,プラグフレーム,OutLine,False,True,Texture2D'/Game/GUI/Common/Tex/Emblem/01/Tex_Emblem_01_0022.Tex_Emblem_01_0022',Texture2D'/Game/GUI/Common/Tex/Emblem/01/Tex_Emblem_01_0022_Flag.Tex_Emblem_01_0022_Flag',,1
100027,110023,フォースガード,OutLine,False,True,Texture2D'/Game/GUI/Common/Tex/Emblem/01/Tex_Emblem_01_0023.Tex_Emblem_01_0023',Texture2D'/Game/GUI/Common/Tex/Emblem/01/Tex_Emblem_01_0023_Flag.Tex_Emblem_01_0023_Flag',,1
100028,110024,イコライザーフレーム,OutLine,False,True,Texture2D'/Game/GUI/Common/Tex/Emblem/01/Tex_Emblem_01_0024.Tex_Emblem_01_0024',Texture2D'/Game/GUI/Common/Tex/Emblem/01/Tex_Emblem_01_0024_Flag.Tex_Emblem_01_0024_Flag',,1
100029,110025,チェーンフレーム,OutLine,False,True,Texture2D'/Game/GUI/Common/Tex/Emblem/01/Tex_Emblem_01_0025.Tex_Emblem_01_0025',Texture2D'/Game/GUI/Common/Tex/Emblem/01/Tex_Emblem_01_0025_Flag.Tex_Emblem_01_0025_Flag',,1
100030,110026,ピアノフレーム,OutLine,False,True,Texture2D'/Game/GUI/Common/Tex/Emblem/01/Tex_Emblem_01_0026.Tex_Emblem_01_0026',Texture2D'/Game/GUI/Common/Tex/Emblem/01/Tex_Emblem_01_0026_Flag.Tex_Emblem_01_0026_Flag',,1
100031,110027,ラブフレーム,OutLine,False,True,Texture2D'/Game/GUI/Common/Tex/Emblem/01/Tex_Emblem_01_0027.Tex_Emblem_01_0027',Texture2D'/Game/GUI/Common/Tex/Emblem/01/Tex_Emblem_01_0027_Flag.Tex_Emblem_01_0027_Flag',,1
100032,110028,スターフレーム,OutLine,False,True,Texture2D'/Game/GUI/Common/Tex/Emblem/01/Tex_Emblem_01_0028.Tex_Emblem_01_0028',Texture2D'/Game/GUI/Common/Tex/Emblem/01/Tex_Emblem_01_0028_Flag.Tex_Emblem_01_0028_Flag',,1
100033,110029,スタードロップフレーム,OutLine,False,True,Texture2D'/Game/GUI/Common/Tex/Emblem/01/Tex_Emblem_01_0029.Tex_Emblem_01_0029',Texture2D'/Game/GUI/Common/Tex/Emblem/01/Tex_Emblem_01_0029_Flag.Tex_Emblem_01_0029_Flag',,1
100034,110030,フラワーフレーム,OutLine,False,True,Texture2D'/Game/GUI/Common/Tex/Emblem/01/Tex_Emblem_01_0030.Tex_Emblem_01_0030',Texture2D'/Game/GUI/Common/Tex/Emblem/01/Tex_Emblem_01_0030_Flag.Tex_Emblem_01_0030_Flag',,1
100035,110031,クラウドフレーム,OutLine,False,True,Texture2D'/Game/GUI/Common/Tex/Emblem/01/Tex_Emblem_01_0031.Tex_Emblem_01_0031',Texture2D'/Game/GUI/Common/Tex/Emblem/01/Tex_Emblem_01_0031_Flag.Tex_Emblem_01_0031_Flag',,1
100036,110032,ソリディアフレーム,OutLine,False,True,Texture2D'/Game/GUI/Common/Tex/Emblem/01/Tex_Emblem_01_0032.Tex_Emblem_01_0032',Texture2D'/Game/GUI/Common/Tex/Emblem/01/Tex_Emblem_01_0032_Flag.Tex_Emblem_01_0032_Flag',,1
100037,110033,カーディナルフレーム,OutLine,False,True,Texture2D'/Game/GUI/Common/Tex/Emblem/01/Tex_Emblem_01_0033.Tex_Emblem_01_0033',Texture2D'/Game/GUI/Common/Tex/Emblem/01/Tex_Emblem_01_0033_Flag.Tex_Emblem_01_0033_Flag',,1
100038,110034,スクラッパーフレーム,OutLine,False,True,Texture2D'/Game/GUI/Common/Tex/Emblem/01/Tex_Emblem_01_0034.Tex_Emblem_01_0034',Texture2D'/Game/GUI/Common/Tex/Emblem/01/Tex_Emblem_01_0034_Flag.Tex_Emblem_01_0034_Flag',,1
100039,110035,サイトヘッドフレーム,OutLine,False,True,Texture2D'/Game/GUI/Common/Tex/Emblem/01/Tex_Emblem_01_0035.Tex_Emblem_01_0035',Texture2D'/Game/GUI/Common/Tex/Emblem/01/Tex_Emblem_01_0035_Flag.Tex_Emblem_01_0035_Flag',,1
100040,110036,シーユー・レイターフレーム,OutLine,False,True,Texture2D'/Game/GUI/Common/Tex/Emblem/01/Tex_Emblem_01_0036.Tex_Emblem_01_0036',Texture2D'/Game/GUI/Common/Tex/Emblem/01/Tex_Emblem_01_0036_Flag.Tex_Emblem_01_0036_Flag',,1
100041,110037,ゴールテン・ダーフレーム,OutLine,False,True,Texture2D'/Game/GUI/Common/Tex/Emblem/01/Tex_Emblem_01_0037.Tex_Emblem_01_0037',Texture2D'/Game/GUI/Common/Tex/Emblem/01/Tex_Emblem_01_0037_Flag.Tex_Emblem_01_0037_Flag',,1
100042,110038,アンゼロイフレーム,OutLine,False,True,Texture2D'/Game/GUI/Common/Tex/Emblem/01/Tex_Emblem_01_0038.Tex_Emblem_01_0038',Texture2D'/Game/GUI/Common/Tex/Emblem/01/Tex_Emblem_01_0038_Flag.Tex_Emblem_01_0038_Flag',,1
100043,110039,ディスドスフレーム,OutLine,False,True,Texture2D'/Game/GUI/Common/Tex/Emblem/01/Tex_Emblem_01_0039.Tex_Emblem_01_0039',Texture2D'/Game/GUI/Common/Tex/Emblem/01/Tex_Emblem_01_0039_Flag.Tex_Emblem_01_0039_Flag',,1
100044,110040,サブライガフレーム,OutLine,False,True,Texture2D'/Game/GUI/Common/Tex/Emblem/01/Tex_Emblem_01_0040.Tex_Emblem_01_0040',Texture2D'/Game/GUI/Common/Tex/Emblem/01/Tex_Emblem_01_0040_Flag.Tex_Emblem_01_0040_Flag',,1
100045,110041,ファルマコンフレーム,OutLine,False,True,Texture2D'/Game/GUI/Common/Tex/Emblem/01/Tex_Emblem_01_0041.Tex_Emblem_01_0041',Texture2D'/Game/GUI/Common/Tex/Emblem/01/Tex_Emblem_01_0041_Flag.Tex_Emblem_01_0041_Flag',,1
100046,110042,ラピスヘッジフレーム,OutLine,False,True,Texture2D'/Game/GUI/Common/Tex/Emblem/01/Tex_Emblem_01_0042.Tex_Emblem_01_0042',Texture2D'/Game/GUI/Common/Tex/Emblem/01/Tex_Emblem_01_0042_Flag.Tex_Emblem_01_0042_Flag',,1
100047,110043,パ・フェクトフレーム,OutLine,False,True,Texture2D'/Game/GUI/Common/Tex/Emblem/01/Tex_Emblem_01_0043.Tex_Emblem_01_0043',Texture2D'/Game/GUI/Common/Tex/Emblem/01/Tex_Emblem_01_0043_Flag.Tex_Emblem_01_0043_Flag',,1
100048,110044,エタニティフレーム,OutLine,False,True,Texture2D'/Game/GUI/Common/Tex/Emblem/01/Tex_Emblem_01_0044.Tex_Emblem_01_0044',Texture2D'/Game/GUI/Common/Tex/Emblem/01/Tex_Emblem_01_0044_Flag.Tex_Emblem_01_0044_Flag',,1
100049,110045,オキサイドフレーム,OutLine,False,True,Texture2D'/Game/GUI/Common/Tex/Emblem/01/Tex_Emblem_01_0045.Tex_Emblem_01_0045',Texture2D'/Game/GUI/Common/Tex/Emblem/01/Tex_Emblem_01_0045_Flag.Tex_Emblem_01_0045_Flag',,1
100050,120001,アリエス,Main,False,True,Texture2D'/Game/GUI/Common/Tex/Emblem/02/Tex_Emblem_02_0001.Tex_Emblem_02_0001',Texture2D'/Game/GUI/Common/Tex/Emblem/02/Tex_Emblem_02_0001_Flag.Tex_Emblem_02_0001_Flag',,1
100051,120002,タウラス,Main,False,True,Texture2D'/Game/GUI/Common/Tex/Emblem/02/Tex_Emblem_02_0002.Tex_Emblem_02_0002',Texture2D'/Game/GUI/Common/Tex/Emblem/02/Tex_Emblem_02_0002_Flag.Tex_Emblem_02_0002_Flag',,1
100052,120003,ジェミニ,Main,False,True,Texture2D'/Game/GUI/Common/Tex/Emblem/02/Tex_Emblem_02_0003.Tex_Emblem_02_0003',Texture2D'/Game/GUI/Common/Tex/Emblem/02/Tex_Emblem_02_0003_Flag.Tex_Emblem_02_0003_Flag',,1
100053,120004,キャンサー,Main,False,True,Texture2D'/Game/GUI/Common/Tex/Emblem/02/Tex_Emblem_02_0004.Tex_Emblem_02_0004',Texture2D'/Game/GUI/Common/Tex/Emblem/02/Tex_Emblem_02_0004_Flag.Tex_Emblem_02_0004_Flag',,1
100054,120005,レオ,Main,False,True,Texture2D'/Game/GUI/Common/Tex/Emblem/02/Tex_Emblem_02_0005.Tex_Emblem_02_0005',Texture2D'/Game/GUI/Common/Tex/Emblem/02/Tex_Emblem_02_0005_Flag.Tex_Emblem_02_0005_Flag',,1
100055,120006,ヴァルゴ,Main,False,True,Texture2D'/Game/GUI/Common/Tex/Emblem/02/Tex_Emblem_02_0006.Tex_Emblem_02_0006',Texture2D'/Game/GUI/Common/Tex/Emblem/02/Tex_Emblem_02_0006_Flag.Tex_Emblem_02_0006_Flag',,1
100056,120007,リーブラ,Main,False,True,Texture2D'/Game/GUI/Common/Tex/Emblem/02/Tex_Emblem_02_0007.Tex_Emblem_02_0007',Texture2D'/Game/GUI/Common/Tex/Emblem/02/Tex_Emblem_02_0007_Flag.Tex_Emblem_02_0007_Flag',,1
100057,120008,スコルピオ,Main,False,True,Texture2D'/Game/GUI/Common/Tex/Emblem/02/Tex_Emblem_02_0008.Tex_Emblem_02_0008',Texture2D'/Game/GUI/Common/Tex/Emblem/02/Tex_Emblem_02_0008_Flag.Tex_Emblem_02_0008_Flag',,1
100058,120009,サジタリウス,Main,False,True,Texture2D'/Game/GUI/Common/Tex/Emblem/02/Tex_Emblem_02_0009.Tex_Emblem_02_0009',Texture2D'/Game/GUI/Common/Tex/Emblem/02/Tex_Emblem_02_0009_Flag.Tex_Emblem_02_0009_Flag',,1
100059,120010,カプリコーン,Main,False,True,Texture2D'/Game/GUI/Common/Tex/Emblem/02/Tex_Emblem_02_0010.Tex_Emblem_02_0010',Texture2D'/Game/GUI/Common/Tex/Emblem/02/Tex_Emblem_02_0010_Flag.Tex_Emblem_02_0010_Flag',,1
100060,120011,アクエリアス,Main,False,True,Texture2D'/Game/GUI/Common/Tex/Emblem/02/Tex_Emblem_02_0011.Tex_Emblem_02_0011',Texture2D'/Game/GUI/Common/Tex/Emblem/02/Tex_Emblem_02_0011_Flag.Tex_Emblem_02_0011_Flag',,1
100061,120012,ピスケス,Main,False,True,Texture2D'/Game/GUI/Common/Tex/Emblem/02/Tex_Emblem_02_0012.Tex_Emblem_02_0012',Texture2D'/Game/GUI/Common/Tex/Emblem/02/Tex_Emblem_02_0012_Flag.Tex_Emblem_02_0012_Flag',,1
100062,120013,1,Main,False,True,Texture2D'/Game/GUI/Common/Tex/Emblem/02/Tex_Emblem_02_0013.Tex_Emblem_02_0013',Texture2D'/Game/GUI/Common/Tex/Emblem/02/Tex_Emblem_02_0013_Flag.Tex_Emblem_02_0013_Flag',,1
100063,120014,2,Main,False,True,Texture2D'/Game/GUI/Common/Tex/Emblem/02/Tex_Emblem_02_0014.Tex_Emblem_02_0014',Texture2D'/Game/GUI/Common/Tex/Emblem/02/Tex_Emblem_02_0014_Flag.Tex_Emblem_02_0014_Flag',,1
100064,120015,3,Main,False,True,Texture2D'/Game/GUI/Common/Tex/Emblem/02/Tex_Emblem_02_0015.Tex_Emblem_02_0015',Texture2D'/Game/GUI/Common/Tex/Emblem/02/Tex_Emblem_02_0015_Flag.Tex_Emblem_02_0015_Flag',,1
100065,120016,4,Main,False,True,Texture2D'/Game/GUI/Common/Tex/Emblem/02/Tex_Emblem_02_0016.Tex_Emblem_02_0016',Texture2D'/Game/GUI/Common/Tex/Emblem/02/Tex_Emblem_02_0016_Flag.Tex_Emblem_02_0016_Flag',,1
100066,120017,5,Main,False,True,Texture2D'/Game/GUI/Common/Tex/Emblem/02/Tex_Emblem_02_0017.Tex_Emblem_02_0017',Texture2D'/Game/GUI/Common/Tex/Emblem/02/Tex_Emblem_02_0017_Flag.Tex_Emblem_02_0017_Flag',,1
100067,120018,6,Main,False,True,Texture2D'/Game/GUI/Common/Tex/Emblem/02/Tex_Emblem_02_0018.Tex_Emblem_02_0018',Texture2D'/Game/GUI/Common/Tex/Emblem/02/Tex_Emblem_02_0018_Flag.Tex_Emblem_02_0018_Flag',,1
100068,120019,7,Main,False,True,Texture2D'/Game/GUI/Common/Tex/Emblem/02/Tex_Emblem_02_0019.Tex_Emblem_02_0019',Texture2D'/Game/GUI/Common/Tex/Emblem/02/Tex_Emblem_02_0019_Flag.Tex_Emblem_02_0019_Flag',,1
100069,120020,8,Main,False,True,Texture2D'/Game/GUI/Common/Tex/Emblem/02/Tex_Emblem_02_0020.Tex_Emblem_02_0020',Texture2D'/Game/GUI/Common/Tex/Emblem/02/Tex_Emblem_02_0020_Flag.Tex_Emblem_02_0020_Flag',,1
100070,120021,9,Main,False,True,Texture2D'/Game/GUI/Common/Tex/Emblem/02/Tex_Emblem_02_0021.Tex_Emblem_02_0021',Texture2D'/Game/GUI/Common/Tex/Emblem/02/Tex_Emblem_02_0021_Flag.Tex_Emblem_02_0021_Flag',,1
100071,120022,10,Main,False,True,Texture2D'/Game/GUI/Common/Tex/Emblem/02/Tex_Emblem_02_0022.Tex_Emblem_02_0022',Texture2D'/Game/GUI/Common/Tex/Emblem/02/Tex_Emblem_02_0022_Flag.Tex_Emblem_02_0022_Flag',,1
100072,120023,ルーンｇ,Main,False,True,Texture2D'/Game/GUI/Common/Tex/Emblem/02/Tex_Emblem_02_0023.Tex_Emblem_02_0023',Texture2D'/Game/GUI/Common/Tex/Emblem/02/Tex_Emblem_02_0023_Flag.Tex_Emblem_02_0023_Flag',,1
100073,120024,ルーンｐ,Main,False,True,Texture2D'/Game/GUI/Common/Tex/Emblem/02/Tex_Emblem_02_0024.Tex_Emblem_02_0024',Texture2D'/Game/GUI/Common/Tex/Emblem/02/Tex_Emblem_02_0024_Flag.Tex_Emblem_02_0024_Flag',,1
100074,120025,ルーンｊ,Main,False,True,Texture2D'/Game/GUI/Common/Tex/Emblem/02/Tex_Emblem_02_0025.Tex_Emblem_02_0025',Texture2D'/Game/GUI/Common/Tex/Emblem/02/Tex_Emblem_02_0025_Flag.Tex_Emblem_02_0025_Flag',,1
100075,120026,ルーンｄ,Main,False,True,Texture2D'/Game/GUI/Common/Tex/Emblem/02/Tex_Emblem_02_0026.Tex_Emblem_02_0026',Texture2D'/Game/GUI/Common/Tex/Emblem/02/Tex_Emblem_02_0026_Flag.Tex_Emblem_02_0026_Flag',,1
100076,120027,ドラゴン,Main,False,True,Texture2D'/Game/GUI/Common/Tex/Emblem/02/Tex_Emblem_02_0027.Tex_Emblem_02_0027',Texture2D'/Game/GUI/Common/Tex/Emblem/02/Tex_Emblem_02_0027_Flag.Tex_Emblem_02_0027_Flag',,1
100077,120028,ドラゴンヘッド,Main,False,True,Texture2D'/Game/GUI/Common/Tex/Emblem/02/Tex_Emblem_02_0028.Tex_Emblem_02_0028',Texture2D'/Game/GUI/Common/Tex/Emblem/02/Tex_Emblem_02_0028_Flag.Tex_Emblem_02_0028_Flag',,1
100078,120029,ユニコーンヘッド,Main,False,True,Texture2D'/Game/GUI/Common/Tex/Emblem/02/Tex_Emblem_02_0029.Tex_Emblem_02_0029',Texture2D'/Game/GUI/Common/Tex/Emblem/02/Tex_Emblem_02_0029_Flag.Tex_Emblem_02_0029_Flag',,1
100079,120030,ポップユニコーン,Main,False,True,Texture2D'/Game/GUI/Common/Tex/Emblem/02/Tex_Emblem_02_0030.Tex_Emblem_02_0030',Texture2D'/Game/GUI/Common/Tex/Emblem/02/Tex_Emblem_02_0030_Flag.Tex_Emblem_02_0030_Flag',,1
100080,120031,フェニックス,Main,False,True,Texture2D'/Game/GUI/Common/Tex/Emblem/02/Tex_Emblem_02_0031.Tex_Emblem_02_0031',Texture2D'/Game/GUI/Common/Tex/Emblem/02/Tex_Emblem_02_0031_Flag.Tex_Emblem_02_0031_Flag',,1
100081,120032,イーグル,Main,False,True,Texture2D'/Game/GUI/Common/Tex/Emblem/02/Tex_Emblem_02_0032.Tex_Emblem_02_0032',Texture2D'/Game/GUI/Common/Tex/Emblem/02/Tex_Emblem_02_0032_Flag.Tex_Emblem_02_0032_Flag',,1
100082,120033,ピジョン,Main,False,True,Texture2D'/Game/GUI/Common/Tex/Emblem/02/Tex_Emblem_02_0033.Tex_Emblem_02_0033',Texture2D'/Game/GUI/Common/Tex/Emblem/02/Tex_Emblem_02_0033_Flag.Tex_Emblem_02_0033_Flag',,1
100083,120034,オウル,Main,False,True,Texture2D'/Game/GUI/Common/Tex/Emblem/02/Tex_Emblem_02_0034.Tex_Emblem_02_0034',Texture2D'/Game/GUI/Common/Tex/Emblem/02/Tex_Emblem_02_0034_Flag.Tex_Emblem_02_0034_Flag',,1
100084,120035,バタフライ,Main,False,True,Texture2D'/Game/GUI/Common/Tex/Emblem/02/Tex_Emblem_02_0035.Tex_Emblem_02_0035',Texture2D'/Game/GUI/Common/Tex/Emblem/02/Tex_Emblem_02_0035_Flag.Tex_Emblem_02_0035_Flag',,1
100085,120036,スコーピオン,Main,False,True,Texture2D'/Game/GUI/Common/Tex/Emblem/02/Tex_Emblem_02_0036.Tex_Emblem_02_0036',Texture2D'/Game/GUI/Common/Tex/Emblem/02/Tex_Emblem_02_0036_Flag.Tex_Emblem_02_0036_Flag',,1
100086,120037,ビー,Main,False,True,Texture2D'/Game/GUI/Common/Tex/Emblem/02/Tex_Emblem_02_0037.Tex_Emblem_02_0037',Texture2D'/Game/GUI/Common/Tex/Emblem/02/Tex_Emblem_02_0037_Flag.Tex_Emblem_02_0037_Flag',,1
100087,120038,スネークヘッド,Main,False,True,Texture2D'/Game/GUI/Common/Tex/Emblem/02/Tex_Emblem_02_0038.Tex_Emblem_02_0038',Texture2D'/Game/GUI/Common/Tex/Emblem/02/Tex_Emblem_02_0038_Flag.Tex_Emblem_02_0038_Flag',,1
100088,120039,ライオンヘッド,Main,False,True,Texture2D'/Game/GUI/Common/Tex/Emblem/02/Tex_Emblem_02_0039.Tex_Emblem_02_0039',Texture2D'/Game/GUI/Common/Tex/Emblem/02/Tex_Emblem_02_0039_Flag.Tex_Emblem_02_0039_Flag',,1
100089,120040,シャーク,Main,False,True,Texture2D'/Game/GUI/Common/Tex/Emblem/02/Tex_Emblem_02_0040.Tex_Emblem_02_0040',Texture2D'/Game/GUI/Common/Tex/Emblem/02/Tex_Emblem_02_0040_Flag.Tex_Emblem_02_0040_Flag',,1
100090,120041,ナインテイル,Main,False,True,Texture2D'/Game/GUI/Common/Tex/Emblem/02/Tex_Emblem_02_0041.Tex_Emblem_02_0041',Texture2D'/Game/GUI/Common/Tex/Emblem/02/Tex_Emblem_02_0041_Flag.Tex_Emblem_02_0041_Flag',,1
100091,120042,オシャレ猫,Main,False,True,Texture2D'/Game/GUI/Common/Tex/Emblem/02/Tex_Emblem_02_0042.Tex_Emblem_02_0042',Texture2D'/Game/GUI/Common/Tex/Emblem/02/Tex_Emblem_02_0042_Flag.Tex_Emblem_02_0042_Flag',,1
100092,120043,オシャレ犬,Main,False,True,Texture2D'/Game/GUI/Common/Tex/Emblem/02/Tex_Emblem_02_0043.Tex_Emblem_02_0043',Texture2D'/Game/GUI/Common/Tex/Emblem/02/Tex_Emblem_02_0043_Flag.Tex_Emblem_02_0043_Flag',,1
100093,120044,おすわり猫,Main,False,True,Texture2D'/Game/GUI/Common/Tex/Emblem/02/Tex_Emblem_02_0044.Tex_Emblem_02_0044',Texture2D'/Game/GUI/Common/Tex/Emblem/02/Tex_Emblem_02_0044_Flag.Tex_Emblem_02_0044_Flag',,1
100094,120045,うさぎ,Main,False,True,Texture2D'/Game/GUI/Common/Tex/Emblem/02/Tex_Emblem_02_0045.Tex_Emblem_02_0045',Texture2D'/Game/GUI/Common/Tex/Emblem/02/Tex_Emblem_02_0045_Flag.Tex_Emblem_02_0045_Flag',,1
100095,120046,猫,Main,False,True,Texture2D'/Game/GUI/Common/Tex/Emblem/02/Tex_Emblem_02_0046.Tex_Emblem_02_0046',Texture2D'/Game/GUI/Common/Tex/Emblem/02/Tex_Emblem_02_0046_Flag.Tex_Emblem_02_0046_Flag',,1
100096,120047,フライングひよこ,Main,False,True,Texture2D'/Game/GUI/Common/Tex/Emblem/02/Tex_Emblem_02_0047.Tex_Emblem_02_0047',Texture2D'/Game/GUI/Common/Tex/Emblem/02/Tex_Emblem_02_0047_Flag.Tex_Emblem_02_0047_Flag',,1
100097,120048,狐メン,Main,False,True,Texture2D'/Game/GUI/Common/Tex/Emblem/02/Tex_Emblem_02_0048.Tex_Emblem_02_0048',Texture2D'/Game/GUI/Common/Tex/Emblem/02/Tex_Emblem_02_0048_Flag.Tex_Emblem_02_0048_Flag',,1
100098,120049,月うさぎ,Main,False,True,Texture2D'/Game/GUI/Common/Tex/Emblem/02/Tex_Emblem_02_0049.Tex_Emblem_02_0049',Texture2D'/Game/GUI/Common/Tex/Emblem/02/Tex_Emblem_02_0049_Flag.Tex_Emblem_02_0049_Flag',,1
100099,120050,ドルフィン,Main,False,True,Texture2D'/Game/GUI/Common/Tex/Emblem/02/Tex_Emblem_02_0050.Tex_Emblem_02_0050',Texture2D'/Game/GUI/Common/Tex/Emblem/02/Tex_Emblem_02_0050_Flag.Tex_Emblem_02_0050_Flag',,1
100100,120051,バードゲージ,Main,False,True,Texture2D'/Game/GUI/Common/Tex/Emblem/02/Tex_Emblem_02_0051.Tex_Emblem_02_0051',Texture2D'/Game/GUI/Common/Tex/Emblem/02/Tex_Emblem_02_0051_Flag.Tex_Emblem_02_0051_Flag',,1
100101,120052,クジャク,Main,False,True,Texture2D'/Game/GUI/Common/Tex/Emblem/02/Tex_Emblem_02_0052.Tex_Emblem_02_0052',Texture2D'/Game/GUI/Common/Tex/Emblem/02/Tex_Emblem_02_0052_Flag.Tex_Emblem_02_0052_Flag',,1
100102,120053,フィーバー,Main,False,True,Texture2D'/Game/GUI/Common/Tex/Emblem/02/Tex_Emblem_02_0053.Tex_Emblem_02_0053',Texture2D'/Game/GUI/Common/Tex/Emblem/02/Tex_Emblem_02_0053_Flag.Tex_Emblem_02_0053_Flag',,1
100103,120054,鳳凰の構え,Main,False,True,Texture2D'/Game/GUI/Common/Tex/Emblem/02/Tex_Emblem_02_0054.Tex_Emblem_02_0054',Texture2D'/Game/GUI/Common/Tex/Emblem/02/Tex_Emblem_02_0054_Flag.Tex_Emblem_02_0054_Flag',,1
100104,120055,シップ,Main,False,True,Texture2D'/Game/GUI/Common/Tex/Emblem/02/Tex_Emblem_02_0055.Tex_Emblem_02_0055',Texture2D'/Game/GUI/Common/Tex/Emblem/02/Tex_Emblem_02_0055_Flag.Tex_Emblem_02_0055_Flag',,1
100105,120056,ハート,Main,False,True,Texture2D'/Game/GUI/Common/Tex/Emblem/02/Tex_Emblem_02_0056.Tex_Emblem_02_0056',Texture2D'/Game/GUI/Common/Tex/Emblem/02/Tex_Emblem_02_0056_Flag.Tex_Emblem_02_0056_Flag',,1
100106,120057,スペード,Main,False,True,Texture2D'/Game/GUI/Common/Tex/Emblem/02/Tex_Emblem_02_0057.Tex_Emblem_02_0057',Texture2D'/Game/GUI/Common/Tex/Emblem/02/Tex_Emblem_02_0057_Flag.Tex_Emblem_02_0057_Flag',,1
100107,120058,クラブ,Main,False,True,Texture2D'/Game/GUI/Common/Tex/Emblem/02/Tex_Emblem_02_0058.Tex_Emblem_02_0058',Texture2D'/Game/GUI/Common/Tex/Emblem/02/Tex_Emblem_02_0058_Flag.Tex_Emblem_02_0058_Flag',,1
100108,120059,ダイヤ,Main,False,True,Texture2D'/Game/GUI/Common/Tex/Emblem/02/Tex_Emblem_02_0059.Tex_Emblem_02_0059',Texture2D'/Game/GUI/Common/Tex/Emblem/02/Tex_Emblem_02_0059_Flag.Tex_Emblem_02_0059_Flag',,1
100109,120060,アイスクリスタル,Main,False,True,Texture2D'/Game/GUI/Common/Tex/Emblem/02/Tex_Emblem_02_0060.Tex_Emblem_02_0060',Texture2D'/Game/GUI/Common/Tex/Emblem/02/Tex_Emblem_02_0060_Flag.Tex_Emblem_02_0060_Flag',,1
100110,120061,ギア,Main,False,True,Texture2D'/Game/GUI/Common/Tex/Emblem/02/Tex_Emblem_02_0061.Tex_Emblem_02_0061',Texture2D'/Game/GUI/Common/Tex/Emblem/02/Tex_Emblem_02_0061_Flag.Tex_Emblem_02_0061_Flag',,1
100111,120062,スズランハート,Main,False,True,Texture2D'/Game/GUI/Common/Tex/Emblem/02/Tex_Emblem_02_0062.Tex_Emblem_02_0062',Texture2D'/Game/GUI/Common/Tex/Emblem/02/Tex_Emblem_02_0062_Flag.Tex_Emblem_02_0062_Flag',,1
100112,120063,リーフハート,Main,False,True,Texture2D'/Game/GUI/Common/Tex/Emblem/02/Tex_Emblem_02_0063.Tex_Emblem_02_0063',Texture2D'/Game/GUI/Common/Tex/Emblem/02/Tex_Emblem_02_0063_Flag.Tex_Emblem_02_0063_Flag',,1
100113,120064,フローズン,Main,False,True,Texture2D'/Game/GUI/Common/Tex/Emblem/02/Tex_Emblem_02_0064.Tex_Emblem_02_0064',Texture2D'/Game/GUI/Common/Tex/Emblem/02/Tex_Emblem_02_0064_Flag.Tex_Emblem_02_0064_Flag',,1
100114,120065,ハートフル,Main,False,True,Texture2D'/Game/GUI/Common/Tex/Emblem/02/Tex_Emblem_02_0065.Tex_Emblem_02_0065',Texture2D'/Game/GUI/Common/Tex/Emblem/02/Tex_Emblem_02_0065_Flag.Tex_Emblem_02_0065_Flag',,1
100115,120066,蓮,Main,False,True,Texture2D'/Game/GUI/Common/Tex/Emblem/02/Tex_Emblem_02_0066.Tex_Emblem_02_0066',Texture2D'/Game/GUI/Common/Tex/Emblem/02/Tex_Emblem_02_0066_Flag.Tex_Emblem_02_0066_Flag',,1
100116,120067,ローズ,Main,False,True,Texture2D'/Game/GUI/Common/Tex/Emblem/02/Tex_Emblem_02_0067.Tex_Emblem_02_0067',Texture2D'/Game/GUI/Common/Tex/Emblem/02/Tex_Emblem_02_0067_Flag.Tex_Emblem_02_0067_Flag',,1
100117,120068,フラワーマーク,Main,False,True,Texture2D'/Game/GUI/Common/Tex/Emblem/02/Tex_Emblem_02_0068.Tex_Emblem_02_0068',Texture2D'/Game/GUI/Common/Tex/Emblem/02/Tex_Emblem_02_0068_Flag.Tex_Emblem_02_0068_Flag',,1
100118,120069,バンブーリーフ,Main,False,True,Texture2D'/Game/GUI/Common/Tex/Emblem/02/Tex_Emblem_02_0069.Tex_Emblem_02_0069',Texture2D'/Game/GUI/Common/Tex/Emblem/02/Tex_Emblem_02_0069_Flag.Tex_Emblem_02_0069_Flag',,1
100119,120070,クローバーリーフ,Main,False,True,Texture2D'/Game/GUI/Common/Tex/Emblem/02/Tex_Emblem_02_0070.Tex_Emblem_02_0070',Texture2D'/Game/GUI/Common/Tex/Emblem/02/Tex_Emblem_02_0070_Flag.Tex_Emblem_02_0070_Flag',,1
100120,120071,オールドヘルム,Main,False,True,Texture2D'/Game/GUI/Common/Tex/Emblem/02/Tex_Emblem_02_0071.Tex_Emblem_02_0071',Texture2D'/Game/GUI/Common/Tex/Emblem/02/Tex_Emblem_02_0071_Flag.Tex_Emblem_02_0071_Flag',,1
100121,120072,フルールトリス,Main,False,True,Texture2D'/Game/GUI/Common/Tex/Emblem/02/Tex_Emblem_02_0072.Tex_Emblem_02_0072',Texture2D'/Game/GUI/Common/Tex/Emblem/02/Tex_Emblem_02_0072_Flag.Tex_Emblem_02_0072_Flag',,1
100122,120073,トランプ,Main,False,True,Texture2D'/Game/GUI/Common/Tex/Emblem/02/Tex_Emblem_02_0073.Tex_Emblem_02_0073',Texture2D'/Game/GUI/Common/Tex/Emblem/02/Tex_Emblem_02_0073_Flag.Tex_Emblem_02_0073_Flag',,1
100123,120074,メイドウェア,Main,False,True,Texture2D'/Game/GUI/Common/Tex/Emblem/02/Tex_Emblem_02_0074.Tex_Emblem_02_0074',Texture2D'/Game/GUI/Common/Tex/Emblem/02/Tex_Emblem_02_0074_Flag.Tex_Emblem_02_0074_Flag',,1
100124,120075,素敵ブローチ,Main,False,True,Texture2D'/Game/GUI/Common/Tex/Emblem/02/Tex_Emblem_02_0075.Tex_Emblem_02_0075',Texture2D'/Game/GUI/Common/Tex/Emblem/02/Tex_Emblem_02_0075_Flag.Tex_Emblem_02_0075_Flag',,1
100125,120076,ザ・マスク,Main,False,True,Texture2D'/Game/GUI/Common/Tex/Emblem/02/Tex_Emblem_02_0076.Tex_Emblem_02_0076',Texture2D'/Game/GUI/Common/Tex/Emblem/02/Tex_Emblem_02_0076_Flag.Tex_Emblem_02_0076_Flag',,1
100126,120077,リボン,Main,False,True,Texture2D'/Game/GUI/Common/Tex/Emblem/02/Tex_Emblem_02_0077.Tex_Emblem_02_0077',Texture2D'/Game/GUI/Common/Tex/Emblem/02/Tex_Emblem_02_0077_Flag.Tex_Emblem_02_0077_Flag',,1
100127,120078,ハートキー,Main,False,True,Texture2D'/Game/GUI/Common/Tex/Emblem/02/Tex_Emblem_02_0078.Tex_Emblem_02_0078',Texture2D'/Game/GUI/Common/Tex/Emblem/02/Tex_Emblem_02_0078_Flag.Tex_Emblem_02_0078_Flag',,1
100128,120079,ツインベル,Main,False,True,Texture2D'/Game/GUI/Common/Tex/Emblem/02/Tex_Emblem_02_0079.Tex_Emblem_02_0079',Texture2D'/Game/GUI/Common/Tex/Emblem/02/Tex_Emblem_02_0079_Flag.Tex_Emblem_02_0079_Flag',,1
100129,120080,フォーリンラブ,Main,False,True,Texture2D'/Game/GUI/Common/Tex/Emblem/02/Tex_Emblem_02_0080.Tex_Emblem_02_0080',Texture2D'/Game/GUI/Common/Tex/Emblem/02/Tex_Emblem_02_0080_Flag.Tex_Emblem_02_0080_Flag',,1
100130,120081,セーラーウェア,Main,False,True,Texture2D'/Game/GUI/Common/Tex/Emblem/02/Tex_Emblem_02_0081.Tex_Emblem_02_0081',Texture2D'/Game/GUI/Common/Tex/Emblem/02/Tex_Emblem_02_0081_Flag.Tex_Emblem_02_0081_Flag',,1
100131,120082,フライングハート,Main,False,True,Texture2D'/Game/GUI/Common/Tex/Emblem/02/Tex_Emblem_02_0082.Tex_Emblem_02_0082',Texture2D'/Game/GUI/Common/Tex/Emblem/02/Tex_Emblem_02_0082_Flag.Tex_Emblem_02_0082_Flag',,1
100132,120083,シャープソウル,Main,False,True,Texture2D'/Game/GUI/Common/Tex/Emblem/02/Tex_Emblem_02_0083.Tex_Emblem_02_0083',Texture2D'/Game/GUI/Common/Tex/Emblem/02/Tex_Emblem_02_0083_Flag.Tex_Emblem_02_0083_Flag',,1
100133,120084,シェイプウォーター,Main,False,True,Texture2D'/Game/GUI/Common/Tex/Emblem/02/Tex_Emblem_02_0084.Tex_Emblem_02_0084',Texture2D'/Game/GUI/Common/Tex/Emblem/02/Tex_Emblem_02_0084_Flag.Tex_Emblem_02_0084_Flag',,1
100134,120085,スピードウイングA,Main,False,True,Texture2D'/Game/GUI/Common/Tex/Emblem/02/Tex_Emblem_02_0085.Tex_Emblem_02_0085',Texture2D'/Game/GUI/Common/Tex/Emblem/02/Tex_Emblem_02_0085_Flag.Tex_Emblem_02_0085_Flag',,1
100135,120086,スピードウイングB,Main,False,True,Texture2D'/Game/GUI/Common/Tex/Emblem/02/Tex_Emblem_02_0086.Tex_Emblem_02_0086',Texture2D'/Game/GUI/Common/Tex/Emblem/02/Tex_Emblem_02_0086_Flag.Tex_Emblem_02_0086_Flag',,1
100136,120087,フライングスター,Main,False,True,Texture2D'/Game/GUI/Common/Tex/Emblem/02/Tex_Emblem_02_0087.Tex_Emblem_02_0087',Texture2D'/Game/GUI/Common/Tex/Emblem/02/Tex_Emblem_02_0087_Flag.Tex_Emblem_02_0087_Flag',,1
100137,120088,ガンスクウェア,Main,False,True,Texture2D'/Game/GUI/Common/Tex/Emblem/02/Tex_Emblem_02_0088.Tex_Emblem_02_0088',Texture2D'/Game/GUI/Common/Tex/Emblem/02/Tex_Emblem_02_0088_Flag.Tex_Emblem_02_0088_Flag',,1
100138,120089,トーン,Main,False,True,Texture2D'/Game/GUI/Common/Tex/Emblem/02/Tex_Emblem_02_0089.Tex_Emblem_02_0089',Texture2D'/Game/GUI/Common/Tex/Emblem/02/Tex_Emblem_02_0089_Flag.Tex_Emblem_02_0089_Flag',,1
100139,120090,スピナ－,Main,True,True,Texture2D'/Game/GUI/Common/Tex/Emblem/02/Tex_Emblem_02_0090.Tex_Emblem_02_0090',Texture2D'/Game/GUI/Common/Tex/Emblem/02/Tex_Emblem_02_0090_Flag.Tex_Emblem_02_0090_Flag',,1
100140,120091,初心者マーク,Main,True,False,Texture2D'/Game/GUI/Common/Tex/Emblem/02/Tex_Emblem_02_0091.Tex_Emblem_02_0091',Texture2D'/Game/GUI/Common/Tex/Emblem/02/Tex_Emblem_02_0091_Flag.Tex_Emblem_02_0091_Flag',,1
100141,120092,鏡餅,Main,False,True,Texture2D'/Game/GUI/Common/Tex/Emblem/02/Tex_Emblem_02_0092.Tex_Emblem_02_0092',Texture2D'/Game/GUI/Common/Tex/Emblem/02/Tex_Emblem_02_0092_Flag.Tex_Emblem_02_0092_Flag',,1
100142,120093,羽子板,Main,False,True,Texture2D'/Game/GUI/Common/Tex/Emblem/02/Tex_Emblem_02_0093.Tex_Emblem_02_0093',Texture2D'/Game/GUI/Common/Tex/Emblem/02/Tex_Emblem_02_0093_Flag.Tex_Emblem_02_0093_Flag',,1
100143,120094,門松,Main,False,True,Texture2D'/Game/GUI/Common/Tex/Emblem/02/Tex_Emblem_02_0094.Tex_Emblem_02_0094',Texture2D'/Game/GUI/Common/Tex/Emblem/02/Tex_Emblem_02_0094_Flag.Tex_Emblem_02_0094_Flag',,1
100144,120095,豆まき,Main,False,True,Texture2D'/Game/GUI/Common/Tex/Emblem/02/Tex_Emblem_02_0095.Tex_Emblem_02_0095',Texture2D'/Game/GUI/Common/Tex/Emblem/02/Tex_Emblem_02_0095_Flag.Tex_Emblem_02_0095_Flag',,1
100145,120096,恵方巻き,Main,False,True,Texture2D'/Game/GUI/Common/Tex/Emblem/02/Tex_Emblem_02_0096.Tex_Emblem_02_0096',Texture2D'/Game/GUI/Common/Tex/Emblem/02/Tex_Emblem_02_0096_Flag.Tex_Emblem_02_0096_Flag',,1
100146,120097,チョコ,Main,False,True,Texture2D'/Game/GUI/Common/Tex/Emblem/02/Tex_Emblem_02_0097.Tex_Emblem_02_0097',Texture2D'/Game/GUI/Common/Tex/Emblem/02/Tex_Emblem_02_0097_Flag.Tex_Emblem_02_0097_Flag',,1
100147,120098,プレゼント,Main,False,True,Texture2D'/Game/GUI/Common/Tex/Emblem/02/Tex_Emblem_02_0098.Tex_Emblem_02_0098',Texture2D'/Game/GUI/Common/Tex/Emblem/02/Tex_Emblem_02_0098_Flag.Tex_Emblem_02_0098_Flag',,1
100148,120099,お雛様,Main,False,True,Texture2D'/Game/GUI/Common/Tex/Emblem/02/Tex_Emblem_02_0099.Tex_Emblem_02_0099',Texture2D'/Game/GUI/Common/Tex/Emblem/02/Tex_Emblem_02_0099_Flag.Tex_Emblem_02_0099_Flag',,1
100149,120100,ひな祭り,Main,False,True,Texture2D'/Game/GUI/Common/Tex/Emblem/02/Tex_Emblem_02_0100.Tex_Emblem_02_0100',Texture2D'/Game/GUI/Common/Tex/Emblem/02/Tex_Emblem_02_0100_Flag.Tex_Emblem_02_0100_Flag',,1
100150,120101,桜,Main,False,True,Texture2D'/Game/GUI/Common/Tex/Emblem/02/Tex_Emblem_02_0101.Tex_Emblem_02_0101',Texture2D'/Game/GUI/Common/Tex/Emblem/02/Tex_Emblem_02_0101_Flag.Tex_Emblem_02_0101_Flag',,1
100151,120102,三色団子,Main,False,True,Texture2D'/Game/GUI/Common/Tex/Emblem/02/Tex_Emblem_02_0102.Tex_Emblem_02_0102',Texture2D'/Game/GUI/Common/Tex/Emblem/02/Tex_Emblem_02_0102_Flag.Tex_Emblem_02_0102_Flag',,1
100152,120103,鯉のぼり,Main,False,True,Texture2D'/Game/GUI/Common/Tex/Emblem/02/Tex_Emblem_02_0103.Tex_Emblem_02_0103',Texture2D'/Game/GUI/Common/Tex/Emblem/02/Tex_Emblem_02_0103_Flag.Tex_Emblem_02_0103_Flag',,1
100153,120104,カブト,Main,False,True,Texture2D'/Game/GUI/Common/Tex/Emblem/02/Tex_Emblem_02_0104.Tex_Emblem_02_0104',Texture2D'/Game/GUI/Common/Tex/Emblem/02/Tex_Emblem_02_0104_Flag.Tex_Emblem_02_0104_Flag',,1
100154,120105,柏餅,Main,False,True,Texture2D'/Game/GUI/Common/Tex/Emblem/02/Tex_Emblem_02_0105.Tex_Emblem_02_0105',Texture2D'/Game/GUI/Common/Tex/Emblem/02/Tex_Emblem_02_0105_Flag.Tex_Emblem_02_0105_Flag',,1
100155,120106,カタツムリ,Main,False,True,Texture2D'/Game/GUI/Common/Tex/Emblem/02/Tex_Emblem_02_0106.Tex_Emblem_02_0106',Texture2D'/Game/GUI/Common/Tex/Emblem/02/Tex_Emblem_02_0106_Flag.Tex_Emblem_02_0106_Flag',,1
100156,120107,てるてるぼうず,Main,False,True,Texture2D'/Game/GUI/Common/Tex/Emblem/02/Tex_Emblem_02_0107.Tex_Emblem_02_0107',Texture2D'/Game/GUI/Common/Tex/Emblem/02/Tex_Emblem_02_0107_Flag.Tex_Emblem_02_0107_Flag',,1
100157,120108,傘,Main,False,True,Texture2D'/Game/GUI/Common/Tex/Emblem/02/Tex_Emblem_02_0108.Tex_Emblem_02_0108',Texture2D'/Game/GUI/Common/Tex/Emblem/02/Tex_Emblem_02_0108_Flag.Tex_Emblem_02_0108_Flag',,1
100158,120109,短冊,Main,False,True,Texture2D'/Game/GUI/Common/Tex/Emblem/02/Tex_Emblem_02_0109.Tex_Emblem_02_0109',Texture2D'/Game/GUI/Common/Tex/Emblem/02/Tex_Emblem_02_0109_Flag.Tex_Emblem_02_0109_Flag',,1
100159,120110,織姫と彦星,Main,False,True,Texture2D'/Game/GUI/Common/Tex/Emblem/02/Tex_Emblem_02_0110.Tex_Emblem_02_0110',Texture2D'/Game/GUI/Common/Tex/Emblem/02/Tex_Emblem_02_0110_Flag.Tex_Emblem_02_0110_Flag',,1
100160,120111,天の川,Main,False,True,Texture2D'/Game/GUI/Common/Tex/Emblem/02/Tex_Emblem_02_0111.Tex_Emblem_02_0111',Texture2D'/Game/GUI/Common/Tex/Emblem/02/Tex_Emblem_02_0111_Flag.Tex_Emblem_02_0111_Flag',,1
100161,120112,ひまわり,Main,False,True,Texture2D'/Game/GUI/Common/Tex/Emblem/02/Tex_Emblem_02_0112.Tex_Emblem_02_0112',Texture2D'/Game/GUI/Common/Tex/Emblem/02/Tex_Emblem_02_0112_Flag.Tex_Emblem_02_0112_Flag',,1
100162,120113,スイカ,Main,False,True,Texture2D'/Game/GUI/Common/Tex/Emblem/02/Tex_Emblem_02_0113.Tex_Emblem_02_0113',Texture2D'/Game/GUI/Common/Tex/Emblem/02/Tex_Emblem_02_0113_Flag.Tex_Emblem_02_0113_Flag',,1
100163,120114,浮き輪とハイビスカス,Main,False,True,Texture2D'/Game/GUI/Common/Tex/Emblem/02/Tex_Emblem_02_0114.Tex_Emblem_02_0114',Texture2D'/Game/GUI/Common/Tex/Emblem/02/Tex_Emblem_02_0114_Flag.Tex_Emblem_02_0114_Flag',,1
100164,120115,かとり豚,Main,False,True,Texture2D'/Game/GUI/Common/Tex/Emblem/02/Tex_Emblem_02_0115.Tex_Emblem_02_0115',Texture2D'/Game/GUI/Common/Tex/Emblem/02/Tex_Emblem_02_0115_Flag.Tex_Emblem_02_0115_Flag',,1
100165,120116,かき氷,Main,False,True,Texture2D'/Game/GUI/Common/Tex/Emblem/02/Tex_Emblem_02_0116.Tex_Emblem_02_0116',Texture2D'/Game/GUI/Common/Tex/Emblem/02/Tex_Emblem_02_0116_Flag.Tex_Emblem_02_0116_Flag',,1
100166,120117,お月見団子,Main,False,True,Texture2D'/Game/GUI/Common/Tex/Emblem/02/Tex_Emblem_02_0117.Tex_Emblem_02_0117',Texture2D'/Game/GUI/Common/Tex/Emblem/02/Tex_Emblem_02_0117_Flag.Tex_Emblem_02_0117_Flag',,1
100167,120118,うさぎオンザムーン,Main,False,True,Texture2D'/Game/GUI/Common/Tex/Emblem/02/Tex_Emblem_02_0118.Tex_Emblem_02_0118',Texture2D'/Game/GUI/Common/Tex/Emblem/02/Tex_Emblem_02_0118_Flag.Tex_Emblem_02_0118_Flag',,1
100168,120119,紅葉,Main,False,True,Texture2D'/Game/GUI/Common/Tex/Emblem/02/Tex_Emblem_02_0119.Tex_Emblem_02_0119',Texture2D'/Game/GUI/Common/Tex/Emblem/02/Tex_Emblem_02_0119_Flag.Tex_Emblem_02_0119_Flag',,1
100169,120120,どんぐり,Main,False,True,Texture2D'/Game/GUI/Common/Tex/Emblem/02/Tex_Emblem_02_0120.Tex_Emblem_02_0120',Texture2D'/Game/GUI/Common/Tex/Emblem/02/Tex_Emblem_02_0120_Flag.Tex_Emblem_02_0120_Flag',,1
100170,120121,くり,Main,False,True,Texture2D'/Game/GUI/Common/Tex/Emblem/02/Tex_Emblem_02_0121.Tex_Emblem_02_0121',Texture2D'/Game/GUI/Common/Tex/Emblem/02/Tex_Emblem_02_0121_Flag.Tex_Emblem_02_0121_Flag',,1
100171,120122,ゴースト,Main,False,True,Texture2D'/Game/GUI/Common/Tex/Emblem/02/Tex_Emblem_02_0122.Tex_Emblem_02_0122',Texture2D'/Game/GUI/Common/Tex/Emblem/02/Tex_Emblem_02_0122_Flag.Tex_Emblem_02_0122_Flag',,1
100172,120123,ジャック・オー・ランタン,Main,False,True,Texture2D'/Game/GUI/Common/Tex/Emblem/02/Tex_Emblem_02_0123.Tex_Emblem_02_0123',Texture2D'/Game/GUI/Common/Tex/Emblem/02/Tex_Emblem_02_0123_Flag.Tex_Emblem_02_0123_Flag',,1
100173,120124,クリスマスツリー,Main,False,True,Texture2D'/Game/GUI/Common/Tex/Emblem/02/Tex_Emblem_02_0124.Tex_Emblem_02_0124',Texture2D'/Game/GUI/Common/Tex/Emblem/02/Tex_Emblem_02_0124_Flag.Tex_Emblem_02_0124_Flag',,1
100174,120125,サンタ人形,Main,False,True,Texture2D'/Game/GUI/Common/Tex/Emblem/02/Tex_Emblem_02_0125.Tex_Emblem_02_0125',Texture2D'/Game/GUI/Common/Tex/Emblem/02/Tex_Emblem_02_0125_Flag.Tex_Emblem_02_0125_Flag',,1
100175,120126,クリスマスプレゼント,Main,False,True,Texture2D'/Game/GUI/Common/Tex/Emblem/02/Tex_Emblem_02_0126.Tex_Emblem_02_0126',Texture2D'/Game/GUI/Common/Tex/Emblem/02/Tex_Emblem_02_0126_Flag.Tex_Emblem_02_0126_Flag',,1
100176,120127,雪だるま,Main,False,True,Texture2D'/Game/GUI/Common/Tex/Emblem/02/Tex_Emblem_02_0127.Tex_Emblem_02_0127',Texture2D'/Game/GUI/Common/Tex/Emblem/02/Tex_Emblem_02_0127_Flag.Tex_Emblem_02_0127_Flag',,1
100177,120128,北海道,OutLine,False,True,Texture2D'/Game/GUI/Common/Tex/Emblem/02/Tex_Emblem_02_0128.Tex_Emblem_02_0128',Texture2D'/Game/GUI/Common/Tex/Emblem/02/Tex_Emblem_02_0128_Flag.Tex_Emblem_02_0128_Flag',,1
100178,120129,青森,OutLine,False,True,Texture2D'/Game/GUI/Common/Tex/Emblem/02/Tex_Emblem_02_0129.Tex_Emblem_02_0129',Texture2D'/Game/GUI/Common/Tex/Emblem/02/Tex_Emblem_02_0129_Flag.Tex_Emblem_02_0129_Flag',,1
100179,120130,岩手,OutLine,False,True,Texture2D'/Game/GUI/Common/Tex/Emblem/02/Tex_Emblem_02_0130.Tex_Emblem_02_0130',Texture2D'/Game/GUI/Common/Tex/Emblem/02/Tex_Emblem_02_0130_Flag.Tex_Emblem_02_0130_Flag',,1
100180,120131,宮城,OutLine,False,True,Texture2D'/Game/GUI/Common/Tex/Emblem/02/Tex_Emblem_02_0131.Tex_Emblem_02_0131',Texture2D'/Game/GUI/Common/Tex/Emblem/02/Tex_Emblem_02_0131_Flag.Tex_Emblem_02_0131_Flag',,1
100181,120132,秋田,OutLine,False,True,Texture2D'/Game/GUI/Common/Tex/Emblem/02/Tex_Emblem_02_0132.Tex_Emblem_02_0132',Texture2D'/Game/GUI/Common/Tex/Emblem/02/Tex_Emblem_02_0132_Flag.Tex_Emblem_02_0132_Flag',,1
100182,120133,山形,OutLine,False,True,Texture2D'/Game/GUI/Common/Tex/Emblem/02/Tex_Emblem_02_0133.Tex_Emblem_02_0133',Texture2D'/Game/GUI/Common/Tex/Emblem/02/Tex_Emblem_02_0133_Flag.Tex_Emblem_02_0133_Flag',,1
100183,120134,福島,OutLine,False,True,Texture2D'/Game/GUI/Common/Tex/Emblem/02/Tex_Emblem_02_0134.Tex_Emblem_02_0134',Texture2D'/Game/GUI/Common/Tex/Emblem/02/Tex_Emblem_02_0134_Flag.Tex_Emblem_02_0134_Flag',,1
100184,120135,茨城,OutLine,False,True,Texture2D'/Game/GUI/Common/Tex/Emblem/02/Tex_Emblem_02_0135.Tex_Emblem_02_0135',Texture2D'/Game/GUI/Common/Tex/Emblem/02/Tex_Emblem_02_0135_Flag.Tex_Emblem_02_0135_Flag',,1
100185,120136,栃木,OutLine,False,True,Texture2D'/Game/GUI/Common/Tex/Emblem/02/Tex_Emblem_02_0136.Tex_Emblem_02_0136',Texture2D'/Game/GUI/Common/Tex/Emblem/02/Tex_Emblem_02_0136_Flag.Tex_Emblem_02_0136_Flag',,1
100186,120137,群馬,OutLine,False,True,Texture2D'/Game/GUI/Common/Tex/Emblem/02/Tex_Emblem_02_0137.Tex_Emblem_02_0137',Texture2D'/Game/GUI/Common/Tex/Emblem/02/Tex_Emblem_02_0137_Flag.Tex_Emblem_02_0137_Flag',,1
100187,120138,埼玉,OutLine,False,True,Texture2D'/Game/GUI/Common/Tex/Emblem/02/Tex_Emblem_02_0138.Tex_Emblem_02_0138',Texture2D'/Game/GUI/Common/Tex/Emblem/02/Tex_Emblem_02_0138_Flag.Tex_Emblem_02_0138_Flag',,1
100188,120139,千葉,OutLine,False,True,Texture2D'/Game/GUI/Common/Tex/Emblem/02/Tex_Emblem_02_0139.Tex_Emblem_02_0139',Texture2D'/Game/GUI/Common/Tex/Emblem/02/Tex_Emblem_02_0139_Flag.Tex_Emblem_02_0139_Flag',,1
100189,120140,東京,OutLine,False,True,Texture2D'/Game/GUI/Common/Tex/Emblem/02/Tex_Emblem_02_0140.Tex_Emblem_02_0140',Texture2D'/Game/GUI/Common/Tex/Emblem/02/Tex_Emblem_02_0140_Flag.Tex_Emblem_02_0140_Flag',,1
100190,120141,神奈川,OutLine,False,True,Texture2D'/Game/GUI/Common/Tex/Emblem/02/Tex_Emblem_02_0141.Tex_Emblem_02_0141',Texture2D'/Game/GUI/Common/Tex/Emblem/02/Tex_Emblem_02_0141_Flag.Tex_Emblem_02_0141_Flag',,1
100191,120142,新潟,OutLine,False,True,Texture2D'/Game/GUI/Common/Tex/Emblem/02/Tex_Emblem_02_0142.Tex_Emblem_02_0142',Texture2D'/Game/GUI/Common/Tex/Emblem/02/Tex_Emblem_02_0142_Flag.Tex_Emblem_02_0142_Flag',,1
100192,120143,富山,OutLine,False,True,Texture2D'/Game/GUI/Common/Tex/Emblem/02/Tex_Emblem_02_0143.Tex_Emblem_02_0143',Texture2D'/Game/GUI/Common/Tex/Emblem/02/Tex_Emblem_02_0143_Flag.Tex_Emblem_02_0143_Flag',,1
100193,120144,石川,OutLine,False,True,Texture2D'/Game/GUI/Common/Tex/Emblem/02/Tex_Emblem_02_0144.Tex_Emblem_02_0144',Texture2D'/Game/GUI/Common/Tex/Emblem/02/Tex_Emblem_02_0144_Flag.Tex_Emblem_02_0144_Flag',,1
100194,120145,福井,OutLine,False,True,Texture2D'/Game/GUI/Common/Tex/Emblem/02/Tex_Emblem_02_0145.Tex_Emblem_02_0145',Texture2D'/Game/GUI/Common/Tex/Emblem/02/Tex_Emblem_02_0145_Flag.Tex_Emblem_02_0145_Flag',,1
100195,120146,山梨,OutLine,False,True,Texture2D'/Game/GUI/Common/Tex/Emblem/02/Tex_Emblem_02_0146.Tex_Emblem_02_0146',Texture2D'/Game/GUI/Common/Tex/Emblem/02/Tex_Emblem_02_0146_Flag.Tex_Emblem_02_0146_Flag',,1
100196,120147,長野,OutLine,False,True,Texture2D'/Game/GUI/Common/Tex/Emblem/02/Tex_Emblem_02_0147.Tex_Emblem_02_0147',Texture2D'/Game/GUI/Common/Tex/Emblem/02/Tex_Emblem_02_0147_Flag.Tex_Emblem_02_0147_Flag',,1
100197,120148,岐阜,OutLine,False,True,Texture2D'/Game/GUI/Common/Tex/Emblem/02/Tex_Emblem_02_0148.Tex_Emblem_02_0148',Texture2D'/Game/GUI/Common/Tex/Emblem/02/Tex_Emblem_02_0148_Flag.Tex_Emblem_02_0148_Flag',,1
100198,120149,静岡,OutLine,False,True,Texture2D'/Game/GUI/Common/Tex/Emblem/02/Tex_Emblem_02_0149.Tex_Emblem_02_0149',Texture2D'/Game/GUI/Common/Tex/Emblem/02/Tex_Emblem_02_0149_Flag.Tex_Emblem_02_0149_Flag',,1
100199,120150,愛知,OutLine,False,True,Texture2D'/Game/GUI/Common/Tex/Emblem/02/Tex_Emblem_02_0150.Tex_Emblem_02_0150',Texture2D'/Game/GUI/Common/Tex/Emblem/02/Tex_Emblem_02_0150_Flag.Tex_Emblem_02_0150_Flag',,1
100200,120151,三重,OutLine,False,True,Texture2D'/Game/GUI/Common/Tex/Emblem/02/Tex_Emblem_02_0151.Tex_Emblem_02_0151',Texture2D'/Game/GUI/Common/Tex/Emblem/02/Tex_Emblem_02_0151_Flag.Tex_Emblem_02_0151_Flag',,1
100201,120152,滋賀,OutLine,False,True,Texture2D'/Game/GUI/Common/Tex/Emblem/02/Tex_Emblem_02_0152.Tex_Emblem_02_0152',Texture2D'/Game/GUI/Common/Tex/Emblem/02/Tex_Emblem_02_0152_Flag.Tex_Emblem_02_0152_Flag',,1
100202,120153,京都,OutLine,False,True,Texture2D'/Game/GUI/Common/Tex/Emblem/02/Tex_Emblem_02_0153.Tex_Emblem_02_0153',Texture2D'/Game/GUI/Common/Tex/Emblem/02/Tex_Emblem_02_0153_Flag.Tex_Emblem_02_0153_Flag',,1
100203,120154,大阪,OutLine,False,True,Texture2D'/Game/GUI/Common/Tex/Emblem/02/Tex_Emblem_02_0154.Tex_Emblem_02_0154',Texture2D'/Game/GUI/Common/Tex/Emblem/02/Tex_Emblem_02_0154_Flag.Tex_Emblem_02_0154_Flag',,1
100204,120155,兵庫,OutLine,False,True,Texture2D'/Game/GUI/Common/Tex/Emblem/02/Tex_Emblem_02_0155.Tex_Emblem_02_0155',Texture2D'/Game/GUI/Common/Tex/Emblem/02/Tex_Emblem_02_0155_Flag.Tex_Emblem_02_0155_Flag',,1
100205,120156,奈良,OutLine,False,True,Texture2D'/Game/GUI/Common/Tex/Emblem/02/Tex_Emblem_02_0156.Tex_Emblem_02_0156',Texture2D'/Game/GUI/Common/Tex/Emblem/02/Tex_Emblem_02_0156_Flag.Tex_Emblem_02_0156_Flag',,1
100206,120157,和歌山,OutLine,False,True,Texture2D'/Game/GUI/Common/Tex/Emblem/02/Tex_Emblem_02_0157.Tex_Emblem_02_0157',Texture2D'/Game/GUI/Common/Tex/Emblem/02/Tex_Emblem_02_0157_Flag.Tex_Emblem_02_0157_Flag',,1
100207,120158,鳥取,OutLine,False,True,Texture2D'/Game/GUI/Common/Tex/Emblem/02/Tex_Emblem_02_0158.Tex_Emblem_02_0158',Texture2D'/Game/GUI/Common/Tex/Emblem/02/Tex_Emblem_02_0158_Flag.Tex_Emblem_02_0158_Flag',,1
100208,120159,島根,OutLine,False,True,Texture2D'/Game/GUI/Common/Tex/Emblem/02/Tex_Emblem_02_0159.Tex_Emblem_02_0159',Texture2D'/Game/GUI/Common/Tex/Emblem/02/Tex_Emblem_02_0159_Flag.Tex_Emblem_02_0159_Flag',,1
100209,120160,岡山,OutLine,False,True,Texture2D'/Game/GUI/Common/Tex/Emblem/02/Tex_Emblem_02_0160.Tex_Emblem_02_0160',Texture2D'/Game/GUI/Common/Tex/Emblem/02/Tex_Emblem_02_0160_Flag.Tex_Emblem_02_0160_Flag',,1
100210,120161,広島,OutLine,False,True,Texture2D'/Game/GUI/Common/Tex/Emblem/02/Tex_Emblem_02_0161.Tex_Emblem_02_0161',Texture2D'/Game/GUI/Common/Tex/Emblem/02/Tex_Emblem_02_0161_Flag.Tex_Emblem_02_0161_Flag',,1
100211,120162,山口,OutLine,False,True,Texture2D'/Game/GUI/Common/Tex/Emblem/02/Tex_Emblem_02_0162.Tex_Emblem_02_0162',Texture2D'/Game/GUI/Common/Tex/Emblem/02/Tex_Emblem_02_0162_Flag.Tex_Emblem_02_0162_Flag',,1
100212,120163,徳島,OutLine,False,True,Texture2D'/Game/GUI/Common/Tex/Emblem/02/Tex_Emblem_02_0163.Tex_Emblem_02_0163',Texture2D'/Game/GUI/Common/Tex/Emblem/02/Tex_Emblem_02_0163_Flag.Tex_Emblem_02_0163_Flag',,1
100213,120164,香川,OutLine,False,True,Texture2D'/Game/GUI/Common/Tex/Emblem/02/Tex_Emblem_02_0164.Tex_Emblem_02_0164',Texture2D'/Game/GUI/Common/Tex/Emblem/02/Tex_Emblem_02_0164_Flag.Tex_Emblem_02_0164_Flag',,1
100214,120165,愛媛,OutLine,False,True,Texture2D'/Game/GUI/Common/Tex/Emblem/02/Tex_Emblem_02_0165.Tex_Emblem_02_0165',Texture2D'/Game/GUI/Common/Tex/Emblem/02/Tex_Emblem_02_0165_Flag.Tex_Emblem_02_0165_Flag',,1
100215,120166,高知,OutLine,False,True,Texture2D'/Game/GUI/Common/Tex/Emblem/02/Tex_Emblem_02_0166.Tex_Emblem_02_0166',Texture2D'/Game/GUI/Common/Tex/Emblem/02/Tex_Emblem_02_0166_Flag.Tex_Emblem_02_0166_Flag',,1
100216,120167,福岡,OutLine,False,True,Texture2D'/Game/GUI/Common/Tex/Emblem/02/Tex_Emblem_02_0167.Tex_Emblem_02_0167',Texture2D'/Game/GUI/Common/Tex/Emblem/02/Tex_Emblem_02_0167_Flag.Tex_Emblem_02_0167_Flag',,1
100217,120168,佐賀,OutLine,False,True,Texture2D'/Game/GUI/Common/Tex/Emblem/02/Tex_Emblem_02_0168.Tex_Emblem_02_0168',Texture2D'/Game/GUI/Common/Tex/Emblem/02/Tex_Emblem_02_0168_Flag.Tex_Emblem_02_0168_Flag',,1
100218,120169,長崎,OutLine,False,True,Texture2D'/Game/GUI/Common/Tex/Emblem/02/Tex_Emblem_02_0169.Tex_Emblem_02_0169',Texture2D'/Game/GUI/Common/Tex/Emblem/02/Tex_Emblem_02_0169_Flag.Tex_Emblem_02_0169_Flag',,1
100219,120170,熊本,OutLine,False,True,Texture2D'/Game/GUI/Common/Tex/Emblem/02/Tex_Emblem_02_0170.Tex_Emblem_02_0170',Texture2D'/Game/GUI/Common/Tex/Emblem/02/Tex_Emblem_02_0170_Flag.Tex_Emblem_02_0170_Flag',,1
100220,120171,大分,OutLine,False,True,Texture2D'/Game/GUI/Common/Tex/Emblem/02/Tex_Emblem_02_0171.Tex_Emblem_02_0171',Texture2D'/Game/GUI/Common/Tex/Emblem/02/Tex_Emblem_02_0171_Flag.Tex_Emblem_02_0171_Flag',,1
100221,120172,宮崎,OutLine,False,True,Texture2D'/Game/GUI/Common/Tex/Emblem/02/Tex_Emblem_02_0172.Tex_Emblem_02_0172',Texture2D'/Game/GUI/Common/Tex/Emblem/02/Tex_Emblem_02_0172_Flag.Tex_Emblem_02_0172_Flag',,1
100222,120173,鹿児島,OutLine,False,True,Texture2D'/Game/GUI/Common/Tex/Emblem/02/Tex_Emblem_02_0173.Tex_Emblem_02_0173',Texture2D'/Game/GUI/Common/Tex/Emblem/02/Tex_Emblem_02_0173_Flag.Tex_Emblem_02_0173_Flag',,1
100223,120174,沖縄,OutLine,False,True,Texture2D'/Game/GUI/Common/Tex/Emblem/02/Tex_Emblem_02_0174.Tex_Emblem_02_0174',Texture2D'/Game/GUI/Common/Tex/Emblem/02/Tex_Emblem_02_0174_Flag.Tex_Emblem_02_0174_Flag',,1
100224,120175,初心者,Main,True,True,Texture2D'/Game/GUI/Common/Tex/Emblem/02/Tex_Emblem_02_0091.Tex_Emblem_02_0091',Texture2D'/Game/GUI/Common/Tex/Emblem/02/Tex_Emblem_02_0091_Flag.Tex_Emblem_02_0091_Flag',,1
100225,120176,ソリディアメイン,Main,False,True,Texture2D'/Game/GUI/Common/Tex/Emblem/02/Tex_Emblem_02_0187.Tex_Emblem_02_0187',Texture2D'/Game/GUI/Common/Tex/Emblem/02/Tex_Emblem_02_0187_Flag.Tex_Emblem_02_0187_Flag',,1
100226,120177,カーディナルメイン,Main,False,True,Texture2D'/Game/GUI/Common/Tex/Emblem/02/Tex_Emblem_02_0188.Tex_Emblem_02_0188',Texture2D'/Game/GUI/Common/Tex/Emblem/02/Tex_Emblem_02_0188_Flag.Tex_Emblem_02_0188_Flag',,1
100227,120178,スクラッパーメイン,Main,False,True,Texture2D'/Game/GUI/Common/Tex/Emblem/02/Tex_Emblem_02_0189.Tex_Emblem_02_0189',Texture2D'/Game/GUI/Common/Tex/Emblem/02/Tex_Emblem_02_0189_Flag.Tex_Emblem_02_0189_Flag',,1
100228,120179,サイトヘッドメイン,Main,False,True,Texture2D'/Game/GUI/Common/Tex/Emblem/02/Tex_Emblem_02_0190.Tex_Emblem_02_0190',Texture2D'/Game/GUI/Common/Tex/Emblem/02/Tex_Emblem_02_0190_Flag.Tex_Emblem_02_0190_Flag',,1
100229,120180,シーユー・レイターメイン,Main,False,True,Texture2D'/Game/GUI/Common/Tex/Emblem/02/Tex_Emblem_02_0191.Tex_Emblem_02_0191',Texture2D'/Game/GUI/Common/Tex/Emblem/02/Tex_Emblem_02_0191_Flag.Tex_Emblem_02_0191_Flag',,1
100230,120181,ゴールテン・ダーメイン,Main,False,True,Texture2D'/Game/GUI/Common/Tex/Emblem/02/Tex_Emblem_02_0192.Tex_Emblem_02_0192',Texture2D'/Game/GUI/Common/Tex/Emblem/02/Tex_Emblem_02_0192_Flag.Tex_Emblem_02_0192_Flag',,1
100231,120182,アンゼロイメイン,Main,False,True,Texture2D'/Game/GUI/Common/Tex/Emblem/02/Tex_Emblem_02_0193.Tex_Emblem_02_0193',Texture2D'/Game/GUI/Common/Tex/Emblem/02/Tex_Emblem_02_0193_Flag.Tex_Emblem_02_0193_Flag',,1
100232,120183,ディスドスメイン,Main,False,True,Texture2D'/Game/GUI/Common/Tex/Emblem/02/Tex_Emblem_02_0194.Tex_Emblem_02_0194',Texture2D'/Game/GUI/Common/Tex/Emblem/02/Tex_Emblem_02_0194_Flag.Tex_Emblem_02_0194_Flag',,1
100233,120184,サブライガメイン,Main,False,True,Texture2D'/Game/GUI/Common/Tex/Emblem/02/Tex_Emblem_02_0195.Tex_Emblem_02_0195',Texture2D'/Game/GUI/Common/Tex/Emblem/02/Tex_Emblem_02_0195_Flag.Tex_Emblem_02_0195_Flag',,1
100234,120185,ファルマコンメイン,Main,False,True,Texture2D'/Game/GUI/Common/Tex/Emblem/02/Tex_Emblem_02_0196.Tex_Emblem_02_0196',Texture2D'/Game/GUI/Common/Tex/Emblem/02/Tex_Emblem_02_0196_Flag.Tex_Emblem_02_0196_Flag',,1
100235,120186,ラピスヘッジメイン,Main,False,True,Texture2D'/Game/GUI/Common/Tex/Emblem/02/Tex_Emblem_02_0197.Tex_Emblem_02_0197',Texture2D'/Game/GUI/Common/Tex/Emblem/02/Tex_Emblem_02_0197_Flag.Tex_Emblem_02_0197_Flag',,1
100236,120187,パ・フェクトメイン,Main,False,True,Texture2D'/Game/GUI/Common/Tex/Emblem/02/Tex_Emblem_02_0198.Tex_Emblem_02_0198',Texture2D'/Game/GUI/Common/Tex/Emblem/02/Tex_Emblem_02_0198_Flag.Tex_Emblem_02_0198_Flag',,1
100237,120188,エタニティメイン,Main,False,True,Texture2D'/Game/GUI/Common/Tex/Emblem/02/Tex_Emblem_02_0199.Tex_Emblem_02_0199',Texture2D'/Game/GUI/Common/Tex/Emblem/02/Tex_Emblem_02_0199_Flag.Tex_Emblem_02_0199_Flag',,1
100238,120189,オキサイドメイン,Main,False,True,Texture2D'/Game/GUI/Common/Tex/Emblem/02/Tex_Emblem_02_0200.Tex_Emblem_02_0200',Texture2D'/Game/GUI/Common/Tex/Emblem/02/Tex_Emblem_02_0200_Flag.Tex_Emblem_02_0200_Flag',,1
100239,120190,ブーケ,Main,False,True,Texture2D'/Game/GUI/Common/Tex/Emblem/02/Tex_Emblem_02_0201.Tex_Emblem_02_0201',Texture2D'/Game/GUI/Common/Tex/Emblem/02/Tex_Emblem_02_0201_Flag.Tex_Emblem_02_0201_Flag',,1
100240,120204,WXW,Main,False,True,Texture2D'/Game/GUI/Common/Tex/Emblem/02/Tex_Emblem_02_0204.Tex_Emblem_02_0204',Texture2D'/Game/GUI/Common/Tex/Emblem/02/Tex_Emblem_02_0204_Flag.Tex_Emblem_02_0204_Flag',,1
100241,120205,殴重鋼匠,Main,False,True,Texture2D'/Game/GUI/Common/Tex/Emblem/02/Tex_Emblem_02_0205.Tex_Emblem_02_0205',Texture2D'/Game/GUI/Common/Tex/Emblem/02/Tex_Emblem_02_0205_Flag.Tex_Emblem_02_0205_Flag',,1
100242,120206,MA-I,Main,False,True,Texture2D'/Game/GUI/Common/Tex/Emblem/02/Tex_Emblem_02_0206.Tex_Emblem_02_0206',Texture2D'/Game/GUI/Common/Tex/Emblem/02/Tex_Emblem_02_0206_Flag.Tex_Emblem_02_0206_Flag',,1
100243,120207,AVENIR,Main,False,True,Texture2D'/Game/GUI/Common/Tex/Emblem/02/Tex_Emblem_02_0207.Tex_Emblem_02_0207',Texture2D'/Game/GUI/Common/Tex/Emblem/02/Tex_Emblem_02_0207_Flag.Tex_Emblem_02_0207_Flag',,1
100244,130001,クロスライト,Sub,True,True,Texture2D'/Game/GUI/Common/Tex/Emblem/03/Tex_Emblem_03_0001.Tex_Emblem_03_0001',Texture2D'/Game/GUI/Common/Tex/Emblem/03/Tex_Emblem_03_0001_Flag.Tex_Emblem_03_0001_Flag',,1
100245,130002,シャイニングフロスト,Sub,False,True,Texture2D'/Game/GUI/Common/Tex/Emblem/03/Tex_Emblem_03_0002.Tex_Emblem_03_0002',Texture2D'/Game/GUI/Common/Tex/Emblem/03/Tex_Emblem_03_0002_Flag.Tex_Emblem_03_0002_Flag',,1
100246,130003,ツインドラゴン,Sub,False,True,Texture2D'/Game/GUI/Common/Tex/Emblem/03/Tex_Emblem_03_0003.Tex_Emblem_03_0003',Texture2D'/Game/GUI/Common/Tex/Emblem/03/Tex_Emblem_03_0003_Flag.Tex_Emblem_03_0003_Flag',,1
100247,130004,バーニング,Sub,False,True,Texture2D'/Game/GUI/Common/Tex/Emblem/03/Tex_Emblem_03_0004.Tex_Emblem_03_0004',Texture2D'/Game/GUI/Common/Tex/Emblem/03/Tex_Emblem_03_0004_Flag.Tex_Emblem_03_0004_Flag',,1
100248,130005,ザ・サン,Sub,False,True,Texture2D'/Game/GUI/Common/Tex/Emblem/03/Tex_Emblem_03_0005.Tex_Emblem_03_0005',Texture2D'/Game/GUI/Common/Tex/Emblem/03/Tex_Emblem_03_0005_Flag.Tex_Emblem_03_0005_Flag',,1
100249,130006,スパイダーネット,Sub,False,True,Texture2D'/Game/GUI/Common/Tex/Emblem/03/Tex_Emblem_03_0006.Tex_Emblem_03_0006',Texture2D'/Game/GUI/Common/Tex/Emblem/03/Tex_Emblem_03_0006_Flag.Tex_Emblem_03_0006_Flag',,1
100250,130007,ビーハウス,Sub,False,True,Texture2D'/Game/GUI/Common/Tex/Emblem/03/Tex_Emblem_03_0007.Tex_Emblem_03_0007',Texture2D'/Game/GUI/Common/Tex/Emblem/03/Tex_Emblem_03_0007_Flag.Tex_Emblem_03_0007_Flag',,1
100251,130008,ポリスバッジ,Sub,False,True,Texture2D'/Game/GUI/Common/Tex/Emblem/03/Tex_Emblem_03_0008.Tex_Emblem_03_0008',Texture2D'/Game/GUI/Common/Tex/Emblem/03/Tex_Emblem_03_0008_Flag.Tex_Emblem_03_0008_Flag',,1
100252,130009,コースター,Sub,True,True,Texture2D'/Game/GUI/Common/Tex/Emblem/03/Tex_Emblem_03_0009.Tex_Emblem_03_0009',Texture2D'/Game/GUI/Common/Tex/Emblem/03/Tex_Emblem_03_0009_Flag.Tex_Emblem_03_0009_Flag',,1
100253,130010,折り紙,Sub,False,True,Texture2D'/Game/GUI/Common/Tex/Emblem/03/Tex_Emblem_03_0010.Tex_Emblem_03_0010',Texture2D'/Game/GUI/Common/Tex/Emblem/03/Tex_Emblem_03_0010_Flag.Tex_Emblem_03_0010_Flag',,1
100254,130011,シルエットダイヤ,Sub,False,True,Texture2D'/Game/GUI/Common/Tex/Emblem/03/Tex_Emblem_03_0011.Tex_Emblem_03_0011',Texture2D'/Game/GUI/Common/Tex/Emblem/03/Tex_Emblem_03_0011_Flag.Tex_Emblem_03_0011_Flag',,1
100255,130012,シルエットスター,Sub,False,True,Texture2D'/Game/GUI/Common/Tex/Emblem/03/Tex_Emblem_03_0012.Tex_Emblem_03_0012',Texture2D'/Game/GUI/Common/Tex/Emblem/03/Tex_Emblem_03_0012_Flag.Tex_Emblem_03_0012_Flag',,1
100256,130013,シルエットハート,Sub,False,True,Texture2D'/Game/GUI/Common/Tex/Emblem/03/Tex_Emblem_03_0013.Tex_Emblem_03_0013',Texture2D'/Game/GUI/Common/Tex/Emblem/03/Tex_Emblem_03_0013_Flag.Tex_Emblem_03_0013_Flag',,1
100257,130014,禁止,Sub,False,True,Texture2D'/Game/GUI/Common/Tex/Emblem/03/Tex_Emblem_03_0014.Tex_Emblem_03_0014',Texture2D'/Game/GUI/Common/Tex/Emblem/03/Tex_Emblem_03_0014_Flag.Tex_Emblem_03_0014_Flag',,1
100258,130015,ローテーション,Sub,False,True,Texture2D'/Game/GUI/Common/Tex/Emblem/03/Tex_Emblem_03_0015.Tex_Emblem_03_0015',Texture2D'/Game/GUI/Common/Tex/Emblem/03/Tex_Emblem_03_0015_Flag.Tex_Emblem_03_0015_Flag',,1
100259,130016,フロストダイヤ,Sub,False,True,Texture2D'/Game/GUI/Common/Tex/Emblem/03/Tex_Emblem_03_0016.Tex_Emblem_03_0016',Texture2D'/Game/GUI/Common/Tex/Emblem/03/Tex_Emblem_03_0016_Flag.Tex_Emblem_03_0016_Flag',,1
100260,130017,シルエットクラウン,Sub,False,True,Texture2D'/Game/GUI/Common/Tex/Emblem/03/Tex_Emblem_03_0017.Tex_Emblem_03_0017',Texture2D'/Game/GUI/Common/Tex/Emblem/03/Tex_Emblem_03_0017_Flag.Tex_Emblem_03_0017_Flag',,1
100261,130018,もみじリーフ,Sub,False,True,Texture2D'/Game/GUI/Common/Tex/Emblem/03/Tex_Emblem_03_0018.Tex_Emblem_03_0018',Texture2D'/Game/GUI/Common/Tex/Emblem/03/Tex_Emblem_03_0018_Flag.Tex_Emblem_03_0018_Flag',,1
100262,130019,サークルエッジ,Sub,False,True,Texture2D'/Game/GUI/Common/Tex/Emblem/03/Tex_Emblem_03_0019.Tex_Emblem_03_0019',Texture2D'/Game/GUI/Common/Tex/Emblem/03/Tex_Emblem_03_0019_Flag.Tex_Emblem_03_0019_Flag',,1
100263,130020,スプラッシュ,Sub,False,True,Texture2D'/Game/GUI/Common/Tex/Emblem/03/Tex_Emblem_03_0020.Tex_Emblem_03_0020',Texture2D'/Game/GUI/Common/Tex/Emblem/03/Tex_Emblem_03_0020_Flag.Tex_Emblem_03_0020_Flag',,1
100264,130021,ダスト,Sub,False,True,Texture2D'/Game/GUI/Common/Tex/Emblem/03/Tex_Emblem_03_0021.Tex_Emblem_03_0021',Texture2D'/Game/GUI/Common/Tex/Emblem/03/Tex_Emblem_03_0021_Flag.Tex_Emblem_03_0021_Flag',,1
100265,130022,アングリー,Sub,False,True,Texture2D'/Game/GUI/Common/Tex/Emblem/03/Tex_Emblem_03_0022.Tex_Emblem_03_0022',Texture2D'/Game/GUI/Common/Tex/Emblem/03/Tex_Emblem_03_0022_Flag.Tex_Emblem_03_0022_Flag',,1
100266,130023,バニシング,Sub,False,True,Texture2D'/Game/GUI/Common/Tex/Emblem/03/Tex_Emblem_03_0023.Tex_Emblem_03_0023',Texture2D'/Game/GUI/Common/Tex/Emblem/03/Tex_Emblem_03_0023_Flag.Tex_Emblem_03_0023_Flag',,1
100267,130024,ギャラクシー,Sub,False,True,Texture2D'/Game/GUI/Common/Tex/Emblem/03/Tex_Emblem_03_0024.Tex_Emblem_03_0024',Texture2D'/Game/GUI/Common/Tex/Emblem/03/Tex_Emblem_03_0024_Flag.Tex_Emblem_03_0024_Flag',,1
100268,130025,サークルスラッシュ,Sub,False,True,Texture2D'/Game/GUI/Common/Tex/Emblem/03/Tex_Emblem_03_0025.Tex_Emblem_03_0025',Texture2D'/Game/GUI/Common/Tex/Emblem/03/Tex_Emblem_03_0025_Flag.Tex_Emblem_03_0025_Flag',,1
100269,130026,ダブルスター,Sub,False,True,Texture2D'/Game/GUI/Common/Tex/Emblem/03/Tex_Emblem_03_0026.Tex_Emblem_03_0026',Texture2D'/Game/GUI/Common/Tex/Emblem/03/Tex_Emblem_03_0026_Flag.Tex_Emblem_03_0026_Flag',,1
100270,130027,ツインタイド,Sub,False,True,Texture2D'/Game/GUI/Common/Tex/Emblem/03/Tex_Emblem_03_0027.Tex_Emblem_03_0027',Texture2D'/Game/GUI/Common/Tex/Emblem/03/Tex_Emblem_03_0027_Flag.Tex_Emblem_03_0027_Flag',,1
100271,130028,ダイヤサークル,Sub,False,True,Texture2D'/Game/GUI/Common/Tex/Emblem/03/Tex_Emblem_03_0028.Tex_Emblem_03_0028',Texture2D'/Game/GUI/Common/Tex/Emblem/03/Tex_Emblem_03_0028_Flag.Tex_Emblem_03_0028_Flag',,1
100272,130029,ツインハート,Sub,False,True,Texture2D'/Game/GUI/Common/Tex/Emblem/03/Tex_Emblem_03_0029.Tex_Emblem_03_0029',Texture2D'/Game/GUI/Common/Tex/Emblem/03/Tex_Emblem_03_0029_Flag.Tex_Emblem_03_0029_Flag',,1
100273,130030,ハナマル,Sub,False,True,Texture2D'/Game/GUI/Common/Tex/Emblem/03/Tex_Emblem_03_0030.Tex_Emblem_03_0030',Texture2D'/Game/GUI/Common/Tex/Emblem/03/Tex_Emblem_03_0030_Flag.Tex_Emblem_03_0030_Flag',,1
100274,130031,音符記号,Sub,False,True,Texture2D'/Game/GUI/Common/Tex/Emblem/03/Tex_Emblem_03_0031.Tex_Emblem_03_0031',Texture2D'/Game/GUI/Common/Tex/Emblem/03/Tex_Emblem_03_0031_Flag.Tex_Emblem_03_0031_Flag',,1
100275,130032,アングリーマーク,Sub,False,True,Texture2D'/Game/GUI/Common/Tex/Emblem/03/Tex_Emblem_03_0032.Tex_Emblem_03_0032',Texture2D'/Game/GUI/Common/Tex/Emblem/03/Tex_Emblem_03_0032_Flag.Tex_Emblem_03_0032_Flag',,1
100276,130033,ビックリマーク,Sub,False,True,Texture2D'/Game/GUI/Common/Tex/Emblem/03/Tex_Emblem_03_0033.Tex_Emblem_03_0033',Texture2D'/Game/GUI/Common/Tex/Emblem/03/Tex_Emblem_03_0033_Flag.Tex_Emblem_03_0033_Flag',,1
100277,130034,クエスチョンマーク,Sub,False,True,Texture2D'/Game/GUI/Common/Tex/Emblem/03/Tex_Emblem_03_0034.Tex_Emblem_03_0034',Texture2D'/Game/GUI/Common/Tex/Emblem/03/Tex_Emblem_03_0034_Flag.Tex_Emblem_03_0034_Flag',,1
100278,130035,ダブルダレマーク,Sub,False,True,Texture2D'/Game/GUI/Common/Tex/Emblem/03/Tex_Emblem_03_0035.Tex_Emblem_03_0035',Texture2D'/Game/GUI/Common/Tex/Emblem/03/Tex_Emblem_03_0035_Flag.Tex_Emblem_03_0035_Flag',,1
100279,130036,プレイボタン,Sub,False,True,Texture2D'/Game/GUI/Common/Tex/Emblem/03/Tex_Emblem_03_0036.Tex_Emblem_03_0036',Texture2D'/Game/GUI/Common/Tex/Emblem/03/Tex_Emblem_03_0036_Flag.Tex_Emblem_03_0036_Flag',,1
100280,130037,スピードアップ,Sub,False,True,Texture2D'/Game/GUI/Common/Tex/Emblem/03/Tex_Emblem_03_0037.Tex_Emblem_03_0037',Texture2D'/Game/GUI/Common/Tex/Emblem/03/Tex_Emblem_03_0037_Flag.Tex_Emblem_03_0037_Flag',,1
100281,130038,ターゲット,Sub,False,True,Texture2D'/Game/GUI/Common/Tex/Emblem/03/Tex_Emblem_03_0038.Tex_Emblem_03_0038',Texture2D'/Game/GUI/Common/Tex/Emblem/03/Tex_Emblem_03_0038_Flag.Tex_Emblem_03_0038_Flag',,1
100282,130039,ト音記号,Sub,False,True,Texture2D'/Game/GUI/Common/Tex/Emblem/03/Tex_Emblem_03_0039.Tex_Emblem_03_0039',Texture2D'/Game/GUI/Common/Tex/Emblem/03/Tex_Emblem_03_0039_Flag.Tex_Emblem_03_0039_Flag',,1
100283,130040,矢印,Sub,False,True,Texture2D'/Game/GUI/Common/Tex/Emblem/03/Tex_Emblem_03_0040.Tex_Emblem_03_0040',Texture2D'/Game/GUI/Common/Tex/Emblem/03/Tex_Emblem_03_0040_Flag.Tex_Emblem_03_0040_Flag',,1
100284,130041,マインドライト,Sub,False,True,Texture2D'/Game/GUI/Common/Tex/Emblem/03/Tex_Emblem_03_0041.Tex_Emblem_03_0041',Texture2D'/Game/GUI/Common/Tex/Emblem/03/Tex_Emblem_03_0041_Flag.Tex_Emblem_03_0041_Flag',,1
100285,130042,コメントLOVE,Sub,False,True,Texture2D'/Game/GUI/Common/Tex/Emblem/03/Tex_Emblem_03_0042.Tex_Emblem_03_0042',Texture2D'/Game/GUI/Common/Tex/Emblem/03/Tex_Emblem_03_0042_Flag.Tex_Emblem_03_0042_Flag',,1
100286,130043,コンフューズド,Sub,False,True,Texture2D'/Game/GUI/Common/Tex/Emblem/03/Tex_Emblem_03_0043.Tex_Emblem_03_0043',Texture2D'/Game/GUI/Common/Tex/Emblem/03/Tex_Emblem_03_0043_Flag.Tex_Emblem_03_0043_Flag',,1
100287,130044,ラウンドビックリマーク,Sub,False,True,Texture2D'/Game/GUI/Common/Tex/Emblem/03/Tex_Emblem_03_0044.Tex_Emblem_03_0044',Texture2D'/Game/GUI/Common/Tex/Emblem/03/Tex_Emblem_03_0044_Flag.Tex_Emblem_03_0044_Flag',,1
100288,130045,ダウンサンダー,Sub,False,True,Texture2D'/Game/GUI/Common/Tex/Emblem/03/Tex_Emblem_03_0045.Tex_Emblem_03_0045',Texture2D'/Game/GUI/Common/Tex/Emblem/03/Tex_Emblem_03_0045_Flag.Tex_Emblem_03_0045_Flag',,1
100289,130046,プラント,Sub,False,True,Texture2D'/Game/GUI/Common/Tex/Emblem/03/Tex_Emblem_03_0046.Tex_Emblem_03_0046',Texture2D'/Game/GUI/Common/Tex/Emblem/03/Tex_Emblem_03_0046_Flag.Tex_Emblem_03_0046_Flag',,1
100290,130047,通信OK,Sub,False,True,Texture2D'/Game/GUI/Common/Tex/Emblem/03/Tex_Emblem_03_0047.Tex_Emblem_03_0047',Texture2D'/Game/GUI/Common/Tex/Emblem/03/Tex_Emblem_03_0047_Flag.Tex_Emblem_03_0047_Flag',,1
100291,130048,レイニー,Sub,False,True,Texture2D'/Game/GUI/Common/Tex/Emblem/03/Tex_Emblem_03_0048.Tex_Emblem_03_0048',Texture2D'/Game/GUI/Common/Tex/Emblem/03/Tex_Emblem_03_0048_Flag.Tex_Emblem_03_0048_Flag',,1
100292,130049,サンオアクラウド,Sub,False,True,Texture2D'/Game/GUI/Common/Tex/Emblem/03/Tex_Emblem_03_0049.Tex_Emblem_03_0049',Texture2D'/Game/GUI/Common/Tex/Emblem/03/Tex_Emblem_03_0049_Flag.Tex_Emblem_03_0049_Flag',,1
100293,130050,チェックオーケー,Sub,False,True,Texture2D'/Game/GUI/Common/Tex/Emblem/03/Tex_Emblem_03_0050.Tex_Emblem_03_0050',Texture2D'/Game/GUI/Common/Tex/Emblem/03/Tex_Emblem_03_0050_Flag.Tex_Emblem_03_0050_Flag',,1
100294,130051,スペースサークル,Sub,False,True,Texture2D'/Game/GUI/Common/Tex/Emblem/03/Tex_Emblem_03_0051.Tex_Emblem_03_0051',Texture2D'/Game/GUI/Common/Tex/Emblem/03/Tex_Emblem_03_0051_Flag.Tex_Emblem_03_0051_Flag',,1
100295,130052,スリースターズ,Sub,False,True,Texture2D'/Game/GUI/Common/Tex/Emblem/03/Tex_Emblem_03_0052.Tex_Emblem_03_0052',Texture2D'/Game/GUI/Common/Tex/Emblem/03/Tex_Emblem_03_0052_Flag.Tex_Emblem_03_0052_Flag',,1
100296,130053,サターン,Sub,False,True,Texture2D'/Game/GUI/Common/Tex/Emblem/03/Tex_Emblem_03_0053.Tex_Emblem_03_0053',Texture2D'/Game/GUI/Common/Tex/Emblem/03/Tex_Emblem_03_0053_Flag.Tex_Emblem_03_0053_Flag',,1
100297,130054,クアンタムサークル,Sub,False,True,Texture2D'/Game/GUI/Common/Tex/Emblem/03/Tex_Emblem_03_0054.Tex_Emblem_03_0054',Texture2D'/Game/GUI/Common/Tex/Emblem/03/Tex_Emblem_03_0054_Flag.Tex_Emblem_03_0054_Flag',,1
100298,130055,スタースパーク,Sub,False,True,Texture2D'/Game/GUI/Common/Tex/Emblem/03/Tex_Emblem_03_0055.Tex_Emblem_03_0055',Texture2D'/Game/GUI/Common/Tex/Emblem/03/Tex_Emblem_03_0055_Flag.Tex_Emblem_03_0055_Flag',,1
100299,130056,ラインスター,Sub,False,True,Texture2D'/Game/GUI/Common/Tex/Emblem/03/Tex_Emblem_03_0056.Tex_Emblem_03_0056',Texture2D'/Game/GUI/Common/Tex/Emblem/03/Tex_Emblem_03_0056_Flag.Tex_Emblem_03_0056_Flag',,1
100300,130057,アース,Sub,False,True,Texture2D'/Game/GUI/Common/Tex/Emblem/03/Tex_Emblem_03_0057.Tex_Emblem_03_0057',Texture2D'/Game/GUI/Common/Tex/Emblem/03/Tex_Emblem_03_0057_Flag.Tex_Emblem_03_0057_Flag',,1
100301,130058,シャイニングスター,Sub,False,True,Texture2D'/Game/GUI/Common/Tex/Emblem/03/Tex_Emblem_03_0058.Tex_Emblem_03_0058',Texture2D'/Game/GUI/Common/Tex/Emblem/03/Tex_Emblem_03_0058_Flag.Tex_Emblem_03_0058_Flag',,1
100302,130059,クロスソード,Sub,False,True,Texture2D'/Game/GUI/Common/Tex/Emblem/03/Tex_Emblem_03_0059.Tex_Emblem_03_0059',Texture2D'/Game/GUI/Common/Tex/Emblem/03/Tex_Emblem_03_0059_Flag.Tex_Emblem_03_0059_Flag',,1
100303,130060,バットウイング,Sub,False,True,Texture2D'/Game/GUI/Common/Tex/Emblem/03/Tex_Emblem_03_0060.Tex_Emblem_03_0060',Texture2D'/Game/GUI/Common/Tex/Emblem/03/Tex_Emblem_03_0060_Flag.Tex_Emblem_03_0060_Flag',,1
100304,130061,ダブルバット,Sub,False,True,Texture2D'/Game/GUI/Common/Tex/Emblem/03/Tex_Emblem_03_0061.Tex_Emblem_03_0061',Texture2D'/Game/GUI/Common/Tex/Emblem/03/Tex_Emblem_03_0061_Flag.Tex_Emblem_03_0061_Flag',,1
100305,130062,ツインユニコーン,Sub,False,True,Texture2D'/Game/GUI/Common/Tex/Emblem/03/Tex_Emblem_03_0062.Tex_Emblem_03_0062',Texture2D'/Game/GUI/Common/Tex/Emblem/03/Tex_Emblem_03_0062_Flag.Tex_Emblem_03_0062_Flag',,1
100306,130063,ひび割れハート,Sub,False,True,Texture2D'/Game/GUI/Common/Tex/Emblem/03/Tex_Emblem_03_0063.Tex_Emblem_03_0063',Texture2D'/Game/GUI/Common/Tex/Emblem/03/Tex_Emblem_03_0063_Flag.Tex_Emblem_03_0063_Flag',,1
100307,130064,エンジェルウイング,Sub,False,True,Texture2D'/Game/GUI/Common/Tex/Emblem/03/Tex_Emblem_03_0064.Tex_Emblem_03_0064',Texture2D'/Game/GUI/Common/Tex/Emblem/03/Tex_Emblem_03_0064_Flag.Tex_Emblem_03_0064_Flag',,1
100308,130065,レインボーゲート,Sub,False,True,Texture2D'/Game/GUI/Common/Tex/Emblem/03/Tex_Emblem_03_0065.Tex_Emblem_03_0065',Texture2D'/Game/GUI/Common/Tex/Emblem/03/Tex_Emblem_03_0065_Flag.Tex_Emblem_03_0065_Flag',,1
100309,130066,しだれ藤,Sub,False,True,Texture2D'/Game/GUI/Common/Tex/Emblem/03/Tex_Emblem_03_0066.Tex_Emblem_03_0066',Texture2D'/Game/GUI/Common/Tex/Emblem/03/Tex_Emblem_03_0066_Flag.Tex_Emblem_03_0066_Flag',,1
100310,130067,グローリーリース,Sub,False,True,Texture2D'/Game/GUI/Common/Tex/Emblem/03/Tex_Emblem_03_0067.Tex_Emblem_03_0067',Texture2D'/Game/GUI/Common/Tex/Emblem/03/Tex_Emblem_03_0067_Flag.Tex_Emblem_03_0067_Flag',,1
100311,130068,シューティングスター,Sub,False,True,Texture2D'/Game/GUI/Common/Tex/Emblem/03/Tex_Emblem_03_0068.Tex_Emblem_03_0068',Texture2D'/Game/GUI/Common/Tex/Emblem/03/Tex_Emblem_03_0068_Flag.Tex_Emblem_03_0068_Flag',,1
100312,130069,効果A,Sub,False,True,Texture2D'/Game/GUI/Common/Tex/Emblem/03/Tex_Emblem_03_0069.Tex_Emblem_03_0069',Texture2D'/Game/GUI/Common/Tex/Emblem/03/Tex_Emblem_03_0069_Flag.Tex_Emblem_03_0069_Flag',,1
100313,130070,効果B,Sub,False,True,Texture2D'/Game/GUI/Common/Tex/Emblem/03/Tex_Emblem_03_0070.Tex_Emblem_03_0070',Texture2D'/Game/GUI/Common/Tex/Emblem/03/Tex_Emblem_03_0070_Flag.Tex_Emblem_03_0070_Flag',,1
100314,130071,効果C,Sub,False,True,Texture2D'/Game/GUI/Common/Tex/Emblem/03/Tex_Emblem_03_0071.Tex_Emblem_03_0071',Texture2D'/Game/GUI/Common/Tex/Emblem/03/Tex_Emblem_03_0071_Flag.Tex_Emblem_03_0071_Flag',,1
100315,130072,効果D,Sub,False,True,Texture2D'/Game/GUI/Common/Tex/Emblem/03/Tex_Emblem_03_0072.Tex_Emblem_03_0072',Texture2D'/Game/GUI/Common/Tex/Emblem/03/Tex_Emblem_03_0072_Flag.Tex_Emblem_03_0072_Flag',,1
100316,130073,リーパーサイス,Sub,False,True,Texture2D'/Game/GUI/Common/Tex/Emblem/03/Tex_Emblem_03_0073.Tex_Emblem_03_0073',Texture2D'/Game/GUI/Common/Tex/Emblem/03/Tex_Emblem_03_0073_Flag.Tex_Emblem_03_0073_Flag',,1
100317,130074,オールドクラウン,Sub,False,True,Texture2D'/Game/GUI/Common/Tex/Emblem/03/Tex_Emblem_03_0074.Tex_Emblem_03_0074',Texture2D'/Game/GUI/Common/Tex/Emblem/03/Tex_Emblem_03_0074_Flag.Tex_Emblem_03_0074_Flag',,1
100318,130075,フラッグス,Sub,False,True,Texture2D'/Game/GUI/Common/Tex/Emblem/03/Tex_Emblem_03_0075.Tex_Emblem_03_0075',Texture2D'/Game/GUI/Common/Tex/Emblem/03/Tex_Emblem_03_0075_Flag.Tex_Emblem_03_0075_Flag',,1
100319,130076,ウインドマーク,Sub,False,True,Texture2D'/Game/GUI/Common/Tex/Emblem/03/Tex_Emblem_03_0076.Tex_Emblem_03_0076',Texture2D'/Game/GUI/Common/Tex/Emblem/03/Tex_Emblem_03_0076_Flag.Tex_Emblem_03_0076_Flag',,1
100320,130077,ウイングソード,Sub,False,True,Texture2D'/Game/GUI/Common/Tex/Emblem/03/Tex_Emblem_03_0077.Tex_Emblem_03_0077',Texture2D'/Game/GUI/Common/Tex/Emblem/03/Tex_Emblem_03_0077_Flag.Tex_Emblem_03_0077_Flag',,1
100321,130078,フィフススクウェア,Sub,False,True,Texture2D'/Game/GUI/Common/Tex/Emblem/03/Tex_Emblem_03_0078.Tex_Emblem_03_0078',Texture2D'/Game/GUI/Common/Tex/Emblem/03/Tex_Emblem_03_0078_Flag.Tex_Emblem_03_0078_Flag',,1
100322,130079,リーフスターク,Sub,False,True,Texture2D'/Game/GUI/Common/Tex/Emblem/03/Tex_Emblem_03_0079.Tex_Emblem_03_0079',Texture2D'/Game/GUI/Common/Tex/Emblem/03/Tex_Emblem_03_0079_Flag.Tex_Emblem_03_0079_Flag',,1
100323,130080,クロスクローバー,Sub,False,True,Texture2D'/Game/GUI/Common/Tex/Emblem/03/Tex_Emblem_03_0080.Tex_Emblem_03_0080',Texture2D'/Game/GUI/Common/Tex/Emblem/03/Tex_Emblem_03_0080_Flag.Tex_Emblem_03_0080_Flag',,1
100324,130081,ティアラ,Sub,False,True,Texture2D'/Game/GUI/Common/Tex/Emblem/03/Tex_Emblem_03_0081.Tex_Emblem_03_0081',Texture2D'/Game/GUI/Common/Tex/Emblem/03/Tex_Emblem_03_0081_Flag.Tex_Emblem_03_0081_Flag',,1
100325,130082,サンクレスト,Sub,False,True,Texture2D'/Game/GUI/Common/Tex/Emblem/03/Tex_Emblem_03_0082.Tex_Emblem_03_0082',Texture2D'/Game/GUI/Common/Tex/Emblem/03/Tex_Emblem_03_0082_Flag.Tex_Emblem_03_0082_Flag',,1
100326,130083,フォーウイングス,Sub,False,True,Texture2D'/Game/GUI/Common/Tex/Emblem/03/Tex_Emblem_03_0083.Tex_Emblem_03_0083',Texture2D'/Game/GUI/Common/Tex/Emblem/03/Tex_Emblem_03_0083_Flag.Tex_Emblem_03_0083_Flag',,1
100327,130084,ソリディア,Sub,False,True,Texture2D'/Game/GUI/Common/Tex/Emblem/03/Tex_Emblem_03_0084.Tex_Emblem_03_0084',Texture2D'/Game/GUI/Common/Tex/Emblem/03/Tex_Emblem_03_0084_Flag.Tex_Emblem_03_0084_Flag',,1
100328,130085,カーディナル,Sub,False,True,Texture2D'/Game/GUI/Common/Tex/Emblem/03/Tex_Emblem_03_0085.Tex_Emblem_03_0085',Texture2D'/Game/GUI/Common/Tex/Emblem/03/Tex_Emblem_03_0085_Flag.Tex_Emblem_03_0085_Flag',,1
100329,130086,スクラッパー,Sub,False,True,Texture2D'/Game/GUI/Common/Tex/Emblem/03/Tex_Emblem_03_0086.Tex_Emblem_03_0086',Texture2D'/Game/GUI/Common/Tex/Emblem/03/Tex_Emblem_03_0086_Flag.Tex_Emblem_03_0086_Flag',,1
100330,130087,サイトヘッド,Sub,False,True,Texture2D'/Game/GUI/Common/Tex/Emblem/03/Tex_Emblem_03_0087.Tex_Emblem_03_0087',Texture2D'/Game/GUI/Common/Tex/Emblem/03/Tex_Emblem_03_0087_Flag.Tex_Emblem_03_0087_Flag',,1
100331,130088,シーユー・レイター,Sub,False,True,Texture2D'/Game/GUI/Common/Tex/Emblem/03/Tex_Emblem_03_0088.Tex_Emblem_03_0088',Texture2D'/Game/GUI/Common/Tex/Emblem/03/Tex_Emblem_03_0088_Flag.Tex_Emblem_03_0088_Flag',,1
100332,130089,ゴールテン・ダー,Sub,False,True,Texture2D'/Game/GUI/Common/Tex/Emblem/03/Tex_Emblem_03_0089.Tex_Emblem_03_0089',Texture2D'/Game/GUI/Common/Tex/Emblem/03/Tex_Emblem_03_0089_Flag.Tex_Emblem_03_0089_Flag',,1
100333,130090,アンゼロイ,Sub,False,True,Texture2D'/Game/GUI/Common/Tex/Emblem/03/Tex_Emblem_03_0090.Tex_Emblem_03_0090',Texture2D'/Game/GUI/Common/Tex/Emblem/03/Tex_Emblem_03_0090_Flag.Tex_Emblem_03_0090_Flag',,1
100334,130091,ディスドス,Sub,False,True,Texture2D'/Game/GUI/Common/Tex/Emblem/03/Tex_Emblem_03_0091.Tex_Emblem_03_0091',Texture2D'/Game/GUI/Common/Tex/Emblem/03/Tex_Emblem_03_0091_Flag.Tex_Emblem_03_0091_Flag',,1
100335,130092,サブライガ,Sub,False,True,Texture2D'/Game/GUI/Common/Tex/Emblem/03/Tex_Emblem_03_0092.Tex_Emblem_03_0092',Texture2D'/Game/GUI/Common/Tex/Emblem/03/Tex_Emblem_03_0092_Flag.Tex_Emblem_03_0092_Flag',,1
100336,130093,ファルマコン,Sub,False,True,Texture2D'/Game/GUI/Common/Tex/Emblem/03/Tex_Emblem_03_0093.Tex_Emblem_03_0093',Texture2D'/Game/GUI/Common/Tex/Emblem/03/Tex_Emblem_03_0093_Flag.Tex_Emblem_03_0093_Flag',,1
100337,130094,ラピスヘッジ,Sub,False,True,Texture2D'/Game/GUI/Common/Tex/Emblem/03/Tex_Emblem_03_0094.Tex_Emblem_03_0094',Texture2D'/Game/GUI/Common/Tex/Emblem/03/Tex_Emblem_03_0094_Flag.Tex_Emblem_03_0094_Flag',,1
100338,130095,パ・フェクト,Sub,False,True,Texture2D'/Game/GUI/Common/Tex/Emblem/03/Tex_Emblem_03_0095.Tex_Emblem_03_0095',Texture2D'/Game/GUI/Common/Tex/Emblem/03/Tex_Emblem_03_0095_Flag.Tex_Emblem_03_0095_Flag',,1
100339,130096,エタニティ,Sub,False,True,Texture2D'/Game/GUI/Common/Tex/Emblem/03/Tex_Emblem_03_0096.Tex_Emblem_03_0096',Texture2D'/Game/GUI/Common/Tex/Emblem/03/Tex_Emblem_03_0096_Flag.Tex_Emblem_03_0096_Flag',,1
100340,130097,オキサイド,Sub,False,True,Texture2D'/Game/GUI/Common/Tex/Emblem/03/Tex_Emblem_03_0097.Tex_Emblem_03_0097',Texture2D'/Game/GUI/Common/Tex/Emblem/03/Tex_Emblem_03_0097_Flag.Tex_Emblem_03_0097_Flag',,1
100341,101001,シンボル：ヒカリ,Main,False,False,Texture2D'/Game/GUI/Common/Tex/Emblem/CompleteSet/01/Tex_Emblem_Comp_01_0001.Tex_Emblem_Comp_01_0001',Texture2D'/Game/GUI/Common/Tex/Emblem/CompleteSet/01/Tex_Emblem_Comp_01_0001_Flag.Tex_Emblem_Comp_01_0001_Flag',,1
100342,101002,シンボル：レイカ,Main,False,False,Texture2D'/Game/GUI/Common/Tex/Emblem/CompleteSet/01/Tex_Emblem_Comp_01_0002.Tex_Emblem_Comp_01_0002',Texture2D'/Game/GUI/Common/Tex/Emblem/CompleteSet/01/Tex_Emblem_Comp_01_0002_Flag.Tex_Emblem_Comp_01_0002_Flag',,1
100343,101003,シンボル：シャーリー,Main,False,False,Texture2D'/Game/GUI/Common/Tex/Emblem/CompleteSet/01/Tex_Emblem_Comp_01_0003.Tex_Emblem_Comp_01_0003',Texture2D'/Game/GUI/Common/Tex/Emblem/CompleteSet/01/Tex_Emblem_Comp_01_0003_Flag.Tex_Emblem_Comp_01_0003_Flag',,1
100344,101004,シンボル：イサドラ,Main,False,False,Texture2D'/Game/GUI/Common/Tex/Emblem/CompleteSet/01/Tex_Emblem_Comp_01_0004.Tex_Emblem_Comp_01_0004',Texture2D'/Game/GUI/Common/Tex/Emblem/CompleteSet/01/Tex_Emblem_Comp_01_0004_Flag.Tex_Emblem_Comp_01_0004_Flag',,1
100345,101005,シンボル：ナギ,Main,False,False,Texture2D'/Game/GUI/Common/Tex/Emblem/CompleteSet/01/Tex_Emblem_Comp_01_0005.Tex_Emblem_Comp_01_0005',Texture2D'/Game/GUI/Common/Tex/Emblem/CompleteSet/01/Tex_Emblem_Comp_01_0005_Flag.Tex_Emblem_Comp_01_0005_Flag',,1
100346,101006,シンボル：カズマ,Main,False,False,Texture2D'/Game/GUI/Common/Tex/Emblem/CompleteSet/01/Tex_Emblem_Comp_01_0006.Tex_Emblem_Comp_01_0006',Texture2D'/Game/GUI/Common/Tex/Emblem/CompleteSet/01/Tex_Emblem_Comp_01_0006_Flag.Tex_Emblem_Comp_01_0006_Flag',,1
100347,101007,轟ア・スレッガ,Main,False,False,Texture2D'/Game/GUI/Common/Tex/Emblem/CompleteSet/01/Tex_Emblem_Comp_01_0007.Tex_Emblem_Comp_01_0007',Texture2D'/Game/GUI/Common/Tex/Emblem/CompleteSet/01/Tex_Emblem_Comp_01_0007_Flag.Tex_Emblem_Comp_01_0007_Flag',,1
100348,101008,ヴ・レード惺王国,Main,False,False,Texture2D'/Game/GUI/Common/Tex/Emblem/CompleteSet/01/Tex_Emblem_Comp_01_0008.Tex_Emblem_Comp_01_0008',Texture2D'/Game/GUI/Common/Tex/Emblem/CompleteSet/01/Tex_Emblem_Comp_01_0008_Flag.Tex_Emblem_Comp_01_0008_Flag',,1
100349,101009,キザナ,Main,False,False,Texture2D'/Game/GUI/Common/Tex/Emblem/CompleteSet/01/Tex_Emblem_Comp_01_0009.Tex_Emblem_Comp_01_0009',Texture2D'/Game/GUI/Common/Tex/Emblem/CompleteSet/01/Tex_Emblem_Comp_01_0009_Flag.Tex_Emblem_Comp_01_0009_Flag',,1
100350,101010,ガンスリンガーコラボ001,Main,False,False,Texture2D'/Game/GUI/Common/Tex/Emblem/CompleteSet/01/Tex_Emblem_Comp_01_0010.Tex_Emblem_Comp_01_0010',Texture2D'/Game/GUI/Common/Tex/Emblem/CompleteSet/01/Tex_Emblem_Comp_01_0010_Flag.Tex_Emblem_Comp_01_0010_Flag',,1
100351,101011,インベーダー,Main,False,False,Texture2D'/Game/GUI/Common/Tex/Emblem/02/Tex_Emblem_02_0186.Tex_Emblem_02_0186',Texture2D'/Game/GUI/Common/Tex/Emblem/02/Tex_Emblem_02_0186_Flag.Tex_Emblem_02_0186_Flag',,1
100352,101012,アズワン株式会社コラボ001,Main,False,False,Texture2D'/Game/GUI/Common/Tex/Emblem/CompleteSet/01/Tex_Emblem_Comp_01_0011.Tex_Emblem_Comp_01_0011',Texture2D'/Game/GUI/Common/Tex/Emblem/CompleteSet/01/Tex_Emblem_Comp_01_0011_Flag.Tex_Emblem_Comp_01_0011_Flag',,1
100353,101013,バックラッシュ,Main,False,False,Texture2D'/Game/GUI/Common/Tex/Emblem/Group/TEX_Com_Emblem_Group_04.TEX_Com_Emblem_Group_04',Texture2D'/Game/GUI/Common/Tex/Emblem/Group/TEX_Com_Emblem_Group_large_04.TEX_Com_Emblem_Group_large_04',CPU用,1
100354,101014,1周年記念,Main,False,False,Texture2D'/Game/GUI/Common/Tex/Emblem/CompleteSet/01/Tex_Emblem_Comp_01_0014.Tex_Emblem_Comp_01_0014',Texture2D'/Game/GUI/Common/Tex/Emblem/CompleteSet/01/Tex_Emblem_Comp_01_0014_Flag.Tex_Emblem_Comp_01_0014_Flag',,1
100355,101015,キザナ,Main,False,False,Texture2D'/Game/GUI/Common/Tex/Emblem/CompleteSet/01/Tex_Emblem_Comp_01_0015.Tex_Emblem_Comp_01_0015',Texture2D'/Game/GUI/Common/Tex/Emblem/CompleteSet/01/Tex_Emblem_Comp_01_0015_Flag.Tex_Emblem_Comp_01_0015_Flag',,1
100356,101016,バックラッシュ,Main,False,False,Texture2D'/Game/GUI/Common/Tex/Emblem/CompleteSet/01/Tex_Emblem_Comp_01_0016.Tex_Emblem_Comp_01_0016',Texture2D'/Game/GUI/Common/Tex/Emblem/CompleteSet/01/Tex_Emblem_Comp_01_0016_Flag.Tex_Emblem_Comp_01_0016_Flag',,1
