---,GachaId,RewardId,RewardName,GachaRealityId,Weight,Rate,ExchangeRewardId1,ExchangeRewardId2
1,100,1000050,CP × 50,1,1,100,0,0
2,201,4060061,ゴールテン・D・Ｈ,3,1,0.470588235294118,1000040,9000005
3,201,4060062,ゴールテン・D・Ｂ,3,1,0.470588235294118,1000040,9000005
4,201,4060063,ゴールテン・D・Ａ,3,1,0.470588235294118,1000040,9000005
5,201,4060064,ゴールテン・D・Ｌ,3,1,0.470588235294118,1000040,9000005
6,201,4060065,ゴールテン・D・Ｗ,4,1,0.666666666666667,1000040,9000005
7,201,4090091,サブライガ・Ｈ,3,1,0.470588235294118,1000040,9000005
8,201,4090092,サブライガ・Ｂ,3,1,0.470588235294118,1000040,9000005
9,201,4090093,サブライガ・Ａ,3,1,0.470588235294118,1000040,9000005
10,201,4090094,サブライガ・Ｌ,3,1,0.470588235294118,1000040,9000005
11,201,4090095,サブライガ・Ｗ,4,1,0.666666666666667,1000040,9000005
12,201,4040041,サイトヘッド・Ｈ,3,1,0.470588235294118,1000040,9000005
13,201,4040042,サイトヘッド・Ｂ,3,1,0.470588235294118,1000040,9000005
14,201,4040043,サイトヘッド・Ａ,3,1,0.470588235294118,1000040,9000005
15,201,4040044,サイトヘッド・Ｌ,3,1,0.470588235294118,1000040,9000005
16,201,4040045,サイトヘッド・Ｗ,4,1,0.666666666666667,1000040,9000005
17,201,4080081,ディスドス・Ｈ,3,1,0.470588235294118,1000040,9000005
18,201,4080082,ディスドス・Ｂ,3,1,0.470588235294118,1000040,9000005
19,201,4080083,ディスドス・Ａ,3,1,0.470588235294118,1000040,9000005
20,201,4080084,ディスドス・Ｌ,3,1,0.470588235294118,1000040,9000005
21,201,4080085,ディスドス・Ｗ,4,1,0.666666666666667,1000040,9000005
22,201,4030031,スクラッパー・Ｈ,3,1,0.470588235294118,1000040,9000005
23,201,4030032,スクラッパー・Ｂ,3,1,0.470588235294118,1000040,9000005
24,201,4030033,スクラッパー・Ａ,3,1,0.470588235294118,1000040,9000005
25,201,4030034,スクラッパー・Ｌ,3,1,0.470588235294118,1000040,9000005
26,201,4030035,スクラッパー・Ｗ,4,1,0.666666666666667,1000040,9000005
27,201,4100101,ファルマコン・Ｈ,3,1,0.470588235294118,1000040,9000005
28,201,4100102,ファルマコン・Ｂ,3,1,0.470588235294118,1000040,9000005
29,201,4100103,ファルマコン・Ａ,3,1,0.470588235294118,1000040,9000005
30,201,4100104,ファルマコン・Ｌ,3,1,0.470588235294118,1000040,9000005
31,201,4100105,ファルマコン・Ｗ,4,1,0.666666666666667,1000040,9000005
32,201,4110111,ラピスヘッジ・Ｈ,3,1,0.470588235294118,1000040,9000005
33,201,4110112,ラピスヘッジ・Ｂ,3,1,0.470588235294118,1000040,9000005
34,201,4110113,ラピスヘッジ・Ａ,3,1,0.470588235294118,1000040,9000005
35,201,4110114,ラピスヘッジ・Ｌ,3,1,0.470588235294118,1000040,9000005
36,201,4110115,ラピスヘッジ・Ｗ,4,1,0.666666666666667,1000040,9000005
37,201,4120121,パ・フェクト・Ｈ,3,1,0.470588235294118,1000040,9000005
38,201,4120122,パ・フェクト・Ｂ,3,1,0.470588235294118,1000040,9000005
39,201,4120123,パ・フェクト・Ａ,3,1,0.470588235294118,1000040,9000005
40,201,4120124,パ・フェクト・Ｌ,3,1,0.470588235294118,1000040,9000005
41,201,4120125,パ・フェクト・Ｗ,4,1,0.666666666666667,1000040,9000005
42,201,4070071,アンゼロイ・Ｈ,3,1,0.470588235294118,1000040,9000005
43,201,4070072,アンゼロイ・Ｂ,3,1,0.470588235294118,1000040,9000005
44,201,4070073,アンゼロイ・Ａ,3,1,0.470588235294118,1000040,9000005
45,201,4070074,アンゼロイ・Ｌ,3,1,0.470588235294118,1000040,9000005
46,201,4070075,アンゼロイ・Ｗ,4,1,0.666666666666667,1000040,9000005
47,201,6010018,コントロールサークルA,1,1,0.942857142857143,1000020,9000005
48,201,6020028,ドラゴンヘッド,1,1,0.942857142857143,1000020,9000005
49,201,6020029,ユニコーンヘッド,1,1,0.942857142857143,1000020,9000005
50,201,6020037,ビー,1,1,0.942857142857143,1000020,9000005
51,201,6020039,ライオンヘッド,1,1,0.942857142857143,1000020,9000005
52,201,6020053,フィーバー,1,1,0.942857142857143,1000020,9000005
53,201,6020080,フォーリンラブ,1,1,0.942857142857143,1000020,9000005
54,201,6030007,ビーハウス,1,1,0.942857142857143,1000020,9000005
55,201,6030020,スプラッシュ,1,1,0.942857142857143,1000020,9000005
56,201,6030021,ダスト,1,1,0.942857142857143,1000020,9000005
57,201,6030030,ハナマル,1,1,0.942857142857143,1000020,9000005
58,201,6030031,音符記号,1,1,0.942857142857143,1000020,9000005
59,201,6030051,スペースサークル,1,1,0.942857142857143,1000020,9000005
60,201,6030062,ツインユニコーン,1,1,0.942857142857143,1000020,9000005
61,201,6030074,オールドクラウン,1,1,0.942857142857143,1000020,9000005
62,201,6010016,アンティークサークル,1,1,0.942857142857143,1000020,9000005
63,201,6010028,スターフレーム,1,1,0.942857142857143,1000020,9000005
64,201,6020031,フェニックス,1,1,0.942857142857143,1000020,9000005
65,201,6020038,スネークヘッド,1,1,0.942857142857143,1000020,9000005
66,201,6020060,アイスクリスタル,1,1,0.942857142857143,1000020,9000005
67,201,6020078,ハートキー,1,1,0.942857142857143,1000020,9000005
68,201,6030022,アングリー,1,1,0.942857142857143,1000020,9000005
69,201,6030041,マインドライト,1,1,0.942857142857143,1000020,9000005
70,201,6030063,ひび割れハート,1,1,0.942857142857143,1000020,9000005
71,201,6030069,効果A,1,1,0.942857142857143,1000020,9000005
72,201,6010017,サーマルスクウェア,1,1,0.942857142857143,1000020,9000005
73,201,6010025,チェーンフレーム,1,1,0.942857142857143,1000020,9000005
74,201,6020050,ドルフィン,1,1,0.942857142857143,1000020,9000005
75,201,6020064,フローズン,1,1,0.942857142857143,1000020,9000005
76,201,6020076,ザ・マスク,1,1,0.942857142857143,1000020,9000005
77,201,6020079,ツインベル,1,1,0.942857142857143,1000020,9000005
78,201,6030004,バーニング,1,1,0.942857142857143,1000020,9000005
79,201,6030026,ダブルスター,1,1,0.942857142857143,1000020,9000005
80,201,6030058,シャイニングスター,1,1,0.942857142857143,1000020,9000005
81,201,6030073,リーパーサイス,1,1,0.942857142857143,1000020,9000005
82,201,3000004,グレイン-AS,2,1,1.26086956521739,1000030,9000005
83,201,3000035,ミトラーム,2,1,1.26086956521739,1000030,9000005
84,201,3000072,グルナード,2,1,1.26086956521739,1000030,9000005
85,201,3000042,ブランキアル,2,1,1.26086956521739,1000030,9000005
86,201,3000063,ファイアサイス,2,1,1.26086956521739,1000030,9000005
87,201,3000107,グレイスピラ,2,1,1.26086956521739,1000030,9000005
88,201,3000076,ボンバルド,2,1,1.26086956521739,1000030,9000005
89,201,3000125,インパルスショット,3,1,0.470588235294118,1000030,9000005
90,201,3000020,機関砲 騎神,3,1,0.470588235294118,1000030,9000005
91,201,3000100,ターレットMI,3,1,0.470588235294118,1000030,9000005
92,201,3000122,単装導弾 三皇,3,1,0.470588235294118,1000030,9000005
93,201,3000030,エスプロジオ,3,1,0.470588235294118,1000030,9000005
94,201,3000131,ディオグラント,3,1,0.470588235294118,1000030,9000005
95,201,3000033,爆撃砲 龍星,4,1,0.666666666666667,1000030,9000005
96,201,3000206,マーノムガン-AS,4,1,0.666666666666667,1000030,9000005
97,201,3000141,レイスレイヴ Xt-A,4,1,0.666666666666667,1000030,9000005
98,201,3000113,グラン・ラーゴ,4,1,0.666666666666667,1000030,9000005
99,201,3000067,ブレードジップ,2,1,1.26086956521739,1000030,9000005
100,201,3000069,ブラックスミス,2,1,1.26086956521739,1000030,9000005
101,201,3000012,ミトライユ・コルト,2,1,1.26086956521739,1000030,9000005
102,201,3000120,ディトーレ,2,1,1.26086956521739,1000030,9000005
103,201,3000128,烈火弾 煉獄,2,1,1.26086956521739,1000030,9000005
104,201,3000023,拳銃 月牙,2,1,1.26086956521739,1000030,9000005
105,201,3000060,ブーメラング,2,1,1.26086956521739,1000030,9000005
106,201,3000080,バースト・ボム,2,1,1.26086956521739,1000030,9000005
107,201,3000053,マーノムガン,3,1,0.470588235294118,1000030,9000005
108,201,3000065,飛翔拳 双天,3,1,0.470588235294118,1000030,9000005
109,201,3000024,火炎砲 散華,3,1,0.470588235294118,1000030,9000005
110,201,3000017,デ・ディヴァルガン,3,1,0.470588235294118,1000030,9000005
111,201,3000013,ブリリオン,3,1,0.470588235294118,1000030,9000005
112,201,3000202,多連装導弾 冥鎚,4,1,0.666666666666667,1000030,9000005
113,201,3000134,電導弾 虚無,4,1,0.666666666666667,1000030,9000005
114,201,3000142,レイスレイヴ Xt-V,4,1,0.666666666666667,1000030,9000005
115,201,3000143,フォルツパレット,4,1,0.666666666666667,1000030,9000005
116,201,3000038,エステジオン・ボム,2,1,1.26086956521739,1000030,9000005
117,201,3000097,シールドヴァイト,2,1,1.26086956521739,1000030,9000005
118,201,3000064,デトネイトランス,2,1,1.26086956521739,1000030,9000005
119,201,3000119,グレイン-SP,2,1,1.26086956521739,1000030,9000005
120,201,3000019,フォルツァ-Ａ,2,1,1.26086956521739,1000030,9000005
121,201,3000078,ジャメル,2,1,1.26086956521739,1000030,9000005
122,201,3000085,エレクトリット,2,1,1.26086956521739,1000030,9000005
123,201,3000118,ラジオパレット,2,1,1.26086956521739,1000030,9000005
124,201,3000018,メディク,3,1,0.470588235294118,1000030,9000005
125,201,3000084,テレ・ヴ二ール,3,1,0.470588235294118,1000030,9000005
126,201,3000052,斬縛弾 月読,3,1,0.470588235294118,1000030,9000005
127,201,3000074,ソワン・ヒーリア,3,1,0.470588235294118,1000030,9000005
128,201,3000049,フォルツァ-Ｂ,4,1,0.666666666666667,1000030,9000005
129,201,3000048,跳射爆弾 泡沫,4,1,0.666666666666667,1000030,9000005
130,201,3000093,レイスレイヴ Xt-S,4,1,0.666666666666667,1000030,9000005
131,201,3000040,ハープーン・エギユ,4,1,0.666666666666667,1000030,9000005
132,202,4060061,ゴールテン・D・Ｈ,3,1,0.450980392156863,1000040,9000005
133,202,4060062,ゴールテン・D・Ｂ,3,1,0.450980392156863,1000040,9000005
134,202,4060063,ゴールテン・D・Ａ,3,1,0.450980392156863,1000040,9000005
135,202,4060064,ゴールテン・D・Ｌ,3,1,0.450980392156863,1000040,9000005
136,202,4060065,ゴールテン・D・Ｗ,4,1,0.722222222222222,1000040,9000005
137,202,4090091,サブライガ・Ｈ,3,1,0.450980392156863,1000040,9000005
138,202,4090092,サブライガ・Ｂ,3,1,0.450980392156863,1000040,9000005
139,202,4090093,サブライガ・Ａ,3,1,0.450980392156863,1000040,9000005
140,202,4090094,サブライガ・Ｌ,3,1,0.450980392156863,1000040,9000005
141,202,4090095,サブライガ・Ｗ,4,1,0.722222222222222,1000040,9000005
142,202,4040041,サイトヘッド・Ｈ,3,1,0.450980392156863,1000040,9000005
143,202,4040042,サイトヘッド・Ｂ,3,1,0.450980392156863,1000040,9000005
144,202,4040043,サイトヘッド・Ａ,3,1,0.450980392156863,1000040,9000005
145,202,4040044,サイトヘッド・Ｌ,3,1,0.450980392156863,1000040,9000005
146,202,4040045,サイトヘッド・Ｗ,4,1,0.722222222222222,1000040,9000005
147,202,4080081,ディスドス・Ｈ,3,1,0.450980392156863,1000040,9000005
148,202,4080082,ディスドス・Ｂ,3,1,0.450980392156863,1000040,9000005
149,202,4080083,ディスドス・Ａ,3,1,0.450980392156863,1000040,9000005
150,202,4080084,ディスドス・Ｌ,3,1,0.450980392156863,1000040,9000005
151,202,4080085,ディスドス・Ｗ,4,1,0.722222222222222,1000040,9000005
152,202,4030031,スクラッパー・Ｈ,3,1,0.450980392156863,1000040,9000005
153,202,4030032,スクラッパー・Ｂ,3,1,0.450980392156863,1000040,9000005
154,202,4030033,スクラッパー・Ａ,3,1,0.450980392156863,1000040,9000005
155,202,4030034,スクラッパー・Ｌ,3,1,0.450980392156863,1000040,9000005
156,202,4030035,スクラッパー・Ｗ,4,1,0.722222222222222,1000040,9000005
157,202,4100101,ファルマコン・Ｈ,3,1,0.450980392156863,1000040,9000005
158,202,4100102,ファルマコン・Ｂ,3,1,0.450980392156863,1000040,9000005
159,202,4100103,ファルマコン・Ａ,3,1,0.450980392156863,1000040,9000005
160,202,4100104,ファルマコン・Ｌ,3,1,0.450980392156863,1000040,9000005
161,202,4100105,ファルマコン・Ｗ,4,1,0.722222222222222,1000040,9000005
162,202,4110111,ラピスヘッジ・Ｈ,3,1,0.450980392156863,1000040,9000005
163,202,4110112,ラピスヘッジ・Ｂ,3,1,0.450980392156863,1000040,9000005
164,202,4110113,ラピスヘッジ・Ａ,3,1,0.450980392156863,1000040,9000005
165,202,4110114,ラピスヘッジ・Ｌ,3,1,0.450980392156863,1000040,9000005
166,202,4110115,ラピスヘッジ・Ｗ,4,1,0.722222222222222,1000040,9000005
167,202,4120121,パ・フェクト・Ｈ,3,1,0.450980392156863,1000040,9000005
168,202,4120122,パ・フェクト・Ｂ,3,1,0.450980392156863,1000040,9000005
169,202,4120123,パ・フェクト・Ａ,3,1,0.450980392156863,1000040,9000005
170,202,4120124,パ・フェクト・Ｌ,3,1,0.450980392156863,1000040,9000005
171,202,4120125,パ・フェクト・Ｗ,4,1,0.722222222222222,1000040,9000005
172,202,4070071,アンゼロイ・Ｈ,3,1,0.450980392156863,1000040,9000005
173,202,4070072,アンゼロイ・Ｂ,3,1,0.450980392156863,1000040,9000005
174,202,4070073,アンゼロイ・Ａ,3,1,0.450980392156863,1000040,9000005
175,202,4070074,アンゼロイ・Ｌ,3,1,0.450980392156863,1000040,9000005
176,202,4070075,アンゼロイ・Ｗ,4,1,0.722222222222222,1000040,9000005
177,202,6010018,コントロールサークルA,1,1,0.861111111111111,1000020,9000005
178,202,6020028,ドラゴンヘッド,1,1,0.861111111111111,1000020,9000005
179,202,6020029,ユニコーンヘッド,1,1,0.861111111111111,1000020,9000005
180,202,6020037,ビー,1,1,0.861111111111111,1000020,9000005
181,202,6020039,ライオンヘッド,1,1,0.861111111111111,1000020,9000005
182,202,6020053,フィーバー,1,1,0.861111111111111,1000020,9000005
183,202,6020080,フォーリンラブ,1,1,0.861111111111111,1000020,9000005
184,202,6030007,ビーハウス,1,1,0.861111111111111,1000020,9000005
185,202,6030020,スプラッシュ,1,1,0.861111111111111,1000020,9000005
186,202,6030021,ダスト,1,1,0.861111111111111,1000020,9000005
187,202,6030030,ハナマル,1,1,0.861111111111111,1000020,9000005
188,202,6030031,音符記号,1,1,0.861111111111111,1000020,9000005
189,202,6030051,スペースサークル,1,1,0.861111111111111,1000020,9000005
190,202,6030062,ツインユニコーン,1,1,0.861111111111111,1000020,9000005
191,202,6030074,オールドクラウン,1,1,0.861111111111111,1000020,9000005
192,202,6010016,アンティークサークル,1,1,0.861111111111111,1000020,9000005
193,202,6010028,スターフレーム,1,1,0.861111111111111,1000020,9000005
194,202,6020031,フェニックス,1,1,0.861111111111111,1000020,9000005
195,202,6020038,スネークヘッド,1,1,0.861111111111111,1000020,9000005
196,202,6020060,アイスクリスタル,1,1,0.861111111111111,1000020,9000005
197,202,6020078,ハートキー,1,1,0.861111111111111,1000020,9000005
198,202,6030022,アングリー,1,1,0.861111111111111,1000020,9000005
199,202,6030041,マインドライト,1,1,0.861111111111111,1000020,9000005
200,202,6030063,ひび割れハート,1,1,0.861111111111111,1000020,9000005
201,202,6030069,効果A,1,1,0.861111111111111,1000020,9000005
202,202,6010017,サーマルスクウェア,1,1,0.861111111111111,1000020,9000005
203,202,6010025,チェーンフレーム,1,1,0.861111111111111,1000020,9000005
204,202,6020050,ドルフィン,1,1,0.861111111111111,1000020,9000005
205,202,6020064,フローズン,1,1,0.861111111111111,1000020,9000005
206,202,6020076,ザ・マスク,1,1,0.861111111111111,1000020,9000005
207,202,6020079,ツインベル,1,1,0.861111111111111,1000020,9000005
208,202,6030004,バーニング,1,1,0.861111111111111,1000020,9000005
209,202,6030026,ダブルスター,1,1,0.861111111111111,1000020,9000005
210,202,6030058,シャイニングスター,1,1,0.861111111111111,1000020,9000005
211,202,6030073,リーパーサイス,1,1,0.861111111111111,1000020,9000005
212,202,3000004,グレイン-AS,1,1,0.861111111111111,1000030,9000005
213,202,3000035,ミトラーム,2,1,1.08,1000030,9000005
214,202,3000072,グルナード,2,1,1.08,1000030,9000005
215,202,3000042,ブランキアル,2,1,1.08,1000030,9000005
216,202,3000063,ファイアサイス,2,1,1.08,1000030,9000005
217,202,3000107,グレイスピラ,2,1,1.08,1000030,9000005
218,202,3000076,ボンバルド,2,1,1.08,1000030,9000005
219,202,3000125,インパルスショット,2,1,1.08,1000030,9000005
220,202,3000020,機関砲 騎神,3,1,0.450980392156863,1000030,9000005
221,202,3000100,ターレットMI,3,1,0.450980392156863,1000030,9000005
222,202,3000122,単装導弾 三皇,3,1,0.450980392156863,1000030,9000005
223,202,3000030,エスプロジオ,3,1,0.450980392156863,1000030,9000005
224,202,3000131,ディオグラント,3,1,0.450980392156863,1000030,9000005
225,202,3000033,爆撃砲 龍星,3,1,0.450980392156863,1000030,9000005
226,202,3000206,マーノムガン-AS,4,1,0.722222222222222,1000030,9000005
227,202,3000141,レイスレイヴ Xt-A,4,1,0.722222222222222,1000030,9000005
228,202,3000113,グラン・ラーゴ,4,1,0.722222222222222,1000030,9000005
229,202,3000057,ブルームブラスター,5,1,2,1000030,9000005
230,202,3000067,ブレードジップ,2,1,1.08,1000030,9000005
231,202,3000069,ブラックスミス,2,1,1.08,1000030,9000005
232,202,3000012,ミトライユ・コルト,2,1,1.08,1000030,9000005
233,202,3000120,ディトーレ,2,1,1.08,1000030,9000005
234,202,3000128,烈火弾 煉獄,2,1,1.08,1000030,9000005
235,202,3000023,拳銃 月牙,2,1,1.08,1000030,9000005
236,202,3000060,ブーメラング,2,1,1.08,1000030,9000005
237,202,3000080,バースト・ボム,2,1,1.08,1000030,9000005
238,202,3000053,マーノムガン,2,1,1.08,1000030,9000005
239,202,3000065,飛翔拳 双天,3,1,0.450980392156863,1000030,9000005
240,202,3000024,火炎砲 散華,3,1,0.450980392156863,1000030,9000005
241,202,3000017,デ・ディヴァルガン,3,1,0.450980392156863,1000030,9000005
242,202,3000013,ブリリオン,3,1,0.450980392156863,1000030,9000005
243,202,3000202,多連装導弾 冥鎚,3,1,0.450980392156863,1000030,9000005
244,202,3000134,電導弾 虚無,4,1,0.722222222222222,1000030,9000005
245,202,3000142,レイスレイヴ Xt-V,4,1,0.722222222222222,1000030,9000005
246,202,3000143,フォルツパレット,4,1,0.722222222222222,1000030,9000005
247,202,3000011,カラミッタ,5,1,2,1000030,9000005
248,202,3000038,エステジオン・ボム,2,1,1.08,1000030,9000005
249,202,3000097,シールドヴァイト,2,1,1.08,1000030,9000005
250,202,3000064,デトネイトランス,2,1,1.08,1000030,9000005
251,202,3000119,グレイン-SP,2,1,1.08,1000030,9000005
252,202,3000019,フォルツァ-Ａ,2,1,1.08,1000030,9000005
253,202,3000078,ジャメル,2,1,1.08,1000030,9000005
254,202,3000085,エレクトリット,2,1,1.08,1000030,9000005
255,202,3000118,ラジオパレット,2,1,1.08,1000030,9000005
256,202,3000018,メディク,2,1,1.08,1000030,9000005
257,202,3000084,テレ・ヴ二ール,3,1,0.450980392156863,1000030,9000005
258,202,3000052,斬縛弾 月読,3,1,0.450980392156863,1000030,9000005
259,202,3000074,ソワン・ヒーリア,3,1,0.450980392156863,1000030,9000005
260,202,3000049,フォルツァ-Ｂ,3,1,0.450980392156863,1000030,9000005
261,202,3000048,跳射爆弾 泡沫,4,1,0.722222222222222,1000030,9000005
262,202,3000093,レイスレイヴ Xt-S,4,1,0.722222222222222,1000030,9000005
263,202,3000040,ハープーン・エギユ,4,1,0.722222222222222,1000030,9000005
264,202,3000096,ヘルシャフト,5,1,2,1000030,9000005
265,203,4060061,ゴールテン・D・Ｈ,3,1,0.470588235294118,1000040,9000005
266,203,4060062,ゴールテン・D・Ｂ,3,1,0.470588235294118,1000040,9000005
267,203,4060063,ゴールテン・D・Ａ,3,1,0.470588235294118,1000040,9000005
268,203,4060064,ゴールテン・D・Ｌ,3,1,0.470588235294118,1000040,9000005
269,203,4060065,ゴールテン・D・Ｗ,4,1,0.666666666666667,1000040,9000005
270,203,4090091,サブライガ・Ｈ,3,1,0.470588235294118,1000040,9000005
271,203,4090092,サブライガ・Ｂ,3,1,0.470588235294118,1000040,9000005
272,203,4090093,サブライガ・Ａ,3,1,0.470588235294118,1000040,9000005
273,203,4090094,サブライガ・Ｌ,3,1,0.470588235294118,1000040,9000005
274,203,4090095,サブライガ・Ｗ,4,1,0.666666666666667,1000040,9000005
275,203,4040041,サイトヘッド・Ｈ,3,1,0.470588235294118,1000040,9000005
276,203,4040042,サイトヘッド・Ｂ,3,1,0.470588235294118,1000040,9000005
277,203,4040043,サイトヘッド・Ａ,3,1,0.470588235294118,1000040,9000005
278,203,4040044,サイトヘッド・Ｌ,3,1,0.470588235294118,1000040,9000005
279,203,4040045,サイトヘッド・Ｗ,4,1,0.666666666666667,1000040,9000005
280,203,4080081,ディスドス・Ｈ,3,1,0.470588235294118,1000040,9000005
281,203,4080082,ディスドス・Ｂ,3,1,0.470588235294118,1000040,9000005
282,203,4080083,ディスドス・Ａ,3,1,0.470588235294118,1000040,9000005
283,203,4080084,ディスドス・Ｌ,3,1,0.470588235294118,1000040,9000005
284,203,4080085,ディスドス・Ｗ,4,1,0.666666666666667,1000040,9000005
285,203,4030031,スクラッパー・Ｈ,3,1,0.470588235294118,1000040,9000005
286,203,4030032,スクラッパー・Ｂ,3,1,0.470588235294118,1000040,9000005
287,203,4030033,スクラッパー・Ａ,3,1,0.470588235294118,1000040,9000005
288,203,4030034,スクラッパー・Ｌ,3,1,0.470588235294118,1000040,9000005
289,203,4030035,スクラッパー・Ｗ,4,1,0.666666666666667,1000040,9000005
290,203,4100101,ファルマコン・Ｈ,3,1,0.470588235294118,1000040,9000005
291,203,4100102,ファルマコン・Ｂ,3,1,0.470588235294118,1000040,9000005
292,203,4100103,ファルマコン・Ａ,3,1,0.470588235294118,1000040,9000005
293,203,4100104,ファルマコン・Ｌ,3,1,0.470588235294118,1000040,9000005
294,203,4100105,ファルマコン・Ｗ,4,1,0.666666666666667,1000040,9000005
295,203,4110111,ラピスヘッジ・Ｈ,3,1,0.470588235294118,1000040,9000005
296,203,4110112,ラピスヘッジ・Ｂ,3,1,0.470588235294118,1000040,9000005
297,203,4110113,ラピスヘッジ・Ａ,3,1,0.470588235294118,1000040,9000005
298,203,4110114,ラピスヘッジ・Ｌ,3,1,0.470588235294118,1000040,9000005
299,203,4110115,ラピスヘッジ・Ｗ,4,1,0.666666666666667,1000040,9000005
300,203,4120121,パ・フェクト・Ｈ,3,1,0.470588235294118,1000040,9000005
301,203,4120122,パ・フェクト・Ｂ,3,1,0.470588235294118,1000040,9000005
302,203,4120123,パ・フェクト・Ａ,3,1,0.470588235294118,1000040,9000005
303,203,4120124,パ・フェクト・Ｌ,3,1,0.470588235294118,1000040,9000005
304,203,4120125,パ・フェクト・Ｗ,4,1,0.666666666666667,1000040,9000005
305,203,4070071,アンゼロイ・Ｈ,3,1,0.470588235294118,1000040,9000005
306,203,4070072,アンゼロイ・Ｂ,3,1,0.470588235294118,1000040,9000005
307,203,4070073,アンゼロイ・Ａ,3,1,0.470588235294118,1000040,9000005
308,203,4070074,アンゼロイ・Ｌ,3,1,0.470588235294118,1000040,9000005
309,203,4070075,アンゼロイ・Ｗ,4,1,0.666666666666667,1000040,9000005
310,203,6010018,コントロールサークルA,1,1,0.942857142857143,1000020,9000005
311,203,6020028,ドラゴンヘッド,1,1,0.942857142857143,1000020,9000005
312,203,6020029,ユニコーンヘッド,1,1,0.942857142857143,1000020,9000005
313,203,6020037,ビー,1,1,0.942857142857143,1000020,9000005
314,203,6020039,ライオンヘッド,1,1,0.942857142857143,1000020,9000005
315,203,6020053,フィーバー,1,1,0.942857142857143,1000020,9000005
316,203,6020080,フォーリンラブ,1,1,0.942857142857143,1000020,9000005
317,203,6030007,ビーハウス,1,1,0.942857142857143,1000020,9000005
318,203,6030020,スプラッシュ,1,1,0.942857142857143,1000020,9000005
319,203,6030021,ダスト,1,1,0.942857142857143,1000020,9000005
320,203,6030030,ハナマル,1,1,0.942857142857143,1000020,9000005
321,203,6030031,音符記号,1,1,0.942857142857143,1000020,9000005
322,203,6030051,スペースサークル,1,1,0.942857142857143,1000020,9000005
323,203,6030062,ツインユニコーン,1,1,0.942857142857143,1000020,9000005
324,203,6030074,オールドクラウン,1,1,0.942857142857143,1000020,9000005
325,203,6010016,アンティークサークル,1,1,0.942857142857143,1000020,9000005
326,203,6010028,スターフレーム,1,1,0.942857142857143,1000020,9000005
327,203,6020031,フェニックス,1,1,0.942857142857143,1000020,9000005
328,203,6020038,スネークヘッド,1,1,0.942857142857143,1000020,9000005
329,203,6020060,アイスクリスタル,1,1,0.942857142857143,1000020,9000005
330,203,6020078,ハートキー,1,1,0.942857142857143,1000020,9000005
331,203,6030022,アングリー,1,1,0.942857142857143,1000020,9000005
332,203,6030041,マインドライト,1,1,0.942857142857143,1000020,9000005
333,203,6030063,ひび割れハート,1,1,0.942857142857143,1000020,9000005
334,203,6030069,効果A,1,1,0.942857142857143,1000020,9000005
335,203,6010017,サーマルスクウェア,1,1,0.942857142857143,1000020,9000005
336,203,6010025,チェーンフレーム,1,1,0.942857142857143,1000020,9000005
337,203,6020050,ドルフィン,1,1,0.942857142857143,1000020,9000005
338,203,6020064,フローズン,1,1,0.942857142857143,1000020,9000005
339,203,6020076,ザ・マスク,1,1,0.942857142857143,1000020,9000005
340,203,6020079,ツインベル,1,1,0.942857142857143,1000020,9000005
341,203,6030004,バーニング,1,1,0.942857142857143,1000020,9000005
342,203,6030026,ダブルスター,1,1,0.942857142857143,1000020,9000005
343,203,6030058,シャイニングスター,1,1,0.942857142857143,1000020,9000005
344,203,6030073,リーパーサイス,1,1,0.942857142857143,1000020,9000005
345,203,3000004,グレイン-AS,2,1,1.11538461538462,1000030,9000005
346,203,3000035,ミトラーム,2,1,1.11538461538462,1000030,9000005
347,203,3000072,グルナード,2,1,1.11538461538462,1000030,9000005
348,203,3000042,ブランキアル,2,1,1.11538461538462,1000030,9000005
349,203,3000063,ファイアサイス,2,1,1.11538461538462,1000030,9000005
350,203,3000107,グレイスピラ,2,1,1.11538461538462,1000030,9000005
351,203,3000076,ボンバルド,2,1,1.11538461538462,1000030,9000005
352,203,3000125,インパルスショット,2,1,1.11538461538462,1000030,9000005
353,203,3000020,機関砲 騎神,3,1,0.470588235294118,1000030,9000005
354,203,3000100,ターレットMI,3,1,0.470588235294118,1000030,9000005
355,203,3000122,単装導弾 三皇,3,1,0.470588235294118,1000030,9000005
356,203,3000030,エスプロジオ,3,1,0.470588235294118,1000030,9000005
357,203,3000131,ディオグラント,3,1,0.470588235294118,1000030,9000005
358,203,3000033,爆撃砲 龍星,3,1,0.470588235294118,1000030,9000005
359,203,3000206,マーノムガン-AS,4,1,0.666666666666667,1000030,9000005
360,203,3000141,レイスレイヴ Xt-A,4,1,0.666666666666667,1000030,9000005
361,203,3000113,グラン・ラーゴ,4,1,0.666666666666667,1000030,9000005
362,203,3000057,ブルームブラスター,4,1,0.666666666666667,1000030,9000005
363,203,3000067,ブレードジップ,2,1,1.11538461538462,1000030,9000005
364,203,3000069,ブラックスミス,2,1,1.11538461538462,1000030,9000005
365,203,3000012,ミトライユ・コルト,2,1,1.11538461538462,1000030,9000005
366,203,3000120,ディトーレ,2,1,1.11538461538462,1000030,9000005
367,203,3000128,烈火弾 煉獄,2,1,1.11538461538462,1000030,9000005
368,203,3000023,拳銃 月牙,2,1,1.11538461538462,1000030,9000005
369,203,3000060,ブーメラング,2,1,1.11538461538462,1000030,9000005
370,203,3000080,バースト・ボム,2,1,1.11538461538462,1000030,9000005
371,203,3000053,マーノムガン,2,1,1.11538461538462,1000030,9000005
372,203,3000065,飛翔拳 双天,3,1,0.470588235294118,1000030,9000005
373,203,3000024,火炎砲 散華,3,1,0.470588235294118,1000030,9000005
374,203,3000017,デ・ディヴァルガン,3,1,0.470588235294118,1000030,9000005
375,203,3000013,ブリリオン,3,1,0.470588235294118,1000030,9000005
376,203,3000202,多連装導弾 冥鎚,3,1,0.470588235294118,1000030,9000005
377,203,3000134,電導弾 虚無,4,1,0.666666666666667,1000030,9000005
378,203,3000142,レイスレイヴ Xt-V,4,1,0.666666666666667,1000030,9000005
379,203,3000143,フォルツパレット,4,1,0.666666666666667,1000030,9000005
380,203,3000011,カラミッタ,4,1,0.666666666666667,1000030,9000005
381,203,3000038,エステジオン・ボム,2,1,1.11538461538462,1000030,9000005
382,203,3000097,シールドヴァイト,2,1,1.11538461538462,1000030,9000005
383,203,3000064,デトネイトランス,2,1,1.11538461538462,1000030,9000005
384,203,3000119,グレイン-SP,2,1,1.11538461538462,1000030,9000005
385,203,3000019,フォルツァ-Ａ,2,1,1.11538461538462,1000030,9000005
386,203,3000078,ジャメル,2,1,1.11538461538462,1000030,9000005
387,203,3000085,エレクトリット,2,1,1.11538461538462,1000030,9000005
388,203,3000118,ラジオパレット,2,1,1.11538461538462,1000030,9000005
389,203,3000018,メディク,2,1,1.11538461538462,1000030,9000005
390,203,3000084,テレ・ヴ二ール,3,1,0.470588235294118,1000030,9000005
391,203,3000052,斬縛弾 月読,3,1,0.470588235294118,1000030,9000005
392,203,3000074,ソワン・ヒーリア,3,1,0.470588235294118,1000030,9000005
393,203,3000049,フォルツァ-Ｂ,3,1,0.470588235294118,1000030,9000005
394,203,3000048,跳射爆弾 泡沫,4,1,0.666666666666667,1000030,9000005
395,203,3000093,レイスレイヴ Xt-S,4,1,0.666666666666667,1000030,9000005
396,203,3000040,ハープーン・エギユ,4,1,0.666666666666667,1000030,9000005
397,203,3000096,ヘルシャフト,4,1,0.666666666666667,1000030,9000005
398,204,4060061,ゴールテン・D・Ｈ,3,1,0.470588235294118,1000040,9000005
399,204,4060062,ゴールテン・D・Ｂ,3,1,0.470588235294118,1000040,9000005
400,204,4060063,ゴールテン・D・Ａ,3,1,0.470588235294118,1000040,9000005
401,204,4060064,ゴールテン・D・Ｌ,3,1,0.470588235294118,1000040,9000005
402,204,4060065,ゴールテン・D・Ｗ,4,1,0.666666666666667,1000040,9000005
403,204,4090091,サブライガ・Ｈ,3,1,0.470588235294118,1000040,9000005
404,204,4090092,サブライガ・Ｂ,3,1,0.470588235294118,1000040,9000005
405,204,4090093,サブライガ・Ａ,3,1,0.470588235294118,1000040,9000005
406,204,4090094,サブライガ・Ｌ,3,1,0.470588235294118,1000040,9000005
407,204,4090095,サブライガ・Ｗ,4,1,0.666666666666667,1000040,9000005
408,204,4040041,サイトヘッド・Ｈ,3,1,0.470588235294118,1000040,9000005
409,204,4040042,サイトヘッド・Ｂ,3,1,0.470588235294118,1000040,9000005
410,204,4040043,サイトヘッド・Ａ,3,1,0.470588235294118,1000040,9000005
411,204,4040044,サイトヘッド・Ｌ,3,1,0.470588235294118,1000040,9000005
412,204,4040045,サイトヘッド・Ｗ,4,1,0.666666666666667,1000040,9000005
413,204,4080081,ディスドス・Ｈ,3,1,0.470588235294118,1000040,9000005
414,204,4080082,ディスドス・Ｂ,3,1,0.470588235294118,1000040,9000005
415,204,4080083,ディスドス・Ａ,3,1,0.470588235294118,1000040,9000005
416,204,4080084,ディスドス・Ｌ,3,1,0.470588235294118,1000040,9000005
417,204,4080085,ディスドス・Ｗ,4,1,0.666666666666667,1000040,9000005
418,204,4030031,スクラッパー・Ｈ,3,1,0.470588235294118,1000040,9000005
419,204,4030032,スクラッパー・Ｂ,3,1,0.470588235294118,1000040,9000005
420,204,4030033,スクラッパー・Ａ,3,1,0.470588235294118,1000040,9000005
421,204,4030034,スクラッパー・Ｌ,3,1,0.470588235294118,1000040,9000005
422,204,4030035,スクラッパー・Ｗ,4,1,0.666666666666667,1000040,9000005
423,204,4100101,ファルマコン・Ｈ,3,1,0.470588235294118,1000040,9000005
424,204,4100102,ファルマコン・Ｂ,3,1,0.470588235294118,1000040,9000005
425,204,4100103,ファルマコン・Ａ,3,1,0.470588235294118,1000040,9000005
426,204,4100104,ファルマコン・Ｌ,3,1,0.470588235294118,1000040,9000005
427,204,4100105,ファルマコン・Ｗ,4,1,0.666666666666667,1000040,9000005
428,204,4110111,ラピスヘッジ・Ｈ,3,1,0.470588235294118,1000040,9000005
429,204,4110112,ラピスヘッジ・Ｂ,3,1,0.470588235294118,1000040,9000005
430,204,4110113,ラピスヘッジ・Ａ,3,1,0.470588235294118,1000040,9000005
431,204,4110114,ラピスヘッジ・Ｌ,3,1,0.470588235294118,1000040,9000005
432,204,4110115,ラピスヘッジ・Ｗ,4,1,0.666666666666667,1000040,9000005
433,204,4120121,パ・フェクト・Ｈ,3,1,0.470588235294118,1000040,9000005
434,204,4120122,パ・フェクト・Ｂ,3,1,0.470588235294118,1000040,9000005
435,204,4120123,パ・フェクト・Ａ,3,1,0.470588235294118,1000040,9000005
436,204,4120124,パ・フェクト・Ｌ,3,1,0.470588235294118,1000040,9000005
437,204,4120125,パ・フェクト・Ｗ,4,1,0.666666666666667,1000040,9000005
438,204,4070071,アンゼロイ・Ｈ,3,1,0.470588235294118,1000040,9000005
439,204,4070072,アンゼロイ・Ｂ,3,1,0.470588235294118,1000040,9000005
440,204,4070073,アンゼロイ・Ａ,3,1,0.470588235294118,1000040,9000005
441,204,4070074,アンゼロイ・Ｌ,3,1,0.470588235294118,1000040,9000005
442,204,4070075,アンゼロイ・Ｗ,4,1,0.666666666666667,1000040,9000005
443,204,6030063,ひび割れハート,1,1,0.942857142857143,1000020,9000005
444,204,6030069,効果A,1,1,0.942857142857143,1000020,9000005
445,204,6010017,サーマルスクウェア,1,1,0.942857142857143,1000020,9000005
446,204,6010025,チェーンフレーム,1,1,0.942857142857143,1000020,9000005
447,204,6020050,ドルフィン,1,1,0.942857142857143,1000020,9000005
448,204,6020064,フローズン,1,1,0.942857142857143,1000020,9000005
449,204,6020076,ザ・マスク,1,1,0.942857142857143,1000020,9000005
450,204,6020079,ツインベル,1,1,0.942857142857143,1000020,9000005
451,204,6030004,バーニング,1,1,0.942857142857143,1000020,9000005
452,204,6030026,ダブルスター,1,1,0.942857142857143,1000020,9000005
453,204,6030058,シャイニングスター,1,1,0.942857142857143,1000020,9000005
454,204,6030073,リーパーサイス,1,1,0.942857142857143,1000020,9000005
455,204,6020023,ルーンｇ,1,1,0.942857142857143,1000020,9000005
456,204,6020024,ルーンｐ,1,1,0.942857142857143,1000020,9000005
457,204,6020025,ルーンｊ,1,1,0.942857142857143,1000020,9000005
458,204,6020026,ルーンｄ,1,1,0.942857142857143,1000020,9000005
459,204,6020041,ナインテイル,1,1,0.942857142857143,1000020,9000005
460,204,6020054,鳳凰の構え,1,1,0.942857142857143,1000020,9000005
461,204,6020074,メイドウェア,1,1,0.942857142857143,1000020,9000005
462,204,6020081,セーラーウェア,1,1,0.942857142857143,1000020,9000005
463,204,6030028,ダイヤサークル,1,1,0.942857142857143,1000020,9000005
464,204,6030061,ダブルバット,1,1,0.942857142857143,1000020,9000005
465,204,6030064,エンジェルウイング,1,1,0.942857142857143,1000020,9000005
466,204,6030077,ウイングソード,1,1,0.942857142857143,1000020,9000005
467,204,6030082,サンクレスト,1,1,0.942857142857143,1000020,9000005
468,204,6020035,バタフライ,1,1,0.942857142857143,1000020,9000005
469,204,6020046,猫,1,1,0.942857142857143,1000020,9000005
470,204,6020065,ハートフル,1,1,0.942857142857143,1000020,9000005
471,204,6020067,ローズ,1,1,0.942857142857143,1000020,9000005
472,204,6020089,トーン,1,1,0.942857142857143,1000020,9000005
473,204,6030003,ツインドラゴン,1,1,0.942857142857143,1000020,9000005
474,204,6030024,ギャラクシー,1,1,0.942857142857143,1000020,9000005
475,204,6030050,チェックオーケー,1,1,0.942857142857143,1000020,9000005
476,204,6030060,バットウイング,1,1,0.942857142857143,1000020,9000005
477,204,6030078,フィフススクウェア,1,1,0.942857142857143,1000020,9000005
478,204,3000004,グレイン-AS,2,1,1.11538461538462,1000030,9000005
479,204,3000035,ミトラーム,2,1,1.11538461538462,1000030,9000005
480,204,3000072,グルナード,2,1,1.11538461538462,1000030,9000005
481,204,3000042,ブランキアル,2,1,1.11538461538462,1000030,9000005
482,204,3000063,ファイアサイス,2,1,1.11538461538462,1000030,9000005
483,204,3000107,グレイスピラ,2,1,1.11538461538462,1000030,9000005
484,204,3000076,ボンバルド,2,1,1.11538461538462,1000030,9000005
485,204,3000125,インパルスショット,2,1,1.11538461538462,1000030,9000005
486,204,3000020,機関砲 騎神,3,1,0.470588235294118,1000030,9000005
487,204,3000100,ターレットMI,3,1,0.470588235294118,1000030,9000005
488,204,3000122,単装導弾 三皇,3,1,0.470588235294118,1000030,9000005
489,204,3000030,エスプロジオ,3,1,0.470588235294118,1000030,9000005
490,204,3000131,ディオグラント,3,1,0.470588235294118,1000030,9000005
491,204,3000033,爆撃砲 龍星,3,1,0.470588235294118,1000030,9000005
492,204,3000206,マーノムガン-AS,4,1,0.666666666666667,1000030,9000005
493,204,3000141,レイスレイヴ Xt-A,4,1,0.666666666666667,1000030,9000005
494,204,3000113,グラン・ラーゴ,4,1,0.666666666666667,1000030,9000005
495,204,3000057,ブルームブラスター,4,1,0.666666666666667,1000030,9000005
496,204,3000067,ブレードジップ,2,1,1.11538461538462,1000030,9000005
497,204,3000069,ブラックスミス,2,1,1.11538461538462,1000030,9000005
498,204,3000012,ミトライユ・コルト,2,1,1.11538461538462,1000030,9000005
499,204,3000120,ディトーレ,2,1,1.11538461538462,1000030,9000005
500,204,3000128,烈火弾 煉獄,2,1,1.11538461538462,1000030,9000005
501,204,3000023,拳銃 月牙,2,1,1.11538461538462,1000030,9000005
502,204,3000060,ブーメラング,2,1,1.11538461538462,1000030,9000005
503,204,3000080,バースト・ボム,2,1,1.11538461538462,1000030,9000005
504,204,3000053,マーノムガン,2,1,1.11538461538462,1000030,9000005
505,204,3000065,飛翔拳 双天,3,1,0.470588235294118,1000030,9000005
506,204,3000024,火炎砲 散華,3,1,0.470588235294118,1000030,9000005
507,204,3000017,デ・ディヴァルガン,3,1,0.470588235294118,1000030,9000005
508,204,3000013,ブリリオン,3,1,0.470588235294118,1000030,9000005
509,204,3000202,多連装導弾 冥鎚,3,1,0.470588235294118,1000030,9000005
510,204,3000134,電導弾 虚無,4,1,0.666666666666667,1000030,9000005
511,204,3000142,レイスレイヴ Xt-V,4,1,0.666666666666667,1000030,9000005
512,204,3000143,フォルツパレット,4,1,0.666666666666667,1000030,9000005
513,204,3000011,カラミッタ,4,1,0.666666666666667,1000030,9000005
514,204,3000038,エステジオン・ボム,2,1,1.11538461538462,1000030,9000005
515,204,3000097,シールドヴァイト,2,1,1.11538461538462,1000030,9000005
516,204,3000064,デトネイトランス,2,1,1.11538461538462,1000030,9000005
517,204,3000119,グレイン-SP,2,1,1.11538461538462,1000030,9000005
518,204,3000019,フォルツァ-Ａ,2,1,1.11538461538462,1000030,9000005
519,204,3000078,ジャメル,2,1,1.11538461538462,1000030,9000005
520,204,3000085,エレクトリット,2,1,1.11538461538462,1000030,9000005
521,204,3000118,ラジオパレット,2,1,1.11538461538462,1000030,9000005
522,204,3000018,メディク,2,1,1.11538461538462,1000030,9000005
523,204,3000084,テレ・ヴ二ール,3,1,0.470588235294118,1000030,9000005
524,204,3000052,斬縛弾 月読,3,1,0.470588235294118,1000030,9000005
525,204,3000074,ソワン・ヒーリア,3,1,0.470588235294118,1000030,9000005
526,204,3000049,フォルツァ-Ｂ,3,1,0.470588235294118,1000030,9000005
527,204,3000048,跳射爆弾 泡沫,4,1,0.666666666666667,1000030,9000005
528,204,3000093,レイスレイヴ Xt-S,4,1,0.666666666666667,1000030,9000005
529,204,3000040,ハープーン・エギユ,4,1,0.666666666666667,1000030,9000005
530,204,3000096,ヘルシャフト,4,1,0.666666666666667,1000030,9000005
531,205,4060061,ゴールテン・D・Ｈ,3,1,0.470588235294118,1000040,9000005
532,205,4060062,ゴールテン・D・Ｂ,3,1,0.470588235294118,1000040,9000005
533,205,4060063,ゴールテン・D・Ａ,3,1,0.470588235294118,1000040,9000005
534,205,4060064,ゴールテン・D・Ｌ,3,1,0.470588235294118,1000040,9000005
535,205,4060065,ゴールテン・D・Ｗ,4,1,0.777777777777778,1000040,9000005
536,205,4090091,サブライガ・Ｈ,3,1,0.470588235294118,1000040,9000005
537,205,4090092,サブライガ・Ｂ,3,1,0.470588235294118,1000040,9000005
538,205,4090093,サブライガ・Ａ,3,1,0.470588235294118,1000040,9000005
539,205,4090094,サブライガ・Ｌ,3,1,0.470588235294118,1000040,9000005
540,205,4090095,サブライガ・Ｗ,4,1,0.777777777777778,1000040,9000005
541,205,4040041,サイトヘッド・Ｈ,3,1,0.470588235294118,1000040,9000005
542,205,4040042,サイトヘッド・Ｂ,3,1,0.470588235294118,1000040,9000005
543,205,4040043,サイトヘッド・Ａ,3,1,0.470588235294118,1000040,9000005
544,205,4040044,サイトヘッド・Ｌ,3,1,0.470588235294118,1000040,9000005
545,205,4040045,サイトヘッド・Ｗ,4,1,0.777777777777778,1000040,9000005
546,205,4080081,ディスドス・Ｈ,3,1,0.470588235294118,1000040,9000005
547,205,4080082,ディスドス・Ｂ,3,1,0.470588235294118,1000040,9000005
548,205,4080083,ディスドス・Ａ,3,1,0.470588235294118,1000040,9000005
549,205,4080084,ディスドス・Ｌ,3,1,0.470588235294118,1000040,9000005
550,205,4080085,ディスドス・Ｗ,4,1,0.777777777777778,1000040,9000005
551,205,4030031,スクラッパー・Ｈ,3,1,0.470588235294118,1000040,9000005
552,205,4030032,スクラッパー・Ｂ,3,1,0.470588235294118,1000040,9000005
553,205,4030033,スクラッパー・Ａ,3,1,0.470588235294118,1000040,9000005
554,205,4030034,スクラッパー・Ｌ,3,1,0.470588235294118,1000040,9000005
555,205,4030035,スクラッパー・Ｗ,4,1,0.777777777777778,1000040,9000005
556,205,4100101,ファルマコン・Ｈ,3,1,0.470588235294118,1000040,9000005
557,205,4100102,ファルマコン・Ｂ,3,1,0.470588235294118,1000040,9000005
558,205,4100103,ファルマコン・Ａ,3,1,0.470588235294118,1000040,9000005
559,205,4100104,ファルマコン・Ｌ,3,1,0.470588235294118,1000040,9000005
560,205,4100105,ファルマコン・Ｗ,4,1,0.777777777777778,1000040,9000005
561,205,4110111,ラピスヘッジ・Ｈ,3,1,0.470588235294118,1000040,9000005
562,205,4110112,ラピスヘッジ・Ｂ,3,1,0.470588235294118,1000040,9000005
563,205,4110113,ラピスヘッジ・Ａ,3,1,0.470588235294118,1000040,9000005
564,205,4110114,ラピスヘッジ・Ｌ,3,1,0.470588235294118,1000040,9000005
565,205,4110115,ラピスヘッジ・Ｗ,4,1,0.777777777777778,1000040,9000005
566,205,4120121,パ・フェクト・Ｈ,3,1,0.470588235294118,1000040,9000005
567,205,4120122,パ・フェクト・Ｂ,3,1,0.470588235294118,1000040,9000005
568,205,4120123,パ・フェクト・Ａ,3,1,0.470588235294118,1000040,9000005
569,205,4120124,パ・フェクト・Ｌ,3,1,0.470588235294118,1000040,9000005
570,205,4120125,パ・フェクト・Ｗ,4,1,0.777777777777778,1000040,9000005
571,205,4070071,アンゼロイ・Ｈ,3,1,0.470588235294118,1000040,9000005
572,205,4070072,アンゼロイ・Ｂ,3,1,0.470588235294118,1000040,9000005
573,205,4070073,アンゼロイ・Ａ,3,1,0.470588235294118,1000040,9000005
574,205,4070074,アンゼロイ・Ｌ,3,1,0.470588235294118,1000040,9000005
575,205,4070075,アンゼロイ・Ｗ,4,1,0.777777777777778,1000040,9000005
576,205,6030063,ひび割れハート,1,1,0.942857142857143,1000020,9000005
577,205,6030069,効果A,1,1,0.942857142857143,1000020,9000005
578,205,6010017,サーマルスクウェア,1,1,0.942857142857143,1000020,9000005
579,205,6010025,チェーンフレーム,1,1,0.942857142857143,1000020,9000005
580,205,6020050,ドルフィン,1,1,0.942857142857143,1000020,9000005
581,205,6020064,フローズン,1,1,0.942857142857143,1000020,9000005
582,205,6020076,ザ・マスク,1,1,0.942857142857143,1000020,9000005
583,205,6020079,ツインベル,1,1,0.942857142857143,1000020,9000005
584,205,6030004,バーニング,1,1,0.942857142857143,1000020,9000005
585,205,6030026,ダブルスター,1,1,0.942857142857143,1000020,9000005
586,205,6030058,シャイニングスター,1,1,0.942857142857143,1000020,9000005
587,205,6030073,リーパーサイス,1,1,0.942857142857143,1000020,9000005
588,205,6020023,ルーンｇ,1,1,0.942857142857143,1000020,9000005
589,205,6020024,ルーンｐ,1,1,0.942857142857143,1000020,9000005
590,205,6020025,ルーンｊ,1,1,0.942857142857143,1000020,9000005
591,205,6020026,ルーンｄ,1,1,0.942857142857143,1000020,9000005
592,205,6020041,ナインテイル,1,1,0.942857142857143,1000020,9000005
593,205,6020054,鳳凰の構え,1,1,0.942857142857143,1000020,9000005
594,205,6020074,メイドウェア,1,1,0.942857142857143,1000020,9000005
595,205,6020081,セーラーウェア,1,1,0.942857142857143,1000020,9000005
596,205,6030028,ダイヤサークル,1,1,0.942857142857143,1000020,9000005
597,205,6030061,ダブルバット,1,1,0.942857142857143,1000020,9000005
598,205,6030064,エンジェルウイング,1,1,0.942857142857143,1000020,9000005
599,205,6030077,ウイングソード,1,1,0.942857142857143,1000020,9000005
600,205,6030082,サンクレスト,1,1,0.942857142857143,1000020,9000005
601,205,6020035,バタフライ,1,1,0.942857142857143,1000020,9000005
602,205,6020046,猫,1,1,0.942857142857143,1000020,9000005
603,205,6020065,ハートフル,1,1,0.942857142857143,1000020,9000005
604,205,6020067,ローズ,1,1,0.942857142857143,1000020,9000005
605,205,6020089,トーン,1,1,0.942857142857143,1000020,9000005
606,205,6030003,ツインドラゴン,1,1,0.942857142857143,1000020,9000005
607,205,6030024,ギャラクシー,1,1,0.942857142857143,1000020,9000005
608,205,6030050,チェックオーケー,1,1,0.942857142857143,1000020,9000005
609,205,6030060,バットウイング,1,1,0.942857142857143,1000020,9000005
610,205,6030078,フィフススクウェア,1,1,0.942857142857143,1000020,9000005
611,205,3000004,グレイン-AS,2,1,1,1000030,9000005
612,205,3000035,ミトラーム,2,1,1,1000030,9000005
613,205,3000072,グルナード,2,1,1,1000030,9000005
614,205,3000042,ブランキアル,2,1,1,1000030,9000005
615,205,3000063,ファイアサイス,2,1,1,1000030,9000005
616,205,3000107,グレイスピラ,2,1,1,1000030,9000005
617,205,3000076,ボンバルド,2,1,1,1000030,9000005
618,205,3000125,インパルスショット,2,1,1,1000030,9000005
619,205,3000020,機関砲 騎神,2,1,1,1000030,9000005
620,205,3000100,ターレットMI,3,1,0.470588235294118,1000030,9000005
621,205,3000122,単装導弾 三皇,3,1,0.470588235294118,1000030,9000005
622,205,3000030,エスプロジオ,3,1,0.470588235294118,1000030,9000005
623,205,3000131,ディオグラント,3,1,0.470588235294118,1000030,9000005
624,205,3000033,爆撃砲 龍星,3,1,0.470588235294118,1000030,9000005
625,205,3000206,マーノムガン-AS,3,1,0.470588235294118,1000030,9000005
626,205,3000141,レイスレイヴ Xt-A,4,1,0.777777777777778,1000030,9000005
627,205,3000113,グラン・ラーゴ,4,1,0.777777777777778,1000030,9000005
628,205,3000057,ブルームブラスター,4,1,0.777777777777778,1000030,9000005
629,205,3000138,ブーメラング-AS,5,1,0,1000030,9000005
630,205,3000067,ブレードジップ,2,1,1,1000030,9000005
631,205,3000069,ブラックスミス,2,1,1,1000030,9000005
632,205,3000012,ミトライユ・コルト,2,1,1,1000030,9000005
633,205,3000120,ディトーレ,2,1,1,1000030,9000005
634,205,3000128,烈火弾 煉獄,2,1,1,1000030,9000005
635,205,3000023,拳銃 月牙,2,1,1,1000030,9000005
636,205,3000060,ブーメラング,2,1,1,1000030,9000005
637,205,3000080,バースト・ボム,2,1,1,1000030,9000005
638,205,3000053,マーノムガン,2,1,1,1000030,9000005
639,205,3000065,飛翔拳 双天,2,1,1,1000030,9000005
640,205,3000024,火炎砲 散華,3,1,0.470588235294118,1000030,9000005
641,205,3000017,デ・ディヴァルガン,3,1,0.470588235294118,1000030,9000005
642,205,3000013,ブリリオン,3,1,0.470588235294118,1000030,9000005
643,205,3000202,多連装導弾 冥鎚,3,1,0.470588235294118,1000030,9000005
644,205,3000134,電導弾 虚無,3,1,0.470588235294118,1000030,9000005
645,205,3000142,レイスレイヴ Xt-V,4,1,0.777777777777778,1000030,9000005
646,205,3000143,フォルツパレット,4,1,0.777777777777778,1000030,9000005
647,205,3000011,カラミッタ,4,1,0.777777777777778,1000030,9000005
648,205,3000103,エヴォルフィア,5,1,0,1000030,9000005
649,205,3000038,エステジオン・ボム,2,1,1,1000030,9000005
650,205,3000097,シールドヴァイト,2,1,1,1000030,9000005
651,205,3000064,デトネイトランス,2,1,1,1000030,9000005
652,205,3000119,グレイン-SP,2,1,1,1000030,9000005
653,205,3000019,フォルツァ-Ａ,2,1,1,1000030,9000005
654,205,3000078,ジャメル,2,1,1,1000030,9000005
655,205,3000085,エレクトリット,2,1,1,1000030,9000005
656,205,3000118,ラジオパレット,2,1,1,1000030,9000005
657,205,3000018,メディク,2,1,1,1000030,9000005
658,205,3000084,テレ・ヴ二ール,2,1,1,1000030,9000005
659,205,3000052,斬縛弾 月読,3,1,0.470588235294118,1000030,9000005
660,205,3000074,ソワン・ヒーリア,3,1,0.470588235294118,1000030,9000005
661,205,3000049,フォルツァ-Ｂ,3,1,0.470588235294118,1000030,9000005
662,205,3000048,跳射爆弾 泡沫,3,1,0.470588235294118,1000030,9000005
663,205,3000093,レイスレイヴ Xt-S,4,1,0.777777777777778,1000030,9000005
664,205,3000040,ハープーン・エギユ,4,1,0.777777777777778,1000030,9000005
665,205,3000096,ヘルシャフト,4,1,0.777777777777778,1000030,9000005
666,205,3000106,マジアステルス,5,1,0,1000030,9000005
667,206,4060061,ゴールテン・D・Ｈ,3,1,0.470588235294118,1000040,9000005
668,206,4060062,ゴールテン・D・Ｂ,3,1,0.470588235294118,1000040,9000005
669,206,4060063,ゴールテン・D・Ａ,3,1,0.470588235294118,1000040,9000005
670,206,4060064,ゴールテン・D・Ｌ,3,1,0.470588235294118,1000040,9000005
671,206,4060065,ゴールテン・D・Ｗ,4,1,0.777777777777778,1000040,9000005
672,206,4090091,サブライガ・Ｈ,3,1,0.470588235294118,1000040,9000005
673,206,4090092,サブライガ・Ｂ,3,1,0.470588235294118,1000040,9000005
674,206,4090093,サブライガ・Ａ,3,1,0.470588235294118,1000040,9000005
675,206,4090094,サブライガ・Ｌ,3,1,0.470588235294118,1000040,9000005
676,206,4090095,サブライガ・Ｗ,4,1,0.777777777777778,1000040,9000005
677,206,4040041,サイトヘッド・Ｈ,3,1,0.470588235294118,1000040,9000005
678,206,4040042,サイトヘッド・Ｂ,3,1,0.470588235294118,1000040,9000005
679,206,4040043,サイトヘッド・Ａ,3,1,0.470588235294118,1000040,9000005
680,206,4040044,サイトヘッド・Ｌ,3,1,0.470588235294118,1000040,9000005
681,206,4040045,サイトヘッド・Ｗ,4,1,0.777777777777778,1000040,9000005
682,206,4080081,ディスドス・Ｈ,3,1,0.470588235294118,1000040,9000005
683,206,4080082,ディスドス・Ｂ,3,1,0.470588235294118,1000040,9000005
684,206,4080083,ディスドス・Ａ,3,1,0.470588235294118,1000040,9000005
685,206,4080084,ディスドス・Ｌ,3,1,0.470588235294118,1000040,9000005
686,206,4080085,ディスドス・Ｗ,4,1,0.777777777777778,1000040,9000005
687,206,4030031,スクラッパー・Ｈ,3,1,0.470588235294118,1000040,9000005
688,206,4030032,スクラッパー・Ｂ,3,1,0.470588235294118,1000040,9000005
689,206,4030033,スクラッパー・Ａ,3,1,0.470588235294118,1000040,9000005
690,206,4030034,スクラッパー・Ｌ,3,1,0.470588235294118,1000040,9000005
691,206,4030035,スクラッパー・Ｗ,4,1,0.777777777777778,1000040,9000005
692,206,4100101,ファルマコン・Ｈ,3,1,0.470588235294118,1000040,9000005
693,206,4100102,ファルマコン・Ｂ,3,1,0.470588235294118,1000040,9000005
694,206,4100103,ファルマコン・Ａ,3,1,0.470588235294118,1000040,9000005
695,206,4100104,ファルマコン・Ｌ,3,1,0.470588235294118,1000040,9000005
696,206,4100105,ファルマコン・Ｗ,4,1,0.777777777777778,1000040,9000005
697,206,4110111,ラピスヘッジ・Ｈ,3,1,0.470588235294118,1000040,9000005
698,206,4110112,ラピスヘッジ・Ｂ,3,1,0.470588235294118,1000040,9000005
699,206,4110113,ラピスヘッジ・Ａ,3,1,0.470588235294118,1000040,9000005
700,206,4110114,ラピスヘッジ・Ｌ,3,1,0.470588235294118,1000040,9000005
701,206,4110115,ラピスヘッジ・Ｗ,4,1,0.777777777777778,1000040,9000005
702,206,4120121,パ・フェクト・Ｈ,3,1,0.470588235294118,1000040,9000005
703,206,4120122,パ・フェクト・Ｂ,3,1,0.470588235294118,1000040,9000005
704,206,4120123,パ・フェクト・Ａ,3,1,0.470588235294118,1000040,9000005
705,206,4120124,パ・フェクト・Ｌ,3,1,0.470588235294118,1000040,9000005
706,206,4120125,パ・フェクト・Ｗ,4,1,0.777777777777778,1000040,9000005
707,206,4070071,アンゼロイ・Ｈ,3,1,0.470588235294118,1000040,9000005
708,206,4070072,アンゼロイ・Ｂ,3,1,0.470588235294118,1000040,9000005
709,206,4070073,アンゼロイ・Ａ,3,1,0.470588235294118,1000040,9000005
710,206,4070074,アンゼロイ・Ｌ,3,1,0.470588235294118,1000040,9000005
711,206,4070075,アンゼロイ・Ｗ,4,1,0.777777777777778,1000040,9000005
712,206,6030063,ひび割れハート,1,1,0.942857142857143,1000020,9000005
713,206,6030069,効果A,1,1,0.942857142857143,1000020,9000005
714,206,6010017,サーマルスクウェア,1,1,0.942857142857143,1000020,9000005
715,206,6010025,チェーンフレーム,1,1,0.942857142857143,1000020,9000005
716,206,6020050,ドルフィン,1,1,0.942857142857143,1000020,9000005
717,206,6020064,フローズン,1,1,0.942857142857143,1000020,9000005
718,206,6020076,ザ・マスク,1,1,0.942857142857143,1000020,9000005
719,206,6020079,ツインベル,1,1,0.942857142857143,1000020,9000005
720,206,6030004,バーニング,1,1,0.942857142857143,1000020,9000005
721,206,6030026,ダブルスター,1,1,0.942857142857143,1000020,9000005
722,206,6030058,シャイニングスター,1,1,0.942857142857143,1000020,9000005
723,206,6030073,リーパーサイス,1,1,0.942857142857143,1000020,9000005
724,206,6020023,ルーンｇ,1,1,0.942857142857143,1000020,9000005
725,206,6020024,ルーンｐ,1,1,0.942857142857143,1000020,9000005
726,206,6020025,ルーンｊ,1,1,0.942857142857143,1000020,9000005
727,206,6020026,ルーンｄ,1,1,0.942857142857143,1000020,9000005
728,206,6020041,ナインテイル,1,1,0.942857142857143,1000020,9000005
729,206,6020054,鳳凰の構え,1,1,0.942857142857143,1000020,9000005
730,206,6020074,メイドウェア,1,1,0.942857142857143,1000020,9000005
731,206,6020081,セーラーウェア,1,1,0.942857142857143,1000020,9000005
732,206,6030028,ダイヤサークル,1,1,0.942857142857143,1000020,9000005
733,206,6030061,ダブルバット,1,1,0.942857142857143,1000020,9000005
734,206,6030064,エンジェルウイング,1,1,0.942857142857143,1000020,9000005
735,206,6030077,ウイングソード,1,1,0.942857142857143,1000020,9000005
736,206,6030082,サンクレスト,1,1,0.942857142857143,1000020,9000005
737,206,6020035,バタフライ,1,1,0.942857142857143,1000020,9000005
738,206,6020046,猫,1,1,0.942857142857143,1000020,9000005
739,206,6020065,ハートフル,1,1,0.942857142857143,1000020,9000005
740,206,6020067,ローズ,1,1,0.942857142857143,1000020,9000005
741,206,6020089,トーン,1,1,0.942857142857143,1000020,9000005
742,206,6030003,ツインドラゴン,1,1,0.942857142857143,1000020,9000005
743,206,6030024,ギャラクシー,1,1,0.942857142857143,1000020,9000005
744,206,6030050,チェックオーケー,1,1,0.942857142857143,1000020,9000005
745,206,6030060,バットウイング,1,1,0.942857142857143,1000020,9000005
746,206,6030078,フィフススクウェア,1,1,0.942857142857143,1000020,9000005
747,206,3000004,グレイン-AS,2,1,1,1000030,9000005
748,206,3000035,ミトラーム,2,1,1,1000030,9000005
749,206,3000072,グルナード,2,1,1,1000030,9000005
750,206,3000042,ブランキアル,2,1,1,1000030,9000005
751,206,3000063,ファイアサイス,2,1,1,1000030,9000005
752,206,3000107,グレイスピラ,2,1,1,1000030,9000005
753,206,3000076,ボンバルド,2,1,1,1000030,9000005
754,206,3000125,インパルスショット,2,1,1,1000030,9000005
755,206,3000020,機関砲 騎神,2,1,1,1000030,9000005
756,206,3000100,ターレットMI,3,1,0.470588235294118,1000030,9000005
757,206,3000122,単装導弾 三皇,3,1,0.470588235294118,1000030,9000005
758,206,3000030,エスプロジオ,3,1,0.470588235294118,1000030,9000005
759,206,3000131,ディオグラント,3,1,0.470588235294118,1000030,9000005
760,206,3000033,爆撃砲 龍星,3,1,0.470588235294118,1000030,9000005
761,206,3000206,マーノムガン-AS,3,1,0.470588235294118,1000030,9000005
762,206,3000141,レイスレイヴ Xt-A,4,1,0.777777777777778,1000030,9000005
763,206,3000113,グラン・ラーゴ,4,1,0.777777777777778,1000030,9000005
764,206,3000057,ブルームブラスター,4,1,0.777777777777778,1000030,9000005
765,206,3000138,ブーメラング-AS,4,0,0,1000030,9000005
766,206,3000067,ブレードジップ,2,1,1,1000030,9000005
767,206,3000069,ブラックスミス,2,1,1,1000030,9000005
768,206,3000012,ミトライユ・コルト,2,1,1,1000030,9000005
769,206,3000120,ディトーレ,2,1,1,1000030,9000005
770,206,3000128,烈火弾 煉獄,2,1,1,1000030,9000005
771,206,3000023,拳銃 月牙,2,1,1,1000030,9000005
772,206,3000060,ブーメラング,2,1,1,1000030,9000005
773,206,3000080,バースト・ボム,2,1,1,1000030,9000005
774,206,3000053,マーノムガン,2,1,1,1000030,9000005
775,206,3000065,飛翔拳 双天,2,1,1,1000030,9000005
776,206,3000024,火炎砲 散華,3,1,0.470588235294118,1000030,9000005
777,206,3000017,デ・ディヴァルガン,3,1,0.470588235294118,1000030,9000005
778,206,3000013,ブリリオン,3,1,0.470588235294118,1000030,9000005
779,206,3000202,多連装導弾 冥鎚,3,1,0.470588235294118,1000030,9000005
780,206,3000134,電導弾 虚無,3,1,0.470588235294118,1000030,9000005
781,206,3000142,レイスレイヴ Xt-V,4,1,0.777777777777778,1000030,9000005
782,206,3000143,フォルツパレット,4,1,0.777777777777778,1000030,9000005
783,206,3000011,カラミッタ,4,1,0.777777777777778,1000030,9000005
784,206,3000103,エヴォルフィア,4,0,0,1000030,9000005
785,206,3000038,エステジオン・ボム,2,1,1,1000030,9000005
786,206,3000097,シールドヴァイト,2,1,1,1000030,9000005
787,206,3000064,デトネイトランス,2,1,1,1000030,9000005
788,206,3000119,グレイン-SP,2,1,1,1000030,9000005
789,206,3000019,フォルツァ-Ａ,2,1,1,1000030,9000005
790,206,3000078,ジャメル,2,1,1,1000030,9000005
791,206,3000085,エレクトリット,2,1,1,1000030,9000005
792,206,3000118,ラジオパレット,2,1,1,1000030,9000005
793,206,3000018,メディク,2,1,1,1000030,9000005
794,206,3000084,テレ・ヴ二ール,2,1,1,1000030,9000005
795,206,3000052,斬縛弾 月読,3,1,0.470588235294118,1000030,9000005
796,206,3000074,ソワン・ヒーリア,3,1,0.470588235294118,1000030,9000005
797,206,3000049,フォルツァ-Ｂ,3,1,0.470588235294118,1000030,9000005
798,206,3000048,跳射爆弾 泡沫,3,1,0.470588235294118,1000030,9000005
799,206,3000093,レイスレイヴ Xt-S,4,1,0.777777777777778,1000030,9000005
800,206,3000040,ハープーン・エギユ,4,1,0.777777777777778,1000030,9000005
801,206,3000096,ヘルシャフト,4,1,0.777777777777778,1000030,9000005
802,206,3000106,マジアステルス,4,0,0,1000030,9000005
803,207,4060061,ゴールテン・D・Ｈ,3,1,0.450980392156863,1000040,9000005
804,207,4060062,ゴールテン・D・Ｂ,3,1,0.450980392156863,1000040,9000005
805,207,4060063,ゴールテン・D・Ａ,3,1,0.450980392156863,1000040,9000005
806,207,4060064,ゴールテン・D・Ｌ,3,1,0.450980392156863,1000040,9000005
807,207,4060065,ゴールテン・D・Ｗ,4,1,0.866666666666667,1000040,9000005
808,207,4090091,サブライガ・Ｈ,3,1,0.450980392156863,1000040,9000005
809,207,4090092,サブライガ・Ｂ,3,1,0.450980392156863,1000040,9000005
810,207,4090093,サブライガ・Ａ,3,1,0.450980392156863,1000040,9000005
811,207,4090094,サブライガ・Ｌ,3,1,0.450980392156863,1000040,9000005
812,207,4090095,サブライガ・Ｗ,4,1,0.866666666666667,1000040,9000005
813,207,4040041,サイトヘッド・Ｈ,3,1,0.450980392156863,1000040,9000005
814,207,4040042,サイトヘッド・Ｂ,3,1,0.450980392156863,1000040,9000005
815,207,4040043,サイトヘッド・Ａ,3,1,0.450980392156863,1000040,9000005
816,207,4040044,サイトヘッド・Ｌ,3,1,0.450980392156863,1000040,9000005
817,207,4040045,サイトヘッド・Ｗ,4,1,0.866666666666667,1000040,9000005
818,207,4080081,ディスドス・Ｈ,3,1,0.450980392156863,1000040,9000005
819,207,4080082,ディスドス・Ｂ,3,1,0.450980392156863,1000040,9000005
820,207,4080083,ディスドス・Ａ,3,1,0.450980392156863,1000040,9000005
821,207,4080084,ディスドス・Ｌ,3,1,0.450980392156863,1000040,9000005
822,207,4080085,ディスドス・Ｗ,4,1,0.866666666666667,1000040,9000005
823,207,4030031,スクラッパー・Ｈ,3,1,0.450980392156863,1000040,9000005
824,207,4030032,スクラッパー・Ｂ,3,1,0.450980392156863,1000040,9000005
825,207,4030033,スクラッパー・Ａ,3,1,0.450980392156863,1000040,9000005
826,207,4030034,スクラッパー・Ｌ,3,1,0.450980392156863,1000040,9000005
827,207,4030035,スクラッパー・Ｗ,4,1,0.866666666666667,1000040,9000005
828,207,4100101,ファルマコン・Ｈ,3,1,0.450980392156863,1000040,9000005
829,207,4100102,ファルマコン・Ｂ,3,1,0.450980392156863,1000040,9000005
830,207,4100103,ファルマコン・Ａ,3,1,0.450980392156863,1000040,9000005
831,207,4100104,ファルマコン・Ｌ,3,1,0.450980392156863,1000040,9000005
832,207,4100105,ファルマコン・Ｗ,4,1,0.866666666666667,1000040,9000005
833,207,4110111,ラピスヘッジ・Ｈ,3,1,0.450980392156863,1000040,9000005
834,207,4110112,ラピスヘッジ・Ｂ,3,1,0.450980392156863,1000040,9000005
835,207,4110113,ラピスヘッジ・Ａ,3,1,0.450980392156863,1000040,9000005
836,207,4110114,ラピスヘッジ・Ｌ,3,1,0.450980392156863,1000040,9000005
837,207,4110115,ラピスヘッジ・Ｗ,4,1,0.866666666666667,1000040,9000005
838,207,4120121,パ・フェクト・Ｈ,3,1,0.450980392156863,1000040,9000005
839,207,4120122,パ・フェクト・Ｂ,3,1,0.450980392156863,1000040,9000005
840,207,4120123,パ・フェクト・Ａ,3,1,0.450980392156863,1000040,9000005
841,207,4120124,パ・フェクト・Ｌ,3,1,0.450980392156863,1000040,9000005
842,207,4120125,パ・フェクト・Ｗ,4,1,0.866666666666667,1000040,9000005
843,207,4070071,アンゼロイ・Ｈ,3,1,0.450980392156863,1000040,9000005
844,207,4070072,アンゼロイ・Ｂ,3,1,0.450980392156863,1000040,9000005
845,207,4070073,アンゼロイ・Ａ,3,1,0.450980392156863,1000040,9000005
846,207,4070074,アンゼロイ・Ｌ,3,1,0.450980392156863,1000040,9000005
847,207,4070075,アンゼロイ・Ｗ,4,1,0.866666666666667,1000040,9000005
848,207,6030063,ひび割れハート,1,1,0.885714285714286,1000020,9000005
849,207,6030069,効果A,1,1,0.885714285714286,1000020,9000005
850,207,6010017,サーマルスクウェア,1,1,0.885714285714286,1000020,9000005
851,207,6010025,チェーンフレーム,1,1,0.885714285714286,1000020,9000005
852,207,6020050,ドルフィン,1,1,0.885714285714286,1000020,9000005
853,207,6020064,フローズン,1,1,0.885714285714286,1000020,9000005
854,207,6020076,ザ・マスク,1,1,0.885714285714286,1000020,9000005
855,207,6020079,ツインベル,1,1,0.885714285714286,1000020,9000005
856,207,6030004,バーニング,1,1,0.885714285714286,1000020,9000005
857,207,6030026,ダブルスター,1,1,0.885714285714286,1000020,9000005
858,207,6030058,シャイニングスター,1,1,0.885714285714286,1000020,9000005
859,207,6030073,リーパーサイス,1,1,0.885714285714286,1000020,9000005
860,207,6020023,ルーンｇ,1,1,0.885714285714286,1000020,9000005
861,207,6020024,ルーンｐ,1,1,0.885714285714286,1000020,9000005
862,207,6020025,ルーンｊ,1,1,0.885714285714286,1000020,9000005
863,207,6020026,ルーンｄ,1,1,0.885714285714286,1000020,9000005
864,207,6020041,ナインテイル,1,1,0.885714285714286,1000020,9000005
865,207,6020054,鳳凰の構え,1,1,0.885714285714286,1000020,9000005
866,207,6020074,メイドウェア,1,1,0.885714285714286,1000020,9000005
867,207,6020081,セーラーウェア,1,1,0.885714285714286,1000020,9000005
868,207,6030028,ダイヤサークル,1,1,0.885714285714286,1000020,9000005
869,207,6030061,ダブルバット,1,1,0.885714285714286,1000020,9000005
870,207,6030064,エンジェルウイング,1,1,0.885714285714286,1000020,9000005
871,207,6030077,ウイングソード,1,1,0.885714285714286,1000020,9000005
872,207,6030082,サンクレスト,1,1,0.885714285714286,1000020,9000005
873,207,6020035,バタフライ,1,1,0.885714285714286,1000020,9000005
874,207,6020046,猫,1,1,0.885714285714286,1000020,9000005
875,207,6020065,ハートフル,1,1,0.885714285714286,1000020,9000005
876,207,6020067,ローズ,1,1,0.885714285714286,1000020,9000005
877,207,6020089,トーン,1,1,0.885714285714286,1000020,9000005
878,207,6030003,ツインドラゴン,1,1,0.885714285714286,1000020,9000005
879,207,6030024,ギャラクシー,1,1,0.885714285714286,1000020,9000005
880,207,6030050,チェックオーケー,1,1,0.885714285714286,1000020,9000005
881,207,6030060,バットウイング,1,1,0.885714285714286,1000020,9000005
882,207,6030078,フィフススクウェア,1,1,0.885714285714286,1000020,9000005
883,207,3000004,グレイン-AS,2,1,0.84375,1000030,9000005
884,207,3000035,ミトラーム,2,1,0.84375,1000030,9000005
885,207,3000072,グルナード,2,1,0.84375,1000030,9000005
886,207,3000042,ブランキアル,2,1,0.84375,1000030,9000005
887,207,3000063,ファイアサイス,2,1,0.84375,1000030,9000005
888,207,3000107,グレイスピラ,2,1,0.84375,1000030,9000005
889,207,3000076,ボンバルド,2,1,0.84375,1000030,9000005
890,207,3000125,インパルスショット,2,1,0.84375,1000030,9000005
891,207,3000020,機関砲 騎神,2,1,0.84375,1000030,9000005
892,207,3000100,ターレットMI,2,1,0.84375,1000030,9000005
893,207,3000122,単装導弾 三皇,3,1,0.450980392156863,1000030,9000005
894,207,3000030,エスプロジオ,3,1,0.450980392156863,1000030,9000005
895,207,3000131,ディオグラント,3,1,0.450980392156863,1000030,9000005
896,207,3000033,爆撃砲 龍星,3,1,0.450980392156863,1000030,9000005
897,207,3000206,マーノムガン-AS,3,1,0.450980392156863,1000030,9000005
898,207,3000141,レイスレイヴ Xt-A,3,1,0.450980392156863,1000030,9000005
899,207,3000113,グラン・ラーゴ,4,1,0.866666666666667,1000030,9000005
900,207,3000057,ブルームブラスター,4,1,0.866666666666667,1000030,9000005
901,207,3000138,ブーメラング-AS,4,0,0,1000030,9000005
902,207,3000031,単装導弾 双撃,5,1,2,1000030,9000005
903,207,3000067,ブレードジップ,2,1,0.84375,1000030,9000005
904,207,3000069,ブラックスミス,2,1,0.84375,1000030,9000005
905,207,3000012,ミトライユ・コルト,2,1,0.84375,1000030,9000005
906,207,3000120,ディトーレ,2,1,0.84375,1000030,9000005
907,207,3000128,烈火弾 煉獄,2,1,0.84375,1000030,9000005
908,207,3000023,拳銃 月牙,2,1,0.84375,1000030,9000005
909,207,3000060,ブーメラング,2,1,0.84375,1000030,9000005
910,207,3000080,バースト・ボム,2,1,0.84375,1000030,9000005
911,207,3000053,マーノムガン,2,1,0.84375,1000030,9000005
912,207,3000065,飛翔拳 双天,2,1,0.84375,1000030,9000005
913,207,3000024,火炎砲 散華,2,1,0.84375,1000030,9000005
914,207,3000017,デ・ディヴァルガン,3,1,0.450980392156863,1000030,9000005
915,207,3000013,ブリリオン,3,1,0.450980392156863,1000030,9000005
916,207,3000202,多連装導弾 冥鎚,3,1,0.450980392156863,1000030,9000005
917,207,3000134,電導弾 虚無,3,1,0.450980392156863,1000030,9000005
918,207,3000142,レイスレイヴ Xt-V,3,1,0.450980392156863,1000030,9000005
919,207,3000143,フォルツパレット,4,1,0.866666666666667,1000030,9000005
920,207,3000011,カラミッタ,4,1,0.866666666666667,1000030,9000005
921,207,3000103,エヴォルフィア,4,0,0,1000030,9000005
922,207,3000014,斬絶弾 幻月,5,1,2,1000030,9000005
923,207,3000038,エステジオン・ボム,2,1,0.84375,1000030,9000005
924,207,3000097,シールドヴァイト,2,1,0.84375,1000030,9000005
925,207,3000064,デトネイトランス,2,1,0.84375,1000030,9000005
926,207,3000119,グレイン-SP,2,1,0.84375,1000030,9000005
927,207,3000019,フォルツァ-Ａ,2,1,0.84375,1000030,9000005
928,207,3000078,ジャメル,2,1,0.84375,1000030,9000005
929,207,3000085,エレクトリット,2,1,0.84375,1000030,9000005
930,207,3000118,ラジオパレット,2,1,0.84375,1000030,9000005
931,207,3000018,メディク,2,1,0.84375,1000030,9000005
932,207,3000084,テレ・ヴ二ール,2,1,0.84375,1000030,9000005
933,207,3000052,斬縛弾 月読,2,1,0.84375,1000030,9000005
934,207,3000074,ソワン・ヒーリア,3,1,0.450980392156863,1000030,9000005
935,207,3000049,フォルツァ-Ｂ,3,1,0.450980392156863,1000030,9000005
936,207,3000048,跳射爆弾 泡沫,3,1,0.450980392156863,1000030,9000005
937,207,3000093,レイスレイヴ Xt-S,3,1,0.450980392156863,1000030,9000005
938,207,3000040,ハープーン・エギユ,4,1,0.866666666666667,1000030,9000005
939,207,3000096,ヘルシャフト,4,1,0.866666666666667,1000030,9000005
940,207,3000106,マジアステルス,4,0,0,1000030,9000005
941,207,3000046,爆撃砲 加具土,5,1,2,1000030,9000005
942,208,4060061,ゴールテン・D・Ｈ,3,1,0.470588235294118,1000040,9000005
943,208,4060062,ゴールテン・D・Ｂ,3,1,0.470588235294118,1000040,9000005
944,208,4060063,ゴールテン・D・Ａ,3,1,0.470588235294118,1000040,9000005
945,208,4060064,ゴールテン・D・Ｌ,3,1,0.470588235294118,1000040,9000005
946,208,4060065,ゴールテン・D・Ｗ,4,1,0.777777777777778,1000040,9000005
947,208,4090091,サブライガ・Ｈ,3,1,0.470588235294118,1000040,9000005
948,208,4090092,サブライガ・Ｂ,3,1,0.470588235294118,1000040,9000005
949,208,4090093,サブライガ・Ａ,3,1,0.470588235294118,1000040,9000005
950,208,4090094,サブライガ・Ｌ,3,1,0.470588235294118,1000040,9000005
951,208,4090095,サブライガ・Ｗ,4,1,0.777777777777778,1000040,9000005
952,208,4040041,サイトヘッド・Ｈ,3,1,0.470588235294118,1000040,9000005
953,208,4040042,サイトヘッド・Ｂ,3,1,0.470588235294118,1000040,9000005
954,208,4040043,サイトヘッド・Ａ,3,1,0.470588235294118,1000040,9000005
955,208,4040044,サイトヘッド・Ｌ,3,1,0.470588235294118,1000040,9000005
956,208,4040045,サイトヘッド・Ｗ,4,1,0.777777777777778,1000040,9000005
957,208,4080081,ディスドス・Ｈ,3,1,0.470588235294118,1000040,9000005
958,208,4080082,ディスドス・Ｂ,3,1,0.470588235294118,1000040,9000005
959,208,4080083,ディスドス・Ａ,3,1,0.470588235294118,1000040,9000005
960,208,4080084,ディスドス・Ｌ,3,1,0.470588235294118,1000040,9000005
961,208,4080085,ディスドス・Ｗ,4,1,0.777777777777778,1000040,9000005
962,208,4030031,スクラッパー・Ｈ,3,1,0.470588235294118,1000040,9000005
963,208,4030032,スクラッパー・Ｂ,3,1,0.470588235294118,1000040,9000005
964,208,4030033,スクラッパー・Ａ,3,1,0.470588235294118,1000040,9000005
965,208,4030034,スクラッパー・Ｌ,3,1,0.470588235294118,1000040,9000005
966,208,4030035,スクラッパー・Ｗ,4,1,0.777777777777778,1000040,9000005
967,208,4100101,ファルマコン・Ｈ,3,1,0.470588235294118,1000040,9000005
968,208,4100102,ファルマコン・Ｂ,3,1,0.470588235294118,1000040,9000005
969,208,4100103,ファルマコン・Ａ,3,1,0.470588235294118,1000040,9000005
970,208,4100104,ファルマコン・Ｌ,3,1,0.470588235294118,1000040,9000005
971,208,4100105,ファルマコン・Ｗ,4,1,0.777777777777778,1000040,9000005
972,208,4110111,ラピスヘッジ・Ｈ,3,1,0.470588235294118,1000040,9000005
973,208,4110112,ラピスヘッジ・Ｂ,3,1,0.470588235294118,1000040,9000005
974,208,4110113,ラピスヘッジ・Ａ,3,1,0.470588235294118,1000040,9000005
975,208,4110114,ラピスヘッジ・Ｌ,3,1,0.470588235294118,1000040,9000005
976,208,4110115,ラピスヘッジ・Ｗ,4,1,0.777777777777778,1000040,9000005
977,208,4120121,パ・フェクト・Ｈ,3,1,0.470588235294118,1000040,9000005
978,208,4120122,パ・フェクト・Ｂ,3,1,0.470588235294118,1000040,9000005
979,208,4120123,パ・フェクト・Ａ,3,1,0.470588235294118,1000040,9000005
980,208,4120124,パ・フェクト・Ｌ,3,1,0.470588235294118,1000040,9000005
981,208,4120125,パ・フェクト・Ｗ,4,1,0.777777777777778,1000040,9000005
982,208,4070071,アンゼロイ・Ｈ,3,1,0.470588235294118,1000040,9000005
983,208,4070072,アンゼロイ・Ｂ,3,1,0.470588235294118,1000040,9000005
984,208,4070073,アンゼロイ・Ａ,3,1,0.470588235294118,1000040,9000005
985,208,4070074,アンゼロイ・Ｌ,3,1,0.470588235294118,1000040,9000005
986,208,4070075,アンゼロイ・Ｗ,4,1,0.777777777777778,1000040,9000005
987,208,6030063,ひび割れハート,1,1,0.942857142857143,1000020,9000005
988,208,6030069,効果A,1,1,0.942857142857143,1000020,9000005
989,208,6010017,サーマルスクウェア,1,1,0.942857142857143,1000020,9000005
990,208,6010025,チェーンフレーム,1,1,0.942857142857143,1000020,9000005
991,208,6020050,ドルフィン,1,1,0.942857142857143,1000020,9000005
992,208,6020064,フローズン,1,1,0.942857142857143,1000020,9000005
993,208,6020076,ザ・マスク,1,1,0.942857142857143,1000020,9000005
994,208,6020079,ツインベル,1,1,0.942857142857143,1000020,9000005
995,208,6030004,バーニング,1,1,0.942857142857143,1000020,9000005
996,208,6030026,ダブルスター,1,1,0.942857142857143,1000020,9000005
997,208,6030058,シャイニングスター,1,1,0.942857142857143,1000020,9000005
998,208,6030073,リーパーサイス,1,1,0.942857142857143,1000020,9000005
999,208,6020023,ルーンｇ,1,1,0.942857142857143,1000020,9000005
1000,208,6020024,ルーンｐ,1,1,0.942857142857143,1000020,9000005
1001,208,6020025,ルーンｊ,1,1,0.942857142857143,1000020,9000005
1002,208,6020026,ルーンｄ,1,1,0.942857142857143,1000020,9000005
1003,208,6020041,ナインテイル,1,1,0.942857142857143,1000020,9000005
1004,208,6020054,鳳凰の構え,1,1,0.942857142857143,1000020,9000005
1005,208,6020074,メイドウェア,1,1,0.942857142857143,1000020,9000005
1006,208,6020081,セーラーウェア,1,1,0.942857142857143,1000020,9000005
1007,208,6030028,ダイヤサークル,1,1,0.942857142857143,1000020,9000005
1008,208,6030061,ダブルバット,1,1,0.942857142857143,1000020,9000005
1009,208,6030064,エンジェルウイング,1,1,0.942857142857143,1000020,9000005
1010,208,6030077,ウイングソード,1,1,0.942857142857143,1000020,9000005
1011,208,6030082,サンクレスト,1,1,0.942857142857143,1000020,9000005
1012,208,6020035,バタフライ,1,1,0.942857142857143,1000020,9000005
1013,208,6020046,猫,1,1,0.942857142857143,1000020,9000005
1014,208,6020065,ハートフル,1,1,0.942857142857143,1000020,9000005
1015,208,6020067,ローズ,1,1,0.942857142857143,1000020,9000005
1016,208,6020089,トーン,1,1,0.942857142857143,1000020,9000005
1017,208,6030003,ツインドラゴン,1,1,0.942857142857143,1000020,9000005
1018,208,6030024,ギャラクシー,1,1,0.942857142857143,1000020,9000005
1019,208,6030050,チェックオーケー,1,1,0.942857142857143,1000020,9000005
1020,208,6030060,バットウイング,1,1,0.942857142857143,1000020,9000005
1021,208,6030078,フィフススクウェア,1,1,0.942857142857143,1000020,9000005
1022,208,3000004,グレイン-AS,2,1,0.90625,1000030,9000005
1023,208,3000035,ミトラーム,2,1,0.90625,1000030,9000005
1024,208,3000072,グルナード,2,1,0.90625,1000030,9000005
1025,208,3000042,ブランキアル,2,1,0.90625,1000030,9000005
1026,208,3000063,ファイアサイス,2,1,0.90625,1000030,9000005
1027,208,3000107,グレイスピラ,2,1,0.90625,1000030,9000005
1028,208,3000076,ボンバルド,2,1,0.90625,1000030,9000005
1029,208,3000125,インパルスショット,2,1,0.90625,1000030,9000005
1030,208,3000020,機関砲 騎神,2,1,0.90625,1000030,9000005
1031,208,3000100,ターレットMI,2,1,0.90625,1000030,9000005
1032,208,3000122,単装導弾 三皇,3,1,0.470588235294118,1000030,9000005
1033,208,3000030,エスプロジオ,3,1,0.470588235294118,1000030,9000005
1034,208,3000131,ディオグラント,3,1,0.470588235294118,1000030,9000005
1035,208,3000033,爆撃砲 龍星,3,1,0.470588235294118,1000030,9000005
1036,208,3000206,マーノムガン-AS,3,1,0.470588235294118,1000030,9000005
1037,208,3000141,レイスレイヴ Xt-A,3,1,0.470588235294118,1000030,9000005
1038,208,3000113,グラン・ラーゴ,4,1,0.777777777777778,1000030,9000005
1039,208,3000057,ブルームブラスター,4,1,0.777777777777778,1000030,9000005
1040,208,3000138,ブーメラング-AS,4,0,0,1000030,9000005
1041,208,3000031,単装導弾 双撃,4,1,0.777777777777778,1000030,9000005
1042,208,3000067,ブレードジップ,2,1,0.90625,1000030,9000005
1043,208,3000069,ブラックスミス,2,1,0.90625,1000030,9000005
1044,208,3000012,ミトライユ・コルト,2,1,0.90625,1000030,9000005
1045,208,3000120,ディトーレ,2,1,0.90625,1000030,9000005
1046,208,3000128,烈火弾 煉獄,2,1,0.90625,1000030,9000005
1047,208,3000023,拳銃 月牙,2,1,0.90625,1000030,9000005
1048,208,3000060,ブーメラング,2,1,0.90625,1000030,9000005
1049,208,3000080,バースト・ボム,2,1,0.90625,1000030,9000005
1050,208,3000053,マーノムガン,2,1,0.90625,1000030,9000005
1051,208,3000065,飛翔拳 双天,2,1,0.90625,1000030,9000005
1052,208,3000024,火炎砲 散華,2,1,0.90625,1000030,9000005
1053,208,3000017,デ・ディヴァルガン,3,1,0.470588235294118,1000030,9000005
1054,208,3000013,ブリリオン,3,1,0.470588235294118,1000030,9000005
1055,208,3000202,多連装導弾 冥鎚,3,1,0.470588235294118,1000030,9000005
1056,208,3000134,電導弾 虚無,3,1,0.470588235294118,1000030,9000005
1057,208,3000142,レイスレイヴ Xt-V,3,1,0.470588235294118,1000030,9000005
1058,208,3000143,フォルツパレット,4,1,0.777777777777778,1000030,9000005
1059,208,3000011,カラミッタ,4,1,0.777777777777778,1000030,9000005
1060,208,3000103,エヴォルフィア,4,0,0,1000030,9000005
1061,208,3000014,斬絶弾 幻月,4,1,0.777777777777778,1000030,9000005
1062,208,3000038,エステジオン・ボム,2,1,0.90625,1000030,9000005
1063,208,3000097,シールドヴァイト,2,1,0.90625,1000030,9000005
1064,208,3000064,デトネイトランス,2,1,0.90625,1000030,9000005
1065,208,3000119,グレイン-SP,2,1,0.90625,1000030,9000005
1066,208,3000019,フォルツァ-Ａ,2,1,0.90625,1000030,9000005
1067,208,3000078,ジャメル,2,1,0.90625,1000030,9000005
1068,208,3000085,エレクトリット,2,1,0.90625,1000030,9000005
1069,208,3000118,ラジオパレット,2,1,0.90625,1000030,9000005
1070,208,3000018,メディク,2,1,0.90625,1000030,9000005
1071,208,3000084,テレ・ヴ二ール,2,1,0.90625,1000030,9000005
1072,208,3000052,斬縛弾 月読,2,1,0.90625,1000030,9000005
1073,208,3000074,ソワン・ヒーリア,3,1,0.470588235294118,1000030,9000005
1074,208,3000049,フォルツァ-Ｂ,3,1,0.470588235294118,1000030,9000005
1075,208,3000048,跳射爆弾 泡沫,3,1,0.470588235294118,1000030,9000005
1076,208,3000093,レイスレイヴ Xt-S,3,1,0.470588235294118,1000030,9000005
1077,208,3000040,ハープーン・エギユ,4,1,0.777777777777778,1000030,9000005
1078,208,3000096,ヘルシャフト,4,1,0.777777777777778,1000030,9000005
1079,208,3000106,マジアステルス,4,0,0,1000030,9000005
1080,208,3000046,爆撃砲 加具土,4,1,0.777777777777778,1000030,9000005
1081,209,4060061,ゴールテン・D・Ｈ,3,1,0.470588235294118,1000040,9000005
1082,209,4060062,ゴールテン・D・Ｂ,3,1,0.470588235294118,1000040,9000005
1083,209,4060063,ゴールテン・D・Ａ,3,1,0.470588235294118,1000040,9000005
1084,209,4060064,ゴールテン・D・Ｌ,3,1,0.470588235294118,1000040,9000005
1085,209,4060065,ゴールテン・D・Ｗ,4,1,0.777777777777778,1000040,9000005
1086,209,4090091,サブライガ・Ｈ,3,1,0.470588235294118,1000040,9000005
1087,209,4090092,サブライガ・Ｂ,3,1,0.470588235294118,1000040,9000005
1088,209,4090093,サブライガ・Ａ,3,1,0.470588235294118,1000040,9000005
1089,209,4090094,サブライガ・Ｌ,3,1,0.470588235294118,1000040,9000005
1090,209,4090095,サブライガ・Ｗ,4,1,0.777777777777778,1000040,9000005
1091,209,4040041,サイトヘッド・Ｈ,3,1,0.470588235294118,1000040,9000005
1092,209,4040042,サイトヘッド・Ｂ,3,1,0.470588235294118,1000040,9000005
1093,209,4040043,サイトヘッド・Ａ,3,1,0.470588235294118,1000040,9000005
1094,209,4040044,サイトヘッド・Ｌ,3,1,0.470588235294118,1000040,9000005
1095,209,4040045,サイトヘッド・Ｗ,4,1,0.777777777777778,1000040,9000005
1096,209,4080081,ディスドス・Ｈ,3,1,0.470588235294118,1000040,9000005
1097,209,4080082,ディスドス・Ｂ,3,1,0.470588235294118,1000040,9000005
1098,209,4080083,ディスドス・Ａ,3,1,0.470588235294118,1000040,9000005
1099,209,4080084,ディスドス・Ｌ,3,1,0.470588235294118,1000040,9000005
1100,209,4080085,ディスドス・Ｗ,4,1,0.777777777777778,1000040,9000005
1101,209,4030031,スクラッパー・Ｈ,3,1,0.470588235294118,1000040,9000005
1102,209,4030032,スクラッパー・Ｂ,3,1,0.470588235294118,1000040,9000005
1103,209,4030033,スクラッパー・Ａ,3,1,0.470588235294118,1000040,9000005
1104,209,4030034,スクラッパー・Ｌ,3,1,0.470588235294118,1000040,9000005
1105,209,4030035,スクラッパー・Ｗ,4,1,0.777777777777778,1000040,9000005
1106,209,4100101,ファルマコン・Ｈ,3,1,0.470588235294118,1000040,9000005
1107,209,4100102,ファルマコン・Ｂ,3,1,0.470588235294118,1000040,9000005
1108,209,4100103,ファルマコン・Ａ,3,1,0.470588235294118,1000040,9000005
1109,209,4100104,ファルマコン・Ｌ,3,1,0.470588235294118,1000040,9000005
1110,209,4100105,ファルマコン・Ｗ,4,1,0.777777777777778,1000040,9000005
1111,209,4110111,ラピスヘッジ・Ｈ,3,1,0.470588235294118,1000040,9000005
1112,209,4110112,ラピスヘッジ・Ｂ,3,1,0.470588235294118,1000040,9000005
1113,209,4110113,ラピスヘッジ・Ａ,3,1,0.470588235294118,1000040,9000005
1114,209,4110114,ラピスヘッジ・Ｌ,3,1,0.470588235294118,1000040,9000005
1115,209,4110115,ラピスヘッジ・Ｗ,4,1,0.777777777777778,1000040,9000005
1116,209,4120121,パ・フェクト・Ｈ,3,1,0.470588235294118,1000040,9000005
1117,209,4120122,パ・フェクト・Ｂ,3,1,0.470588235294118,1000040,9000005
1118,209,4120123,パ・フェクト・Ａ,3,1,0.470588235294118,1000040,9000005
1119,209,4120124,パ・フェクト・Ｌ,3,1,0.470588235294118,1000040,9000005
1120,209,4120125,パ・フェクト・Ｗ,4,1,0.777777777777778,1000040,9000005
1121,209,4070071,アンゼロイ・Ｈ,3,1,0.470588235294118,1000040,9000005
1122,209,4070072,アンゼロイ・Ｂ,3,1,0.470588235294118,1000040,9000005
1123,209,4070073,アンゼロイ・Ａ,3,1,0.470588235294118,1000040,9000005
1124,209,4070074,アンゼロイ・Ｌ,3,1,0.470588235294118,1000040,9000005
1125,209,4070075,アンゼロイ・Ｗ,4,1,0.777777777777778,1000040,9000005
1126,209,4130131,エタニティ・Ｈ,4,0,0,1000040,9000005
1127,209,4130132,エタニティ・Ｂ,4,0,0,1000040,9000005
1128,209,4130133,エタニティ・Ａ,4,0,0,1000040,9000005
1129,209,4130134,エタニティ・Ｌ,4,0,0,1000040,9000005
1130,209,4130135,エタニティ・Ｗ,4,0,0,1000040,9000005
1131,209,6030063,ひび割れハート,1,1,0.942857142857143,1000020,9000005
1132,209,6030069,効果A,1,1,0.942857142857143,1000020,9000005
1133,209,6010017,サーマルスクウェア,1,1,0.942857142857143,1000020,9000005
1134,209,6010025,チェーンフレーム,1,1,0.942857142857143,1000020,9000005
1135,209,6020050,ドルフィン,1,1,0.942857142857143,1000020,9000005
1136,209,6020064,フローズン,1,1,0.942857142857143,1000020,9000005
1137,209,6020076,ザ・マスク,1,1,0.942857142857143,1000020,9000005
1138,209,6020079,ツインベル,1,1,0.942857142857143,1000020,9000005
1139,209,6030004,バーニング,1,1,0.942857142857143,1000020,9000005
1140,209,6030026,ダブルスター,1,1,0.942857142857143,1000020,9000005
1141,209,6030058,シャイニングスター,1,1,0.942857142857143,1000020,9000005
1142,209,6030073,リーパーサイス,1,1,0.942857142857143,1000020,9000005
1143,209,6020023,ルーンｇ,1,1,0.942857142857143,1000020,9000005
1144,209,6020024,ルーンｐ,1,1,0.942857142857143,1000020,9000005
1145,209,6020025,ルーンｊ,1,1,0.942857142857143,1000020,9000005
1146,209,6020026,ルーンｄ,1,1,0.942857142857143,1000020,9000005
1147,209,6020041,ナインテイル,1,1,0.942857142857143,1000020,9000005
1148,209,6020054,鳳凰の構え,1,1,0.942857142857143,1000020,9000005
1149,209,6020074,メイドウェア,1,1,0.942857142857143,1000020,9000005
1150,209,6020081,セーラーウェア,1,1,0.942857142857143,1000020,9000005
1151,209,6030028,ダイヤサークル,1,1,0.942857142857143,1000020,9000005
1152,209,6030061,ダブルバット,1,1,0.942857142857143,1000020,9000005
1153,209,6030064,エンジェルウイング,1,1,0.942857142857143,1000020,9000005
1154,209,6030077,ウイングソード,1,1,0.942857142857143,1000020,9000005
1155,209,6030082,サンクレスト,1,1,0.942857142857143,1000020,9000005
1156,209,6020035,バタフライ,1,1,0.942857142857143,1000020,9000005
1157,209,6020046,猫,1,1,0.942857142857143,1000020,9000005
1158,209,6020065,ハートフル,1,1,0.942857142857143,1000020,9000005
1159,209,6020067,ローズ,1,1,0.942857142857143,1000020,9000005
1160,209,6020089,トーン,1,1,0.942857142857143,1000020,9000005
1161,209,6030003,ツインドラゴン,1,1,0.942857142857143,1000020,9000005
1162,209,6030024,ギャラクシー,1,1,0.942857142857143,1000020,9000005
1163,209,6030050,チェックオーケー,1,1,0.942857142857143,1000020,9000005
1164,209,6030060,バットウイング,1,1,0.942857142857143,1000020,9000005
1165,209,6030078,フィフススクウェア,1,1,0.942857142857143,1000020,9000005
1166,209,3000004,グレイン-AS,2,1,0.90625,1000030,9000005
1167,209,3000035,ミトラーム,2,1,0.90625,1000030,9000005
1168,209,3000072,グルナード,2,1,0.90625,1000030,9000005
1169,209,3000042,ブランキアル,2,1,0.90625,1000030,9000005
1170,209,3000063,ファイアサイス,2,1,0.90625,1000030,9000005
1171,209,3000107,グレイスピラ,2,1,0.90625,1000030,9000005
1172,209,3000076,ボンバルド,2,1,0.90625,1000030,9000005
1173,209,3000125,インパルスショット,2,1,0.90625,1000030,9000005
1174,209,3000020,機関砲 騎神,2,1,0.90625,1000030,9000005
1175,209,3000100,ターレットMI,2,1,0.90625,1000030,9000005
1176,209,3000122,単装導弾 三皇,3,1,0.470588235294118,1000030,9000005
1177,209,3000030,エスプロジオ,3,1,0.470588235294118,1000030,9000005
1178,209,3000131,ディオグラント,3,1,0.470588235294118,1000030,9000005
1179,209,3000033,爆撃砲 龍星,3,1,0.470588235294118,1000030,9000005
1180,209,3000206,マーノムガン-AS,3,1,0.470588235294118,1000030,9000005
1181,209,3000141,レイスレイヴ Xt-A,3,1,0.470588235294118,1000030,9000005
1182,209,3000113,グラン・ラーゴ,4,1,0.777777777777778,1000030,9000005
1183,209,3000057,ブルームブラスター,4,1,0.777777777777778,1000030,9000005
1184,209,3000138,ブーメラング-AS,4,0,0,1000030,9000005
1185,209,3000031,単装導弾 双撃,4,1,0.777777777777778,1000030,9000005
1186,209,3000067,ブレードジップ,2,1,0.90625,1000030,9000005
1187,209,3000069,ブラックスミス,2,1,0.90625,1000030,9000005
1188,209,3000012,ミトライユ・コルト,2,1,0.90625,1000030,9000005
1189,209,3000120,ディトーレ,2,1,0.90625,1000030,9000005
1190,209,3000128,烈火弾 煉獄,2,1,0.90625,1000030,9000005
1191,209,3000023,拳銃 月牙,2,1,0.90625,1000030,9000005
1192,209,3000060,ブーメラング,2,1,0.90625,1000030,9000005
1193,209,3000080,バースト・ボム,2,1,0.90625,1000030,9000005
1194,209,3000053,マーノムガン,2,1,0.90625,1000030,9000005
1195,209,3000065,飛翔拳 双天,2,1,0.90625,1000030,9000005
1196,209,3000024,火炎砲 散華,2,1,0.90625,1000030,9000005
1197,209,3000017,デ・ディヴァルガン,3,1,0.470588235294118,1000030,9000005
1198,209,3000013,ブリリオン,3,1,0.470588235294118,1000030,9000005
1199,209,3000202,多連装導弾 冥鎚,3,1,0.470588235294118,1000030,9000005
1200,209,3000134,電導弾 虚無,3,1,0.470588235294118,1000030,9000005
1201,209,3000142,レイスレイヴ Xt-V,3,1,0.470588235294118,1000030,9000005
1202,209,3000143,フォルツパレット,4,1,0.777777777777778,1000030,9000005
1203,209,3000011,カラミッタ,4,1,0.777777777777778,1000030,9000005
1204,209,3000103,エヴォルフィア,4,0,0,1000030,9000005
1205,209,3000014,斬絶弾 幻月,4,1,0.777777777777778,1000030,9000005
1206,209,3000038,エステジオン・ボム,2,1,0.90625,1000030,9000005
1207,209,3000097,シールドヴァイト,2,1,0.90625,1000030,9000005
1208,209,3000064,デトネイトランス,2,1,0.90625,1000030,9000005
1209,209,3000119,グレイン-SP,2,1,0.90625,1000030,9000005
1210,209,3000019,フォルツァ-Ａ,2,1,0.90625,1000030,9000005
1211,209,3000078,ジャメル,2,1,0.90625,1000030,9000005
1212,209,3000085,エレクトリット,2,1,0.90625,1000030,9000005
1213,209,3000118,ラジオパレット,2,1,0.90625,1000030,9000005
1214,209,3000018,メディク,2,1,0.90625,1000030,9000005
1215,209,3000084,テレ・ヴ二ール,2,1,0.90625,1000030,9000005
1216,209,3000052,斬縛弾 月読,2,1,0.90625,1000030,9000005
1217,209,3000074,ソワン・ヒーリア,3,1,0.470588235294118,1000030,9000005
1218,209,3000049,フォルツァ-Ｂ,3,1,0.470588235294118,1000030,9000005
1219,209,3000048,跳射爆弾 泡沫,3,1,0.470588235294118,1000030,9000005
1220,209,3000093,レイスレイヴ Xt-S,3,1,0.470588235294118,1000030,9000005
1221,209,3000040,ハープーン・エギユ,4,1,0.777777777777778,1000030,9000005
1222,209,3000096,ヘルシャフト,4,1,0.777777777777778,1000030,9000005
1223,209,3000106,マジアステルス,4,0,0,1000030,9000005
1224,209,3000046,爆撃砲 加具土,4,1,0.777777777777778,1000030,9000005
1225,210,4060061,ゴールテン・D・Ｈ,3,1,0.450980392156863,1000040,9000005
1226,210,4060062,ゴールテン・D・Ｂ,3,1,0.450980392156863,1000040,9000005
1227,210,4060063,ゴールテン・D・Ａ,3,1,0.450980392156863,1000040,9000005
1228,210,4060064,ゴールテン・D・Ｌ,3,1,0.450980392156863,1000040,9000005
1229,210,4060065,ゴールテン・D・Ｗ,4,1,0.866666666666667,1000040,9000005
1230,210,4090091,サブライガ・Ｈ,3,1,0.450980392156863,1000040,9000005
1231,210,4090092,サブライガ・Ｂ,3,1,0.450980392156863,1000040,9000005
1232,210,4090093,サブライガ・Ａ,3,1,0.450980392156863,1000040,9000005
1233,210,4090094,サブライガ・Ｌ,3,1,0.450980392156863,1000040,9000005
1234,210,4090095,サブライガ・Ｗ,4,1,0.866666666666667,1000040,9000005
1235,210,4040041,サイトヘッド・Ｈ,3,1,0.450980392156863,1000040,9000005
1236,210,4040042,サイトヘッド・Ｂ,3,1,0.450980392156863,1000040,9000005
1237,210,4040043,サイトヘッド・Ａ,3,1,0.450980392156863,1000040,9000005
1238,210,4040044,サイトヘッド・Ｌ,3,1,0.450980392156863,1000040,9000005
1239,210,4040045,サイトヘッド・Ｗ,4,1,0.866666666666667,1000040,9000005
1240,210,4080081,ディスドス・Ｈ,3,1,0.450980392156863,1000040,9000005
1241,210,4080082,ディスドス・Ｂ,3,1,0.450980392156863,1000040,9000005
1242,210,4080083,ディスドス・Ａ,3,1,0.450980392156863,1000040,9000005
1243,210,4080084,ディスドス・Ｌ,3,1,0.450980392156863,1000040,9000005
1244,210,4080085,ディスドス・Ｗ,4,1,0.866666666666667,1000040,9000005
1245,210,4030031,スクラッパー・Ｈ,3,1,0.450980392156863,1000040,9000005
1246,210,4030032,スクラッパー・Ｂ,3,1,0.450980392156863,1000040,9000005
1247,210,4030033,スクラッパー・Ａ,3,1,0.450980392156863,1000040,9000005
1248,210,4030034,スクラッパー・Ｌ,3,1,0.450980392156863,1000040,9000005
1249,210,4030035,スクラッパー・Ｗ,4,1,0.866666666666667,1000040,9000005
1250,210,4100101,ファルマコン・Ｈ,3,1,0.450980392156863,1000040,9000005
1251,210,4100102,ファルマコン・Ｂ,3,1,0.450980392156863,1000040,9000005
1252,210,4100103,ファルマコン・Ａ,3,1,0.450980392156863,1000040,9000005
1253,210,4100104,ファルマコン・Ｌ,3,1,0.450980392156863,1000040,9000005
1254,210,4100105,ファルマコン・Ｗ,4,1,0.866666666666667,1000040,9000005
1255,210,4110111,ラピスヘッジ・Ｈ,3,1,0.450980392156863,1000040,9000005
1256,210,4110112,ラピスヘッジ・Ｂ,3,1,0.450980392156863,1000040,9000005
1257,210,4110113,ラピスヘッジ・Ａ,3,1,0.450980392156863,1000040,9000005
1258,210,4110114,ラピスヘッジ・Ｌ,3,1,0.450980392156863,1000040,9000005
1259,210,4110115,ラピスヘッジ・Ｗ,4,1,0.866666666666667,1000040,9000005
1260,210,4120121,パ・フェクト・Ｈ,3,1,0.450980392156863,1000040,9000005
1261,210,4120122,パ・フェクト・Ｂ,3,1,0.450980392156863,1000040,9000005
1262,210,4120123,パ・フェクト・Ａ,3,1,0.450980392156863,1000040,9000005
1263,210,4120124,パ・フェクト・Ｌ,3,1,0.450980392156863,1000040,9000005
1264,210,4120125,パ・フェクト・Ｗ,4,1,0.866666666666667,1000040,9000005
1265,210,4070071,アンゼロイ・Ｈ,3,1,0.450980392156863,1000040,9000005
1266,210,4070072,アンゼロイ・Ｂ,3,1,0.450980392156863,1000040,9000005
1267,210,4070073,アンゼロイ・Ａ,3,1,0.450980392156863,1000040,9000005
1268,210,4070074,アンゼロイ・Ｌ,3,1,0.450980392156863,1000040,9000005
1269,210,4070075,アンゼロイ・Ｗ,4,1,0.866666666666667,1000040,9000005
1270,210,4130131,エタニティ・Ｈ,4,0,0,1000040,9000005
1271,210,4130132,エタニティ・Ｂ,4,0,0,1000040,9000005
1272,210,4130133,エタニティ・Ａ,4,0,0,1000040,9000005
1273,210,4130134,エタニティ・Ｌ,4,0,0,1000040,9000005
1274,210,4130135,エタニティ・Ｗ,4,0,0,1000040,9000005
1275,210,6030063,ひび割れハート,1,1,0.885714285714286,1000020,9000005
1276,210,6030069,効果A,1,1,0.885714285714286,1000020,9000005
1277,210,6010017,サーマルスクウェア,1,1,0.885714285714286,1000020,9000005
1278,210,6010025,チェーンフレーム,1,1,0.885714285714286,1000020,9000005
1279,210,6020050,ドルフィン,1,1,0.885714285714286,1000020,9000005
1280,210,6020064,フローズン,1,1,0.885714285714286,1000020,9000005
1281,210,6020076,ザ・マスク,1,1,0.885714285714286,1000020,9000005
1282,210,6020079,ツインベル,1,1,0.885714285714286,1000020,9000005
1283,210,6030004,バーニング,1,1,0.885714285714286,1000020,9000005
1284,210,6030026,ダブルスター,1,1,0.885714285714286,1000020,9000005
1285,210,6030058,シャイニングスター,1,1,0.885714285714286,1000020,9000005
1286,210,6030073,リーパーサイス,1,1,0.885714285714286,1000020,9000005
1287,210,6020023,ルーンｇ,1,1,0.885714285714286,1000020,9000005
1288,210,6020024,ルーンｐ,1,1,0.885714285714286,1000020,9000005
1289,210,6020025,ルーンｊ,1,1,0.885714285714286,1000020,9000005
1290,210,6020026,ルーンｄ,1,1,0.885714285714286,1000020,9000005
1291,210,6020041,ナインテイル,1,1,0.885714285714286,1000020,9000005
1292,210,6020054,鳳凰の構え,1,1,0.885714285714286,1000020,9000005
1293,210,6020074,メイドウェア,1,1,0.885714285714286,1000020,9000005
1294,210,6020081,セーラーウェア,1,1,0.885714285714286,1000020,9000005
1295,210,6030028,ダイヤサークル,1,1,0.885714285714286,1000020,9000005
1296,210,6030061,ダブルバット,1,1,0.885714285714286,1000020,9000005
1297,210,6030064,エンジェルウイング,1,1,0.885714285714286,1000020,9000005
1298,210,6030077,ウイングソード,1,1,0.885714285714286,1000020,9000005
1299,210,6030082,サンクレスト,1,1,0.885714285714286,1000020,9000005
1300,210,6020035,バタフライ,1,1,0.885714285714286,1000020,9000005
1301,210,6020046,猫,1,1,0.885714285714286,1000020,9000005
1302,210,6020065,ハートフル,1,1,0.885714285714286,1000020,9000005
1303,210,6020067,ローズ,1,1,0.885714285714286,1000020,9000005
1304,210,6020089,トーン,1,1,0.885714285714286,1000020,9000005
1305,210,6030003,ツインドラゴン,1,1,0.885714285714286,1000020,9000005
1306,210,6030024,ギャラクシー,1,1,0.885714285714286,1000020,9000005
1307,210,6030050,チェックオーケー,1,1,0.885714285714286,1000020,9000005
1308,210,6030060,バットウイング,1,1,0.885714285714286,1000020,9000005
1309,210,6030078,フィフススクウェア,1,1,0.885714285714286,1000020,9000005
1310,210,3000004,グレイン-AS,2,1,0.771428571428571,1000030,9000005
1311,210,3000035,ミトラーム,2,1,0.771428571428571,1000030,9000005
1312,210,3000072,グルナード,2,1,0.771428571428571,1000030,9000005
1313,210,3000042,ブランキアル,2,1,0.771428571428571,1000030,9000005
1314,210,3000063,ファイアサイス,2,1,0.771428571428571,1000030,9000005
1315,210,3000107,グレイスピラ,2,1,0.771428571428571,1000030,9000005
1316,210,3000076,ボンバルド,2,1,0.771428571428571,1000030,9000005
1317,210,3000125,インパルスショット,2,1,0.771428571428571,1000030,9000005
1318,210,3000020,機関砲 騎神,2,1,0.771428571428571,1000030,9000005
1319,210,3000100,ターレットMI,2,1,0.771428571428571,1000030,9000005
1320,210,3000122,単装導弾 三皇,2,1,0.771428571428571,1000030,9000005
1321,210,3000030,エスプロジオ,3,1,0.450980392156863,1000030,9000005
1322,210,3000131,ディオグラント,3,1,0.450980392156863,1000030,9000005
1323,210,3000033,爆撃砲 龍星,3,1,0.450980392156863,1000030,9000005
1324,210,3000206,マーノムガン-AS,3,1,0.450980392156863,1000030,9000005
1325,210,3000141,レイスレイヴ Xt-A,3,1,0.450980392156863,1000030,9000005
1326,210,3000113,グラン・ラーゴ,3,1,0.450980392156863,1000030,9000005
1327,210,3000057,ブルームブラスター,4,1,0.866666666666667,1000030,9000005
1328,210,3000138,ブーメラング-AS,4,0,0,1000030,9000005
1329,210,3000031,単装導弾 双撃,4,1,0.866666666666667,1000030,9000005
1330,210,3000092,エクステルス,5,1,2,1000030,9000005
1331,210,3000067,ブレードジップ,2,1,0.771428571428571,1000030,9000005
1332,210,3000069,ブラックスミス,2,1,0.771428571428571,1000030,9000005
1333,210,3000012,ミトライユ・コルト,2,1,0.771428571428571,1000030,9000005
1334,210,3000120,ディトーレ,2,1,0.771428571428571,1000030,9000005
1335,210,3000128,烈火弾 煉獄,2,1,0.771428571428571,1000030,9000005
1336,210,3000023,拳銃 月牙,2,1,0.771428571428571,1000030,9000005
1337,210,3000060,ブーメラング,2,1,0.771428571428571,1000030,9000005
1338,210,3000080,バースト・ボム,2,1,0.771428571428571,1000030,9000005
1339,210,3000053,マーノムガン,2,1,0.771428571428571,1000030,9000005
1340,210,3000065,飛翔拳 双天,2,1,0.771428571428571,1000030,9000005
1341,210,3000024,火炎砲 散華,2,1,0.771428571428571,1000030,9000005
1342,210,3000017,デ・ディヴァルガン,2,1,0.771428571428571,1000030,9000005
1343,210,3000013,ブリリオン,3,1,0.450980392156863,1000030,9000005
1344,210,3000202,多連装導弾 冥鎚,3,1,0.450980392156863,1000030,9000005
1345,210,3000134,電導弾 虚無,3,1,0.450980392156863,1000030,9000005
1346,210,3000142,レイスレイヴ Xt-V,3,1,0.450980392156863,1000030,9000005
1347,210,3000143,フォルツパレット,3,1,0.450980392156863,1000030,9000005
1348,210,3000011,カラミッタ,4,1,0.866666666666667,1000030,9000005
1349,210,3000103,エヴォルフィア,4,0,0,1000030,9000005
1350,210,3000014,斬絶弾 幻月,4,1,0.866666666666667,1000030,9000005
1351,210,3000068,大刃 水薙,5,1,2,1000030,9000005
1352,210,3000038,エステジオン・ボム,2,1,0.771428571428571,1000030,9000005
1353,210,3000097,シールドヴァイト,2,1,0.771428571428571,1000030,9000005
1354,210,3000064,デトネイトランス,2,1,0.771428571428571,1000030,9000005
1355,210,3000119,グレイン-SP,2,1,0.771428571428571,1000030,9000005
1356,210,3000019,フォルツァ-Ａ,2,1,0.771428571428571,1000030,9000005
1357,210,3000078,ジャメル,2,1,0.771428571428571,1000030,9000005
1358,210,3000085,エレクトリット,2,1,0.771428571428571,1000030,9000005
1359,210,3000118,ラジオパレット,2,1,0.771428571428571,1000030,9000005
1360,210,3000018,メディク,2,1,0.771428571428571,1000030,9000005
1361,210,3000084,テレ・ヴ二ール,2,1,0.771428571428571,1000030,9000005
1362,210,3000052,斬縛弾 月読,2,1,0.771428571428571,1000030,9000005
1363,210,3000074,ソワン・ヒーリア,2,1,0.771428571428571,1000030,9000005
1364,210,3000049,フォルツァ-Ｂ,3,1,0.450980392156863,1000030,9000005
1365,210,3000048,跳射爆弾 泡沫,3,1,0.450980392156863,1000030,9000005
1366,210,3000093,レイスレイヴ Xt-S,3,1,0.450980392156863,1000030,9000005
1367,210,3000040,ハープーン・エギユ,3,1,0.450980392156863,1000030,9000005
1368,210,3000096,ヘルシャフト,4,1,0.866666666666667,1000030,9000005
1369,210,3000106,マジアステルス,4,0,0,1000030,9000005
1370,210,3000046,爆撃砲 加具土,4,1,0.866666666666667,1000030,9000005
1371,210,3000088,テンペスト,5,1,2,1000030,9000005
1372,211,4060061,ゴールテン・D・Ｈ,3,1,0.470588235294118,1000040,9000005
1373,211,4060062,ゴールテン・D・Ｂ,3,1,0.470588235294118,1000040,9000005
1374,211,4060063,ゴールテン・D・Ａ,3,1,0.470588235294118,1000040,9000005
1375,211,4060064,ゴールテン・D・Ｌ,3,1,0.470588235294118,1000040,9000005
1376,211,4060065,ゴールテン・D・Ｗ,4,1,0.777777777777778,1000040,9000005
1377,211,4090091,サブライガ・Ｈ,3,1,0.470588235294118,1000040,9000005
1378,211,4090092,サブライガ・Ｂ,3,1,0.470588235294118,1000040,9000005
1379,211,4090093,サブライガ・Ａ,3,1,0.470588235294118,1000040,9000005
1380,211,4090094,サブライガ・Ｌ,3,1,0.470588235294118,1000040,9000005
1381,211,4090095,サブライガ・Ｗ,4,1,0.777777777777778,1000040,9000005
1382,211,4040041,サイトヘッド・Ｈ,3,1,0.470588235294118,1000040,9000005
1383,211,4040042,サイトヘッド・Ｂ,3,1,0.470588235294118,1000040,9000005
1384,211,4040043,サイトヘッド・Ａ,3,1,0.470588235294118,1000040,9000005
1385,211,4040044,サイトヘッド・Ｌ,3,1,0.470588235294118,1000040,9000005
1386,211,4040045,サイトヘッド・Ｗ,4,1,0.777777777777778,1000040,9000005
1387,211,4080081,ディスドス・Ｈ,3,1,0.470588235294118,1000040,9000005
1388,211,4080082,ディスドス・Ｂ,3,1,0.470588235294118,1000040,9000005
1389,211,4080083,ディスドス・Ａ,3,1,0.470588235294118,1000040,9000005
1390,211,4080084,ディスドス・Ｌ,3,1,0.470588235294118,1000040,9000005
1391,211,4080085,ディスドス・Ｗ,4,1,0.777777777777778,1000040,9000005
1392,211,4030031,スクラッパー・Ｈ,3,1,0.470588235294118,1000040,9000005
1393,211,4030032,スクラッパー・Ｂ,3,1,0.470588235294118,1000040,9000005
1394,211,4030033,スクラッパー・Ａ,3,1,0.470588235294118,1000040,9000005
1395,211,4030034,スクラッパー・Ｌ,3,1,0.470588235294118,1000040,9000005
1396,211,4030035,スクラッパー・Ｗ,4,1,0.777777777777778,1000040,9000005
1397,211,4100101,ファルマコン・Ｈ,3,1,0.470588235294118,1000040,9000005
1398,211,4100102,ファルマコン・Ｂ,3,1,0.470588235294118,1000040,9000005
1399,211,4100103,ファルマコン・Ａ,3,1,0.470588235294118,1000040,9000005
1400,211,4100104,ファルマコン・Ｌ,3,1,0.470588235294118,1000040,9000005
1401,211,4100105,ファルマコン・Ｗ,4,1,0.777777777777778,1000040,9000005
1402,211,4110111,ラピスヘッジ・Ｈ,3,1,0.470588235294118,1000040,9000005
1403,211,4110112,ラピスヘッジ・Ｂ,3,1,0.470588235294118,1000040,9000005
1404,211,4110113,ラピスヘッジ・Ａ,3,1,0.470588235294118,1000040,9000005
1405,211,4110114,ラピスヘッジ・Ｌ,3,1,0.470588235294118,1000040,9000005
1406,211,4110115,ラピスヘッジ・Ｗ,4,1,0.777777777777778,1000040,9000005
1407,211,4120121,パ・フェクト・Ｈ,3,1,0.470588235294118,1000040,9000005
1408,211,4120122,パ・フェクト・Ｂ,3,1,0.470588235294118,1000040,9000005
1409,211,4120123,パ・フェクト・Ａ,3,1,0.470588235294118,1000040,9000005
1410,211,4120124,パ・フェクト・Ｌ,3,1,0.470588235294118,1000040,9000005
1411,211,4120125,パ・フェクト・Ｗ,4,1,0.777777777777778,1000040,9000005
1412,211,4070071,アンゼロイ・Ｈ,3,1,0.470588235294118,1000040,9000005
1413,211,4070072,アンゼロイ・Ｂ,3,1,0.470588235294118,1000040,9000005
1414,211,4070073,アンゼロイ・Ａ,3,1,0.470588235294118,1000040,9000005
1415,211,4070074,アンゼロイ・Ｌ,3,1,0.470588235294118,1000040,9000005
1416,211,4070075,アンゼロイ・Ｗ,4,1,0.777777777777778,1000040,9000005
1417,211,4130131,エタニティ・Ｈ,4,0,0,1000040,9000005
1418,211,4130132,エタニティ・Ｂ,4,0,0,1000040,9000005
1419,211,4130133,エタニティ・Ａ,4,0,0,1000040,9000005
1420,211,4130134,エタニティ・Ｌ,4,0,0,1000040,9000005
1421,211,4130135,エタニティ・Ｗ,4,0,0,1000040,9000005
1422,211,6030063,ひび割れハート,1,1,0.942857142857143,1000020,9000005
1423,211,6030069,効果A,1,1,0.942857142857143,1000020,9000005
1424,211,6010017,サーマルスクウェア,1,1,0.942857142857143,1000020,9000005
1425,211,6010025,チェーンフレーム,1,1,0.942857142857143,1000020,9000005
1426,211,6020050,ドルフィン,1,1,0.942857142857143,1000020,9000005
1427,211,6020064,フローズン,1,1,0.942857142857143,1000020,9000005
1428,211,6020076,ザ・マスク,1,1,0.942857142857143,1000020,9000005
1429,211,6020079,ツインベル,1,1,0.942857142857143,1000020,9000005
1430,211,6030004,バーニング,1,1,0.942857142857143,1000020,9000005
1431,211,6030026,ダブルスター,1,1,0.942857142857143,1000020,9000005
1432,211,6030058,シャイニングスター,1,1,0.942857142857143,1000020,9000005
1433,211,6030073,リーパーサイス,1,1,0.942857142857143,1000020,9000005
1434,211,6020023,ルーンｇ,1,1,0.942857142857143,1000020,9000005
1435,211,6020024,ルーンｐ,1,1,0.942857142857143,1000020,9000005
1436,211,6020025,ルーンｊ,1,1,0.942857142857143,1000020,9000005
1437,211,6020026,ルーンｄ,1,1,0.942857142857143,1000020,9000005
1438,211,6020041,ナインテイル,1,1,0.942857142857143,1000020,9000005
1439,211,6020054,鳳凰の構え,1,1,0.942857142857143,1000020,9000005
1440,211,6020074,メイドウェア,1,1,0.942857142857143,1000020,9000005
1441,211,6020081,セーラーウェア,1,1,0.942857142857143,1000020,9000005
1442,211,6030028,ダイヤサークル,1,1,0.942857142857143,1000020,9000005
1443,211,6030061,ダブルバット,1,1,0.942857142857143,1000020,9000005
1444,211,6030064,エンジェルウイング,1,1,0.942857142857143,1000020,9000005
1445,211,6030077,ウイングソード,1,1,0.942857142857143,1000020,9000005
1446,211,6030082,サンクレスト,1,1,0.942857142857143,1000020,9000005
1447,211,6020035,バタフライ,1,1,0.942857142857143,1000020,9000005
1448,211,6020046,猫,1,1,0.942857142857143,1000020,9000005
1449,211,6020065,ハートフル,1,1,0.942857142857143,1000020,9000005
1450,211,6020067,ローズ,1,1,0.942857142857143,1000020,9000005
1451,211,6020089,トーン,1,1,0.942857142857143,1000020,9000005
1452,211,6030003,ツインドラゴン,1,1,0.942857142857143,1000020,9000005
1453,211,6030024,ギャラクシー,1,1,0.942857142857143,1000020,9000005
1454,211,6030050,チェックオーケー,1,1,0.942857142857143,1000020,9000005
1455,211,6030060,バットウイング,1,1,0.942857142857143,1000020,9000005
1456,211,6030078,フィフススクウェア,1,1,0.942857142857143,1000020,9000005
1457,211,3000004,グレイン-AS,2,1,0.828571428571429,1000030,9000005
1458,211,3000035,ミトラーム,2,1,0.828571428571429,1000030,9000005
1459,211,3000072,グルナード,2,1,0.828571428571429,1000030,9000005
1460,211,3000042,ブランキアル,2,1,0.828571428571429,1000030,9000005
1461,211,3000063,ファイアサイス,2,1,0.828571428571429,1000030,9000005
1462,211,3000107,グレイスピラ,2,1,0.828571428571429,1000030,9000005
1463,211,3000076,ボンバルド,2,1,0.828571428571429,1000030,9000005
1464,211,3000125,インパルスショット,2,1,0.828571428571429,1000030,9000005
1465,211,3000020,機関砲 騎神,2,1,0.828571428571429,1000030,9000005
1466,211,3000100,ターレットMI,2,1,0.828571428571429,1000030,9000005
1467,211,3000122,単装導弾 三皇,2,1,0.828571428571429,1000030,9000005
1468,211,3000030,エスプロジオ,3,1,0.470588235294118,1000030,9000005
1469,211,3000131,ディオグラント,3,1,0.470588235294118,1000030,9000005
1470,211,3000033,爆撃砲 龍星,3,1,0.470588235294118,1000030,9000005
1471,211,3000206,マーノムガン-AS,3,1,0.470588235294118,1000030,9000005
1472,211,3000141,レイスレイヴ Xt-A,3,1,0.470588235294118,1000030,9000005
1473,211,3000113,グラン・ラーゴ,3,1,0.470588235294118,1000030,9000005
1474,211,3000057,ブルームブラスター,4,1,0.777777777777778,1000030,9000005
1475,211,3000138,ブーメラング-AS,4,0,0,1000030,9000005
1476,211,3000031,単装導弾 双撃,4,1,0.777777777777778,1000030,9000005
1477,211,3000092,エクステルス,4,1,0.777777777777778,1000030,9000005
1478,211,3000067,ブレードジップ,2,1,0.828571428571429,1000030,9000005
1479,211,3000069,ブラックスミス,2,1,0.828571428571429,1000030,9000005
1480,211,3000012,ミトライユ・コルト,2,1,0.828571428571429,1000030,9000005
1481,211,3000120,ディトーレ,2,1,0.828571428571429,1000030,9000005
1482,211,3000128,烈火弾 煉獄,2,1,0.828571428571429,1000030,9000005
1483,211,3000023,拳銃 月牙,2,1,0.828571428571429,1000030,9000005
1484,211,3000060,ブーメラング,2,1,0.828571428571429,1000030,9000005
1485,211,3000080,バースト・ボム,2,1,0.828571428571429,1000030,9000005
1486,211,3000053,マーノムガン,2,1,0.828571428571429,1000030,9000005
1487,211,3000065,飛翔拳 双天,2,1,0.828571428571429,1000030,9000005
1488,211,3000024,火炎砲 散華,2,1,0.828571428571429,1000030,9000005
1489,211,3000017,デ・ディヴァルガン,2,1,0.828571428571429,1000030,9000005
1490,211,3000013,ブリリオン,3,1,0.470588235294118,1000030,9000005
1491,211,3000202,多連装導弾 冥鎚,3,1,0.470588235294118,1000030,9000005
1492,211,3000134,電導弾 虚無,3,1,0.470588235294118,1000030,9000005
1493,211,3000142,レイスレイヴ Xt-V,3,1,0.470588235294118,1000030,9000005
1494,211,3000143,フォルツパレット,3,1,0.470588235294118,1000030,9000005
1495,211,3000011,カラミッタ,4,1,0.777777777777778,1000030,9000005
1496,211,3000103,エヴォルフィア,4,0,0,1000030,9000005
1497,211,3000014,斬絶弾 幻月,4,1,0.777777777777778,1000030,9000005
1498,211,3000068,大刃 水薙,4,1,0.777777777777778,1000030,9000005
1499,211,3000038,エステジオン・ボム,2,1,0.828571428571429,1000030,9000005
1500,211,3000097,シールドヴァイト,2,1,0.828571428571429,1000030,9000005
1501,211,3000064,デトネイトランス,2,1,0.828571428571429,1000030,9000005
1502,211,3000119,グレイン-SP,2,1,0.828571428571429,1000030,9000005
1503,211,3000019,フォルツァ-Ａ,2,1,0.828571428571429,1000030,9000005
1504,211,3000078,ジャメル,2,1,0.828571428571429,1000030,9000005
1505,211,3000085,エレクトリット,2,1,0.828571428571429,1000030,9000005
1506,211,3000118,ラジオパレット,2,1,0.828571428571429,1000030,9000005
1507,211,3000018,メディク,2,1,0.828571428571429,1000030,9000005
1508,211,3000084,テレ・ヴ二ール,2,1,0.828571428571429,1000030,9000005
1509,211,3000052,斬縛弾 月読,2,1,0.828571428571429,1000030,9000005
1510,211,3000074,ソワン・ヒーリア,2,1,0.828571428571429,1000030,9000005
1511,211,3000049,フォルツァ-Ｂ,3,1,0.470588235294118,1000030,9000005
1512,211,3000048,跳射爆弾 泡沫,3,1,0.470588235294118,1000030,9000005
1513,211,3000093,レイスレイヴ Xt-S,3,1,0.470588235294118,1000030,9000005
1514,211,3000040,ハープーン・エギユ,3,1,0.470588235294118,1000030,9000005
1515,211,3000096,ヘルシャフト,4,1,0.777777777777778,1000030,9000005
1516,211,3000106,マジアステルス,4,0,0,1000030,9000005
1517,211,3000046,爆撃砲 加具土,4,1,0.777777777777778,1000030,9000005
1518,211,3000088,テンペスト,4,1,0.777777777777778,1000030,9000005
1519,212,4060061,ゴールテン・D・Ｈ,3,1,0.470588235294118,1000040,9000005
1520,212,4060062,ゴールテン・D・Ｂ,3,1,0.470588235294118,1000040,9000005
1521,212,4060063,ゴールテン・D・Ａ,3,1,0.470588235294118,1000040,9000005
1522,212,4060064,ゴールテン・D・Ｌ,3,1,0.470588235294118,1000040,9000005
1523,212,4060065,ゴールテン・D・Ｗ,4,1,0.777777777777778,1000040,9000005
1524,212,4090091,サブライガ・Ｈ,3,1,0.470588235294118,1000040,9000005
1525,212,4090092,サブライガ・Ｂ,3,1,0.470588235294118,1000040,9000005
1526,212,4090093,サブライガ・Ａ,3,1,0.470588235294118,1000040,9000005
1527,212,4090094,サブライガ・Ｌ,3,1,0.470588235294118,1000040,9000005
1528,212,4090095,サブライガ・Ｗ,4,1,0.777777777777778,1000040,9000005
1529,212,4040041,サイトヘッド・Ｈ,3,1,0.470588235294118,1000040,9000005
1530,212,4040042,サイトヘッド・Ｂ,3,1,0.470588235294118,1000040,9000005
1531,212,4040043,サイトヘッド・Ａ,3,1,0.470588235294118,1000040,9000005
1532,212,4040044,サイトヘッド・Ｌ,3,1,0.470588235294118,1000040,9000005
1533,212,4040045,サイトヘッド・Ｗ,4,1,0.777777777777778,1000040,9000005
1534,212,4080081,ディスドス・Ｈ,3,1,0.470588235294118,1000040,9000005
1535,212,4080082,ディスドス・Ｂ,3,1,0.470588235294118,1000040,9000005
1536,212,4080083,ディスドス・Ａ,3,1,0.470588235294118,1000040,9000005
1537,212,4080084,ディスドス・Ｌ,3,1,0.470588235294118,1000040,9000005
1538,212,4080085,ディスドス・Ｗ,4,1,0.777777777777778,1000040,9000005
1539,212,4030031,スクラッパー・Ｈ,3,1,0.470588235294118,1000040,9000005
1540,212,4030032,スクラッパー・Ｂ,3,1,0.470588235294118,1000040,9000005
1541,212,4030033,スクラッパー・Ａ,3,1,0.470588235294118,1000040,9000005
1542,212,4030034,スクラッパー・Ｌ,3,1,0.470588235294118,1000040,9000005
1543,212,4030035,スクラッパー・Ｗ,4,1,0.777777777777778,1000040,9000005
1544,212,4100101,ファルマコン・Ｈ,3,1,0.470588235294118,1000040,9000005
1545,212,4100102,ファルマコン・Ｂ,3,1,0.470588235294118,1000040,9000005
1546,212,4100103,ファルマコン・Ａ,3,1,0.470588235294118,1000040,9000005
1547,212,4100104,ファルマコン・Ｌ,3,1,0.470588235294118,1000040,9000005
1548,212,4100105,ファルマコン・Ｗ,4,1,0.777777777777778,1000040,9000005
1549,212,4110111,ラピスヘッジ・Ｈ,3,1,0.470588235294118,1000040,9000005
1550,212,4110112,ラピスヘッジ・Ｂ,3,1,0.470588235294118,1000040,9000005
1551,212,4110113,ラピスヘッジ・Ａ,3,1,0.470588235294118,1000040,9000005
1552,212,4110114,ラピスヘッジ・Ｌ,3,1,0.470588235294118,1000040,9000005
1553,212,4110115,ラピスヘッジ・Ｗ,4,1,0.777777777777778,1000040,9000005
1554,212,4120121,パ・フェクト・Ｈ,3,1,0.470588235294118,1000040,9000005
1555,212,4120122,パ・フェクト・Ｂ,3,1,0.470588235294118,1000040,9000005
1556,212,4120123,パ・フェクト・Ａ,3,1,0.470588235294118,1000040,9000005
1557,212,4120124,パ・フェクト・Ｌ,3,1,0.470588235294118,1000040,9000005
1558,212,4120125,パ・フェクト・Ｗ,4,1,0.777777777777778,1000040,9000005
1559,212,4070071,アンゼロイ・Ｈ,3,1,0.470588235294118,1000040,9000005
1560,212,4070072,アンゼロイ・Ｂ,3,1,0.470588235294118,1000040,9000005
1561,212,4070073,アンゼロイ・Ａ,3,1,0.470588235294118,1000040,9000005
1562,212,4070074,アンゼロイ・Ｌ,3,1,0.470588235294118,1000040,9000005
1563,212,4070075,アンゼロイ・Ｗ,4,1,0.777777777777778,1000040,9000005
1564,212,4130131,エタニティ・Ｈ,3,0,0,1000040,9000005
1565,212,4130132,エタニティ・Ｂ,3,0,0,1000040,9000005
1566,212,4130133,エタニティ・Ａ,3,0,0,1000040,9000005
1567,212,4130134,エタニティ・Ｌ,3,0,0,1000040,9000005
1568,212,4130135,エタニティ・Ｗ,4,0,0,1000040,9000005
1569,212,6030063,ひび割れハート,1,1,0.942857142857143,1000020,9000005
1570,212,6030069,効果A,1,1,0.942857142857143,1000020,9000005
1571,212,6010017,サーマルスクウェア,1,1,0.942857142857143,1000020,9000005
1572,212,6010025,チェーンフレーム,1,1,0.942857142857143,1000020,9000005
1573,212,6020050,ドルフィン,1,1,0.942857142857143,1000020,9000005
1574,212,6020064,フローズン,1,1,0.942857142857143,1000020,9000005
1575,212,6020076,ザ・マスク,1,1,0.942857142857143,1000020,9000005
1576,212,6020079,ツインベル,1,1,0.942857142857143,1000020,9000005
1577,212,6030004,バーニング,1,1,0.942857142857143,1000020,9000005
1578,212,6030026,ダブルスター,1,1,0.942857142857143,1000020,9000005
1579,212,6030058,シャイニングスター,1,1,0.942857142857143,1000020,9000005
1580,212,6030073,リーパーサイス,1,1,0.942857142857143,1000020,9000005
1581,212,6020023,ルーンｇ,1,1,0.942857142857143,1000020,9000005
1582,212,6020024,ルーンｐ,1,1,0.942857142857143,1000020,9000005
1583,212,6020025,ルーンｊ,1,1,0.942857142857143,1000020,9000005
1584,212,6020026,ルーンｄ,1,1,0.942857142857143,1000020,9000005
1585,212,6020041,ナインテイル,1,1,0.942857142857143,1000020,9000005
1586,212,6020054,鳳凰の構え,1,1,0.942857142857143,1000020,9000005
1587,212,6020074,メイドウェア,1,1,0.942857142857143,1000020,9000005
1588,212,6020081,セーラーウェア,1,1,0.942857142857143,1000020,9000005
1589,212,6030028,ダイヤサークル,1,1,0.942857142857143,1000020,9000005
1590,212,6030061,ダブルバット,1,1,0.942857142857143,1000020,9000005
1591,212,6030064,エンジェルウイング,1,1,0.942857142857143,1000020,9000005
1592,212,6030077,ウイングソード,1,1,0.942857142857143,1000020,9000005
1593,212,6030082,サンクレスト,1,1,0.942857142857143,1000020,9000005
1594,212,6020035,バタフライ,1,1,0.942857142857143,1000020,9000005
1595,212,6020046,猫,1,1,0.942857142857143,1000020,9000005
1596,212,6020065,ハートフル,1,1,0.942857142857143,1000020,9000005
1597,212,6020067,ローズ,1,1,0.942857142857143,1000020,9000005
1598,212,6020089,トーン,1,1,0.942857142857143,1000020,9000005
1599,212,6030003,ツインドラゴン,1,1,0.942857142857143,1000020,9000005
1600,212,6030024,ギャラクシー,1,1,0.942857142857143,1000020,9000005
1601,212,6030050,チェックオーケー,1,1,0.942857142857143,1000020,9000005
1602,212,6030060,バットウイング,1,1,0.942857142857143,1000020,9000005
1603,212,6030078,フィフススクウェア,1,1,0.942857142857143,1000020,9000005
1604,212,3000004,グレイン-AS,2,1,0.828571428571429,1000030,9000005
1605,212,3000035,ミトラーム,2,1,0.828571428571429,1000030,9000005
1606,212,3000072,グルナード,2,1,0.828571428571429,1000030,9000005
1607,212,3000042,ブランキアル,2,1,0.828571428571429,1000030,9000005
1608,212,3000063,ファイアサイス,2,1,0.828571428571429,1000030,9000005
1609,212,3000107,グレイスピラ,2,1,0.828571428571429,1000030,9000005
1610,212,3000076,ボンバルド,2,1,0.828571428571429,1000030,9000005
1611,212,3000125,インパルスショット,2,1,0.828571428571429,1000030,9000005
1612,212,3000020,機関砲 騎神,2,1,0.828571428571429,1000030,9000005
1613,212,3000100,ターレットMI,2,1,0.828571428571429,1000030,9000005
1614,212,3000122,単装導弾 三皇,2,1,0.828571428571429,1000030,9000005
1615,212,3000030,エスプロジオ,3,1,0.470588235294118,1000030,9000005
1616,212,3000131,ディオグラント,3,1,0.470588235294118,1000030,9000005
1617,212,3000033,爆撃砲 龍星,3,1,0.470588235294118,1000030,9000005
1618,212,3000206,マーノムガン-AS,3,1,0.470588235294118,1000030,9000005
1619,212,3000141,レイスレイヴ Xt-A,3,1,0.470588235294118,1000030,9000005
1620,212,3000113,グラン・ラーゴ,3,1,0.470588235294118,1000030,9000005
1621,212,3000057,ブルームブラスター,4,1,0.777777777777778,1000030,9000005
1622,212,3000138,ブーメラング-AS,4,0,0,1000030,9000005
1623,212,3000031,単装導弾 双撃,4,1,0.777777777777778,1000030,9000005
1624,212,3000092,エクステルス,4,1,0.777777777777778,1000030,9000005
1625,212,3000067,ブレードジップ,2,1,0.828571428571429,1000030,9000005
1626,212,3000069,ブラックスミス,2,1,0.828571428571429,1000030,9000005
1627,212,3000012,ミトライユ・コルト,2,1,0.828571428571429,1000030,9000005
1628,212,3000120,ディトーレ,2,1,0.828571428571429,1000030,9000005
1629,212,3000128,烈火弾 煉獄,2,1,0.828571428571429,1000030,9000005
1630,212,3000023,拳銃 月牙,2,1,0.828571428571429,1000030,9000005
1631,212,3000060,ブーメラング,2,1,0.828571428571429,1000030,9000005
1632,212,3000080,バースト・ボム,2,1,0.828571428571429,1000030,9000005
1633,212,3000053,マーノムガン,2,1,0.828571428571429,1000030,9000005
1634,212,3000065,飛翔拳 双天,2,1,0.828571428571429,1000030,9000005
1635,212,3000024,火炎砲 散華,2,1,0.828571428571429,1000030,9000005
1636,212,3000017,デ・ディヴァルガン,2,1,0.828571428571429,1000030,9000005
1637,212,3000013,ブリリオン,3,1,0.470588235294118,1000030,9000005
1638,212,3000202,多連装導弾 冥鎚,3,1,0.470588235294118,1000030,9000005
1639,212,3000134,電導弾 虚無,3,1,0.470588235294118,1000030,9000005
1640,212,3000142,レイスレイヴ Xt-V,3,1,0.470588235294118,1000030,9000005
1641,212,3000143,フォルツパレット,3,1,0.470588235294118,1000030,9000005
1642,212,3000011,カラミッタ,4,1,0.777777777777778,1000030,9000005
1643,212,3000103,エヴォルフィア,4,0,0,1000030,9000005
1644,212,3000014,斬絶弾 幻月,4,1,0.777777777777778,1000030,9000005
1645,212,3000068,大刃 水薙,4,1,0.777777777777778,1000030,9000005
1646,212,3000038,エステジオン・ボム,2,1,0.828571428571429,1000030,9000005
1647,212,3000097,シールドヴァイト,2,1,0.828571428571429,1000030,9000005
1648,212,3000064,デトネイトランス,2,1,0.828571428571429,1000030,9000005
1649,212,3000119,グレイン-SP,2,1,0.828571428571429,1000030,9000005
1650,212,3000019,フォルツァ-Ａ,2,1,0.828571428571429,1000030,9000005
1651,212,3000078,ジャメル,2,1,0.828571428571429,1000030,9000005
1652,212,3000085,エレクトリット,2,1,0.828571428571429,1000030,9000005
1653,212,3000118,ラジオパレット,2,1,0.828571428571429,1000030,9000005
1654,212,3000018,メディク,2,1,0.828571428571429,1000030,9000005
1655,212,3000084,テレ・ヴ二ール,2,1,0.828571428571429,1000030,9000005
1656,212,3000052,斬縛弾 月読,2,1,0.828571428571429,1000030,9000005
1657,212,3000074,ソワン・ヒーリア,2,1,0.828571428571429,1000030,9000005
1658,212,3000049,フォルツァ-Ｂ,3,1,0.470588235294118,1000030,9000005
1659,212,3000048,跳射爆弾 泡沫,3,1,0.470588235294118,1000030,9000005
1660,212,3000093,レイスレイヴ Xt-S,3,1,0.470588235294118,1000030,9000005
1661,212,3000040,ハープーン・エギユ,3,1,0.470588235294118,1000030,9000005
1662,212,3000096,ヘルシャフト,4,1,0.777777777777778,1000030,9000005
1663,212,3000106,マジアステルス,4,0,0,1000030,9000005
1664,212,3000046,爆撃砲 加具土,4,1,0.777777777777778,1000030,9000005
1665,212,3000088,テンペスト,4,1,0.777777777777778,1000030,9000005
1666,301,4011021,ソリディア・Ｈ「岩塊」,3,3,2.75,1000040,9000005
1667,301,4011022,ソリディア・Ｂ「岩塊」,3,3,2.75,1000040,9000005
1668,301,4011023,ソリディア・Ａ「岩塊」,3,3,2.75,1000040,9000005
1669,301,4011024,ソリディア・Ｌ「岩塊」,3,3,2.75,1000040,9000005
1670,301,4011025,ソリディア・Ｗ「岩塊」,4,3,1.5,1000040,9000005
1671,301,4021021,カーディナル・Ｈ「岩塊」,3,3,2.75,1000040,9000005
1672,301,4021022,カーディナル・Ｂ「岩塊」,3,3,2.75,1000040,9000005
1673,301,4021023,カーディナル・Ａ「岩塊」,3,3,2.75,1000040,9000005
1674,301,4021024,カーディナル・Ｌ「岩塊」,3,3,2.75,1000040,9000005
1675,301,4021025,カーディナル・Ｗ「岩塊」,4,3,1.5,1000040,9000005
1676,301,4031021,スクラッパー・Ｈ「岩塊」,3,1,0.916666666666667,1000040,9000005
1677,301,4031022,スクラッパー・Ｂ「岩塊」,3,1,0.916666666666667,1000040,9000005
1678,301,4031023,スクラッパー・Ａ「岩塊」,3,1,0.916666666666667,1000040,9000005
1679,301,4031024,スクラッパー・Ｌ「岩塊」,3,1,0.916666666666667,1000040,9000005
1680,301,4031025,スクラッパー・Ｗ「岩塊」,4,1,0.5,1000040,9000005
1681,301,4041021,サイトヘッド・Ｈ「岩塊」,3,3,2.75,1000040,9000005
1682,301,4041022,サイトヘッド・Ｂ「岩塊」,3,3,2.75,1000040,9000005
1683,301,4041023,サイトヘッド・Ａ「岩塊」,3,3,2.75,1000040,9000005
1684,301,4041024,サイトヘッド・Ｌ「岩塊」,3,3,2.75,1000040,9000005
1685,301,4041025,サイトヘッド・Ｗ「岩塊」,4,3,1.5,1000040,9000005
1686,301,4051021,CU・レイター・Ｈ「岩塊」,3,3,2.75,1000040,9000005
1687,301,4051022,CU・レイター・Ｂ「岩塊」,3,3,2.75,1000040,9000005
1688,301,4051023,CU・レイター・Ａ「岩塊」,3,3,2.75,1000040,9000005
1689,301,4051024,CU・レイター・Ｌ「岩塊」,3,3,2.75,1000040,9000005
1690,301,4051025,CU・レイター・Ｗ「岩塊」,4,3,1.5,1000040,9000005
1691,301,4061021,ゴールテン・D・Ｈ「岩塊」,3,3,2.75,1000040,9000005
1692,301,4061022,ゴールテン・D・Ｂ「岩塊」,3,3,2.75,1000040,9000005
1693,301,4061023,ゴールテン・D・Ａ「岩塊」,3,3,2.75,1000040,9000005
1694,301,4061024,ゴールテン・D・Ｌ「岩塊」,3,3,2.75,1000040,9000005
1695,301,4061025,ゴールテン・D・Ｗ「岩塊」,4,3,1.5,1000040,9000005
1696,301,4071021,アンゼロイ・Ｈ「岩塊」,3,1,0.916666666666667,1000040,9000005
1697,301,4071022,アンゼロイ・Ｂ「岩塊」,3,1,0.916666666666667,1000040,9000005
1698,301,4071023,アンゼロイ・Ａ「岩塊」,3,1,0.916666666666667,1000040,9000005
1699,301,4071024,アンゼロイ・Ｌ「岩塊」,3,1,0.916666666666667,1000040,9000005
1700,301,4071025,アンゼロイ・Ｗ「岩塊」,4,1,0.5,1000040,9000005
1701,301,4081021,ディスドス・Ｈ「岩塊」,3,1,0.916666666666667,1000040,9000005
1702,301,4081022,ディスドス・Ｂ「岩塊」,3,1,0.916666666666667,1000040,9000005
1703,301,4081023,ディスドス・Ａ「岩塊」,3,1,0.916666666666667,1000040,9000005
1704,301,4081024,ディスドス・Ｌ「岩塊」,3,1,0.916666666666667,1000040,9000005
1705,301,4081025,ディスドス・Ｗ「岩塊」,4,1,0.5,1000040,9000005
1706,301,4091021,サブライガ・Ｈ「岩塊」,3,3,2.75,1000040,9000005
1707,301,4091022,サブライガ・Ｂ「岩塊」,3,3,2.75,1000040,9000005
1708,301,4091023,サブライガ・Ａ「岩塊」,3,3,2.75,1000040,9000005
1709,301,4091024,サブライガ・Ｌ「岩塊」,3,3,2.75,1000040,9000005
1710,301,4091025,サブライガ・Ｗ「岩塊」,4,3,1.5,1000040,9000005
1711,301,4101021,ファルマコン・Ｈ「岩塊」,3,1,0.916666666666667,1000040,9000005
1712,301,4101022,ファルマコン・Ｂ「岩塊」,3,1,0.916666666666667,1000040,9000005
1713,301,4101023,ファルマコン・Ａ「岩塊」,3,1,0.916666666666667,1000040,9000005
1714,301,4101024,ファルマコン・Ｌ「岩塊」,3,1,0.916666666666667,1000040,9000005
1715,301,4101025,ファルマコン・Ｗ「岩塊」,4,1,0.5,1000040,9000005
1716,301,4111021,ラピスヘッジ・Ｈ「岩塊」,3,1,0.916666666666667,1000040,9000005
1717,301,4111022,ラピスヘッジ・Ｂ「岩塊」,3,1,0.916666666666667,1000040,9000005
1718,301,4111023,ラピスヘッジ・Ａ「岩塊」,3,1,0.916666666666667,1000040,9000005
1719,301,4111024,ラピスヘッジ・Ｌ「岩塊」,3,1,0.916666666666667,1000040,9000005
1720,301,4111025,ラピスヘッジ・Ｗ「岩塊」,4,1,0.5,1000040,9000005
1721,301,4121021,パ・フェクト・Ｈ「岩塊」,3,1,0.916666666666667,1000040,9000005
1722,301,4121022,パ・フェクト・Ｂ「岩塊」,3,1,0.916666666666667,1000040,9000005
1723,301,4121023,パ・フェクト・Ａ「岩塊」,3,1,0.916666666666667,1000040,9000005
1724,301,4121024,パ・フェクト・Ｌ「岩塊」,3,1,0.916666666666667,1000040,9000005
1725,301,4121025,パ・フェクト・Ｗ「岩塊」,4,1,0.5,1000040,9000005
1726,302,3000004,グレイン-AS,2,1,1.73076923076923,1000030,9000005
1727,302,3000035,ミトラーム,2,1,1.73076923076923,1000030,9000005
1728,302,3000072,グルナード,2,1,1.73076923076923,1000030,9000005
1729,302,3000042,ブランキアル,2,1,1.73076923076923,1000030,9000005
1730,302,3000063,ファイアサイス,2,1,1.73076923076923,1000030,9000005
1731,302,3000107,グレイスピラ,2,1,1.73076923076923,1000030,9000005
1732,302,3000076,ボンバルド,2,1,1.73076923076923,1000030,9000005
1733,302,3000125,インパルスショット,2,1,1.73076923076923,1000030,9000005
1734,302,3000020,機関砲 騎神,2,1,1.73076923076923,1000030,9000005
1735,302,3000100,ターレットMI,3,1,3.25,1000030,9000005
1736,302,3000122,単装導弾 三皇,3,1,3.25,1000030,9000005
1737,302,3000030,エスプロジオ,3,1,3.25,1000030,9000005
1738,302,3000131,ディオグラント,3,1,3.25,1000030,9000005
1739,302,3000033,爆撃砲 龍星,4,1,1.08333333333333,1000030,9000005
1740,302,3000206,マーノムガン-AS,4,1,1.08333333333333,1000030,9000005
1741,302,3000141,レイスレイヴ Xt-A,4,1,1.08333333333333,1000030,9000005
1742,302,3000113,グラン・ラーゴ,4,1,1.08333333333333,1000030,9000005
1743,302,3000057,ブルームブラスター,5,1,1,1000030,9000005
1744,302,3000067,ブレードジップ,2,1,1.73076923076923,1000030,9000005
1745,302,3000069,ブラックスミス,2,1,1.73076923076923,1000030,9000005
1746,302,3000012,ミトライユ・コルト,2,1,1.73076923076923,1000030,9000005
1747,302,3000120,ディトーレ,2,1,1.73076923076923,1000030,9000005
1748,302,3000128,烈火弾 煉獄,2,1,1.73076923076923,1000030,9000005
1749,302,3000023,拳銃 月牙,2,1,1.73076923076923,1000030,9000005
1750,302,3000060,ブーメラング,2,1,1.73076923076923,1000030,9000005
1751,302,3000080,バースト・ボム,2,1,1.73076923076923,1000030,9000005
1752,302,3000065,飛翔拳 双天,2,1,1.73076923076923,1000030,9000005
1753,302,3000053,マーノムガン,3,1,3.25,1000030,9000005
1754,302,3000024,火炎砲 散華,3,1,3.25,1000030,9000005
1755,302,3000017,デ・ディヴァルガン,3,1,3.25,1000030,9000005
1756,302,3000013,ブリリオン,3,1,3.25,1000030,9000005
1757,302,3000202,多連装導弾 冥鎚,4,1,1.08333333333333,1000030,9000005
1758,302,3000134,電導弾 虚無,4,1,1.08333333333333,1000030,9000005
1759,302,3000142,レイスレイヴ Xt-V,4,1,1.08333333333333,1000030,9000005
1760,302,3000143,フォルツパレット,4,1,1.08333333333333,1000030,9000005
1761,302,3000011,カラミッタ,5,1,1,1000030,9000005
1762,302,3000038,エステジオン・ボム,2,1,1.73076923076923,1000030,9000005
1763,302,3000097,シールドヴァイト,2,1,1.73076923076923,1000030,9000005
1764,302,3000064,デトネイトランス,2,1,1.73076923076923,1000030,9000005
1765,302,3000119,グレイン-SP,2,1,1.73076923076923,1000030,9000005
1766,302,3000019,フォルツァ-Ａ,2,1,1.73076923076923,1000030,9000005
1767,302,3000078,ジャメル,2,1,1.73076923076923,1000030,9000005
1768,302,3000085,エレクトリット,2,1,1.73076923076923,1000030,9000005
1769,302,3000018,メディク,2,1,1.73076923076923,1000030,9000005
1770,302,3000118,ラジオパレット,3,1,3.25,1000030,9000005
1771,302,3000084,テレ・ヴ二ール,3,1,3.25,1000030,9000005
1772,302,3000052,斬縛弾 月読,3,1,3.25,1000030,9000005
1773,302,3000074,ソワン・ヒーリア,3,1,3.25,1000030,9000005
1774,302,3000049,フォルツァ-Ｂ,4,1,1.08333333333333,1000030,9000005
1775,302,3000048,跳射爆弾 泡沫,4,1,1.08333333333333,1000030,9000005
1776,302,3000093,レイスレイヴ Xt-S,4,1,1.08333333333333,1000030,9000005
1777,302,3000040,ハープーン・エギユ,4,1,1.08333333333333,1000030,9000005
1778,302,3000096,ヘルシャフト,5,1,1,1000030,9000005
1779,303,4011061,ソリディア・Ｈ「桜花」,3,3,2.75,1000040,9000005
1780,303,4011062,ソリディア・Ｂ「桜花」,3,3,2.75,1000040,9000005
1781,303,4011063,ソリディア・Ａ「桜花」,3,3,2.75,1000040,9000005
1782,303,4011064,ソリディア・Ｌ「桜花」,3,3,2.75,1000040,9000005
1783,303,4011065,ソリディア・Ｗ「桜花」,4,3,1.5,1000040,9000005
1784,303,4021061,カーディナル・Ｈ「桜花」,3,3,2.75,1000040,9000005
1785,303,4021062,カーディナル・Ｂ「桜花」,3,3,2.75,1000040,9000005
1786,303,4021063,カーディナル・Ａ「桜花」,3,3,2.75,1000040,9000005
1787,303,4021064,カーディナル・Ｌ「桜花」,3,3,2.75,1000040,9000005
1788,303,4021065,カーディナル・Ｗ「桜花」,4,3,1.5,1000040,9000005
1789,303,4031061,スクラッパー・Ｈ「桜花」,3,1,0.916666666666667,1000040,9000005
1790,303,4031062,スクラッパー・Ｂ「桜花」,3,1,0.916666666666667,1000040,9000005
1791,303,4031063,スクラッパー・Ａ「桜花」,3,1,0.916666666666667,1000040,9000005
1792,303,4031064,スクラッパー・Ｌ「桜花」,3,1,0.916666666666667,1000040,9000005
1793,303,4031065,スクラッパー・Ｗ「桜花」,4,1,0.5,1000040,9000005
1794,303,4041061,サイトヘッド・Ｈ「桜花」,3,3,2.75,1000040,9000005
1795,303,4041062,サイトヘッド・Ｂ「桜花」,3,3,2.75,1000040,9000005
1796,303,4041063,サイトヘッド・Ａ「桜花」,3,3,2.75,1000040,9000005
1797,303,4041064,サイトヘッド・Ｌ「桜花」,3,3,2.75,1000040,9000005
1798,303,4041065,サイトヘッド・Ｗ「桜花」,4,3,1.5,1000040,9000005
1799,303,4051061,CU・レイター・Ｈ「桜花」,3,3,2.75,1000040,9000005
1800,303,4051062,CU・レイター・Ｂ「桜花」,3,3,2.75,1000040,9000005
1801,303,4051063,CU・レイター・Ａ「桜花」,3,3,2.75,1000040,9000005
1802,303,4051064,CU・レイター・Ｌ「桜花」,3,3,2.75,1000040,9000005
1803,303,4051065,CU・レイター・Ｗ「桜花」,4,3,1.5,1000040,9000005
1804,303,4061061,ゴールテン・D・Ｈ「桜花」,3,3,2.75,1000040,9000005
1805,303,4061062,ゴールテン・D・Ｂ「桜花」,3,3,2.75,1000040,9000005
1806,303,4061063,ゴールテン・D・Ａ「桜花」,3,3,2.75,1000040,9000005
1807,303,4061064,ゴールテン・D・Ｌ「桜花」,3,3,2.75,1000040,9000005
1808,303,4061065,ゴールテン・D・Ｗ「桜花」,4,3,1.5,1000040,9000005
1809,303,4071061,アンゼロイ・Ｈ「桜花」,3,1,0.916666666666667,1000040,9000005
1810,303,4071062,アンゼロイ・Ｂ「桜花」,3,1,0.916666666666667,1000040,9000005
1811,303,4071063,アンゼロイ・Ａ「桜花」,3,1,0.916666666666667,1000040,9000005
1812,303,4071064,アンゼロイ・Ｌ「桜花」,3,1,0.916666666666667,1000040,9000005
1813,303,4071065,アンゼロイ・Ｗ「桜花」,4,1,0.5,1000040,9000005
1814,303,4081061,ディスドス・Ｈ「桜花」,3,1,0.916666666666667,1000040,9000005
1815,303,4081062,ディスドス・Ｂ「桜花」,3,1,0.916666666666667,1000040,9000005
1816,303,4081063,ディスドス・Ａ「桜花」,3,1,0.916666666666667,1000040,9000005
1817,303,4081064,ディスドス・Ｌ「桜花」,3,1,0.916666666666667,1000040,9000005
1818,303,4081065,ディスドス・Ｗ「桜花」,4,1,0.5,1000040,9000005
1819,303,4091061,サブライガ・Ｈ「桜花」,3,3,2.75,1000040,9000005
1820,303,4091062,サブライガ・Ｂ「桜花」,3,3,2.75,1000040,9000005
1821,303,4091063,サブライガ・Ａ「桜花」,3,3,2.75,1000040,9000005
1822,303,4091064,サブライガ・Ｌ「桜花」,3,3,2.75,1000040,9000005
1823,303,4091065,サブライガ・Ｗ「桜花」,4,3,1.5,1000040,9000005
1824,303,4101061,ファルマコン・Ｈ「桜花」,3,1,0.916666666666667,1000040,9000005
1825,303,4101062,ファルマコン・Ｂ「桜花」,3,1,0.916666666666667,1000040,9000005
1826,303,4101063,ファルマコン・Ａ「桜花」,3,1,0.916666666666667,1000040,9000005
1827,303,4101064,ファルマコン・Ｌ「桜花」,3,1,0.916666666666667,1000040,9000005
1828,303,4101065,ファルマコン・Ｗ「桜花」,4,1,0.5,1000040,9000005
1829,303,4111061,ラピスヘッジ・Ｈ「桜花」,3,1,0.916666666666667,1000040,9000005
1830,303,4111062,ラピスヘッジ・Ｂ「桜花」,3,1,0.916666666666667,1000040,9000005
1831,303,4111063,ラピスヘッジ・Ａ「桜花」,3,1,0.916666666666667,1000040,9000005
1832,303,4111064,ラピスヘッジ・Ｌ「桜花」,3,1,0.916666666666667,1000040,9000005
1833,303,4111065,ラピスヘッジ・Ｗ「桜花」,4,1,0.5,1000040,9000005
1834,303,4121061,パ・フェクト・Ｈ「桜花」,3,1,0.916666666666667,1000040,9000005
1835,303,4121062,パ・フェクト・Ｂ「桜花」,3,1,0.916666666666667,1000040,9000005
1836,303,4121063,パ・フェクト・Ａ「桜花」,3,1,0.916666666666667,1000040,9000005
1837,303,4121064,パ・フェクト・Ｌ「桜花」,3,1,0.916666666666667,1000040,9000005
1838,303,4121065,パ・フェクト・Ｗ「桜花」,4,1,0.5,1000040,9000005
1839,304,3000004,グレイン-AS,2,1,1.55172413793103,1000030,9000005
1840,304,3000035,ミトラーム,2,1,1.55172413793103,1000030,9000005
1841,304,3000072,グルナード,2,1,1.55172413793103,1000030,9000005
1842,304,3000042,ブランキアル,2,1,1.55172413793103,1000030,9000005
1843,304,3000063,ファイアサイス,2,1,1.55172413793103,1000030,9000005
1844,304,3000107,グレイスピラ,2,1,1.55172413793103,1000030,9000005
1845,304,3000076,ボンバルド,2,1,1.55172413793103,1000030,9000005
1846,304,3000125,インパルスショット,2,1,1.55172413793103,1000030,9000005
1847,304,3000020,機関砲 騎神,2,1,1.55172413793103,1000030,9000005
1848,304,3000100,ターレットMI,2,1,1.55172413793103,1000030,9000005
1849,304,3000122,単装導弾 三皇,3,1,3.25,1000030,9000005
1850,304,3000030,エスプロジオ,3,1,3.25,1000030,9000005
1851,304,3000131,ディオグラント,3,1,3.25,1000030,9000005
1852,304,3000033,爆撃砲 龍星,3,1,3.25,1000030,9000005
1853,304,3000206,マーノムガン-AS,4,1,1.08333333333333,1000030,9000005
1854,304,3000141,レイスレイヴ Xt-A,4,1,1.08333333333333,1000030,9000005
1855,304,3000113,グラン・ラーゴ,4,1,1.08333333333333,1000030,9000005
1856,304,3000057,ブルームブラスター,4,1,1.08333333333333,1000030,9000005
1857,304,3000138,ブーメラング-AS,5,1,1,1000030,9000005
1858,304,3000067,ブレードジップ,2,1,1.55172413793103,1000030,9000005
1859,304,3000069,ブラックスミス,2,1,1.55172413793103,1000030,9000005
1860,304,3000012,ミトライユ・コルト,2,1,1.55172413793103,1000030,9000005
1861,304,3000120,ディトーレ,2,1,1.55172413793103,1000030,9000005
1862,304,3000128,烈火弾 煉獄,2,1,1.55172413793103,1000030,9000005
1863,304,3000023,拳銃 月牙,2,1,1.55172413793103,1000030,9000005
1864,304,3000060,ブーメラング,2,1,1.55172413793103,1000030,9000005
1865,304,3000080,バースト・ボム,2,1,1.55172413793103,1000030,9000005
1866,304,3000065,飛翔拳 双天,2,1,1.55172413793103,1000030,9000005
1867,304,3000053,マーノムガン,2,1,1.55172413793103,1000030,9000005
1868,304,3000024,火炎砲 散華,3,1,3.25,1000030,9000005
1869,304,3000017,デ・ディヴァルガン,3,1,3.25,1000030,9000005
1870,304,3000013,ブリリオン,3,1,3.25,1000030,9000005
1871,304,3000202,多連装導弾 冥鎚,3,1,3.25,1000030,9000005
1872,304,3000134,電導弾 虚無,4,1,1.08333333333333,1000030,9000005
1873,304,3000142,レイスレイヴ Xt-V,4,1,1.08333333333333,1000030,9000005
1874,304,3000143,フォルツパレット,4,1,1.08333333333333,1000030,9000005
1875,304,3000011,カラミッタ,4,1,1.08333333333333,1000030,9000005
1876,304,3000103,エヴォルフィア,5,1,1,1000030,9000005
1877,304,3000038,エステジオン・ボム,2,1,1.55172413793103,1000030,9000005
1878,304,3000097,シールドヴァイト,2,1,1.55172413793103,1000030,9000005
1879,304,3000064,デトネイトランス,2,1,1.55172413793103,1000030,9000005
1880,304,3000119,グレイン-SP,2,1,1.55172413793103,1000030,9000005
1881,304,3000019,フォルツァ-Ａ,2,1,1.55172413793103,1000030,9000005
1882,304,3000078,ジャメル,2,1,1.55172413793103,1000030,9000005
1883,304,3000085,エレクトリット,2,1,1.55172413793103,1000030,9000005
1884,304,3000018,メディク,2,1,1.55172413793103,1000030,9000005
1885,304,3000118,ラジオパレット,2,1,1.55172413793103,1000030,9000005
1886,304,3000084,テレ・ヴ二ール,3,1,3.25,1000030,9000005
1887,304,3000052,斬縛弾 月読,3,1,3.25,1000030,9000005
1888,304,3000074,ソワン・ヒーリア,3,1,3.25,1000030,9000005
1889,304,3000049,フォルツァ-Ｂ,3,1,3.25,1000030,9000005
1890,304,3000048,跳射爆弾 泡沫,4,1,1.08333333333333,1000030,9000005
1891,304,3000093,レイスレイヴ Xt-S,4,1,1.08333333333333,1000030,9000005
1892,304,3000040,ハープーン・エギユ,4,1,1.08333333333333,1000030,9000005
1893,304,3000096,ヘルシャフト,4,1,1.08333333333333,1000030,9000005
1894,304,3000106,マジアステルス,5,1,1,1000030,9000005
1895,305,4011031,ソリディア・Ｈ「土漠」,3,3,2.75,1000040,9000005
1896,305,4011032,ソリディア・Ｂ「土漠」,3,3,2.75,1000040,9000005
1897,305,4011033,ソリディア・Ａ「土漠」,3,3,2.75,1000040,9000005
1898,305,4011034,ソリディア・Ｌ「土漠」,3,3,2.75,1000040,9000005
1899,305,4011035,ソリディア・Ｗ「土漠」,4,3,1.5,1000040,9000005
1900,305,4021031,カーディナル・Ｈ「土漠」,3,3,2.75,1000040,9000005
1901,305,4021032,カーディナル・Ｂ「土漠」,3,3,2.75,1000040,9000005
1902,305,4021033,カーディナル・Ａ「土漠」,3,3,2.75,1000040,9000005
1903,305,4021034,カーディナル・Ｌ「土漠」,3,3,2.75,1000040,9000005
1904,305,4021035,カーディナル・Ｗ「土漠」,4,3,1.5,1000040,9000005
1905,305,4031031,スクラッパー・Ｈ「土漠」,3,1,0.916666666666667,1000040,9000005
1906,305,4031032,スクラッパー・Ｂ「土漠」,3,1,0.916666666666667,1000040,9000005
1907,305,4031033,スクラッパー・Ａ「土漠」,3,1,0.916666666666667,1000040,9000005
1908,305,4031034,スクラッパー・Ｌ「土漠」,3,1,0.916666666666667,1000040,9000005
1909,305,4031035,スクラッパー・Ｗ「土漠」,4,1,0.5,1000040,9000005
1910,305,4041031,サイトヘッド・Ｈ「土漠」,3,3,2.75,1000040,9000005
1911,305,4041032,サイトヘッド・Ｂ「土漠」,3,3,2.75,1000040,9000005
1912,305,4041033,サイトヘッド・Ａ「土漠」,3,3,2.75,1000040,9000005
1913,305,4041034,サイトヘッド・Ｌ「土漠」,3,3,2.75,1000040,9000005
1914,305,4041035,サイトヘッド・Ｗ「土漠」,4,3,1.5,1000040,9000005
1915,305,4051031,CU・レイター・Ｈ「土漠」,3,3,2.75,1000040,9000005
1916,305,4051032,CU・レイター・Ｂ「土漠」,3,3,2.75,1000040,9000005
1917,305,4051033,CU・レイター・Ａ「土漠」,3,3,2.75,1000040,9000005
1918,305,4051034,CU・レイター・Ｌ「土漠」,3,3,2.75,1000040,9000005
1919,305,4051035,CU・レイター・Ｗ「土漠」,4,3,1.5,1000040,9000005
1920,305,4061031,ゴールテン・D・Ｈ「土漠」,3,3,2.75,1000040,9000005
1921,305,4061032,ゴールテン・D・Ｂ「土漠」,3,3,2.75,1000040,9000005
1922,305,4061033,ゴールテン・D・Ａ「土漠」,3,3,2.75,1000040,9000005
1923,305,4061034,ゴールテン・D・Ｌ「土漠」,3,3,2.75,1000040,9000005
1924,305,4061035,ゴールテン・D・Ｗ「土漠」,4,3,1.5,1000040,9000005
1925,305,4071031,アンゼロイ・Ｈ「土漠」,3,1,0.916666666666667,1000040,9000005
1926,305,4071032,アンゼロイ・Ｂ「土漠」,3,1,0.916666666666667,1000040,9000005
1927,305,4071033,アンゼロイ・Ａ「土漠」,3,1,0.916666666666667,1000040,9000005
1928,305,4071034,アンゼロイ・Ｌ「土漠」,3,1,0.916666666666667,1000040,9000005
1929,305,4071035,アンゼロイ・Ｗ「土漠」,4,1,0.5,1000040,9000005
1930,305,4081031,ディスドス・Ｈ「土漠」,3,1,0.916666666666667,1000040,9000005
1931,305,4081032,ディスドス・Ｂ「土漠」,3,1,0.916666666666667,1000040,9000005
1932,305,4081033,ディスドス・Ａ「土漠」,3,1,0.916666666666667,1000040,9000005
1933,305,4081034,ディスドス・Ｌ「土漠」,3,1,0.916666666666667,1000040,9000005
1934,305,4081035,ディスドス・Ｗ「土漠」,4,1,0.5,1000040,9000005
1935,305,4091031,サブライガ・Ｈ「土漠」,3,3,2.75,1000040,9000005
1936,305,4091032,サブライガ・Ｂ「土漠」,3,3,2.75,1000040,9000005
1937,305,4091033,サブライガ・Ａ「土漠」,3,3,2.75,1000040,9000005
1938,305,4091034,サブライガ・Ｌ「土漠」,3,3,2.75,1000040,9000005
1939,305,4091035,サブライガ・Ｗ「土漠」,4,3,1.5,1000040,9000005
1940,305,4101031,ファルマコン・Ｈ「土漠」,3,1,0.916666666666667,1000040,9000005
1941,305,4101032,ファルマコン・Ｂ「土漠」,3,1,0.916666666666667,1000040,9000005
1942,305,4101033,ファルマコン・Ａ「土漠」,3,1,0.916666666666667,1000040,9000005
1943,305,4101034,ファルマコン・Ｌ「土漠」,3,1,0.916666666666667,1000040,9000005
1944,305,4101035,ファルマコン・Ｗ「土漠」,4,1,0.5,1000040,9000005
1945,305,4111031,ラピスヘッジ・Ｈ「土漠」,3,1,0.916666666666667,1000040,9000005
1946,305,4111032,ラピスヘッジ・Ｂ「土漠」,3,1,0.916666666666667,1000040,9000005
1947,305,4111033,ラピスヘッジ・Ａ「土漠」,3,1,0.916666666666667,1000040,9000005
1948,305,4111034,ラピスヘッジ・Ｌ「土漠」,3,1,0.916666666666667,1000040,9000005
1949,305,4111035,ラピスヘッジ・Ｗ「土漠」,4,1,0.5,1000040,9000005
1950,305,4121031,パ・フェクト・Ｈ「土漠」,3,1,0.916666666666667,1000040,9000005
1951,305,4121032,パ・フェクト・Ｂ「土漠」,3,1,0.916666666666667,1000040,9000005
1952,305,4121033,パ・フェクト・Ａ「土漠」,3,1,0.916666666666667,1000040,9000005
1953,305,4121034,パ・フェクト・Ｌ「土漠」,3,1,0.916666666666667,1000040,9000005
1954,305,4121035,パ・フェクト・Ｗ「土漠」,4,1,0.5,1000040,9000005
1955,306,3000004,グレイン-AS,2,1,1.40625,1000030,9000005
1956,306,3000035,ミトラーム,2,1,1.40625,1000030,9000005
1957,306,3000072,グルナード,2,1,1.40625,1000030,9000005
1958,306,3000042,ブランキアル,2,1,1.40625,1000030,9000005
1959,306,3000063,ファイアサイス,2,1,1.40625,1000030,9000005
1960,306,3000107,グレイスピラ,2,1,1.40625,1000030,9000005
1961,306,3000076,ボンバルド,2,1,1.40625,1000030,9000005
1962,306,3000125,インパルスショット,2,1,1.40625,1000030,9000005
1963,306,3000020,機関砲 騎神,2,1,1.40625,1000030,9000005
1964,306,3000100,ターレットMI,2,1,1.40625,1000030,9000005
1965,306,3000122,単装導弾 三皇,2,1,1.40625,1000030,9000005
1966,306,3000030,エスプロジオ,3,1,3.25,1000030,9000005
1967,306,3000131,ディオグラント,3,1,3.25,1000030,9000005
1968,306,3000033,爆撃砲 龍星,3,1,3.25,1000030,9000005
1969,306,3000206,マーノムガン-AS,3,1,3.25,1000030,9000005
1970,306,3000141,レイスレイヴ Xt-A,4,1,1.44444444444444,1000030,9000005
1971,306,3000113,グラン・ラーゴ,4,1,1.44444444444444,1000030,9000005
1972,306,3000057,ブルームブラスター,4,1,1.44444444444444,1000030,9000005
1973,306,3000138,ブーメラング-AS,4,0,0,1000030,9000005
1974,306,3000031,単装導弾 双撃,5,1,1,1000030,9000005
1975,306,3000067,ブレードジップ,2,1,1.40625,1000030,9000005
1976,306,3000069,ブラックスミス,2,1,1.40625,1000030,9000005
1977,306,3000012,ミトライユ・コルト,2,1,1.40625,1000030,9000005
1978,306,3000120,ディトーレ,2,1,1.40625,1000030,9000005
1979,306,3000128,烈火弾 煉獄,2,1,1.40625,1000030,9000005
1980,306,3000023,拳銃 月牙,2,1,1.40625,1000030,9000005
1981,306,3000060,ブーメラング,2,1,1.40625,1000030,9000005
1982,306,3000080,バースト・ボム,2,1,1.40625,1000030,9000005
1983,306,3000065,飛翔拳 双天,2,1,1.40625,1000030,9000005
1984,306,3000053,マーノムガン,2,1,1.40625,1000030,9000005
1985,306,3000024,火炎砲 散華,2,1,1.40625,1000030,9000005
1986,306,3000017,デ・ディヴァルガン,3,1,3.25,1000030,9000005
1987,306,3000013,ブリリオン,3,1,3.25,1000030,9000005
1988,306,3000202,多連装導弾 冥鎚,3,1,3.25,1000030,9000005
1989,306,3000134,電導弾 虚無,3,1,3.25,1000030,9000005
1990,306,3000142,レイスレイヴ Xt-V,4,1,1.44444444444444,1000030,9000005
1991,306,3000143,フォルツパレット,4,1,1.44444444444444,1000030,9000005
1992,306,3000011,カラミッタ,4,1,1.44444444444444,1000030,9000005
1993,306,3000103,エヴォルフィア,4,0,0,1000030,9000005
1994,306,3000014,斬絶弾 幻月,5,1,1,1000030,9000005
1995,306,3000038,エステジオン・ボム,2,1,1.40625,1000030,9000005
1996,306,3000097,シールドヴァイト,2,1,1.40625,1000030,9000005
1997,306,3000064,デトネイトランス,2,1,1.40625,1000030,9000005
1998,306,3000119,グレイン-SP,2,1,1.40625,1000030,9000005
1999,306,3000019,フォルツァ-Ａ,2,1,1.40625,1000030,9000005
2000,306,3000078,ジャメル,2,1,1.40625,1000030,9000005
2001,306,3000085,エレクトリット,2,1,1.40625,1000030,9000005
2002,306,3000018,メディク,2,1,1.40625,1000030,9000005
2003,306,3000118,ラジオパレット,2,1,1.40625,1000030,9000005
2004,306,3000084,テレ・ヴ二ール,2,1,1.40625,1000030,9000005
2005,306,3000052,斬縛弾 月読,3,1,3.25,1000030,9000005
2006,306,3000074,ソワン・ヒーリア,3,1,3.25,1000030,9000005
2007,306,3000049,フォルツァ-Ｂ,3,1,3.25,1000030,9000005
2008,306,3000048,跳射爆弾 泡沫,3,1,3.25,1000030,9000005
2009,306,3000093,レイスレイヴ Xt-S,4,1,1.44444444444444,1000030,9000005
2010,306,3000040,ハープーン・エギユ,4,1,1.44444444444444,1000030,9000005
2011,306,3000096,ヘルシャフト,4,1,1.44444444444444,1000030,9000005
2012,306,3000106,マジアステルス,4,0,0,1000030,9000005
2013,306,3000046,爆撃砲 加具土,5,1,1,1000030,9000005
2014,307,4011011,ソリディア・Ｈ「深森」,3,3,2.75,1000040,9000005
2015,307,4011012,ソリディア・Ｂ「深森」,3,3,2.75,1000040,9000005
2016,307,4011013,ソリディア・Ａ「深森」,3,3,2.75,1000040,9000005
2017,307,4011014,ソリディア・Ｌ「深森」,3,3,2.75,1000040,9000005
2018,307,4011015,ソリディア・Ｗ「深森」,4,3,1.5,1000040,9000005
2019,307,4021011,カーディナル・Ｈ「深森」,3,3,2.75,1000040,9000005
2020,307,4021012,カーディナル・Ｂ「深森」,3,3,2.75,1000040,9000005
2021,307,4021013,カーディナル・Ａ「深森」,3,3,2.75,1000040,9000005
2022,307,4021014,カーディナル・Ｌ「深森」,3,3,2.75,1000040,9000005
2023,307,4021015,カーディナル・Ｗ「深森」,4,3,1.5,1000040,9000005
2024,307,4031011,スクラッパー・Ｈ「深森」,3,1,0.916666666666667,1000040,9000005
2025,307,4031012,スクラッパー・Ｂ「深森」,3,1,0.916666666666667,1000040,9000005
2026,307,4031013,スクラッパー・Ａ「深森」,3,1,0.916666666666667,1000040,9000005
2027,307,4031014,スクラッパー・Ｌ「深森」,3,1,0.916666666666667,1000040,9000005
2028,307,4031015,スクラッパー・Ｗ「深森」,4,1,0.5,1000040,9000005
2029,307,4041011,サイトヘッド・Ｈ「深森」,3,3,2.75,1000040,9000005
2030,307,4041012,サイトヘッド・Ｂ「深森」,3,3,2.75,1000040,9000005
2031,307,4041013,サイトヘッド・Ａ「深森」,3,3,2.75,1000040,9000005
2032,307,4041014,サイトヘッド・Ｌ「深森」,3,3,2.75,1000040,9000005
2033,307,4041015,サイトヘッド・Ｗ「深森」,4,3,1.5,1000040,9000005
2034,307,4051011,CU・レイター・Ｈ「深森」,3,3,2.75,1000040,9000005
2035,307,4051012,CU・レイター・Ｂ「深森」,3,3,2.75,1000040,9000005
2036,307,4051013,CU・レイター・Ａ「深森」,3,3,2.75,1000040,9000005
2037,307,4051014,CU・レイター・Ｌ「深森」,3,3,2.75,1000040,9000005
2038,307,4051015,CU・レイター・Ｗ「深森」,4,3,1.5,1000040,9000005
2039,307,4061011,ゴールテン・D・Ｈ「深森」,3,3,2.75,1000040,9000005
2040,307,4061012,ゴールテン・D・Ｂ「深森」,3,3,2.75,1000040,9000005
2041,307,4061013,ゴールテン・D・Ａ「深森」,3,3,2.75,1000040,9000005
2042,307,4061014,ゴールテン・D・Ｌ「深森」,3,3,2.75,1000040,9000005
2043,307,4061015,ゴールテン・D・Ｗ「深森」,4,3,1.5,1000040,9000005
2044,307,4071011,アンゼロイ・Ｈ「深森」,3,1,0.916666666666667,1000040,9000005
2045,307,4071012,アンゼロイ・Ｂ「深森」,3,1,0.916666666666667,1000040,9000005
2046,307,4071013,アンゼロイ・Ａ「深森」,3,1,0.916666666666667,1000040,9000005
2047,307,4071014,アンゼロイ・Ｌ「深森」,3,1,0.916666666666667,1000040,9000005
2048,307,4071015,アンゼロイ・Ｗ「深森」,4,1,0.5,1000040,9000005
2049,307,4081011,ディスドス・Ｈ「深森」,3,1,0.916666666666667,1000040,9000005
2050,307,4081012,ディスドス・Ｂ「深森」,3,1,0.916666666666667,1000040,9000005
2051,307,4081013,ディスドス・Ａ「深森」,3,1,0.916666666666667,1000040,9000005
2052,307,4081014,ディスドス・Ｌ「深森」,3,1,0.916666666666667,1000040,9000005
2053,307,4081015,ディスドス・Ｗ「深森」,4,1,0.5,1000040,9000005
2054,307,4091011,サブライガ・Ｈ「深森」,3,3,2.75,1000040,9000005
2055,307,4091012,サブライガ・Ｂ「深森」,3,3,2.75,1000040,9000005
2056,307,4091013,サブライガ・Ａ「深森」,3,3,2.75,1000040,9000005
2057,307,4091014,サブライガ・Ｌ「深森」,3,3,2.75,1000040,9000005
2058,307,4091015,サブライガ・Ｗ「深森」,4,3,1.5,1000040,9000005
2059,307,4101011,ファルマコン・Ｈ「深森」,3,1,0.916666666666667,1000040,9000005
2060,307,4101012,ファルマコン・Ｂ「深森」,3,1,0.916666666666667,1000040,9000005
2061,307,4101013,ファルマコン・Ａ「深森」,3,1,0.916666666666667,1000040,9000005
2062,307,4101014,ファルマコン・Ｌ「深森」,3,1,0.916666666666667,1000040,9000005
2063,307,4101015,ファルマコン・Ｗ「深森」,4,1,0.5,1000040,9000005
2064,307,4111011,ラピスヘッジ・Ｈ「深森」,3,1,0.916666666666667,1000040,9000005
2065,307,4111012,ラピスヘッジ・Ｂ「深森」,3,1,0.916666666666667,1000040,9000005
2066,307,4111013,ラピスヘッジ・Ａ「深森」,3,1,0.916666666666667,1000040,9000005
2067,307,4111014,ラピスヘッジ・Ｌ「深森」,3,1,0.916666666666667,1000040,9000005
2068,307,4111015,ラピスヘッジ・Ｗ「深森」,4,1,0.5,1000040,9000005
2069,307,4121011,パ・フェクト・Ｈ「深森」,3,1,0.916666666666667,1000040,9000005
2070,307,4121012,パ・フェクト・Ｂ「深森」,3,1,0.916666666666667,1000040,9000005
2071,307,4121013,パ・フェクト・Ａ「深森」,3,1,0.916666666666667,1000040,9000005
2072,307,4121014,パ・フェクト・Ｌ「深森」,3,1,0.916666666666667,1000040,9000005
2073,307,4121015,パ・フェクト・Ｗ「深森」,4,1,0.5,1000040,9000005
2074,308,3000004,グレイン-AS,2,1,1.28571428571429,1000030,9000005
2075,308,3000035,ミトラーム,2,1,1.28571428571429,1000030,9000005
2076,308,3000072,グルナード,2,1,1.28571428571429,1000030,9000005
2077,308,3000042,ブランキアル,2,1,1.28571428571429,1000030,9000005
2078,308,3000063,ファイアサイス,2,1,1.28571428571429,1000030,9000005
2079,308,3000107,グレイスピラ,2,1,1.28571428571429,1000030,9000005
2080,308,3000076,ボンバルド,2,1,1.28571428571429,1000030,9000005
2081,308,3000125,インパルスショット,2,1,1.28571428571429,1000030,9000005
2082,308,3000020,機関砲 騎神,2,1,1.28571428571429,1000030,9000005
2083,308,3000100,ターレットMI,2,1,1.28571428571429,1000030,9000005
2084,308,3000122,単装導弾 三皇,2,1,1.28571428571429,1000030,9000005
2085,308,3000030,エスプロジオ,2,1,1.28571428571429,1000030,9000005
2086,308,3000131,ディオグラント,3,1,3.25,1000030,9000005
2087,308,3000033,爆撃砲 龍星,3,1,3.25,1000030,9000005
2088,308,3000206,マーノムガン-AS,3,1,3.25,1000030,9000005
2089,308,3000141,レイスレイヴ Xt-A,3,1,3.25,1000030,9000005
2090,308,3000113,グラン・ラーゴ,4,1,1.44444444444444,1000030,9000005
2091,308,3000057,ブルームブラスター,4,1,1.44444444444444,1000030,9000005
2092,308,3000138,ブーメラング-AS,4,0,0,1000030,9000005
2093,308,3000031,単装導弾 双撃,4,1,1.44444444444444,1000030,9000005
2094,308,3000092,エクステルス,5,1,1,1000030,9000005
2095,308,3000067,ブレードジップ,2,1,1.28571428571429,1000030,9000005
2096,308,3000069,ブラックスミス,2,1,1.28571428571429,1000030,9000005
2097,308,3000012,ミトライユ・コルト,2,1,1.28571428571429,1000030,9000005
2098,308,3000120,ディトーレ,2,1,1.28571428571429,1000030,9000005
2099,308,3000128,烈火弾 煉獄,2,1,1.28571428571429,1000030,9000005
2100,308,3000023,拳銃 月牙,2,1,1.28571428571429,1000030,9000005
2101,308,3000060,ブーメラング,2,1,1.28571428571429,1000030,9000005
2102,308,3000080,バースト・ボム,2,1,1.28571428571429,1000030,9000005
2103,308,3000065,飛翔拳 双天,2,1,1.28571428571429,1000030,9000005
2104,308,3000053,マーノムガン,2,1,1.28571428571429,1000030,9000005
2105,308,3000024,火炎砲 散華,2,1,1.28571428571429,1000030,9000005
2106,308,3000017,デ・ディヴァルガン,2,1,1.28571428571429,1000030,9000005
2107,308,3000013,ブリリオン,3,1,3.25,1000030,9000005
2108,308,3000202,多連装導弾 冥鎚,3,1,3.25,1000030,9000005
2109,308,3000134,電導弾 虚無,3,1,3.25,1000030,9000005
2110,308,3000142,レイスレイヴ Xt-V,3,1,3.25,1000030,9000005
2111,308,3000143,フォルツパレット,4,1,1.44444444444444,1000030,9000005
2112,308,3000011,カラミッタ,4,1,1.44444444444444,1000030,9000005
2113,308,3000103,エヴォルフィア,4,0,0,1000030,9000005
2114,308,3000014,斬絶弾 幻月,4,1,1.44444444444444,1000030,9000005
2115,308,3000068,大刃 水薙,5,1,1,1000030,9000005
2116,308,3000038,エステジオン・ボム,2,1,1.28571428571429,1000030,9000005
2117,308,3000097,シールドヴァイト,2,1,1.28571428571429,1000030,9000005
2118,308,3000064,デトネイトランス,2,1,1.28571428571429,1000030,9000005
2119,308,3000119,グレイン-SP,2,1,1.28571428571429,1000030,9000005
2120,308,3000019,フォルツァ-Ａ,2,1,1.28571428571429,1000030,9000005
2121,308,3000078,ジャメル,2,1,1.28571428571429,1000030,9000005
2122,308,3000085,エレクトリット,2,1,1.28571428571429,1000030,9000005
2123,308,3000018,メディク,2,1,1.28571428571429,1000030,9000005
2124,308,3000118,ラジオパレット,2,1,1.28571428571429,1000030,9000005
2125,308,3000084,テレ・ヴ二ール,2,1,1.28571428571429,1000030,9000005
2126,308,3000052,斬縛弾 月読,2,1,1.28571428571429,1000030,9000005
2127,308,3000074,ソワン・ヒーリア,3,1,3.25,1000030,9000005
2128,308,3000049,フォルツァ-Ｂ,3,1,3.25,1000030,9000005
2129,308,3000048,跳射爆弾 泡沫,3,1,3.25,1000030,9000005
2130,308,3000093,レイスレイヴ Xt-S,3,1,3.25,1000030,9000005
2131,308,3000040,ハープーン・エギユ,4,1,1.44444444444444,1000030,9000005
2132,308,3000096,ヘルシャフト,4,1,1.44444444444444,1000030,9000005
2133,308,3000106,マジアステルス,4,0,0,1000030,9000005
2134,308,3000046,爆撃砲 加具土,4,1,1.44444444444444,1000030,9000005
2135,308,3000088,テンペスト,5,1,1,1000030,9000005
2136,309,4011051,ソリディア・Ｈ「海響」,3,3,2.75,1000040,9000005
2137,309,4011052,ソリディア・Ｂ「海響」,3,3,2.75,1000040,9000005
2138,309,4011053,ソリディア・Ａ「海響」,3,3,2.75,1000040,9000005
2139,309,4011054,ソリディア・Ｌ「海響」,3,3,2.75,1000040,9000005
2140,309,4011055,ソリディア・Ｗ「海響」,4,3,1.5,1000040,9000005
2141,309,4021051,カーディナル・Ｈ「海響」,3,3,2.75,1000040,9000005
2142,309,4021052,カーディナル・Ｂ「海響」,3,3,2.75,1000040,9000005
2143,309,4021053,カーディナル・Ａ「海響」,3,3,2.75,1000040,9000005
2144,309,4021054,カーディナル・Ｌ「海響」,3,3,2.75,1000040,9000005
2145,309,4021055,カーディナル・Ｗ「海響」,4,3,1.5,1000040,9000005
2146,309,4031051,スクラッパー・Ｈ「海響」,3,1,0.916666666666667,1000040,9000005
2147,309,4031052,スクラッパー・Ｂ「海響」,3,1,0.916666666666667,1000040,9000005
2148,309,4031053,スクラッパー・Ａ「海響」,3,1,0.916666666666667,1000040,9000005
2149,309,4031054,スクラッパー・Ｌ「海響」,3,1,0.916666666666667,1000040,9000005
2150,309,4031055,スクラッパー・Ｗ「海響」,4,1,0.5,1000040,9000005
2151,309,4041051,サイトヘッド・Ｈ「海響」,3,3,2.75,1000040,9000005
2152,309,4041052,サイトヘッド・Ｂ「海響」,3,3,2.75,1000040,9000005
2153,309,4041053,サイトヘッド・Ａ「海響」,3,3,2.75,1000040,9000005
2154,309,4041054,サイトヘッド・Ｌ「海響」,3,3,2.75,1000040,9000005
2155,309,4041055,サイトヘッド・Ｗ「海響」,4,3,1.5,1000040,9000005
2156,309,4051051,CU・レイター・Ｈ「海響」,3,3,2.75,1000040,9000005
2157,309,4051052,CU・レイター・Ｂ「海響」,3,3,2.75,1000040,9000005
2158,309,4051053,CU・レイター・Ａ「海響」,3,3,2.75,1000040,9000005
2159,309,4051054,CU・レイター・Ｌ「海響」,3,3,2.75,1000040,9000005
2160,309,4051055,CU・レイター・Ｗ「海響」,4,3,1.5,1000040,9000005
2161,309,4061051,ゴールテン・D・Ｈ「海響」,3,3,2.75,1000040,9000005
2162,309,4061052,ゴールテン・D・Ｂ「海響」,3,3,2.75,1000040,9000005
2163,309,4061053,ゴールテン・D・Ａ「海響」,3,3,2.75,1000040,9000005
2164,309,4061054,ゴールテン・D・Ｌ「海響」,3,3,2.75,1000040,9000005
2165,309,4061055,ゴールテン・D・Ｗ「海響」,4,3,1.5,1000040,9000005
2166,309,4071051,アンゼロイ・Ｈ「海響」,3,1,0.916666666666667,1000040,9000005
2167,309,4071052,アンゼロイ・Ｂ「海響」,3,1,0.916666666666667,1000040,9000005
2168,309,4071053,アンゼロイ・Ａ「海響」,3,1,0.916666666666667,1000040,9000005
2169,309,4071054,アンゼロイ・Ｌ「海響」,3,1,0.916666666666667,1000040,9000005
2170,309,4071055,アンゼロイ・Ｗ「海響」,4,1,0.5,1000040,9000005
2171,309,4081051,ディスドス・Ｈ「海響」,3,1,0.916666666666667,1000040,9000005
2172,309,4081052,ディスドス・Ｂ「海響」,3,1,0.916666666666667,1000040,9000005
2173,309,4081053,ディスドス・Ａ「海響」,3,1,0.916666666666667,1000040,9000005
2174,309,4081054,ディスドス・Ｌ「海響」,3,1,0.916666666666667,1000040,9000005
2175,309,4081055,ディスドス・Ｗ「海響」,4,1,0.5,1000040,9000005
2176,309,4091051,サブライガ・Ｈ「海響」,3,3,2.75,1000040,9000005
2177,309,4091052,サブライガ・Ｂ「海響」,3,3,2.75,1000040,9000005
2178,309,4091053,サブライガ・Ａ「海響」,3,3,2.75,1000040,9000005
2179,309,4091054,サブライガ・Ｌ「海響」,3,3,2.75,1000040,9000005
2180,309,4091055,サブライガ・Ｗ「海響」,4,3,1.5,1000040,9000005
2181,309,4101051,ファルマコン・Ｈ「海響」,3,1,0.916666666666667,1000040,9000005
2182,309,4101052,ファルマコン・Ｂ「海響」,3,1,0.916666666666667,1000040,9000005
2183,309,4101053,ファルマコン・Ａ「海響」,3,1,0.916666666666667,1000040,9000005
2184,309,4101054,ファルマコン・Ｌ「海響」,3,1,0.916666666666667,1000040,9000005
2185,309,4101055,ファルマコン・Ｗ「海響」,4,1,0.5,1000040,9000005
2186,309,4111051,ラピスヘッジ・Ｈ「海響」,3,1,0.916666666666667,1000040,9000005
2187,309,4111052,ラピスヘッジ・Ｂ「海響」,3,1,0.916666666666667,1000040,9000005
2188,309,4111053,ラピスヘッジ・Ａ「海響」,3,1,0.916666666666667,1000040,9000005
2189,309,4111054,ラピスヘッジ・Ｌ「海響」,3,1,0.916666666666667,1000040,9000005
2190,309,4111055,ラピスヘッジ・Ｗ「海響」,4,1,0.5,1000040,9000005
2191,309,4121051,パ・フェクト・Ｈ「海響」,3,1,0.916666666666667,1000040,9000005
2192,309,4121052,パ・フェクト・Ｂ「海響」,3,1,0.916666666666667,1000040,9000005
2193,309,4121053,パ・フェクト・Ａ「海響」,3,1,0.916666666666667,1000040,9000005
2194,309,4121054,パ・フェクト・Ｌ「海響」,3,1,0.916666666666667,1000040,9000005
2195,309,4121055,パ・フェクト・Ｗ「海響」,4,1,0.5,1000040,9000005
2196,401,4040041,サイトヘッド・Ｈ,3,2,5.45454545454545,1000040,9000005
2197,401,4040042,サイトヘッド・Ｂ,3,1,2.72727272727273,1000040,9000005
2198,401,4040043,サイトヘッド・Ａ,3,1,2.72727272727273,1000040,9000005
2199,401,4040044,サイトヘッド・Ｌ,3,1,2.72727272727273,1000040,9000005
2200,401,4040045,サイトヘッド・Ｗ,5,1,6.66666666666667,1000040,9000005
2201,401,4060061,ゴールテン・D・Ｈ,3,2,5.45454545454545,1000040,9000005
2202,401,4060062,ゴールテン・D・Ｂ,3,1,2.72727272727273,1000040,9000005
2203,401,4060063,ゴールテン・D・Ａ,3,1,2.72727272727273,1000040,9000005
2204,401,4060064,ゴールテン・D・Ｌ,3,1,2.72727272727273,1000040,9000005
2205,401,4060065,ゴールテン・D・Ｗ,5,1,6.66666666666667,1000040,9000005
2206,401,4090091,サブライガ・Ｈ,3,2,5.45454545454545,1000040,9000005
2207,401,4090092,サブライガ・Ｂ,3,1,2.72727272727273,1000040,9000005
2208,401,4090093,サブライガ・Ａ,3,1,2.72727272727273,1000040,9000005
2209,401,4090094,サブライガ・Ｌ,3,1,2.72727272727273,1000040,9000005
2210,401,4090095,サブライガ・Ｗ,5,1,6.66666666666667,1000040,9000005
2211,401,3000125,インパルスショット,3,1,2.72727272727273,1000030,9000005
2212,401,3000122,単装導弾 三皇,4,1,6.66666666666667,1000030,9000005
2213,401,3000107,グレイスピラ,3,1,2.72727272727273,1000030,9000005
2214,401,3000065,飛翔拳 双天,4,1,6.66666666666667,1000030,9000005
2215,401,3000060,ブーメラング,3,1,2.72727272727273,1000030,9000005
2216,401,3000012,ミトライユ・コルト,3,1,2.72727272727273,1000030,9000005
2217,401,3000118,ラジオパレット,4,1,6.66666666666667,1000030,9000005
2218,401,3000038,エステジオン・ボム,3,1,2.72727272727273,1000030,9000005
2219,401,3000078,ジャメル,3,1,2.72727272727273,1000030,9000005
2220,401,1000500,CP × 500,3,1,2.72727272727273,1000020,9000005
