---,PrjName,PrjAssetPath,AttackID,GrapID,HitGroup,HitCheckThis,HitCheckPlayer,HitCheckMob,HitCheckBuilding,HitCheckObject,HitCheckShield,InitSpeed,LimitSpeed,FinalSpeed,InitSpeedKeepTime,SpeedUpTime,LimitSpeedKeepTime,FinalSpeedUpTime,Gravity,InitPitch,InitYaw,ForceTargetPitch,ForceTargetYaw,ApplyOwnerPitch,ApplyOwnerYaw,ApplyOwnerRoll,InitSizeX,InitSizeY,InitSizeZ,InitRadius,InitScale,MaxScale,ScaleTime,LifeSpan,StopAfterLifeSpan,LimitMoveLength,AddLimitMoveLength,CrossBreakExtensionRate,MultiHitMaxPlayer,MultiHitMaxNotPlayer,MultiHitInterval,HitCharaProc,HitBGProc,HitBgCharaProc,HitShieldProc,LimitMoveLengthProc,DestroyOwnerDie,IgnorePreHitCheck,DistanceAttenuation,DistanceAttenuation_Max,DistanceAttenuation_MinDamageRate,StrongholdDistanceAttenuation,DodgeCheckEnable,IsHyperHoming,HomingNearOutLookAngle,HomingNearOutLookRange,HomingFarOutLookAngle,HomingFarOutLookRange,HorizontalHomingAbility_Start,HorizontalHomingAbility_End,HorizontalHomingAbility_Time,VerticalHomingAbility_Start,VerticalHomingAbility_End,VerticalHomingAbility_Time,HomingStartTime,HomingEndNearTargetRange,HomingEndTotalMovingDistance,HomingEndTime,IsHorizontalHomingSiteRate,IsVerticalHomingSiteRate,SuperHomingRate,TargetPositionOffset,MinRandomTargetOffset,MaxRandomTargetOffset,MinRandomTargetOffsetTime,MaxRandomTargetOffsetTime,RandomTargetOffsetNearLength,HorizontalVelocityRandomMin,HorizontalVelocityRandomMax,VerticalVelocityRandomMin,VerticalVelocityRandomMax,ShieldType,PrjVital,CoopProjectileID_LifeSpan,CoopProjectileID_HitChara,CoopProjectileID_HitBG,CoopProjectileID_Order,PierceEffectPath,IsObject,ShowHomingAlert,ReportFlag
Empty,無し,,0,0,None,Through,Through,Through,Through,Through,Enemy,0,0,0,-1,0,-1,-1,0,0,0,False,False,False,False,False,1,1,1,1,1,1,0,0,0,0,0,1,0,0,0,Ignore,Ignore,Ignore,Ignore,Die,False,False,0,0,1,0,True,False,0,0,0,0,0,0,0,0,0,0,0,0,0,0,True,True,1.2,None,0,0,0,0,0,0,0,0,0,None,0,0,0,0,0,,False,False,False
PRJ_MachineGun_Bullet01,ミトライユ　　　　　　　　　　　（マシンガン・AS）,/Game/Projectile/wp00001/BP_PrjMachineGunBullet01.uasset,1,0,EnemyAll,Through,Enemy,Enemy,Enemy,Enemy,Enemy,52000,54000,0,-1,0,-1,-1,0,0,0,True,True,True,True,True,1,1,1,1,1,1,0,1.5,0,50000,0,1,0,0,0,Die,Die,Die,Die,Die,False,False,0,0,1,0,True,False,90,500,90,500,45,45,0,45,45,0,0,2000,0,0,True,True,1.2,None,0,0,0,0,0,0,0,0,0,None,0,0,0,0,0,,False,False,True
PRJ_HandGun_Bullet01,拳銃 天火　　 　　　　　　　　（ハンドガン・AS）,/Game/Projectile/wp00002/BP_PrjHandGunBullet01.uasset,2,0,EnemyAll,Through,Enemy,Enemy,Enemy,Enemy,Enemy,55000,55000,0,-1,0,-1,-1,0,0,0,True,True,True,True,True,1,1,1,1,1,1.25,0.15,1.5,0,50000,0,1,0,0,0,Die,Die,Die,Die,Die,False,False,0,0,1,0,True,False,90,500,90,500,45,45,0,45,45,0,0,2000,0,0,True,True,1.2,None,0,0,0,0,0,0,0,0,0,None,0,0,0,0,0,,False,False,True
PRJ_PulseGun_Bullet01,パルスガン(散弾1回目),/Game/Projectile/wp00003/BP_PrjPulseGunBullet01.uasset,3,0,EnemyAll,Through,Enemy,Enemy,Enemy,Enemy,Enemy,55000,20000,0,-1,1,-1,-1,0,0,0,True,True,True,True,True,1,1,1,1,1,1,0,1,0,9500,0,1,0,0,0,Ignore,Die,Die,Ignore,StopDie,False,False,0,0,1,0,True,False,0,0,0,0,0,0,0,0,0,0,0,0,0,0,True,True,1.2,None,0,0,0,0,0,0,0,0,0,None,0,231,231,231,0,,False,False,True
PRJ_PulseGun_Bullet02,パルスガン(散弾2回目),/Game/Projectile/wp00003/BP_PrjPulseGunBullet02.uasset,4,0,EnemyAll,Through,Enemy,Enemy,Enemy,Enemy,Enemy,57000,21500,0,-1,1,-1,-1,0,0,0,True,True,True,True,True,1,1,1,1,1,1,0,1,0,6000,0,1,0,0,0,Ignore,Die,Die,Ignore,StopDie,False,False,0,0,1,0,True,False,0,0,0,0,0,0,0,0,0,0,0,0,0,0,True,True,1.2,None,0,0,0,0,0,0,0,0,0,None,0,231,231,231,0,,False,False,True
PRJ_PulseGun_Bullet03,パルスガン(散弾3回目),/Game/Projectile/wp00003/BP_PrjPulseGunBullet03.uasset,5,0,EnemyAll,Through,Enemy,Enemy,Enemy,Enemy,Enemy,59000,23000,0,-1,1,-1,-1,0,0,0,True,True,True,True,True,1,1,1,1,1,1,0,1,0,8000,0,1,0,0,0,Ignore,Die,Die,Ignore,StopDie,False,False,0,0,1,0,True,False,0,0,0,0,0,0,0,0,0,0,0,0,0,0,True,True,1.2,None,0,0,0,0,0,0,0,0,0,None,0,231,231,231,0,,False,False,True
PRJ_PulseGun_Bullet04,パルスガン(散弾4回目),/Game/Projectile/wp00003/BP_PrjPulseGunBullet04.uasset,6,0,EnemyAll,Through,Enemy,Enemy,Enemy,Enemy,Enemy,61000,24500,0,-1,1,-1,-1,0,0,0,True,True,True,True,True,1,1,1,1,1,1,0,1,0,7000,0,1,0,0,0,Ignore,Die,Die,Ignore,StopDie,False,False,0,0,1,0,True,False,0,0,0,0,0,0,0,0,0,0,0,0,0,0,True,True,1.2,None,0,0,0,0,0,0,0,0,0,None,0,231,231,231,0,,False,False,True
PRJ_PulseGun_Bullet05,パルスガン(散弾5回目),/Game/Projectile/wp00003/BP_PrjPulseGunBullet05.uasset,7,0,EnemyAll,Through,Enemy,Enemy,Enemy,Enemy,Enemy,63000,26000,0,-1,1,-1,-1,0,0,0,True,True,True,True,True,1,1,1,1,1,1,0,1,0,9000,0,1,0,0,0,Ignore,Die,Die,Ignore,StopDie,False,False,0,0,1,0,True,False,0,0,0,0,0,0,0,0,0,0,0,0,0,0,True,True,1.2,None,0,0,0,0,0,0,0,0,0,None,0,231,231,231,0,,False,False,True
PRJ_BeamRifle_Bullet01,グレイン-AS　　　　　　　　　（ビームライフル・AS）,/Game/Projectile/wp00004/BP_PrjBeamRifleBullet01.uasset,8,0,EnemyAll,Through,Enemy,Enemy,Enemy,Enemy,Enemy,63000,68000,0.3,-1,0.3,-1,-1,0,0,0,True,True,True,True,True,1,1,1,1,1,1,0,2,0,50000,0,1,0,0,0,Ignore,Die,Die,Die,Die,False,False,0,0,1,0,True,False,45,500,45,500,32,32,0,32,32,0,0,2000,0,0,True,True,2,None,0,0,0,0,0,0,0,0,0,None,0,0,0,0,0,,False,False,True
PRJ_RocketLauncher_Bullet01,ロケットランチャー【対人】,/Game/Projectile/wp00005/BP_PrjRocketLauncherBullet01.uasset,9,0,EnemyAll,Through,Enemy,Enemy,Enemy,Enemy,Enemy,20000,40000,0,-1,0.2,-1,-1,0,0,0,False,False,True,True,True,1,1,1,1,0.6,1,1,2.5,0,50000,0,1,0,0,0,Ignore,Die,Die,Ignore,StopDie,False,False,0,0,1,0,True,False,30,50000,30,50000,0,0,0,0,0,0,0,2000,0,0,True,True,1.2,None,0,0,0,0,0,-1,2,-2,2,None,0,232,232,232,0,,False,False,True
PRJ_3WayBeam_Bullet01,ラーゴ　　　　　　　　　　　　（ワイドショット・SP）,/Game/Projectile/wp00006/BP_Prj3WayBeamBullet01.uasset,10,0,EnemyAll,Through,Enemy,Enemy,Enemy,Enemy,Enemy,10000,15000,0,-1,1,-1,-1,0,0,0,True,True,True,True,True,1,1,1,1,0.1,2,1,2,0,50000,0,1,0,0,0,Ignore,Die,Die,Die,Die,False,False,0,0,1,0,True,False,90,500,90,500,45,45,0,20,20,0,0,2000,0,0,True,False,1.2,None,0,0,0,0,0,0,0,0,0,None,0,0,0,0,0,,False,False,True
PRJ_BoundGun_Bullet01,バウンドガン(散弾1回目),/Game/Projectile/wp00007/BP_PrjBoundGunBullet01.uasset,11,0,EnemyAll,Through,Enemy,Enemy,Enemy,Enemy,Enemy,35000,20000,0,-1,1,-1,-1,0,0,0,False,False,True,True,True,1,1,1,1,1,1,0,1,0,50000,0,1,0,0,0,Ignore,Refract,Die,Ignore,Die,False,False,0,0,1,0,True,False,0,0,0,0,0,0,0,0,0,0,0,0,0,0,True,True,1.2,None,0,0,0,0,0,0,0,0,0,None,0,0,0,0,0,,False,False,True
PRJ_BoundGun_Bullet02,バウンドガン(散弾2回目),/Game/Projectile/wp00007/BP_PrjBoundGunBullet02.uasset,12,0,EnemyAll,Through,Enemy,Enemy,Enemy,Enemy,Enemy,37000,21500,0,-1,1,-1,-1,0,0,0,False,False,True,True,True,1,1,1,1,1,1,0,1,0,50000,0,1,0,0,0,Ignore,Refract,Die,Ignore,Die,False,False,0,0,1,0,True,False,0,0,0,0,0,0,0,0,0,0,0,0,0,0,True,True,1.2,None,0,0,0,0,0,0,0,0,0,None,0,0,0,0,0,,False,False,True
PRJ_BoundGun_Bullet03,バウンドガン(散弾3回目),/Game/Projectile/wp00007/BP_PrjBoundGunBullet03.uasset,13,0,EnemyAll,Through,Enemy,Enemy,Enemy,Enemy,Enemy,39000,23000,0,-1,1,-1,-1,0,0,0,False,False,True,True,True,1,1,1,1,1,1,0,1,0,50000,0,1,0,0,0,Ignore,Refract,Die,Ignore,Die,False,False,0,0,1,0,True,False,0,0,0,0,0,0,0,0,0,0,0,0,0,0,True,True,1.2,None,0,0,0,0,0,0,0,0,0,None,0,0,0,0,0,,False,False,True
PRJ_BoundGun_Bullet04,バウンドガン(散弾4回目),/Game/Projectile/wp00007/BP_PrjBoundGunBullet04.uasset,14,0,EnemyAll,Through,Enemy,Enemy,Enemy,Enemy,Enemy,41000,24500,0,-1,1,-1,-1,0,0,0,False,False,True,True,True,1,1,1,1,1,1,0,1,0,50000,0,1,0,0,0,Ignore,Refract,Die,Ignore,Die,False,False,0,0,1,0,True,False,0,0,0,0,0,0,0,0,0,0,0,0,0,0,True,True,1.2,None,0,0,0,0,0,0,0,0,0,None,0,0,0,0,0,,False,False,True
PRJ_BoundGun_Bullet05,バウンドガン(散弾5回目),/Game/Projectile/wp00007/BP_PrjBoundGunBullet05.uasset,15,0,EnemyAll,Through,Enemy,Enemy,Enemy,Enemy,Enemy,43000,26000,0,-1,1,-1,-1,0,0,0,False,False,True,True,True,1,1,1,1,1,1,0,1,0,50000,0,1,0,0,0,Ignore,Refract,Die,Ignore,Die,False,False,0,0,1,0,True,False,0,0,0,0,0,0,0,0,0,0,0,0,0,0,True,True,1.2,None,0,0,0,0,0,0,0,0,0,None,0,0,0,0,0,,False,False,True
PRJ_Pressure_Bullet01,ブートフィールド　　　　　　（プレッシャー・AS左）,/Game/Projectile/wp00008/BP_PrjPressureBullet01.uasset,16,41,EnemyAll,Through,Enemy,Enemy,Enemy,Enemy,Enemy,0,0,0,-1,0,-1,-1,0,0,0,False,False,False,False,False,1,1,1,450,0.001,20,1,1.2,0,0,0,1,0,0,0,Ignore,Ignore,Ignore,Ignore,Stop,False,True,0,0,1,0,False,False,0,0,0,0,0,0,0,0,0,0,0,0,0,0,True,True,0,None,0,0,0,0,0,0,0,0,0,None,0,0,0,0,0,,False,False,True
PRJ_ShotGun_Bullet01,レブンパレット(散弾1回目)　　（ショットガン・VG左）,/Game/Projectile/wp00009/BP_PrjShotGunBullet01.uasset,17,0,EnemyAll,Through,Enemy,Enemy,Enemy,Enemy,Enemy,55000,20000,0,0.1,0.1,-1,-1,0,0,0,True,True,True,True,True,1,1,1,1,1.2,1.2,0,1,0,13500,0,1,0,0,0,Die,Die,Die,Die,Die,False,False,0,0,1,0,True,False,0,0,0,0,0,0,0,0,0,0,0,0,0,0,True,True,1.1,None,0,0,0,0,0,0,0,0,0,None,0,0,0,0,0,,False,False,True
PRJ_ShotGun_Bullet02,レブンパレット(散弾2回目),/Game/Projectile/wp00009/BP_PrjShotGunBullet02.uasset,18,0,EnemyAll,Through,Enemy,Enemy,Enemy,Enemy,Enemy,57000,21500,0,0.1,0.1,-1,-1,0,0,0,True,True,True,True,True,1,1,1,1,1.2,1.2,0,1,0,10000,0,1,0,0,0,Die,Die,Die,Die,Die,False,False,0,0,1,0,True,False,0,0,0,0,0,0,0,0,0,0,0,0,0,0,True,True,1.1,None,0,0,0,0,0,0,0,0,0,None,0,0,0,0,0,,False,False,True
PRJ_ShotGun_Bullet03,レブンパレット(散弾3回目),/Game/Projectile/wp00009/BP_PrjShotGunBullet03.uasset,19,0,EnemyAll,Through,Enemy,Enemy,Enemy,Enemy,Enemy,59000,23000,0,0.1,0.1,-1,-1,0,0,0,True,True,True,True,True,1,1,1,1,1.2,1.2,0,1,0,12000,0,1,0,0,0,Die,Die,Die,Die,Die,False,False,0,0,1,0,True,False,0,0,0,0,0,0,0,0,0,0,0,0,0,0,True,True,1.1,None,0,0,0,0,0,0,0,0,0,None,0,0,0,0,0,,False,False,True
PRJ_ShotGun_Bullet04,レブンパレット(散弾4回目),/Game/Projectile/wp00009/BP_PrjShotGunBullet04.uasset,20,0,EnemyAll,Through,Enemy,Enemy,Enemy,Enemy,Enemy,61000,24500,0,0.1,0.1,-1,-1,0,0,0,True,True,True,True,True,1,1,1,1,1.2,1.2,0,1,0,11000,0,1,0,0,0,Die,Die,Die,Die,Die,False,False,0,0,1,0,True,False,0,0,0,0,0,0,0,0,0,0,0,0,0,0,True,True,1.1,None,0,0,0,0,0,0,0,0,0,None,0,0,0,0,0,,False,False,True
PRJ_ShotGun_Bullet05,レブンパレット(散弾5回目),/Game/Projectile/wp00009/BP_PrjShotGunBullet05.uasset,21,0,EnemyAll,Through,Enemy,Enemy,Enemy,Enemy,Enemy,63000,26000,0,0.1,0.1,-1,-1,0,0,0,True,True,True,True,True,1,1,1,1,1.2,1.2,0,1,0,13000,0,1,0,0,0,Die,Die,Die,Die,Die,False,False,0,0,1,0,True,False,0,0,0,0,0,0,0,0,0,0,0,0,0,0,True,True,1.1,None,0,0,0,0,0,0,0,0,0,None,0,0,0,0,0,,False,False,True
PRJ_BeamNet_Bullet01,電磁網弾 縛鎖　　　　　（飛ばすビームネット・AS左）,/Game/Projectile/wp00010/BP_PrjBeamNetBullet01.uasset,22,0,EnemyAll,Through,Enemy,Through,Through,Through,Enemy,10000,7000,0.5,0.5,0,-1,-1,0,0,0,True,True,True,True,True,1,1,1,1,0.001,3.75,0.5,4,0,50000,0,1,0,0,0,Stop,Stop,Stop,Stop,Die,False,True,0,0,1,0,True,False,90,500,90,500,5,5,0,5,5,0,0,2000,0,0,True,True,1.1,None,0,0,0,0,0,0,0,0,0,None,0,0,0,0,0,,False,False,True
PRJ_CoilGun_Bullet01,カラミッタ　　　　　　　　　　　（コイルガン・VG左）,/Game/Projectile/wp00011/BP_PrjCoilGunBullet01.uasset,23,0,EnemyAll,Through,Enemy,Enemy,Enemy,Enemy,Enemy,45000,45000,0,-1,0,-1,-1,0,0,0,True,True,True,True,True,1,1,1,1,1.5,1.5,0,3,0,12000,0,1,0,0,0,Die,Stop,Stop,Die,StopDie,False,False,0,0,1,0,True,False,90,0,90,0,45,45,0,45,45,0,0,2000,0,0,True,True,1.2,None,0,0,0,0,0,0,0,0,0,None,0,0,0,0,0,/Game/Effect/ACR_Effect/Weapon/wp00011/PT_ef_wp00011_pierce_loop_01.uasset,False,False,True
PRJ_MachineGunType02_Bullet01,ミトライユ・コルト　　　　　　　　（マシンガン・VG),/Game/Projectile/wp00012/BP_PrjMachineGunType02Bullet01.uasset,24,0,EnemyAll,Through,Enemy,Enemy,Enemy,Enemy,Enemy,50000,50000,0,-1,0,-1,-1,0,0,0,True,True,True,True,True,1,1,1,1,1,1,0,1.5,0,17500,0,1,0,0,0,Die,Die,Die,Die,Die,False,False,0,0,1,0,True,False,90,500,90,500,45,45,0,45,45,0,0,0,0,0,True,True,1.2,None,0,0,0,0,0,-2,2,-2,2,None,0,0,0,0,0,,False,False,True
PRJ_BeamMagnum_Bullet01,ブリリオン　　　　　　　　　　（ビームマグナム・AS）,/Game/Projectile/wp00013/BP_PrjBeamMagnumBullet01.uasset,25,0,EnemyAll,Through,Enemy,Enemy,Enemy,Enemy,Enemy,61000,64000,0,-1,0.2,-1,-1,0,0,0,True,True,True,True,True,1,1,1,1,3,3,0,2,0,50000,0,1,0,0,0,Ignore,Die,Die,Die,Die,False,False,0,0,1,0,True,False,45,5000,45,5000,25,25,0,25,25,0,0,2000,0,0,True,True,1.8,None,0,0,0,0,0,0,0,0,0,None,0,0,0,0,0,,False,False,True
PRJ_7WayBeam_Bullet01,斬絶弾　幻月　　　　　　　（大ワイドショット・AS左）,/Game/Projectile/wp00014/BP_Prj7WayBeamBullet01.uasset,26,0,EnemyAll,Through,Enemy,Enemy,Enemy,Enemy,Enemy,15000,7500,6,0.1,1,-1,-1,0,0,0,True,True,True,True,True,1,1,1,1,0.001,1,1,1.9,0,40000,0,1,3,1,0.1,Ignore,Die,Ignore,Die,Die,False,False,0,0,1,0,True,False,45,500,45,500,30,30,0,5,0,0,0,2000,0,0.5,True,False,1.2,None,0,0,0,0,0,0,0,0,0,None,0,0,0,0,0,,False,False,True
PRJ_MultipleGrenadeLauncher_Bullet01,多連装導弾 大蛇　　　　　　（マルチランチャー・AS）,/Game/Projectile/wp00015/BP_PrjMultipleGrenadeLauncherBullet01.uasset,27,0,EnemyAll,Through,Enemy,Enemy,Enemy,Enemy,Enemy,1000,15000,0,-1,1,-1,-1,0,0,0,True,True,True,True,True,1,1,1,1,1,3,1,5,0,50000,0,1,0,0,0,Die,Die,Die,Die,StopDie,False,False,0,0,1,0,True,False,120,50000,120,50000,91,121,0.1,91,121,0.1,0,0,0,0,True,True,1.2,None,4000,7000,1,2,10000,-1,1,-1,1,None,0,233,233,233,0,,False,True,True
PRJ_BeamMachineGun_Bullet01,ビームマシンガン【対人】,/Game/Projectile/wp00016/BP_PrjBeamMachineGunBullet01.uasset,28,0,EnemyAll,Through,Enemy,Enemy,Enemy,Enemy,Enemy,55000,55000,0,-1,0,-1,-1,0,0,0,True,True,True,True,True,1,1,1,1,1,1,0,3,0,20000,0,1,0,0,0,Ignore,Die,Die,Ignore,Die,False,False,0,0,1,0,True,False,15,500,15,500,15,15,0,15,15,0,0,3000,0,0,True,True,1.2,None,0,0,0,0,0,0,0,0,0,None,0,0,0,0,0,,False,False,True
PRJ_GatlingGun_Type02_Bullet01,デ・ディヴァルガン　　　　　　（盾付ガトリング・VG）,/Game/Projectile/wp00017/BP_PrjGatlingGunType02Bullet01.uasset,29,0,EnemyAll,Through,Enemy,Enemy,Enemy,Enemy,Enemy,75000,75000,0,-1,0,-1,-1,0,0,0,True,True,True,True,True,1,1,1,1,1,1,0,2,0,50000,0,1,0,0,0,Die,Die,Die,Die,Die,False,False,0,0,1,0,True,False,45,500,45,500,40,40,0,40,40,0,0,2500,0,0,True,True,1.2,None,0,0,0,0,0,-0.5,0.5,-0.5,0.5,None,0,0,0,0,0,,False,False,True
PRJ_GatlingGun_Type02_Bullet02,デ・ディヴァルガン　　のけぞりなし,/Game/Projectile/wp00017/BP_PrjGatlingGunType02Bullet02.uasset,30,0,EnemyAll,Through,Enemy,Enemy,Enemy,Enemy,Enemy,75000,75000,0,-1,0,-1,-1,0,0,0,True,True,True,True,True,1,1,1,1,1,1,0,2,0,50000,0,1,0,0,0,Die,Die,Die,Die,Die,False,False,0,0,1,0,True,False,45,500,45,500,40,40,0,40,40,0,0,2500,0,0,True,True,1.2,None,0,0,0,0,0,-0.5,0.5,-0.5,0.5,None,0,0,0,0,0,,False,False,True
PRJ_GatlingGun_Type02_Barrier01,デ・ディヴァルガン (盾),/Game/Projectile/wp00017/BP_PrjGatlingGunType02Barrier01.uasset,0,0,None,Through,Through,Through,Through,Through,Enemy,0,0,0,-1,0,-1,-1,0,0,0,False,False,False,False,False,1,1,1,1,1,1,0,0,0,0,0,1,0,0,0,Ignore,Ignore,Ignore,Die,Stop,True,False,0,0,1,0,False,False,0,0,0,0,0,0,0,0,0,0,0,0,0,0,False,False,1.2,None,0,0,0,0,0,0,0,0,0,DirectivityImmortalAllMighty,-1,0,0,0,0,,False,False,False
PRJ_HealGun_Bullet01,メディク　　　　　　　　　　　　（ヒールガン・SP左）,/Game/Projectile/wp00018/BP_PrjHealGunBullet01.uasset,31,0,FriendPlayer,Through,Friend,Through,Through,Through,Enemy,50000,50000,0,-1,0,-1,-1,0,0,0,True,True,True,True,True,1,1,1,1,1,2,0.3,10,0,50000,0,1,0,0,0,Die,Die,Die,Die,Die,False,False,0,0,1,0,False,True,180,100000,180,100000,180,180,0,180,180,0,0,0,0,0,True,True,1.2,None,0,0,0,0,0,0,0,0,0,None,0,0,0,0,0,,False,False,True
PRJ_PowerUpGun_Bullet01,フォルツァ-Ａ　　　　　　（パワーアップガン・SP左）,/Game/Projectile/wp00019/BP_PrjPowerUpGunBullet01.uasset,32,0,FriendPlayer,Through,Friend,Through,Through,Through,Enemy,40000,40000,0,-1,0.3,-1,-1,0,0,0,True,True,True,True,True,1,1,1,1,0.001,1,0.3,6.5,0,50000,0,1,0,0,0,Die,Die,Die,Die,Die,False,False,0,0,1,0,False,True,180,100000,180,100000,180,180,0,180,180,0,0,2000,0,0,True,True,1.2,None,0,0,0,0,0,0,0,0,0,None,0,0,0,0,0,,False,False,True
PRJ_GatlingGun_Bullet01,機関砲 騎神　　　　　　　　　（ガトリングガン・AS）,/Game/Projectile/wp00020/BP_PrjGatlingGunBullet01.uasset,33,0,EnemyAll,Through,Enemy,Enemy,Enemy,Enemy,Enemy,70000,70000,0,-1,0,-1,-1,0,0,0,True,True,True,True,True,1,1,1,1,1,1,0,2,0,55000,0,1,0,0,0,Die,Die,Die,Die,Die,False,False,0,0,1,0,True,False,20,1000,20,1000,20,20,0,20,20,0,0,1500,0,0,True,True,3,None,0,0,0,0,0,-0.5,0.5,-0.5,0.5,None,0,0,0,0,0,,False,False,True
PRJ_GatlingGun_Bullet02,機関砲 騎神　　　のけぞりなし,/Game/Projectile/wp00020/BP_PrjGatlingGunBullet02.uasset,34,0,EnemyAll,Through,Enemy,Enemy,Enemy,Enemy,Enemy,70000,70000,0,-1,0,-1,-1,0,0,0,True,True,True,True,True,1,1,1,1,1,1,0,2,0,55000,0,1,0,0,0,Die,Die,Die,Die,Die,False,False,0,0,1,0,True,False,20,1000,20,1000,20,20,0,20,20,0,0,1500,0,0,True,True,3,None,0,0,0,0,0,-0.5,0.5,-0.5,0.5,None,0,0,0,0,0,,False,False,True
PRJ_ReverseGun_Bullet01,反射銃(弾),,35,0,EnemyAll,Through,Enemy,Enemy,Enemy,Enemy,Enemy,25000,25000,0,-1,0,-1,-1,0,0,0,False,False,True,True,True,1,1,1,1,1,1,0,60,0,0,0,1,0,0,0,Ignore,Die,Die,Ignore,Die,False,False,0,0,1,0,True,False,0,0,0,0,0,0,0,0,0,0,0,2000,0,0,True,True,1.2,None,0,0,0,0,0,0,0,0,0,None,0,0,0,0,0,,False,False,True
PRJ_ReverseGun_Etc01,反射銃(吸収),,0,0,EnemyAll,Through,Enemy,Enemy,Enemy,Enemy,Enemy,0,0,0,-1,0,-1,-1,0,0,0,False,False,True,True,True,1,1,1,1,1,1,0,60,0,0,0,1,0,0,0,Ignore,Die,Die,Ignore,Die,False,False,0,0,1,0,True,False,0,0,0,0,0,0,0,0,0,0,0,2000,0,0,True,True,1.2,None,0,0,0,0,0,0,0,0,0,None,0,0,0,0,0,,False,False,True
PRJ_LaserRifle_Bullet01,レーザーライフルLv1【対人】,/Game/Projectile/wp00022/BP_PrjLaserRifleBullet01.uasset,36,0,EnemyAll,Through,Enemy,Enemy,Enemy,Enemy,Enemy,100000,100000,0,-1,0,-1,-1,0,0,0,False,False,True,True,True,1,1,1,1,1,1,0,2,0,50000,0,1,34,34,0.06,Ignore,Ignore,Die,Ignore,Extra,False,False,0,0,1,0,False,False,0,0,0,0,30,30,0,20,20,0,0,0,0,0,True,True,1.2,None,0,0,0,0,0,0,0,0,0,None,0,0,0,0,0,,False,False,True
PRJ_HandGun_Type02_Bullet01,拳銃 月牙　　　　　　　　　　　（ハンドガン・VG左）,/Game/Projectile/wp00023/BP_PrjHandGunType02Bullet01.uasset,37,0,EnemyAll,Through,Enemy,Enemy,Enemy,Enemy,Enemy,65000,65000,0,-1,0,-1,-1,0,0,0,True,True,True,True,True,1,1,1,1,1,1.25,0.15,1,0,50000,0,1,0,0,0,Die,Die,Die,Die,Die,False,False,0,0,1,0,True,False,45,500,45,500,45,45,0,45,45,0,0,2000,0,0,True,True,1.2,None,0,0,0,0,0,0,0,0,0,None,0,0,0,0,0,,False,False,True
PRJ_FlameThrower_Bullet01,火炎砲　散華　　　　　　　　　　（火炎放射器・VG）,/Game/Projectile/wp00024/BP_PrjFlameThrowerBullet01.uasset,38,0,EnemyAll,Through,Enemy,Enemy,Enemy,Enemy,Enemy,48000,38000,0,-1,0.5,-1,-1,0,0,0,False,False,True,True,True,1,1,1,1,0.5,4.7,0.3,5,0,18000,0,1,0,0,0,Ignore,Die,Die,Die,StopDie,False,False,0,0,1,0,False,False,0,0,0,0,0,0,0,0,0,0,0,0,0,0,True,True,1.2,None,0,0,0,0,0,-0.8,0.8,-0.2,0.3,None,0,0,0,0,0,,False,False,True
PRJ_IceGun_Bullet01,アイスランガー　　　　　　　　　　　（氷結銃・SP）,/Game/Projectile/wp00025/BP_PrjIceGunBullet01.uasset,39,0,EnemyAll,Through,Enemy,Enemy,Enemy,Enemy,Enemy,50000,30000,0,-1,0.5,-1,-1,0,0,0,True,True,True,True,True,1,1,1,1,1,1,0,1.5,0,50000,0,1,0,0,0,Die,Die,Die,Die,StopDie,False,False,0,0,1,0,True,False,15,5000,30,5000,45,45,0,45,45,0,0,2000,0,0,True,True,2,None,0,0,0,0,0,0,0,0,0,None,0,0,0,0,0,,False,False,True
PRJ_IceGun_Bullet02,アイスランガー (ブロック生成弾),/Game/Projectile/wp00025/BP_PrjIceGunBullet02.uasset,0,0,None,Through,Through,Through,All,Through,Through,15000,15000,0,-1,0,-1,-1,10000,15,0,False,False,True,True,True,1,1,1,1,1,1,0,60,0,7500,5000,1,0,0,0,Die,Die,Die,Ignore,StopDie,False,False,0,0,1,0,False,False,0,0,0,0,0,0,0,0,0,0,0,0,0,0,True,True,0,None,0,0,0,0,0,0,0,0,0,None,0,234,0,234,0,,False,False,True
PRJ_HealLaser_Bullet01,プレストヒール　　　　　　　　（ヒールレーザー・SP）,/Game/Projectile/wp00026/BP_PrjHealLaserBullet01.uasset,41,0,FriendPlayer,Through,Friend,Through,Through,Through,Enemy,20000,20000,0,-1,0,-1,-1,0,0,0,True,True,True,True,True,1,1,1,1,1,1,0,3,0,50000,0,1,0,0,0,Die,Die,Die,Die,Die,False,False,0,0,1,0,False,True,180,100000,180,100000,180,180,0,180,180,0,0,0,0,0,True,True,1.2,None,0,0,0,0,0,0,0,0,0,None,0,0,0,0,0,,False,False,True
PRJ_BeamRifle_Type02_Bullet01,グレイン-VG　　　　　　　　　（ビームライフル・VG）,/Game/Projectile/wp00027/BP_PrjBeamRifleType02Bullet01.uasset,42,0,EnemyAll,Through,Enemy,Enemy,Enemy,Enemy,Enemy,60000,63000,0,-1,0.3,-1,-1,0,0,0,True,True,True,True,True,1,1,1,1,1,1,0,2,0,45000,0,1,0,0,0,Ignore,Die,Die,Die,Die,False,False,0,0,1,0,True,False,45,500,45,500,35,35,0,35,35,0,0,2000,0,0,True,True,1.5,None,0,0,0,0,0,0,0,0,0,None,0,0,0,0,0,,False,False,True
PRJ_RocketLauncher_Type02_Bullet01,単装導弾 堕撃　　　　　（ロケットランチャー・AS左）,/Game/Projectile/wp00028/BP_PrjRocketLauncherType02Bullet01.uasset,43,0,EnemyAll,Through,Enemy,Enemy,Enemy,Enemy,Enemy,1000,20000,0,-1,0.5,-1,-1,0,0,0,True,True,True,True,True,1,1,1,1,0.6,1.5,0.7,5,0,50000,0,1,0,0,0,Die,Die,Die,Die,StopDie,False,False,0,0,1,0,True,False,120,50000,120,50000,97,97,0,97,97,0,0,0,0,0,True,True,1.4,None,0,0,0,0,0,0,0,0,0,None,0,235,235,235,0,,False,True,True
PRJ_BothBeamRifle_Bullet01,O.G メテオライト(１ｓｔ:右)　　（クァッドライフル）,/Game/Projectile/wp00029/BP_PrjBothBeamRifleBullet01.uasset,44,0,EnemyAll,Through,Enemy,Enemy,Enemy,Enemy,Enemy,50000,64000,0,-1,0.4,-1,-1,0,0,0,True,True,True,True,True,1,1,1,1,0.1,2,0.2,2.5,0,80000,0,1,0,0,0,Ignore,Die,Die,Die,Die,False,False,0,0,1,0,True,False,45,500,45,500,5,5,0,5,5,0,0,2000,0,0,True,True,1.5,None,0,0,0,0,0,0,0,0,0,None,0,0,0,0,0,,False,False,True
PRJ_BothBeamRifle_Bullet02,O.G メテオライト(１ｓｔ:左),/Game/Projectile/wp00029/BP_PrjBothBeamRifleBullet02.uasset,45,0,EnemyAll,Through,Enemy,Enemy,Enemy,Enemy,Enemy,50000,64000,0,-1,0.4,-1,-1,0,0,0,True,True,True,True,True,1,1,1,1,0.1,2,0.2,2.5,0,80000,0,1,0,0,0,Ignore,Die,Die,Die,Die,False,False,0,0,1,0,True,False,45,500,45,500,5,5,0,5,5,0,0,2000,0,0,True,True,1.5,None,0,0,0,0,0,0,0,0,0,None,0,0,0,0,0,,False,False,True
PRJ_BothBeamRifle_Bullet03,O.G メテオライト(２ｎｄ:巨大弾),/Game/Projectile/wp00029/BP_PrjBothBeamRifleBullet03.uasset,46,0,EnemyAll,Through,Enemy,Enemy,Enemy,Enemy,Enemy,5000,15000,0.5,-1,0,-1,-1,0,0,0,True,True,True,True,True,1,1,1,1,0.1,7.5,1.5,7,0.3,150000,0,1,6,6,0.05,Ignore,Stop,Ignore,Die,Die,False,False,0,0,1,0,True,False,45,500,45,500,32,32,0,32,32,0,0,2000,0,0,True,True,1.2,None,0,0,0,0,0,0,0,0,0,None,0,0,0,0,0,,False,False,True
PRJ_BothBeamRifle_Bullet05,O.G メテオライト(２ｎｄ:マルチロック弾),/Game/Projectile/wp00029/BP_PrjBothBeamRifleBullet05.uasset,47,0,EnemyAll,Through,Enemy,Enemy,Enemy,Enemy,Enemy,15000,15000,0,-1,0,-1,-1,0,0,0,True,True,True,True,True,1,1,1,1,1,1,0,7,0,100000,0,1,0,0,0,Ignore,Die,Die,Die,StopDie,False,False,0,0,1,0,True,False,120,50000,120,50000,90,120,0.1,90,120,0.1,0,0,0,0,True,True,1.01,None,5000,8000,0.5,1,10000,-10,10,-10,10,None,0,0,0,0,0,,False,True,True
PRJ_PlasmaGun_Bullet01,エスプロジオ　　　　　　　　　　（プラズマガン・AS）,/Game/Projectile/wp00030/BP_PrjPlasmaGunBullet01.uasset,48,0,EnemyAll,Through,Enemy,Enemy,Enemy,Enemy,Enemy,35000,45000,0,-1,0,-1,-1,0,0,0,True,True,True,True,True,1,1,1,1,0.1,1.5,1,5,0,35000,0,1,0,0,0,Die,Die,Die,Die,StopDie,False,False,0,0,1,0,True,False,100,500,100,500,45,45,0,45,45,0,0,0,0,0,True,True,1.2,None,0,0,0,0,0,0,0,0,0,None,0,236,236,236,0,,False,False,True
PRJ_BothHandsRocketLauncher_Bullet01,単装導弾 双撃 (右)　　　　　　（両手ロケラン・AS）,/Game/Projectile/wp00031/BP_PrjBothHandsRocketLauncherBullet01.uasset,49,0,EnemyAll,Through,Enemy,Enemy,Enemy,Enemy,Enemy,1000,30000,0,0.2,0.5,-1,-1,0,0,0,True,True,True,True,True,1,1,1,1,1,3,0.4,5,0,25000,0,1,0,0,0,Die,Die,Die,Die,StopDie,False,False,0,0,1,0,True,False,100,50000,100,50000,20,35,0.5,20,35,0.5,0,0,0,0,True,True,2,Right,0,0,0,0,0,0,0,0,0,None,0,237,237,237,0,,False,True,True
PRJ_BothHandsRocketLauncher_Bullet02,単装導弾 双撃 (左),/Game/Projectile/wp00031/BP_PrjBothHandsRocketLauncherBullet02.uasset,50,0,EnemyAll,Through,Enemy,Enemy,Enemy,Enemy,Enemy,1000,30000,0,0.2,0.5,-1,-1,0,0,0,True,True,True,True,True,1,1,1,1,1,3,0.4,5,0,25000,0,1,0,0,0,Die,Die,Die,Die,StopDie,False,False,0,0,1,0,True,False,100,50000,100,50000,20,35,0.5,20,35,0.5,0,0,0,0,True,True,2,Left,0,0,0,0,0,0,0,0,0,None,0,238,238,238,0,,False,True,True
PRJ_GatlingGunAndRocketLauncher_Bullet01,デモリッシュ(ロケラン)　　　（ガトリングランチャー）,/Game/Projectile/wp00032/BP_PrjGatlingGunAndRocketLauncherBullet01.uasset,51,0,EnemyAll,Through,Enemy,Enemy,Enemy,Enemy,Enemy,5000,15000,0,-1,0,-1,-1,0,0,0,True,True,True,True,True,1,1,1,1,0.1,1,1,5,0,50000,0,1,0,0,0,Die,Die,Die,Die,StopDie,False,False,0,0,1,0,True,False,100,10000,100,10000,45,90,0.5,45,90,0.5,0.3,0,0,0,True,True,1.2,None,0,0,0,0,0,0,0,0,0,None,0,239,239,239,0,,False,False,True
PRJ_GatlingGunAndRocketLauncher_Bullet02,デモリッシュ(ガトリング),/Game/Projectile/wp00032/BP_PrjGatlingGunAndRocketLauncherBullet02.uasset,52,0,EnemyAll,Through,Enemy,Enemy,Enemy,Enemy,Enemy,75000,75000,0,-1,1,-1,-1,0,0,0,True,True,True,True,True,1,1,1,1,1,1,0,2,0,50000,0,1,0,0,0,Die,Die,Die,Die,Die,False,False,0,0,1,0,True,False,45,500,45,500,30,30,0,30,30,0,0,2500,0,0,True,True,1.2,None,0,0,0,0,0,0,0,0,0,None,0,0,0,0,0,,False,False,True
PRJ_GatlingGunAndRocketLauncher_Bullet03,デモリッシュ(ガトリング)　のけぞりなし,/Game/Projectile/wp00032/BP_PrjGatlingGunAndRocketLauncherBullet03.uasset,53,0,EnemyAll,Through,Enemy,Enemy,Enemy,Enemy,Enemy,75000,75000,0,-1,1,-1,-1,0,0,0,True,True,True,True,True,1,1,1,1,1,1,0,2,0,50000,0,1,0,0,0,Die,Die,Die,Die,Die,False,False,0,0,1,0,True,False,45,500,45,500,30,30,0,30,30,0,0,2500,0,0,True,True,1.2,None,0,0,0,0,0,0,0,0,0,None,0,0,0,0,0,,False,False,True
PRJ_Cannon_Bullet01,爆撃砲 龍星　(直進)　　　　　　　　　（迫撃砲・AS）,/Game/Projectile/wp00033/BP_PrjCannonBullet01.uasset,54,0,EnemyAll,Through,Enemy,Enemy,Enemy,Enemy,Enemy,35000,35000,0,-1,0.5,-1,-1,0,0,0,True,True,True,True,True,1,1,1,1,1,1,0,5,0,25000,0,1,0,0,0,Die,Die,Die,Die,StopDie,False,False,0,0,1,0,True,False,45,5000,45,1000,30,30,0,30,30,0,0,2000,0,0,True,True,1.5,None,0,0,0,0,0,0,0,0,0,None,0,240,240,240,0,,False,False,True
PRJ_Cannon_Bullet02,爆撃砲 龍星　(曲射),/Game/Projectile/wp00033/BP_PrjCannonBullet02.uasset,55,0,EnemyAll,Through,Enemy,Enemy,Enemy,Enemy,Enemy,50000,50000,0,-1,0,-1,-1,80000,21,0,False,False,True,True,True,1,1,1,1,1,1,0,90,0,18000,42000,1,0,0,0,Die,Die,Die,Die,StopDie,False,False,0,0,1,0,False,False,0,0,0,0,0,0,0,0,0,0,0,0,0,0,True,True,0,None,0,0,0,0,0,0,0,0,0,None,0,241,241,241,0,,False,False,True
PRJ_TwinBastardRifle_Bullet01,プロトンブラスター　　　　　　　（爆風レーザー・AS）,/Game/Projectile/wp00034/BP_PrjTwinBastardRifleBullet01.uasset,56,0,EnemyAll,Through,Enemy,Enemy,Enemy,Enemy,Enemy,100000,100000,0,-1,0,-1,-1,0,0,0,False,False,True,True,True,1,1,1,1,1,1,0,1.5,0,50000,0,1,0,0,0,Ignore,Ignore,Ignore,Ignore,Extra,False,False,0,0,1,0,False,False,0,0,0,0,0,0,0,0,0,0,0,0,0,0,True,True,0,None,0,0,0,0,0,0,0,0,0,None,0,0,0,242,243,,False,False,True
PRJ_BeamMachineGun_Type02_Bullet01,ミトラーム　　　　　　　　　（ビームマシンガン・AS）,/Game/Projectile/wp00035/BP_PrjBeamMachineGunType02Bullet01.uasset,57,0,EnemyAll,Through,Enemy,Enemy,Enemy,Enemy,Enemy,52000,55000,0.3,-1,0.3,-1,-1,0,0,0,True,True,True,True,True,1,1,1,1,1,1,0,3,0,50000,0,1,0,0,0,Ignore,Die,Die,Die,Die,False,False,0,0,1,0,True,False,45,500,45,500,45,45,0,45,45,0,0,0,0,0,True,True,1.2,None,0,0,0,0,0,0,0,0,0,None,0,0,0,0,0,,False,False,True
PRJ_SatelliteMortar_Manager01,エステジオン・ボム (マネージャー)　（衛星爆撃砲）,/Game/Projectile/wp00038/BP_PrjSatelliteMortarManager01.uasset,0,0,None,Through,Through,Through,Through,Through,Enemy,0,0,0,-1,0,-1,-1,0,0,0,False,False,False,False,False,1,1,1,1,1,1,0,100,0,0,0,1,0,0,0,Ignore,Ignore,Ignore,Ignore,Stop,False,False,0,0,1,0,False,False,0,0,0,0,0,0,0,0,0,0,0,0,0,0,True,True,0,None,0,0,0,0,0,0,0,0,0,None,0,0,0,0,244,,False,False,True
PRJ_HarpoonGun_Bullet01,ハープーン・エギユ　　　　　　（ハープーンガン・SP),/Game/Projectile/wp00040/BP_PrjHarpoonGunBullet01.uasset,58,0,EnemyAll,Through,Enemy,Enemy,Enemy,Enemy,Enemy,40000,40000,0,-1,0,-1,-1,0,0,0,True,True,True,True,True,1,1,1,1,1,1,0,3,0,50000,0,1,0,0,0,Die,Stop,Stop,Die,Die,False,False,0,0,1,0,True,False,30,15000,30,15000,45,45,0,45,45,0,0,2000,0,0,True,True,1.5,None,0,0,0,0,0,0,0,0,0,None,0,0,0,0,247,/Game/Effect/ACR_Effect/Weapon/wp00040/PT_ef_wp00040_pierce_loop_01.uasset,False,False,True
PRJ_SnakeGun_Bullet01,左右迂回ビーム,/Game/Projectile/wp00041/BP_PrjSnakeGunBullet01.uasset,59,0,EnemyAll,Through,Enemy,Enemy,Enemy,Enemy,Enemy,25000,0,30000,0.3,0,1,0,0,0,45,True,True,True,True,True,1,1,1,1,1,1,0,30,0,50000,0,1,0,0,0,Ignore,Die,Die,Ignore,Die,False,False,0,0,1,0,True,False,90,10000,90,50000,90,90,0,40,40,0,0.3,2000,0,0,True,True,1.2,None,0,0,0,0,0,0,0,0,0,None,0,0,0,0,0,,False,False,True
PRJ_SniperRifle_Bullet01,ブランキアル　　　　　　　（スナイパーライフル・AS）,/Game/Projectile/wp00042/BP_PrjSniperRifleBullet01.uasset,60,0,EnemyAll,Through,Enemy,Enemy,Enemy,Enemy,Enemy,0,500000,0,-1,0.001,-1,-1,0,0,0,True,True,True,True,True,1,1,1,1,1,1,0,0.5,0,100000,0,1,0,0,0,Ignore,Ignore,Ignore,Ignore,Extra,False,False,0,0,1,0,True,False,0,0,0,0,0,0,0,0,0,0,0,0,0,0,True,True,1.2,None,0,0,0,0,0,0,0,0,0,None,0,0,0,0,0,,False,False,True
PRJ_BeamMagnum_Type02_Bullet01,ビームマグナム【対モブ】,/Game/Projectile/wp00043/BP_PrjBeamMagnumType02Bullet01.uasset,61,0,EnemyAll,Through,Enemy,Enemy,Enemy,Enemy,Enemy,60000,60000,0,-1,0,-1,-1,0,0,0,True,True,True,True,True,1,1,1,1,2,2,0,2,0,50000,0,1,0,0,0,Ignore,Die,Die,Ignore,Die,False,False,0,0,1,0,True,False,45,5000,45,5000,10,10,0,10,10,0,0,2000,0,0,True,True,1.2,None,0,0,0,0,0,0,0,0,0,None,0,0,0,0,0,,False,False,True
PRJ_Laser_Bullet01,ラゼル　　　　　　　　　　　　　　（レーザー・AS）,/Game/Projectile/wp00044/BP_PrjLaserBullet01.uasset,62,0,EnemyAll,Through,Enemy,Enemy,Enemy,Enemy,Enemy,75000,75000,0,-1,0,-1,-1,0,0,0,False,False,True,True,True,1,1,1,1,1,1,0,100,0,50000,0,1,50,70,0.06,Ignore,Ignore,Ignore,Ignore,Extra,False,False,0,0,1,0,False,False,0,0,0,0,0,0,0,0,0,0,0,0,0,0,True,True,1.2,None,0,0,0,0,0,0,0,0,0,None,0,0,0,0,0,,False,False,True
PRJ_SatelliteLaser_Manager01,エステジオン・レイ (ﾏﾈｰｼﾞｬｰ)　　　（衛星レーザー）,/Game/Projectile/wp00045/BP_PrjSatelliteLaserManager01.uasset,0,0,None,Through,Through,Through,Through,Through,Enemy,0,0,0,-1,0,-1,-1,0,0,0,False,False,False,False,False,1,1,1,1,1,1,0,100,0,0,0,1,0,0,0,Ignore,Ignore,Ignore,Ignore,Stop,False,False,0,0,1,0,False,False,0,0,0,0,0,0,0,0,0,0,0,0,0,0,True,True,1.2,None,0,0,0,0,0,0,0,0,0,None,0,0,0,0,248,,False,False,True
PRJ_TacticalNuclear_Bullet01,爆撃砲 加具土 (爆発)　　　　　　　　　　（核・AS）,/Game/Projectile/wp00046/BP_PrjTacticalNuclearBullet01.uasset,63,0,EnemyAll,Through,Enemy,Enemy,Enemy,Enemy,Enemy,1000,25000,25000,0.2,0.25,0.5,0.5,0,0,0,False,False,True,True,True,1,1,1,1,1,3,0.4,6,0,100000,0,1,0,0,0,Die,Die,Die,Die,StopDie,False,False,0,0,1,0,True,False,0,0,0,0,0,0,0,0,0,0,0,0,0,0,True,True,0,None,0,0,0,0,0,0,0,0,0,None,0,250,250,250,0,,False,False,True
PRJ_SatelliteCannon_Bullet01,O.G グングニル　　　　　　　　（特大レーザー・AS）,/Game/Projectile/wp00047/BP_PrjSatelliteCannonBullet01.uasset,64,0,EnemyAll,Through,All,Enemy,Enemy,Enemy,Enemy,150000,150000,0,-1,1,-1,-1,0,0,0,False,False,True,True,True,1,1,1,1,1,1,1,100,0,250000,0,1,50,35,0.06,Ignore,Ignore,Ignore,Ignore,Extra,False,False,0,0,1,0,False,False,0,0,0,0,0,0,0,0,0,0,0,0,0,0,True,True,1.1,None,0,0,0,0,0,0,0,0,0,None,0,0,0,0,0,,False,False,True
PRJ_BoundBubble_Bullet01,跳射爆弾 泡沫・右　　　　　（反射シャボン玉弾・SP）,/Game/Projectile/wp00048/BP_PrjBoundBubbleBullet01.uasset,65,0,EnemyAll,Through,Enemy,Enemy,Enemy,Enemy,Enemy,10000,3000,0,0.1,1,-1,-1,0,0,0,True,True,True,True,True,1,1,1,1,0.01,1,0.5,5,0,100000,0,1,0,0,0,Die,Refract,Die,Die,StopDie,False,False,0,0,1,0,True,False,0,0,0,0,0,0,0,0,0,0,0,0,0,0,True,True,1.01,None,0,0,0,0,0,0,0,0,0,None,0,251,251,0,0,,False,False,True
PRJ_BoundBubble_Bullet02,跳射爆弾 泡沫・左,/Game/Projectile/wp00048/BP_PrjBoundBubbleBullet02.uasset,66,0,EnemyAll,Through,Enemy,Enemy,Enemy,Enemy,Enemy,10000,1500,0,0.1,1,-1,-1,0,0,0,True,True,True,True,True,1,1,1,1,0.01,1,0.5,5,0,100000,0,1,0,0,0,Die,Refract,Die,Die,StopDie,False,False,0,0,1,0,True,False,0,0,0,0,0,0,0,0,0,0,0,0,0,0,True,True,1.01,None,0,0,0,0,0,0,0,0,0,None,0,251,251,0,0,,False,False,True
PRJ_PowerUpGunType02_Bullet01,フォルツァ-Ｂ　　　　　　（ブーストアシスト・SP左）,/Game/Projectile/wp00049/BP_PrjPowerUpGunType02Bullet01.uasset,67,0,FriendPlayer,Through,Friend,Through,Through,Through,Enemy,60000,60000,0,-1,0.1,-1,-1,0,0,0,True,True,True,True,True,1,1,1,1,0.1,1,0.12,60,0,50000,0,1,0,0,0,Die,Die,Die,Die,Die,False,False,0,0,1,0,False,True,180,100000,180,100000,180,180,0,180,180,0,0,2000,0,0,True,True,1.2,None,0,0,0,0,0,0,0,0,0,None,0,0,0,0,0,,False,False,True
PRJ_MobHijackJammer_Bullet01,モブ寝返りジャマー(投擲弾),/Game/Projectile/wp00050/BP_PrjMobHijackJammerBullet01.uasset,0,0,EnemyAll,Through,Enemy,Enemy,Enemy,Enemy,Enemy,20000,20000,0,-1,0,-1,-1,5000,15,0,False,True,True,True,True,1,1,1,1,1,1,0,60,0,5000,10000,1,0,0,0,Ignore,Die,Die,Ignore,StopDie,False,False,0,0,1,0,False,False,0,0,0,0,0,0,0,0,0,0,0,0,0,0,True,True,1.2,None,0,0,0,0,0,0,0,0,0,None,0,252,252,252,0,,False,False,True
PRJ_RestraintWideShot_Bullet01,斬縛弾 月読　　　　　　　（攻撃できないワイド・SP）,/Game/Projectile/wp00052/BP_PrjRestraintWideShotBullet01.uasset,69,0,EnemyAll,Through,Enemy,Enemy,Enemy,Enemy,Enemy,10000,18000,0,0.5,0,-1,-1,0,0,0,True,True,True,True,True,1,1,1,1,0.1,2,1,2,0,30000,0,1,0,0,0,Ignore,Die,Die,Die,Die,False,False,0,0,1,0,True,False,90,500,90,500,50,50,0,30,30,0,0,2000,0,0,True,True,1.4,None,0,0,0,0,0,0,0,0,0,None,0,0,0,0,0,,False,False,True
PRJ_BeamHandGun_Bullet01,マーノムガン　　　　　　　（ビームハンドガン・SP左）,/Game/Projectile/wp00053/BP_PrjBeamHandGunBullet01.uasset,70,0,EnemyAll,Through,Enemy,Enemy,Enemy,Enemy,Enemy,55000,58000,0,-1,0.3,-1,-1,0,0,0,True,True,True,True,True,1,1,1,1,1,1,0,1.5,0,50000,0,1,0,0,0,Ignore,Die,Die,Die,Die,False,False,0,0,1,0,True,False,60,500,60,500,45,45,0,45,45,0,0,2000,0,0,True,True,1.5,None,0,0,0,0,0,0,0,0,0,None,0,0,0,0,0,,False,False,True
PRJ_LaserRifleType02_Bullet01,レーザーライフルLv1【対モブ】,/Game/Projectile/wp00056/BP_PrjLaserRifleType02Bullet01.uasset,71,0,EnemyAll,Through,Enemy,Enemy,Enemy,Enemy,Enemy,100000,100000,0,-1,0,-1,-1,0,0,0,False,False,True,True,True,1,1,1,1,1,1,0,2,0,50000,0,1,34,34,0.06,Ignore,Ignore,Die,Ignore,Extra,False,False,0,0,1,0,False,False,0,0,0,0,0,0,0,0,0,0,0,0,0,0,True,True,1.2,None,0,0,0,0,0,0,0,0,0,None,0,0,0,0,0,,False,False,True
PRJ_ChargeSpreadLaser_Bullet01,ブルームブラスター　　　　（スプレッドレーザー・AS）,/Game/Projectile/wp00057/BP_PrjChargeSpreadLaserBullet01.uasset,72,0,EnemyAll,Through,Enemy,Enemy,Enemy,Enemy,Enemy,100000,100000,0,-1,0,-1,-1,0,0,0,False,False,True,True,True,1,1,1,1,1,1,0,2,0,30000,0,1,50,70,0.2,Ignore,Ignore,Ignore,Ignore,Extra,False,False,0,0,1,0,False,False,0,0,0,0,0,0,0,0,0,0,0,0,0,0,True,True,1.1,None,0,0,0,0,0,0,0,0,0,None,0,0,0,0,0,,False,False,True
PRJ_ChargeSpreadLaser_Bullet02,ブルームブラスター　　　　（スプレッドレーザー・AS）,/Game/Projectile/wp00057/BP_PrjChargeSpreadLaserBullet02.uasset,73,0,EnemyAll,Through,Enemy,Enemy,Enemy,Enemy,Enemy,100000,100000,0,-1,0,-1,-1,0,0,0,False,False,True,True,True,1,1,1,1,1,1,0,2,0,30000,0,1,50,70,0.2,Ignore,Ignore,Ignore,Ignore,Extra,False,False,0,0,1,0,False,False,0,0,0,0,0,0,0,0,0,0,0,0,0,0,True,True,1.1,None,0,0,0,0,0,0,0,0,0,None,0,0,0,0,0,,False,False,True
PRJ_BeamSaber_Grap01,刃刀刃 (1段目)　　　　　　　　　　　　　（剣・VG）,/Game/Projectile/wp00058/BP_PrjBeamSaberGrap01.uasset,74,1,EnemyAll,Through,Enemy,Enemy,Enemy,Enemy,Through,0,0,0,-1,0,-1,-1,0,0,0,False,False,True,True,True,1,1,1,1,1,1,0,0.5,0,0,0,1,0,0,0,Ignore,Ignore,Ignore,Ignore,Die,True,False,0,0,1,0,True,False,0,0,0,0,0,0,0,0,0,0,0,0,0,0,False,False,0,None,0,0,0,0,0,0,0,0,0,None,0,0,0,0,79,,False,False,True
PRJ_BeamSaber_Grap02,刃刀刃 (2段目),/Game/Projectile/wp00058/BP_PrjBeamSaberGrap02.uasset,75,2,EnemyAll,Through,Enemy,Enemy,Enemy,Enemy,Through,0,0,0,-1,0,-1,-1,0,0,0,False,False,True,True,True,1,1,1,1,1,1,0,0.5,0,0,0,1,0,0,0,Ignore,Ignore,Ignore,Ignore,Die,True,False,0,0,1,0,True,False,0,0,0,0,0,0,0,0,0,0,0,0,0,0,False,False,0,None,0,0,0,0,0,0,0,0,0,None,0,0,0,0,80,,False,False,True
PRJ_BeamSaber_Grap03,刃刀刃 (3段目),/Game/Projectile/wp00058/BP_PrjBeamSaberGrap03.uasset,76,3,EnemyAll,Through,Enemy,Enemy,Enemy,Enemy,Through,0,0,0,-1,0,-1,-1,0,0,0,False,False,True,True,True,1,1,1,1,1,1,0,0.5,0,0,0,1,0,0,0,Ignore,Ignore,Ignore,Ignore,Die,True,False,0,0,1,0,True,False,0,0,0,0,0,0,0,0,0,0,0,0,0,0,False,False,0,None,0,0,0,0,0,0,0,0,0,None,0,0,0,0,0,,False,False,True
PRJ_Boomerang_Bullet01,ブーメラング　　　　　　　　　　（ブーメラン・VG左）,/Game/Projectile/wp00060/BP_PrjBoomerangBullet01.uasset,77,0,EnemyAll,Through,Enemy,Enemy,Enemy,Enemy,Enemy,2500,29000,29000,-1,0.4,1,0.3,0,0,0,True,True,True,True,True,1,1,1,1,0.1,2.5,0.2,20,0,18000,0,1,10,8,0.1,Ignore,Ignore,Ignore,Ignore,Extra,False,False,0,0,1,0,True,False,45,500,45,500,45,45,0,15,15,0,0,0,0,0,False,False,1.2,None,0,0,0,0,0,0,0,0,0,None,0,0,0,0,0,,False,False,True
PRJ_RocketPunch_Bullet01,飛翔拳　単冥　　　　　　　　　（ロケットパンチ・VG）,/Game/Projectile/wp00061/BP_PrjRocketPunchBullet01.uasset,79,0,EnemyAll,Through,Enemy,Enemy,Enemy,Enemy,Enemy,5000,20000,0,0.2,0,-1,-1,0,0,0,True,True,True,True,True,1,1,1,1,0.5,0.5,1,4,0,50000,0,1,0,0,0,Die,Die,Die,Die,Die,False,False,0,0,1,0,True,False,90,500,90,500,90,90,0,90,90,0,0,0,0,2.5,True,True,1.2,None,0,0,0,0,0,0,0,0,0,None,200,0,0,0,0,,False,True,True
PRJ_Anchor_Bullet01,アンカー(弾),/Game/Projectile/wp00062/BP_PrjAnchorBullet01.uasset,80,6,EnemyAll,Through,Enemy,Enemy,Enemy,Enemy,Enemy,18000,18000,0,-1,0.2,-1,-1,0,0,0,True,True,True,True,True,1,1,1,1,1,1,0,3,0,25000,0,1,0,0,0,Ignore,Die,Die,Ignore,Die,True,False,0,0,1,0,True,False,45,500,45,500,0,2,0.15,0,2,0.15,0,2000,0,0,True,True,1.2,None,0,0,0,0,0,0,0,0,0,None,0,0,0,0,84,,False,False,True
PRJ_Anchor_Grap01,アンカー(格闘),/Game/Projectile/wp00062/BP_PrjAnchorGrap01.uasset,81,6,EnemyAll,Through,Enemy,Enemy,Enemy,Enemy,Enemy,0,0,0,-1,0,-1,-1,0,0,0,False,False,True,True,True,1,1,1,1,1,1,0,0,0,0,0,1,0,0,0,Ignore,Ignore,Die,Ignore,Die,True,False,0,0,1,0,True,False,0,0,0,0,0,0,0,0,0,0,0,0,0,0,False,False,1.2,None,0,0,0,0,0,0,0,0,0,None,0,0,0,0,0,,False,False,False
PRJ_BeamSickle_Bullet01,ファイアサイス (格闘)　　　　　　（ライフル鎌・AS）,/Game/Projectile/wp00063/BP_PrjBeamSickleBullet01.uasset,83,0,EnemyAll,Through,Enemy,Enemy,Enemy,Enemy,Enemy,45000,48000,0,-1,0,-1,-1,0,0,0,True,True,True,True,True,1,1,1,1,1,1,0,2,0,50000,0,1,0,0,0,Ignore,Die,Die,Die,Die,False,False,0,0,1,0,True,False,45,500,45,500,40,40,0,40,40,0,0,2000,0,0,True,True,1.3,None,0,0,0,0,0,0,0,0,0,None,0,0,0,0,0,,False,False,True
PRJ_BeamSickle_Grap01,ファイアサイス (弾) ,/Game/Projectile/wp00063/BP_PrjBeamSickleGrap01.uasset,82,9,EnemyAll,Through,Enemy,Enemy,Enemy,Enemy,Through,0,0,0,-1,0,-1,-1,0,0,0,False,False,True,True,True,1,1,1,1,1,1,0,0.5,0,0,0,1,0,0,0,Ignore,Ignore,Ignore,Ignore,Die,True,False,0,0,1,0,True,False,0,0,0,0,0,0,0,0,0,0,0,0,0,0,False,False,0,None,0,0,0,0,0,0,0,0,0,None,0,0,0,0,0,,False,False,True
PRJ_Lance_Grap01,デトネイトランス（掴み）　　　　　　　　（槍・SP）,/Game/Projectile/wp00064/BP_PrjLanceGrap01.uasset,84,12,EnemyAll,Through,Enemy,Enemy,Enemy,Enemy,Through,0,0,0,-1,0,-1,-1,0,0,0,False,False,True,True,True,1,1,1,1,1,1,0,0.5,0,0,0,1,0,0,0,Ignore,Ignore,Ignore,Ignore,Die,True,False,0,0,1,0,True,False,0,0,0,0,0,0,0,0,0,0,0,0,0,0,False,False,0,None,0,0,0,0,0,0,0,0,0,None,0,0,0,0,88,,False,False,True
PRJ_Lance_Grap02,デトネイトランス（追撃）　20HIT,/Game/Projectile/wp00064/BP_PrjLanceGrap02.uasset,85,12,EnemyAll,Through,Enemy,Enemy,Enemy,Enemy,Through,0,0,0,-1,0,-1,-1,0,0,0,False,False,True,True,True,1,1,1,1,1,1,0,1,0,0,0,1,18,20,0.1,Ignore,Ignore,Ignore,Ignore,Die,True,False,0,0,1,0,True,False,0,0,0,0,0,0,0,0,0,0,0,0,0,0,False,False,0,None,0,0,0,0,0,0,0,0,0,None,0,0,0,0,89,,False,False,False
PRJ_Lance_Grap03,デトネイトランス（投げ飛ばし）,/Game/Projectile/wp00064/BP_PrjLanceGrap03.uasset,86,12,EnemyAll,Through,Enemy,Enemy,Enemy,Enemy,Through,0,0,0,-1,0,-1,-1,0,0,0,False,False,True,True,True,1,1,1,1,1,1,0,1,0,0,0,1,0,0,0,Ignore,Ignore,Ignore,Ignore,Die,True,False,0,0,1,0,True,False,0,0,0,0,0,0,0,0,0,0,0,0,0,0,False,False,0,None,0,0,0,0,0,0,0,0,0,None,0,0,0,0,0,,False,False,False
PRJ_DoubleRocketPunch_Bullet01,飛翔拳　双天　（右）　　　（両手ロケットパンチ・VG）,/Game/Projectile/wp00065/BP_PrjDoubleRocketPunchBullet01.uasset,87,0,EnemyAll,Through,Enemy,Enemy,Enemy,Enemy,Enemy,5000,26000,0,0.2,0.2,-1,-1,0,0,0,True,True,True,True,True,1,1,1,1,0.3,1.2,0.4,3,0,21000,0,1,0,0,0,Die,Die,Die,Die,Die,False,False,0,0,1,0,True,False,100,500,100,500,30,30,0,30,30,0,0,0,0,2.5,True,True,4,Right,0,0,0,0,0,0,0,0,0,None,200,0,0,0,0,,False,True,True
PRJ_DoubleRocketPunch_Bullet02,飛翔拳　双天　（左）,/Game/Projectile/wp00065/BP_PrjDoubleRocketPunchBullet02.uasset,88,0,EnemyAll,Through,Enemy,Enemy,Enemy,Enemy,Enemy,5000,26000,0,0.2,0.2,-1,-1,0,0,0,True,True,True,True,True,1,1,1,1,0.3,1.2,0.4,3,0,21000,0,1,0,0,0,Die,Die,Die,Die,Die,False,False,0,0,1,0,True,False,100,500,100,500,30,30,0,30,30,0,0,0,0,2.5,True,True,4,Left,0,0,0,0,0,0,0,0,0,None,200,0,0,0,0,,False,True,True
PRJ_Whip_Grap01,鞭,/Game/Projectile/wp00066/BP_PrjWhipGrap01.uasset,89,15,EnemyAll,Through,Enemy,Enemy,Enemy,Enemy,Enemy,0,0,0,-1,0,-1,-1,0,0,0,False,False,True,True,True,1,1,1,1,1,1,0,0.5,0,0,0,1,0,0,0,Ignore,Ignore,Die,Ignore,Die,True,False,0,0,1,0,True,False,0,0,0,0,0,0,0,0,0,0,0,0,0,0,False,False,1.2,None,0,0,0,0,0,0,0,0,0,None,0,0,0,92,0,,False,False,True
PRJ_TwinSwordGrapR01,ブレードジップ (右格闘１段目)　　　　　（双剣・VG）,/Game/Projectile/wp00067/BP_PrjTwinSwordGrapR01.uasset,90,18,EnemyAll,Through,Enemy,Enemy,Enemy,Enemy,Through,0,0,0,-1,0,-1,-1,0,0,0,False,False,True,True,True,1,1,1,1,1,1,0,0.5,0,0,0,1,0,0,0,Ignore,Ignore,Ignore,Ignore,Die,True,False,0,0,1,0,True,False,0,0,0,0,0,0,0,0,0,0,0,0,0,0,False,False,0,None,0,0,0,0,0,0,0,0,0,None,0,0,0,0,94,,False,False,True
PRJ_TwinSwordGrapR02,ブレードジップ (右格闘２段目),/Game/Projectile/wp00067/BP_PrjTwinSwordGrapR02.uasset,91,19,EnemyAll,Through,Enemy,Enemy,Enemy,Enemy,Through,0,0,0,-1,0,-1,-1,0,0,0,False,False,True,True,True,1,1,1,1,1,1,0,0.5,0,0,0,1,0,0,0,Ignore,Ignore,Ignore,Ignore,Die,True,False,0,0,1,0,True,False,0,0,0,0,0,0,0,0,0,0,0,0,0,0,False,False,0,None,0,0,0,0,0,0,0,0,0,None,0,0,0,0,95,,False,False,True
PRJ_TwinSwordGrapR03,ブレードジップ (右格闘３段目),/Game/Projectile/wp00067/BP_PrjTwinSwordGrapR03.uasset,92,20,EnemyAll,Through,Enemy,Enemy,Enemy,Enemy,Through,0,0,0,-1,0,-1,-1,0,0,0,False,False,True,True,True,1,1,1,1,1,1,0,0.5,0,0,0,1,0,0,0,Ignore,Ignore,Ignore,Ignore,Die,True,False,0,0,1,0,True,False,0,0,0,0,0,0,0,0,0,0,0,0,0,0,False,False,0,None,0,0,0,0,0,0,0,0,0,None,0,0,0,0,96,,False,False,True
PRJ_TwinSwordGrapR04,ブレードジップ (右格闘４段目),/Game/Projectile/wp00067/BP_PrjTwinSwordGrapR04.uasset,93,21,EnemyAll,Through,Enemy,Enemy,Enemy,Enemy,Through,0,0,0,-1,0,-1,-1,0,0,0,False,False,True,True,True,1,1,1,1,1,1,0,0.5,0,0,0,1,0,0,0,Ignore,Ignore,Ignore,Ignore,Die,True,False,0,0,1,0,True,False,0,0,0,0,0,0,0,0,0,0,0,0,0,0,False,False,0,None,0,0,0,0,0,0,0,0,0,None,0,0,0,0,97,,False,False,True
PRJ_TwinSwordGrapR05,ブレードジップ (右格闘５段目),/Game/Projectile/wp00067/BP_PrjTwinSwordGrapR05.uasset,94,22,EnemyAll,Through,Enemy,Enemy,Enemy,Enemy,Through,0,0,0,-1,0,-1,-1,0,0,0,False,False,True,True,True,1,1,1,1,1,1,0,0.5,0,0,0,1,0,0,0,Ignore,Ignore,Ignore,Ignore,Die,True,False,0,0,1,0,True,False,0,0,0,0,0,0,0,0,0,0,0,0,0,0,False,False,0,None,0,0,0,0,0,0,0,0,0,None,0,0,0,0,0,,False,False,True
PRJ_TwinSwordGrapL01,ブレードジップ (左格闘右移動　回転時),/Game/Projectile/wp00067/BP_PrjTwinSwordGrapL01.uasset,95,25,EnemyAll,Through,Enemy,Enemy,Enemy,Enemy,Through,0,0,0,-1,0,-1,-1,0,0,0,False,False,True,True,True,1,1,1,1,1,1,0,10,0,0,0,1,99,99,0.15,Ignore,Ignore,Ignore,Ignore,Die,True,False,0,0,1,0,True,False,0,0,0,0,0,0,0,0,0,0,0,0,0,0,False,False,0,None,0,0,0,0,0,0,0,0,0,None,0,0,0,0,99,,False,False,True
PRJ_TwinSwordGrapL02,ブレードジップ (左格闘右移動　トドメ),/Game/Projectile/wp00067/BP_PrjTwinSwordGrapL02.uasset,96,26,EnemyAll,Through,Enemy,Enemy,Enemy,Enemy,Through,0,0,0,-1,0,-1,-1,0,0,0,False,False,True,True,True,1,1,1,1,1,1,0,0.5,0,0,0,1,0,0,0,Ignore,Ignore,Ignore,Ignore,Die,True,False,0,0,1,0,True,False,0,0,0,0,0,0,0,0,0,0,0,0,0,0,False,False,0,None,0,0,0,0,0,0,0,0,0,None,0,0,0,0,100,,False,False,False
PRJ_TwinSwordGrapL03,ブレードジップ (左格闘左移動　回転時),/Game/Projectile/wp00067/BP_PrjTwinSwordGrapL03.uasset,95,25,EnemyAll,Through,Enemy,Enemy,Enemy,Enemy,Through,0,0,0,-1,0,-1,-1,0,0,0,False,False,True,True,True,1,1,1,1,1,1,0,10,0,0,0,1,99,99,0.15,Ignore,Ignore,Ignore,Ignore,Die,True,False,0,0,1,0,True,False,0,0,0,0,0,0,0,0,0,0,0,0,0,0,False,False,0,None,0,0,0,0,0,0,0,0,0,None,0,0,0,0,101,,False,False,True
PRJ_TwinSwordGrapL04,ブレードジップ (左格闘左移動　トドメ),/Game/Projectile/wp00067/BP_PrjTwinSwordGrapL04.uasset,96,26,EnemyAll,Through,Enemy,Enemy,Enemy,Enemy,Through,0,0,0,-1,0,-1,-1,0,0,0,False,False,True,True,True,1,1,1,1,1,1,0,0.5,0,0,0,1,0,0,0,Ignore,Ignore,Ignore,Ignore,Die,True,False,0,0,1,0,True,False,0,0,0,0,0,0,0,0,0,0,0,0,0,0,False,False,0,None,0,0,0,0,0,0,0,0,0,None,0,0,0,0,0,,False,False,False
PRJ_LargeSword_Grap01,大刃 水薙 (格闘1段目)   3hit　　　　　（大剣・VG),/Game/Projectile/wp00068/BP_PrjLargeSwordGrap01.uasset,97,30,EnemyAll,Through,Enemy,Enemy,Enemy,Enemy,Through,0,0,0,-1,0,-1,-1,0,0,0,False,False,True,True,True,1,1,1,1,1,1,0,1,0,0,0,1,3,3,0.1,Ignore,Ignore,Ignore,Ignore,Die,True,False,0,0,1,0,True,False,0,0,0,0,0,0,0,0,0,0,0,0,0,0,False,False,0,None,0,0,0,0,0,0,0,0,0,None,0,0,0,0,103,,False,False,True
PRJ_LargeSword_Grap02,大刃 水薙 (格闘2段目)   2hit,/Game/Projectile/wp00068/BP_PrjLargeSwordGrap02.uasset,98,31,EnemyAll,Through,Enemy,Enemy,Enemy,Enemy,Through,0,0,0,-1,0,-1,-1,0,0,0,False,False,True,True,True,1,1,1,1,1,1,0,1,0,0,0,1,1,2,0.1,Ignore,Ignore,Ignore,Ignore,Die,True,False,0,0,1,0,True,False,0,0,0,0,0,0,0,0,0,0,0,0,0,0,False,False,0,None,0,0,0,0,0,0,0,0,0,None,0,0,0,0,0,,False,False,True
PRJ_LargeSword_Bullet01,大剣(弾),/Game/Projectile/wp00068/BP_PrjLargeSwordBullet01.uasset,99,0,EnemyAll,Through,Enemy,Enemy,Enemy,Enemy,Enemy,50000,50000,0,-1,0,-1,-1,0,0,0,True,True,True,True,True,1,1,1,1,1,2,1,2,0,50000,0,1,0,0,0,Ignore,Die,Die,Die,Die,False,False,0,0,1,0,True,False,45,500,45,500,0,0,0,0,0,0,0,0,0,0,True,True,1.2,None,0,0,0,0,0,0,0,0,0,None,0,0,0,0,0,,False,False,True
PRJ_Hammer_Grap01,ハンマーキャノン(格闘1段目）,/Game/Projectile/wp00069/BP_PrjHammerGrap02.uasset,101,34,EnemyAll,Through,Enemy,Enemy,Enemy,Enemy,Through,0,0,0,-1,0,-1,-1,0,0,0,False,False,True,True,True,1,1,1,1,1,1,0,0.5,0,0,0,1,0,0,0,Ignore,Ignore,Ignore,Ignore,Die,True,False,0,0,1,0,True,False,0,0,0,0,0,0,0,0,0,0,0,0,0,0,False,False,0,None,0,0,0,0,0,0,0,0,0,None,0,0,0,0,106,,False,False,True
PRJ_Hammer_Grap02,ブラックスミス (格闘）　　　（ハンマーキャノン・VG）,/Game/Projectile/wp00069/BP_PrjHammerGrap02.uasset,101,34,EnemyAll,Through,Enemy,Enemy,Enemy,Enemy,Through,0,0,0,-1,0,-1,-1,0,0,0,False,False,True,True,True,1,1,1,1,1,1,0,0.5,0,0,0,1,0,0,0,Ignore,Ignore,Ignore,Ignore,Die,True,False,0,0,1,0,True,False,0,0,0,0,0,0,0,0,0,0,0,0,0,0,False,False,0,None,0,0,0,0,0,0,0,0,0,None,0,0,0,0,0,,False,False,True
PRJ_Hammer_Bullet01,ブラックスミス (弾),/Game/Projectile/wp00069/BP_PrjHammerBullet01.uasset,102,0,EnemyAll,Through,Enemy,Enemy,Enemy,Enemy,Enemy,35000,35000,0,-1,0,-1,-1,0,0,0,True,True,True,True,True,1,1,1,1,1,1,0,0.78,0,22000,0,1,0,0,0,Die,Die,Die,Die,StopDie,False,False,0,0,1,0,True,False,100,5000,100,5000,20,20,0,20,20,0,0,0,0,0,True,True,1.5,None,0,0,0,0,0,0,0,0,0,None,0,253,253,253,0,,False,False,True
PRJ_LargeBeamSaber_Grap01,O.G ティターン (右横斬り)　　（巨大ビームサーベル）,/Game/Projectile/wp00070/BP_PrjLargeBeamSaberGrap01.uasset,103,36,EnemyAll,Through,Enemy,Enemy,Enemy,Enemy,Through,0,0,0,-1,0,-1,-1,0,0,0,False,False,True,True,True,1,1,1,1,1,1,0,0.5,0,0,0,1,0,0,0,Ignore,Ignore,Ignore,Ignore,Die,True,True,0,0,1,0,True,False,0,0,0,0,0,0,0,0,0,0,0,0,0,0,False,False,0,None,0,0,0,0,0,0,0,0,0,None,0,0,0,0,109,,False,False,True
PRJ_LargeBeamSaber_Grap02,O.G ティターン (右縦斬り),/Game/Projectile/wp00070/BP_PrjLargeBeamSaberGrap02.uasset,104,37,EnemyAll,Through,Enemy,Enemy,Enemy,Enemy,Through,0,0,0,-1,0,-1,-1,0,0,0,False,False,True,True,True,1,1,1,1,1,1,0,0.5,0,0,0,1,0,0,0,Ignore,Ignore,Ignore,Ignore,Die,True,True,0,0,1,0,True,False,0,0,0,0,0,0,0,0,0,0,0,0,0,0,False,False,0,None,0,0,0,0,0,0,0,0,0,None,0,0,0,0,0,,False,False,True
PRJ_LargeBeamSaber_Grap03,O.G ティターン (左縦斬り),/Game/Projectile/wp00070/BP_PrjLargeBeamSaberGrap03.uasset,105,39,EnemyAll,Through,Enemy,Enemy,Enemy,Enemy,Through,0,0,0,-1,0,-1,-1,0,0,0,False,False,True,True,True,1,1,1,1,1,1,0,0.5,0,0,0,1,0,0,0,Ignore,Ignore,Ignore,Ignore,Die,True,True,0,0,1,0,True,False,0,0,0,0,0,0,0,0,0,0,0,0,0,0,False,False,0,None,0,0,0,0,0,0,0,0,0,None,0,0,0,0,111,,False,False,True
PRJ_LargeBeamSaber_Grap04,O.G ティターン (左横斬り),/Game/Projectile/wp00070/BP_PrjLargeBeamSaberGrap04.uasset,106,40,EnemyAll,Through,Enemy,Enemy,Enemy,Enemy,Through,0,0,0,-1,0,-1,-1,0,0,0,False,False,True,True,True,1,1,1,1,1,1,0,0.5,0,0,0,1,0,0,0,Ignore,Ignore,Ignore,Ignore,Die,True,True,0,0,1,0,True,False,0,0,0,0,0,0,0,0,0,0,0,0,0,0,False,False,0,None,0,0,0,0,0,0,0,0,0,None,0,0,0,0,0,,False,False,True
PRJ_SentryGun_Bullet01,ターレットBR (投擲弾)　　　　　（ターレット・SP）,/Game/Projectile/wp00071/BP_PrjSentryGunBullet01.uasset,0,0,None,Through,Through,Through,All,Through,Enemy,15000,15000,0,-1,0,-1,-1,10000,20,0,False,False,True,True,True,1,1,1,1,1,1,0,60,0,7500,15000,1,0,0,0,Die,Die,Die,Die,StopDie,False,False,0,0,1,0,False,False,0,0,0,0,0,0,0,0,0,0,0,0,0,0,True,True,0,None,0,0,0,0,0,0,0,0,0,None,0,254,254,254,0,,False,False,True
PRJ_Grenade_Bullet01,グルナード (投擲弾)　　　　　　　（手榴弾・AS左）,/Game/Projectile/wp00072/BP_PrjGrenadeBullet01.uasset,0,0,EnemyAll,Through,Enemy,Enemy,Enemy,Enemy,Enemy,25000,25000,0,-1,0,-1,-1,16000,15,0,False,False,True,True,True,1,1,1,1,0.2,1.6,0.4,60,0,18000,0,1,0,0,0,Die,Die,Die,Die,StopDie,False,False,0,0,1,0,False,False,0,0,0,0,0,0,0,0,0,0,0,0,0,0,True,True,0,None,0,0,0,0,0,0,0,0,0,None,0,256,256,256,0,,False,False,True
PRJ_3WayGrenade_Bullet01,手榴弾:3Way,/Game/Projectile/wp00073/BP_Prj3WayGrenadeBullet01.uasset,0,0,EnemyAll,Through,Enemy,Enemy,Enemy,Enemy,Enemy,15000,15000,0,-1,0,-1,-1,10000,15,0,False,False,True,True,True,1,1,1,1,1,1,0,60,0,10000,20000,1,0,0,0,Ignore,Die,Die,Ignore,StopDie,False,False,0,0,1,0,False,False,0,0,0,0,0,0,0,0,0,0,0,0,0,0,True,True,1.2,None,0,0,0,0,0,0,0,0,0,None,0,258,258,258,0,,False,False,True
PRJ_HealArea_Bullet01,ソワン・ヒーリア (投擲弾)　　（ヒールエリア・SP左）,/Game/Projectile/wp00074/BP_PrjHealAreaBullet01.uasset,0,0,None,Through,Through,Through,Through,Through,Enemy,15000,15000,0,-1,0,-1,-1,22000,20,0,False,False,True,True,True,1,1,1,1,1,1,0,60,0,7500,15000,1,0,0,0,Die,Die,Die,Die,StopDie,False,False,0,0,1,0,False,False,0,0,0,0,0,0,0,0,0,0,0,0,0,0,True,True,0,None,0,0,0,0,0,0,0,0,0,None,0,259,259,259,0,,False,False,True
PRJ_LineBomb_Bullet01,ボンバルド (投擲弾)　　　　　　（ラインボム・AS左）,/Game/Projectile/wp00076/BP_PrjLineBombBullet01.uasset,0,0,EnemyAll,Through,Enemy,Enemy,Enemy,Enemy,Enemy,20000,20000,0,-1,0,-1,-1,90000,15,0,False,False,True,True,True,1,1,1,1,0.1,1,0.3,60,0,10000000,0,1,0,0,0,Die,Die,Die,Die,StopDie,False,False,0,0,1,0,False,False,0,0,0,0,0,0,0,0,0,0,0,0,0,0,True,True,0,None,0,0,0,0,0,0,0,0,0,None,0,261,261,261,260,,False,False,True
PRJ_ShieldArea_Bullet01,デ・ファーリア (投擲弾)　　（シールドエリア・SP左）,/Game/Projectile/wp00077/BP_PrjShieldAreaBullet01.uasset,0,0,None,Through,Through,Through,Through,Through,Enemy,15000,15000,0,-1,0,-1,-1,10000,20,0,False,False,True,True,True,1,1,1,1,1,1,0,60,0,7500,15000,1,0,0,0,Die,Die,Die,Die,StopDie,False,False,0,0,1,0,False,False,0,0,0,0,0,0,0,0,0,0,0,0,0,0,True,True,0,None,0,0,0,0,0,0,0,0,0,None,0,262,262,262,0,,False,False,True
PRJ_Jammer_Bullet01,ジャメル (投擲弾)　　　　　　　　（ジャマー・SP左）,/Game/Projectile/wp00078/BP_PrjJammerBullet01.uasset,0,0,EnemyAll,Through,Enemy,Enemy,Enemy,Enemy,Enemy,15000,15000,0,-1,0,-1,-1,10000,15,0,False,False,True,True,True,1,1,1,1,1,1,0,60,0,7500,15000,1,0,0,0,Die,Die,Die,Die,StopDie,False,False,0,0,1,0,False,False,0,0,0,0,0,0,0,0,0,0,0,0,0,0,True,True,0,None,0,0,0,0,0,0,0,0,0,None,0,263,263,263,0,,False,False,True
PRJ_FireBomb_Bullet01,バースト・ボム (投擲弾)　　　　　（火炎爆弾・VG左）,/Game/Projectile/wp00080/BP_PrjFireBombBullet01.uasset,0,0,EnemyAll,Through,Enemy,Enemy,Enemy,Enemy,Enemy,15000,15000,0,-1,0,-1,-1,10000,15,0,False,False,True,True,True,1,1,1,1,0.3,1,0.25,60,0,10000,20000,1,0,0,0,Die,Die,Die,Die,StopDie,False,False,0,0,1,0,False,False,0,0,0,0,0,0,0,0,0,0,0,0,0,0,True,True,0,None,0,0,0,0,0,0,0,0,0,None,0,264,264,264,0,,False,False,True
PRJ_GravityField_Bullet01,グラビティフィールド(投擲弾),/Game/Projectile/wp00081/BP_PrjGravityFieldBullet01.uasset,0,0,None,Through,Through,Through,Through,Through,Enemy,15000,15000,0,-1,0,-1,-1,10000,15,0,False,False,True,True,True,1,1,1,1,1,1,0,60,0,7500,15000,1,0,0,0,Ignore,Die,Die,Ignore,Die,False,False,0,0,1,0,False,False,0,0,0,0,0,0,0,0,0,0,0,0,0,0,True,True,1.2,None,0,0,0,0,0,0,0,0,0,None,0,0,0,265,0,,False,False,True
PRJ_Decoy_Bullet01,ドール (投擲弾)　　　　　　　　　　　（デコイ・SP）,/Game/Projectile/wp00082/BP_PrjDecoyBullet01.uasset,0,0,None,Through,Through,Through,Through,Through,Enemy,15000,15000,0,-1,0,-1,-1,10000,20,0,False,False,True,True,True,1,1,1,1,1,1,0,60,0,5000,7500,1,0,0,0,Die,Die,Die,Die,StopDie,False,False,0,0,1,0,False,False,0,0,0,0,0,0,0,0,0,0,0,0,0,0,True,True,0,None,0,0,0,0,0,0,0,0,0,None,0,266,266,266,0,,False,False,True
PRJ_Mine_Bullet01,【設置型】機雷,/Game/Projectile/wp00083/BP_PrjMineBullet01.uasset,0,0,EnemyAll,Through,Enemy,Enemy,Enemy,Enemy,Enemy,15000,15000,0,-1,0,-1,-1,10000,15,0,False,False,True,True,True,1,1,1,1,1,1,0,60,0,2500,5000,1,0,0,0,Ignore,Die,Die,Ignore,StopDie,False,False,0,0,1,0,False,False,0,0,0,0,0,0,0,0,0,0,0,0,0,0,True,True,1.2,None,0,0,0,0,0,0,0,0,0,None,0,267,267,0,0,,False,False,True
PRJ_SelfTeleport_Character01,テレ・ヴ二ール　　　　　　（セルフテレポーター・SP）,/Game/Projectile/wp00084/BP_PrjSelfTeleportCharacter01.uasset,0,0,None,Through,Through,Through,Through,Through,Enemy,0,0,0,-1,0,-1,-1,0,0,0,False,False,True,True,True,1,1,1,1,0.25,0.25,0,420,0,0,0,1,0,0,0,Ignore,Stop,Stop,Die,Stop,True,False,0,0,1,0,False,False,0,0,0,0,0,0,0,0,0,0,0,0,0,0,True,True,0,None,0,0,0,0,0,0,0,0,0,None,300,0,0,0,0,,False,False,True
PRJ_TrapBeamNet_Bullet01,エレクトリット (投擲弾)　　　（ビームネット・SP左）,/Game/Projectile/wp00085/BP_PrjTrapBeamNetBullet01.uasset,0,0,EnemyAll,Through,Enemy,Enemy,Enemy,Enemy,Enemy,15000,15000,0,-1,0,-1,-1,23000,18,0,False,False,True,True,True,1,1,1,1,1,1,0,60,0,5000,7500,1,0,0,0,Die,Die,Die,Die,StopDie,False,False,0,0,1,0,False,False,0,0,0,0,0,0,0,0,0,0,0,0,0,0,True,True,0,None,0,0,0,0,0,0,0,0,0,None,0,268,268,268,268,,False,False,True
PRJ_Drone_Etc01,ガレオン (目的地決定)　　　　　　　（ドローン・SP）,/Game/Projectile/wp00087/BP_PrjDroneEtc01.uasset,0,0,None,Through,Through,Through,Through,Through,Enemy,0,0,0,-1,0,-1,-1,0,0,0,False,False,False,False,False,1,1,1,1,1,1,0,1000,0,0,0,1,0,0,0,Ignore,Ignore,Ignore,Die,Stop,False,False,0,0,1,0,False,False,0,0,0,0,0,0,0,0,0,0,0,0,0,0,True,True,1.2,None,0,0,0,0,0,0,0,0,0,None,0,0,0,0,126,,False,False,True
PRJ_Drone_Character01,ガレオン (発射台),/Game/Projectile/wp00087/BP_PrjDroneCharacter01.uasset,0,0,None,Through,Through,Through,Through,Through,Enemy,14400,9600,0,-1,0,-1,-1,0,0,0,False,False,True,True,True,1,1,1,500,1.5,1.5,0,20,0,0,0,1,0,0,0,Ignore,Ignore,Ignore,Die,Die,False,False,0,0,1,0,True,False,0,0,0,0,0,0,0,0,0,0,0,0,0,0,False,False,0,None,0,0,0,0,0,0,0,0,0,None,800,0,0,0,269,,False,False,True
PRJ_TornadoArea_Bullet01,テンペスト (投擲弾)　　　　　　　　　　（竜巻・SP）,/Game/Projectile/wp00088/BP_PrjTornadoAreaBullet01.uasset,0,0,EnemyAll,Through,Enemy,Enemy,Enemy,Enemy,Enemy,18000,18000,0,-1,0,-1,-1,25000,15,0,False,False,True,True,True,1,1,1,1,1,1,0,60,0,22000,0,1,0,0,0,Die,Die,Die,Die,StopDie,False,False,0,0,1,0,False,False,0,0,0,0,0,0,0,0,0,0,0,0,0,0,True,True,0,None,0,0,0,0,0,0,0,0,0,None,0,270,270,270,270,,False,False,True
PRJ_ObjectExtension_Bullet01,設置型武装強化エリア,/Game/Projectile/wp00089/BP_PrjObjectExtensionBullet01.uasset,0,0,FriendMob,Through,Through,Through,Through,Friend,Enemy,0,0,0,-1,0,-1,-1,0,0,0,False,False,False,False,False,1,1,1,450,0.001,12,1,3,0,0,0,1,0,0,0,Ignore,Ignore,Die,Ignore,Stop,False,False,0,0,1,0,False,False,0,0,0,0,0,0,0,0,0,0,0,0,0,0,True,True,1.2,None,0,0,0,0,0,0,0,0,0,None,0,0,0,0,0,,False,False,True
PRJ_Smoke_Bullet01,煙幕,/Game/Projectile/wp00090/BP_PrjSmokeBullet01.uasset,0,0,EnemyAll,Through,Enemy,Enemy,Enemy,Enemy,Enemy,15000,15000,0,-1,0,-1,-1,10000,15,0,False,False,True,True,True,1,1,1,1,1,1,0,60,0,7500,15000,1,0,0,0,Ignore,Die,Die,Ignore,StopDie,False,False,0,0,1,0,False,False,0,0,0,0,0,0,0,0,0,0,0,0,0,0,True,True,1.2,None,0,0,0,0,0,0,0,0,0,None,0,271,271,271,0,,False,False,True
PRJ_Shield_Barrier01,デ・ファンス　　　　　　　　　　　　　　（盾・VG）,/Game/Projectile/wp00091/BP_PrjShieldBarrier01.uasset,0,0,None,Through,Through,Through,Through,Through,Enemy,0,0,0,-1,0,-1,-1,0,0,0,False,False,False,False,False,1,1,1,1,1,1,0,0,0,0,0,1,0,0,0,Ignore,Ignore,Ignore,Die,Stop,True,False,0,0,1,0,False,False,0,0,0,0,0,0,0,0,0,0,0,0,0,0,False,False,0,None,0,0,0,0,0,0,0,0,0,DirectivityAllMighty,500,0,0,0,0,,False,False,False
PRJ_Options_Etc01,レイスレイヴ (装置ﾏﾈｰｼﾞｬｰ)　　　（オプション・SP）,/Game/Projectile/wp00093/BP_PrjOptionsEtc01.uasset,0,0,None,Through,Through,Through,Through,Through,Enemy,0,0,0,-1,0,-1,-1,0,0,0,False,False,False,False,False,1,1,1,1,1,1,0,60,0,0,0,1,0,0,0,Ignore,Ignore,Ignore,Die,Stop,True,False,0,0,1,0,False,False,0,0,0,0,0,0,0,0,0,0,0,0,0,0,False,False,0,None,0,0,0,0,0,0,0,0,0,None,0,0,0,0,273,,False,False,True
PRJ_DecoyType02_Bullet01,【設置型】中立デコイ(投擲弾),/Game/Projectile/wp00095/BP_PrjDecoyType02Bullet01.uasset,0,0,None,Through,Through,Through,Through,Through,Enemy,15000,15000,0,-1,0,-1,-1,10000,20,0,False,False,True,True,True,1,1,1,1,1,1,0,60,0,2500,5000,1,0,0,0,Ignore,Die,Die,Ignore,StopDie,False,False,0,0,1,0,False,False,0,0,0,0,0,0,0,0,0,0,0,0,0,0,True,True,1.2,None,0,0,0,0,0,0,0,0,0,None,0,272,272,272,0,,False,False,True
PRJ_MachineHijack_Bullet01,ヘルシャフト　　　　　　　　　（マシンジャック・SP）,/Game/Projectile/wp00096/BP_PrjMachineHijackBullet01.uasset,107,41,EnemyMob,Through,Enemy,Enemy,Enemy,Enemy,Enemy,0,0,0,-1,0,-1,-1,0,0,0,False,False,False,False,False,1,1,1,500,0.001,20,0.8,0.9,0,0,0,1,0,0,0,Ignore,Ignore,Ignore,Ignore,Stop,False,True,0,0,1,0,False,False,0,0,0,0,0,0,0,0,0,0,0,0,0,0,True,True,0,None,0,0,0,0,0,0,0,0,0,None,0,0,0,0,0,,False,False,True
PRJ_OptionsShield_Bullet01,シールドヴァイト (付与弾)　　　（シールド付与・SP）,/Game/Projectile/wp00097/BP_PrjOptionsShieldBullet01.uasset,108,0,FriendPlayer,Through,Friend,Through,Through,Through,Enemy,30000,30000,0,-1,0,-1,-1,0,0,0,True,True,True,True,True,1,1,1,1,1,1,0,3,0,50000,0,1,0,0,0,Die,Die,Die,Die,Die,False,False,0,0,1,0,False,True,180,100000,180,100000,180,180,0.5,180,180,0.5,0,0,0,0,True,True,1.2,None,0,0,0,0,0,0,0,0,0,None,0,0,0,0,276,,False,False,True
PRJ_OptionsShield_Barrier01,シールドヴァイト (自身展開),/Game/Projectile/wp00097/BP_PrjOptionsShieldBarrier01.uasset,0,0,None,Through,Through,Through,Through,Through,Enemy,0,0,0,-1,0,-1,-1,0,0,0,False,True,True,True,True,1,1,1,500,1,1,0,3.5,0,0,0,1,0,0,0,Ignore,Ignore,Ignore,Die,Stop,True,False,0,0,1,0,False,False,0,0,0,0,0,0,0,0,0,0,0,0,0,0,False,False,0,None,0,0,0,0,0,0,0,0,0,AllMighty,760,0,0,0,0,,False,False,True
PRJ_MobTransfer_Bullet01,モブ転送(吸収),/Game/Projectile/wp00098/BP_PrjMobTransferBullet01.uasset,0,0,FriendMob,Through,Through,Friend,Through,Through,Enemy,0,0,0,-1,0,-1,-1,0,0,0,False,False,True,True,True,1,1,1,500,0.001,10,1,3,0,0,0,1,0,0,0,Ignore,Ignore,Die,Ignore,Stop,False,False,0,0,1,0,False,False,0,0,0,0,0,0,0,0,0,0,0,0,0,0,True,True,1.2,None,0,0,0,0,0,0,0,0,0,None,0,0,0,0,0,,False,False,False
PRJ_MobTransfer_Etc01,モブ転送(転送部),/Game/Projectile/wp00098/BP_PrjMobTransferEtc01.uasset,0,0,None,Through,Through,Through,Through,Through,Enemy,0,0,0,-1,0,-1,-1,0,0,0,False,False,False,False,False,1,1,1,1,1,1,0,100,0,0,0,1,0,0,0,Ignore,Ignore,Die,Ignore,Stop,False,False,0,0,1,0,False,False,0,0,0,0,0,0,0,0,0,0,0,0,0,0,True,True,1.2,None,0,0,0,0,0,0,0,0,0,None,0,0,0,0,0,,False,False,False
PRJ_BlizzardGun_Bullet01,X7133 （左・氷放射器）　　　　　（氷結銃 亜種・SP）,/Game/Projectile/wp00099/BP_PrjBlizzardGunBullet01.uasset,109,0,EnemyAll,Through,Enemy,Enemy,Enemy,Enemy,Enemy,57600,38000,0,-1,0.5,-1,-1,0,0,0,False,False,True,True,True,1,1,1,1,1,10,0.25,5,0,21600,0,1,0,0,0,Ignore,Die,Die,Die,StopDie,False,False,0,0,1,0,False,False,0,0,0,0,0,0,0,0,0,0,0,0,0,0,True,True,1.2,None,0,0,0,0,0,-0.8,0.8,-0.2,0.3,None,0,0,0,0,0,,False,False,True
PRJ_BlizzardGun_Bullet02,X7133 （右・氷弾),/Game/Projectile/wp00099/BP_PrjBlizzardGunBullet02.uasset,110,0,EnemyAll,Through,Enemy,Enemy,Enemy,Enemy,Enemy,50000,40000,0,-1,0.5,-1,-1,0,0,0,True,True,True,True,True,1,1,1,1,1,1,0,1.5,0,50000,0,1,0,0,0,Die,Die,Die,Die,StopDie,False,False,0,0,1,0,True,False,30,5000,30,5000,30,30,0,30,30,0,0,2000,0,0,True,True,1.5,None,0,0,0,0,0,0,0,0,0,None,0,0,0,0,0,,False,False,True
PRJ_SentryGunType03_Bullet01,ターレットMI (投擲弾)　　　　　　（ターレット・AS）,/Game/Projectile/wp00100/BP_PrjSentryGunType03Bullet01.uasset,0,0,None,Through,Through,Through,All,Through,Enemy,15000,15000,0,-1,0,-1,-1,10000,20,0,False,False,True,True,True,1,1,1,1,1,1,0,60,0,7500,15000,1,0,0,0,Die,Die,Die,Die,StopDie,False,False,0,0,1,0,False,False,0,0,0,0,0,0,0,0,0,0,0,0,0,0,True,True,0,None,0,0,0,0,0,0,0,0,0,None,0,277,277,277,0,,False,False,True
PRJ_ShieldAreaType02_Bullet01,シールドエリアかぼちゃ(投擲弾),/Game/Projectile/wp00101/BP_PrjShieldAreaType02Bullet01.uasset,0,0,None,Through,Through,Through,Through,Through,Enemy,15000,15000,0,-1,0,-1,-1,10000,20,0,False,False,True,True,True,1,1,1,1,1,1,0,60,0,7500,15000,1,0,0,0,Ignore,Die,Die,Ignore,StopDie,False,False,0,0,1,0,False,False,0,0,0,0,0,0,0,0,0,0,0,0,0,0,True,True,1.2,None,0,0,0,0,0,0,0,0,0,None,0,280,280,280,0,,False,False,True
PRJ_PowerBall_Bullet01,エヴォルフィア Lv1　　　　　　　　　（元気玉・VG）,/Game/Projectile/wp00103/BP_PrjPowerBallBullet01.uasset,111,0,EnemyAll,Through,Enemy,Enemy,Enemy,Enemy,Enemy,26000,30000,1,-1,0.5,-1,-1,0,0,0,True,True,True,True,True,1,1,1,1,1,10,0.2,3,0,38000,0,1,1,1,0.1,Ignore,Die,Die,Die,Die,False,False,0,0,1,0,True,False,90,500,90,500,30,30,0,30,30,0,0,2000,0,0,True,False,1.2,None,0,0,0,0,0,0,0,0,0,None,0,0,0,0,0,,False,False,True
PRJ_PowerBall_Bullet02,エヴォルフィア Lv2,/Game/Projectile/wp00103/BP_PrjPowerBallBullet02.uasset,112,0,EnemyAll,Through,Enemy,Enemy,Enemy,Enemy,Enemy,10000,12000,0,-1,0.5,-1,-1,0,0,0,True,True,True,True,True,1,1,1,1,1,20,1,3,0.3,35000,0,1,1,1,0.1,Ignore,Stop,Ignore,Die,Die,False,False,0,0,1,0,True,False,90,500,90,500,70,70,0,70,70,0,0,2000,0,0,True,True,1.2,None,0,0,0,0,0,0,0,0,0,None,0,0,0,0,0,,False,False,True
PRJ_PowerBall_Bullet03,エヴォルフィア Lv3　　4HIT,/Game/Projectile/wp00103/BP_PrjPowerBallBullet03.uasset,113,0,EnemyAll,Through,Enemy,Enemy,Enemy,Enemy,Enemy,10000,14000,0,-1,0.5,-1,-1,0,0,0,True,True,True,True,True,1,1,1,1,1,30,1,3,0.3,32000,0,1,4,4,0.08,Ignore,Stop,Ignore,Die,Die,False,False,0,0,1,0,True,False,90,500,90,500,35,35,0,35,35,0,0,2000,0,0,True,True,1.2,None,0,0,0,0,0,0,0,0,0,None,0,0,0,0,0,,False,False,True
PRJ_RailGun_Bullet01,エクレイル　　　　　　　　　　　（レールガン・AS）,/Game/Projectile/wp00105/BP_PrjRailGunBullet01.uasset,114,0,EnemyAll,Through,Enemy,Enemy,Enemy,Enemy,Enemy,150000,150000,0,-1,0,-1,-1,0,0,0,True,True,True,True,True,1,1,1,1,1,1,0,0.5,0,50000,0,1,0,0,0,Ignore,Ignore,Ignore,Ignore,Extra,False,False,0,0,1,0,False,False,0,0,0,0,0,0,0,0,0,0,0,0,0,0,True,True,1.2,None,0,0,0,0,0,0,0,0,0,None,0,0,0,0,0,,False,False,True
PRJ_RailGun_Bullet02,エクレイル (即着弾),/Game/Projectile/wp00105/BP_PrjRailGunBullet02.uasset,114,0,EnemyAll,Through,Enemy,Enemy,Enemy,Enemy,Enemy,0,500000,0,-1,0.001,-1,-1,0,0,0,True,True,True,True,True,1,1,1,1,1,1,0,0.5,0,50000,0,1,0,0,0,Ignore,Ignore,Ignore,Ignore,Extra,False,False,0,0,1,0,False,False,0,0,0,0,0,0,0,0,0,0,0,0,0,0,True,True,1.2,None,0,0,0,0,0,0,0,0,0,None,0,0,0,0,0,,False,False,True
PRJ_BeamRifleType03_Bullet01,グレイスピラ　　　　　　（輪っかビームライフル・AS）,/Game/Projectile/wp00107/BP_PrjBeamRifleType03Bullet01.uasset,115,0,EnemyAll,Through,Enemy,Enemy,Enemy,Enemy,Enemy,8000,29000,0,-1,0.5,-1,-1,0,0,0,True,True,True,True,True,1,1,1,1,0.1,1.75,1,10,0,50000,0,1,0,0,0,Ignore,Die,Die,Die,Die,False,False,0,0,1,0,True,False,45,500,45,500,25,25,0,25,25,0,0,2000,0,0,True,True,1.5,None,0,0,0,0,0,0,0,0,0,None,0,0,0,0,0,,False,False,True
PRJ_PulseGunType02_Bullet01,パルスガン(クラッカー)(散弾1回目),/Game/Projectile/wp00109/BP_PrjPulseGunType02Bullet01.uasset,116,0,EnemyAll,Through,Enemy,Enemy,Enemy,Enemy,Enemy,55000,20000,0,-1,1,-1,-1,0,0,0,True,True,True,True,True,1,1,1,1,1,1,0,1,0,9500,0,1,0,0,0,Ignore,Die,Die,Ignore,StopDie,False,False,0,0,1,0,True,False,0,0,0,0,0,0,0,0,0,0,0,0,0,0,True,True,1.2,None,0,0,0,0,0,0,0,0,0,None,0,281,281,281,0,,False,False,True
PRJ_PulseGunType02_Bullet02,パルスガン(クラッカー)(散弾2回目),/Game/Projectile/wp00109/BP_PrjPulseGunType02Bullet02.uasset,117,0,EnemyAll,Through,Enemy,Enemy,Enemy,Enemy,Enemy,57000,21500,0,-1,1,-1,-1,0,0,0,True,True,True,True,True,1,1,1,1,1,1,0,1,0,6000,0,1,0,0,0,Ignore,Die,Die,Ignore,StopDie,False,False,0,0,1,0,True,False,0,0,0,0,0,0,0,0,0,0,0,0,0,0,True,True,1.2,None,0,0,0,0,0,0,0,0,0,None,0,281,281,281,0,,False,False,True
PRJ_PulseGunType02_Bullet03,パルスガン(クラッカー)(散弾3回目),/Game/Projectile/wp00109/BP_PrjPulseGunType02Bullet03.uasset,118,0,EnemyAll,Through,Enemy,Enemy,Enemy,Enemy,Enemy,59000,23000,0,-1,1,-1,-1,0,0,0,True,True,True,True,True,1,1,1,1,1,1,0,1,0,8000,0,1,0,0,0,Ignore,Die,Die,Ignore,StopDie,False,False,0,0,1,0,True,False,0,0,0,0,0,0,0,0,0,0,0,0,0,0,True,True,1.2,None,0,0,0,0,0,0,0,0,0,None,0,281,281,281,0,,False,False,True
PRJ_PulseGunType02_Bullet04,パルスガン(クラッカー)(散弾4回目),/Game/Projectile/wp00109/BP_PrjPulseGunType02Bullet04.uasset,119,0,EnemyAll,Through,Enemy,Enemy,Enemy,Enemy,Enemy,61000,24500,0,-1,1,-1,-1,0,0,0,True,True,True,True,True,1,1,1,1,1,1,0,1,0,7000,0,1,0,0,0,Ignore,Die,Die,Ignore,StopDie,False,False,0,0,1,0,True,False,0,0,0,0,0,0,0,0,0,0,0,0,0,0,True,True,1.2,None,0,0,0,0,0,0,0,0,0,None,0,281,281,281,0,,False,False,True
PRJ_PulseGunType02_Bullet05,パルスガン(クラッカー)(散弾5回目),/Game/Projectile/wp00109/BP_PrjPulseGunType02Bullet05.uasset,120,0,EnemyAll,Through,Enemy,Enemy,Enemy,Enemy,Enemy,63000,26000,0,-1,1,-1,-1,0,0,0,True,True,True,True,True,1,1,1,1,1,1,0,1,0,9000,0,1,0,0,0,Ignore,Die,Die,Ignore,StopDie,False,False,0,0,1,0,True,False,0,0,0,0,0,0,0,0,0,0,0,0,0,0,True,True,1.2,None,0,0,0,0,0,0,0,0,0,None,0,281,281,281,0,,False,False,True
PRJ_BeamSaberType02_Grap01,ビームサーベル(ハリセン)(格闘1段目),/Game/Projectile/wp00110/BP_PrjBeamSaberType02Grap01.uasset,121,1,EnemyAll,Through,Enemy,Enemy,Enemy,Enemy,Enemy,0,0,0,-1,0,-1,-1,0,0,0,False,False,True,True,True,1,1,1,1,1,1,0,0.5,0,0,0,1,0,0,0,Ignore,Ignore,Die,Ignore,Die,True,False,0,0,1,0,True,False,0,0,0,0,0,0,0,0,0,0,0,0,0,0,False,False,1.2,None,0,0,0,0,0,0,0,0,0,None,0,0,0,0,154,,False,False,True
PRJ_BeamSaberType02_Grap02,ビームサーベル(ハリセン)(格闘2段目),/Game/Projectile/wp00110/BP_PrjBeamSaberType02Grap02.uasset,122,2,EnemyAll,Through,Enemy,Enemy,Enemy,Enemy,Enemy,0,0,0,-1,0,-1,-1,0,0,0,False,False,True,True,True,1,1,1,1,1,1,0,0.5,0,0,0,1,0,0,0,Ignore,Ignore,Die,Ignore,Die,True,False,0,0,1,0,True,False,0,0,0,0,0,0,0,0,0,0,0,0,0,0,False,False,1.2,None,0,0,0,0,0,0,0,0,0,None,0,0,0,0,155,,False,False,True
PRJ_BeamSaberType02_Grap03,ビームサーベル(ハリセン)(格闘3段目),/Game/Projectile/wp00110/BP_PrjBeamSaberType02Grap03.uasset,123,3,EnemyAll,Through,Enemy,Enemy,Enemy,Enemy,Enemy,0,0,0,-1,0,-1,-1,0,0,0,False,False,True,True,True,1,1,1,1,1,1,0,0.5,0,0,0,1,0,0,0,Ignore,Ignore,Die,Ignore,Die,True,False,0,0,1,0,True,False,0,0,0,0,0,0,0,0,0,0,0,0,0,0,False,False,1.2,None,0,0,0,0,0,0,0,0,0,None,0,0,0,0,0,,False,False,True
PRJ_TurningGun_Bullet01,ブーメラング-Ａ　　　　　　（ブーメラン周囲・VG左）,/Game/Projectile/wp00111/BP_PrjTurningGunBullet01.uasset,124,0,EnemyAll,Through,Enemy,Enemy,Enemy,Enemy,Enemy,10000,10000,0,-1,0,-1,-1,0,0,0,True,True,True,True,True,1,1,1,1,6,6,0,15,0,2000,0,1,99,99,0.5,Ignore,Ignore,Ignore,Ignore,Extra,False,False,0,0,1,0,True,False,0,0,0,0,0,0,0,0,0,0,0,0,0,0,False,False,0,None,0,0,0,0,0,0,0,0,0,None,0,0,0,0,0,,False,False,True
PRJ_SatelliteMortarType02_Etc01,衛星爆撃(タライ)(発射台),/Game/Projectile/wp00112/BP_PrjSatelliteMortarType02Etc01.uasset,0,0,None,Through,Through,Through,Through,Through,Enemy,0,0,0,-1,0,-1,-1,0,0,0,False,False,False,False,False,1,1,1,1,1,1,0,100,0,0,0,1,0,0,0,Ignore,Ignore,Die,Ignore,Stop,False,False,0,0,1,0,False,False,0,0,0,0,0,0,0,0,0,0,0,0,0,0,True,True,1.2,None,0,0,0,0,0,0,0,0,0,None,0,0,0,0,282,,False,False,True
PRJ_WideShotType03_Bullet01,グラン・ラーゴ(横),/Game/Projectile/wp00113/BP_PrjWideShotType03Bullet01.uasset,125,0,EnemyAll,Through,Enemy,Enemy,Enemy,Enemy,Enemy,12000,18000,0,-1,1,-1,-1,0,0,0,True,True,True,True,True,1,1,1,1,0.1,0.8,1,5,0,50000,0,1,0,0,0,Ignore,Die,Die,Die,Die,False,False,0,0,1,0,True,False,90,500,90,500,30,30,0,40,40,0,0,2000,0,0,True,True,1.2,None,0,0,0,0,0,0,0,0,0,None,0,0,0,0,0,,False,False,True
PRJ_WideShotType03_Bullet02,グラン・ラーゴ(縦),/Game/Projectile/wp00113/BP_PrjWideShotType03Bullet02.uasset,126,0,EnemyAll,Through,Enemy,Enemy,Enemy,Enemy,Enemy,12000,18000,0,-1,1,-1,-1,0,0,0,True,True,True,True,True,1,1,1,1,0.1,0.8,1,5,0,50000,0,1,0,0,0,Ignore,Die,Die,Die,Die,False,False,0,0,1,0,True,False,90,500,90,500,30,30,0,40,40,0,0,2000,0,0,True,True,1.2,None,0,0,0,0,0,0,0,0,0,None,0,0,0,0,0,,False,False,True
PRJ_MachineGunType03_Bullet01,ミトライユ・バル　　　　　　　　（マシンガン・SP）,/Game/Projectile/wp00114/BP_PrjMachineGunType03Bullet01.uasset,127,0,EnemyAll,Through,Enemy,Enemy,Enemy,Enemy,Enemy,50000,50000,0,-1,0,-1,-1,0,0,0,True,True,True,True,True,1,1,1,1,1,1,0,1.5,0,50000,0,1,0,0,0,Die,Die,Die,Die,Die,False,False,0,0,1,0,True,False,90,500,90,500,45,45,0,45,45,0,0,2000,0,0,True,True,1.2,None,0,0,0,0,0,0,0,0,0,None,0,0,0,0,0,,False,False,True
PRJ_PlasmaGunType02_Bullet01,プラズマガン(サポート),/Game/Projectile/wp00116/BP_PrjPlasmaGunType02Bullet01.uasset,128,0,EnemyAll,Through,Enemy,Enemy,Enemy,Enemy,Enemy,25000,25000,0,-1,0,-1,-1,0,0,0,True,True,True,True,True,1,1,1,1,0.1,1,1,60,0,50000,0,1,0,0,0,Ignore,Die,Die,Ignore,StopDie,False,False,0,0,1,0,True,False,45,500,45,500,45,45,0,45,45,0,0,0,0,0,True,True,1.2,None,0,0,0,0,0,0,0,0,0,None,0,284,284,284,0,,False,False,True
PRJ_3WayGrenadeType02_Bullet01,鯉のぼり3way,/Game/Projectile/wp00117/BP_Prj3WayGrenadeType02Bullet01.uasset,0,0,EnemyAll,Through,Enemy,Enemy,Enemy,Enemy,Enemy,15000,15000,0,-1,0,-1,-1,10000,15,0,False,False,True,True,True,1,1,1,1,1,1,0,60,0,10000,20000,1,0,0,0,Ignore,Die,Die,Ignore,StopDie,False,False,0,0,1,0,False,False,0,0,0,0,0,0,0,0,0,0,0,0,0,0,True,True,1.2,None,0,0,0,0,0,0,0,0,0,None,0,286,286,286,0,,False,False,True
PRJ_BeamShotGun_Bullet01,ラジオパレット (散弾1回目)　　（ﾋﾞｰﾑｼｮｯﾄｶﾞﾝ・VG左）,/Game/Projectile/wp00118/BP_PrjBeamShotGunBullet01.uasset,129,0,EnemyAll,Through,Enemy,Enemy,Enemy,Enemy,Enemy,55000,49000,0,0.15,0.3,-1,-1,0,0,0,True,True,True,True,True,1,1,1,1,1.5,1.7,0.2,3.5,0,25000,0,1,0,0,0,Ignore,Die,Die,Die,StopDie,False,False,0,0,1,0,True,False,40,1000,45,1000,11,8,0.4,9,6,0.4,0,300,0,0,True,True,1.2,None,0,0,0,0,0,0,0,0,0,None,0,0,0,0,0,,False,False,True
PRJ_BeamShotGun_Bullet02,ラジオパレット (散弾2回目),/Game/Projectile/wp00118/BP_PrjBeamShotGunBullet02.uasset,130,0,EnemyAll,Through,Enemy,Enemy,Enemy,Enemy,Enemy,55000,49000,0,0.15,0.3,-1,-1,0,0,0,True,True,True,True,True,1,1,1,1,1.5,1.7,0.2,3.5,0,23000,0,1,0,0,0,Ignore,Die,Die,Die,StopDie,False,False,0,0,1,0,True,False,40,1000,45,1000,9,6,0.4,11,8,0.4,0,300,0,0,True,True,1.2,None,0,0,0,0,0,0,0,0,0,None,0,0,0,0,0,,False,False,True
PRJ_BeamShotGun_Bullet03,ラジオパレット (散弾3回目),/Game/Projectile/wp00118/BP_PrjBeamShotGunBullet03.uasset,131,0,EnemyAll,Through,Enemy,Enemy,Enemy,Enemy,Enemy,56000,50000,0,0.15,0.4,-1,-1,0,0,0,True,True,True,True,True,1,1,1,1,1.5,1.7,0.2,3.5,0,24000,0,1,0,0,0,Ignore,Die,Die,Die,StopDie,False,False,0,0,1,0,True,False,40,1000,45,1000,10,7,0.4,10,7,0.4,0,300,0,0,True,True,1.1,None,0,0,0,0,0,0,0,0,0,None,0,0,0,0,0,,False,False,True
PRJ_BeamShotGun_Bullet04,ラジオパレット (散弾4回目),/Game/Projectile/wp00118/BP_PrjBeamShotGunBullet04.uasset,132,0,EnemyAll,Through,Enemy,Enemy,Enemy,Enemy,Enemy,57000,51000,0,0.15,0.4,-1,-1,0,0,0,True,True,True,True,True,1,1,1,1,1.5,1.7,0.2,3.5,0,22000,0,1,0,0,0,Ignore,Die,Die,Die,StopDie,False,False,0,0,1,0,True,False,40,1000,45,1000,11,8,0.4,9,6,0.4,0,300,0,0,True,True,1.1,None,0,0,0,0,0,0,0,0,0,None,0,0,0,0,0,,False,False,True
PRJ_BeamShotGun_Bullet05,ラジオパレット (散弾5回目),/Game/Projectile/wp00118/BP_PrjBeamShotGunBullet05.uasset,133,0,EnemyAll,Through,Enemy,Enemy,Enemy,Enemy,Enemy,58000,52000,0,0.15,0.4,-1,-1,0,0,0,True,True,True,True,True,1,1,1,1,1.5,1.7,0.2,3.5,0,23000,0,1,0,0,0,Ignore,Die,Die,Die,StopDie,False,False,0,0,1,0,True,False,40,1000,45,1000,9,6,0.4,11,8,0.4,0,300,0,0,True,True,1.1,None,0,0,0,0,0,0,0,0,0,None,0,0,0,0,0,,False,False,True
PRJ_BeamRifleType04_Bullet01,グレイン-SP　　　　　　　　　（ビームライフル・SP）,/Game/Projectile/wp00119/BP_PrjBeamRifleType04Bullet01.uasset,134,0,EnemyAll,Through,Enemy,Enemy,Enemy,Enemy,Enemy,60000,63000,0,-1,0.3,-1,-1,0,0,0,True,True,True,True,True,1,1,1,1,1,1,0,2,0,50000,0,1,0,0,0,Ignore,Die,Die,Die,Die,False,False,0,0,1,0,True,False,45,500,45,500,32,32,0,32,32,0,0,2000,0,0,True,True,2,None,0,0,0,0,0,0,0,0,0,None,0,0,0,0,0,,False,False,True
PRJ_3WayBeamGun_Bullet01,ディトーレ　　　　　　　　　　　（3Wayビーム・VG）,/Game/Projectile/wp00120/BP_Prj3WayBeamGunBullet01.uasset,135,0,EnemyAll,Through,Enemy,Enemy,Enemy,Enemy,Enemy,65000,65000,0,-1,0,-1,-1,0,0,0,True,True,True,True,True,1,1,1,1,0.5,5.3,1,1.5,0,50000,0,1,0,0,0,Ignore,Die,Die,Die,Die,False,False,0,0,1,0,True,False,0,0,0,0,0,0,0,10,10,0,0,2000,0,0,True,True,1.2,None,0,0,0,0,0,0,0,0,0,None,0,0,0,0,0,,False,False,True
PRJ_MachineGunType04_Bullet01,ジャック・オー・ガン　　　（かぼちゃマシンガン・AS）,/Game/Projectile/wp00121/BP_PrjMachineGunType04Bullet01.uasset,137,0,EnemyAll,Through,Enemy,Enemy,Enemy,Enemy,Enemy,52000,54000,0,-1,0,-1,-1,0,0,0,True,True,True,True,True,1,1,1,1,1,1,0,1.5,0,50000,0,1,0,0,0,Die,Die,Die,Die,Die,False,False,0,0,1,0,True,False,90,500,90,500,45,45,0,45,45,0,0,2000,0,0,True,True,1.2,None,0,0,0,0,0,0,0,0,0,None,0,0,0,0,0,,False,False,True
PRJ_RocketLauncherType03_Bullet01,単装導弾 三皇　　　　　　　　　（三連ロケラン・AS）,/Game/Projectile/wp00122/BP_PrjRocketLauncherType03Bullet01.uasset,138,0,EnemyAll,Through,Enemy,Enemy,Enemy,Enemy,Enemy,28000,30000,0,-1,0.5,-1,-1,0,0,0,True,True,True,True,True,1,1,1,1,0.6,1.2,0.5,5,0,50000,0,1,0,0,0,Die,Die,Die,Die,StopDie,False,False,0,0,1,0,True,False,140,50000,140,50000,43,43,0,43,43,0,0,1000,0,0,True,True,1.3,None,0,0,0,0,0,0,0,0,0,None,0,287,287,287,0,,False,False,True
PRJ_RippleLaser_Bullet01,輪っかビームライフル(ヴァンガード),/Game/Projectile/wp00123/BP_PrjRippleLaserBullet01.uasset,139,0,EnemyAll,Through,Enemy,Enemy,Enemy,Enemy,Enemy,10000,30000,0,-1,0.5,-1,-1,0,0,0,True,True,True,True,True,1,1,1,1,0.3,1.3,1,10,0,50000,0,1,0,0,0,Ignore,Die,Die,Ignore,Die,False,False,0,0,1,0,True,False,45,500,45,500,20,20,0,20,20,0,0,3000,0,0,True,True,2,None,0,0,0,0,0,0,0,0,0,None,0,0,0,0,0,,False,False,True
PRJ_RippleLaserType02_Bullet01,カラビスピラ　　　　　　（輪っかビームライフル・SP),/Game/Projectile/wp00124/BP_PrjRippleLaserType02Bullet01.uasset,140,0,EnemyAll,Through,Enemy,Enemy,Enemy,Enemy,Enemy,10000,25000,0,-1,0.5,-1,-1,0,0,0,True,True,True,True,True,1,1,1,1,0.3,1.8,1,5,0,50000,0,1,0,0,0,Ignore,Die,Die,Die,Die,False,False,0,0,1,0,True,False,45,500,45,500,20,20,0,20,20,0,0,2000,0,0,True,True,2,None,0,0,0,0,0,0,0,0,0,None,0,0,0,0,0,,False,False,True
PRJ_KnockBackGun_Bullet01,インパルスショット　　　　　　（のけぞりガン・AS左）,/Game/Projectile/wp00125/BP_PrjKnockBackGunBullet01.uasset,141,0,EnemyAll,Through,Enemy,Enemy,Enemy,Enemy,Enemy,10000,20000,0,0.1,0.3,-1,-1,0,0,0,True,True,True,True,True,1,1,1,1,0.1,0.35,0.2,5,0,50000,0,1,0,0,0,Die,Die,Die,Die,Die,False,False,0,0,1,0,True,False,130,1000,130,1000,85,85,0,150,150,0,0.28,1000,0,0,True,False,8,None,0,0,0,0,0,-15,15,-5,5,None,0,0,0,0,0,,False,True,True
PRJ_KnockBackGunType02_Bullet01,インパルスシュート　　　　　　　（のけぞりガン・SP）,/Game/Projectile/wp00126/BP_PrjKnockBackGunType02Bullet01.uasset,142,0,EnemyAll,Through,Enemy,Enemy,Enemy,Enemy,Enemy,11000,24000,0,0.1,0.3,-1,-1,0,0,0,True,True,True,True,True,1,1,1,1,0.1,0.5,0.3,5,0,50000,0,1,0,0,0,Die,Die,Die,Die,Die,False,False,0,0,1,0,True,False,150,1000,150,1000,150,120,0,150,150,0,0.28,1000,0,0,True,False,2,None,0,0,0,0,0,-13,13,-2,10,None,0,0,0,0,0,,False,True,True
PRJ_HeartGun_Bullet01,L.O.V.E　　　　　　　　　　　　（バレンタイン・AS）,/Game/Projectile/wp00127/BP_PrjHeartGunBullet01.uasset,143,0,EnemyAll,Through,Enemy,Enemy,Enemy,Enemy,Enemy,8000,29000,0,-1,0.5,-1,-1,0,0,0,True,True,True,True,True,1,1,1,1,0.1,1.75,1,10,0,50000,0,1,0,0,0,Ignore,Die,Die,Die,Die,False,False,0,0,1,0,True,False,45,500,45,500,25,25,0,25,25,0,0,2000,0,0,True,True,1.5,None,0,0,0,0,0,0,0,0,0,None,0,0,0,0,0,,False,False,True
PRJ_FireRifle_Bullet01,烈火弾 煉獄　　　　　　　　　　（火炎ライフル・VG）,/Game/Projectile/wp00128/BP_PrjFireRifleBullet01.uasset,144,0,EnemyAll,Through,Enemy,Enemy,Enemy,Enemy,Enemy,62000,65000,0,-1,0.4,-1,-1,0,0,0,True,True,True,True,True,1,1,1,1,1,1,0,2,0,50000,0,1,0,0,0,Ignore,Die,Die,Die,Die,False,False,0,0,1,0,True,False,45,500,45,500,32,32,0,32,32,0,0,2000,0,0,True,True,2,None,0,0,0,0,0,0,0,0,0,None,0,0,0,0,0,,False,False,True
PRJ_HarpoonGunType02_Bullet01,ハープーン・フォール　　　　　　（ハープーン・AS）,/Game/Projectile/wp00129/BP_PrjHarpoonGunType02Bullet01.uasset,145,0,EnemyAll,Through,Enemy,Enemy,Enemy,Enemy,Enemy,40000,40000,0,-1,0,-1,-1,0,0,0,True,True,True,True,True,1,1,1,1,1,1,0,10,0,50000,0,1,0,0,0,Die,Stop,Stop,Die,StopDie,False,False,0,0,1,0,True,False,30,15000,30,15000,45,45,0,45,45,0,0,2000,0,0,True,True,1.5,None,0,0,0,0,0,0,0,0,0,None,0,288,0,0,288,/Game/Effect/ACR_Effect/Weapon/wp00040/PT_ef_wp00040_pierce_loop_01.uasset,False,False,True
PRJ_SniperRifleType02_Bullet01,マークスマンライフル　　　　　　（スナイパー・AS）,/Game/Projectile/wp00130/BP_PrjSniperRifleType02Bullet01.uasset,146,0,EnemyAll,Through,Enemy,Enemy,Enemy,Enemy,Enemy,0,500000,0,-1,0.001,-1,-1,0,0,0,True,True,True,True,True,1,1,1,1,1,1,0,0.5,0,100000,0,1,0,0,0,Ignore,Ignore,Ignore,Ignore,Extra,False,False,0,0,1,0,True,False,0,0,0,0,0,0,0,0,0,0,0,0,0,0,True,True,1.2,None,0,0,0,0,0,0,0,0,0,None,0,0,0,0,0,,False,False,True
PRJ_BeamGatlingGun_Bullet01,ディオグラント　　　　　（ビームガトリングガン・AS）,/Game/Projectile/wp00131/BP_PrjBeamGatlingGunBullet01.uasset,147,0,EnemyAll,Through,Enemy,Enemy,Enemy,Enemy,Enemy,75000,75000,0,-1,0,-1,-1,0,0,0,True,True,True,True,True,1,1,1,1,1,1,0,2,0,50000,0,1,0,0,0,Die,Die,Die,Die,Die,False,False,0,0,1,0,True,False,45,500,45,500,35,35,0,35,35,0,0,2500,0,0,True,True,1.2,None,0,0,0,0,0,-0.2,0.2,-0.3,0.3,None,0,0,0,0,0,,False,False,True
PRJ_BeamGatlingGun_Bullet02,ディオグラント　のけぞりなし,/Game/Projectile/wp00131/BP_PrjBeamGatlingGunBullet02.uasset,148,0,EnemyAll,Through,Enemy,Enemy,Enemy,Enemy,Enemy,75000,75000,0,-1,0,-1,-1,0,0,0,True,True,True,True,True,1,1,1,1,1,1,0,2,0,50000,0,1,0,0,0,Die,Die,Die,Die,Die,False,False,0,0,1,0,True,False,45,500,45,500,35,35,0,35,35,0,0,2500,0,0,True,True,1.2,None,0,0,0,0,0,0,0,0,0,None,0,0,0,0,0,,False,False,True
PRJ_BeamSickleType02_Grap01,ブラストサイス (格闘)　　（ライフル鎌レーザー・AS）,/Game/Projectile/wp00132/BP_PrjBeamSickleType02Grap01.uasset,149,9,EnemyAll,Through,Enemy,Enemy,Enemy,Enemy,Through,0,0,0,-1,0,-1,-1,0,0,0,False,False,True,True,True,1,1,1,1,1,1,0,0.5,0,0,0,1,0,0,0,Ignore,Ignore,Ignore,Ignore,Die,True,False,0,0,1,0,True,False,0,0,0,0,0,0,0,0,0,0,0,0,0,0,False,False,1.2,None,0,0,0,0,0,0,0,0,0,None,0,0,0,0,0,,False,False,True
PRJ_BeamSickleType02_Bullet01,ブラストサイス (レーザー）,/Game/Projectile/wp00132/BP_PrjBeamSickleType02Bullet01.uasset,150,0,EnemyAll,Through,Enemy,Enemy,Enemy,Enemy,Enemy,75000,75000,0,-1,0,-1,-1,0,0,0,False,False,True,True,True,1,1,1,1,1,1,0,100,0,42000,0,1,1,70,0.06,Ignore,Ignore,Ignore,Ignore,Extra,False,False,0,0,1,0,False,False,0,0,0,0,0,0,0,0,0,0,0,0,0,0,True,True,1.2,None,0,0,0,0,0,0,0,0,0,None,0,0,0,0,0,,False,False,True
PRJ_GrenadeType02_Bullet01,グルナード・F (爆発)　　　　　（手りゅう弾・SP左）,/Game/Projectile/wp00133/BP_PrjGrenadeType02Bullet01.uasset,0,0,EnemyAll,Through,Enemy,Enemy,Enemy,Enemy,Enemy,15000,15000,0,-1,0,-1,-1,10000,15,0,False,False,True,True,True,1,1,1,1,1,1,0,60,0,10000,20000,1,0,0,0,Die,Die,Die,Die,StopDie,False,False,0,0,1,0,False,False,0,0,0,0,0,0,0,0,0,0,0,0,0,0,True,True,0,None,0,0,0,0,0,0,0,0,0,None,0,289,289,289,0,,False,False,True
PRJ_LineStanGun_Bullet01,電導弾 虚無　　　　　　　（直線ビームネット・VG左）,/Game/Projectile/wp00134/BP_PrjLineStanGunBullet01.uasset,151,0,EnemyAll,Through,Enemy,Enemy,Enemy,Enemy,Enemy,50000,70000,0,-1,0.1,-1,-1,0,0,0,False,False,True,True,True,1,1,1,1,1,1,0,3.6,0,18000,0,1,0,0,0,Ignore,Ignore,Ignore,Ignore,Extra,False,False,0,0,1,0,False,False,0,0,0,0,0,0,0,0,0,0,0,0,0,0,True,True,0,None,0,0,0,0,0,0,0,0,0,None,0,0,0,0,0,,True,False,True
PRJ_BeamSaberType03_Grap01,三星・桜白蓬 (格闘1段目)　　　　　（3色団子剣・VG）,/Game/Projectile/wp00135/BP_PrjBeamSaberType03Grap01.uasset,152,1,EnemyAll,Through,Enemy,Enemy,Enemy,Enemy,Through,0,0,0,-1,0,-1,-1,0,0,0,False,False,True,True,True,1,1,1,1,1,1,0,0.5,0,0,0,1,0,0,0,Ignore,Ignore,Ignore,Ignore,Die,True,False,0,0,1,0,True,False,0,0,0,0,0,0,0,0,0,0,0,0,0,0,False,False,0,None,0,0,0,0,0,0,0,0,0,None,0,0,0,0,187,,False,False,True
PRJ_BeamSaberType03_Grap02,三星・桜白蓬 (格闘2段目),/Game/Projectile/wp00135/BP_PrjBeamSaberType03Grap02.uasset,153,2,EnemyAll,Through,Enemy,Enemy,Enemy,Enemy,Through,0,0,0,-1,0,-1,-1,0,0,0,False,False,True,True,True,1,1,1,1,1,1,0,0.5,0,0,0,1,0,0,0,Ignore,Ignore,Ignore,Ignore,Die,True,False,0,0,1,0,True,False,0,0,0,0,0,0,0,0,0,0,0,0,0,0,False,False,0,None,0,0,0,0,0,0,0,0,0,None,0,0,0,0,188,,False,False,True
PRJ_BeamSaberType03_Grap03,三星・桜白蓬 (格闘3段目),/Game/Projectile/wp00135/BP_PrjBeamSaberType03Grap03.uasset,154,3,EnemyAll,Through,Enemy,Enemy,Enemy,Enemy,Through,0,0,0,-1,0,-1,-1,0,0,0,False,False,True,True,True,1,1,1,1,1,1,0,0.5,0,0,0,1,0,0,0,Ignore,Ignore,Ignore,Ignore,Die,True,False,0,0,1,0,True,False,0,0,0,0,0,0,0,0,0,0,0,0,0,0,False,False,0,None,0,0,0,0,0,0,0,0,0,None,0,0,0,0,0,,False,False,True
PRJ_BeamSaberType04_Grap01,凍剣・氷菓 (格闘1段目)　　　　（アイスバー剣・VG）,/Game/Projectile/wp00136/BP_PrjBeamSaberType04Grap01.uasset,155,1,EnemyAll,Through,Enemy,Enemy,Enemy,Enemy,Through,0,0,0,-1,0,-1,-1,0,0,0,False,False,True,True,True,1,1,1,1,1,1,0,0.5,0,0,0,1,0,0,0,Ignore,Ignore,Ignore,Ignore,Die,True,False,0,0,1,0,True,False,0,0,0,0,0,0,0,0,0,0,0,0,0,0,False,False,0,None,0,0,0,0,0,0,0,0,0,None,0,0,0,0,190,,False,False,True
PRJ_BeamSaberType04_Grap02,凍剣・氷菓 (格闘2段目),/Game/Projectile/wp00136/BP_PrjBeamSaberType04Grap02.uasset,156,2,EnemyAll,Through,Enemy,Enemy,Enemy,Enemy,Through,0,0,0,-1,0,-1,-1,0,0,0,False,False,True,True,True,1,1,1,1,1,1,0,0.5,0,0,0,1,0,0,0,Ignore,Ignore,Ignore,Ignore,Die,True,False,0,0,1,0,True,False,0,0,0,0,0,0,0,0,0,0,0,0,0,0,False,False,0,None,0,0,0,0,0,0,0,0,0,None,0,0,0,0,191,,False,False,True
PRJ_BeamSaberType04_Grap03,凍剣・氷菓 (格闘3段目),/Game/Projectile/wp00136/BP_PrjBeamSaberType04Grap03.uasset,157,3,EnemyAll,Through,Enemy,Enemy,Enemy,Enemy,Through,0,0,0,-1,0,-1,-1,0,0,0,False,False,True,True,True,1,1,1,1,1,1,0,0.5,0,0,0,1,0,0,0,Ignore,Ignore,Ignore,Ignore,Die,True,False,0,0,1,0,True,False,0,0,0,0,0,0,0,0,0,0,0,0,0,0,False,False,0,None,0,0,0,0,0,0,0,0,0,None,0,0,0,0,0,,False,False,True
PRJ_LanceType02_Grap01,ベツレヘイム-X（掴み）　　（X'masツリーランス・SP）,/Game/Projectile/wp00137/BP_PrjLanceType02Grap01.uasset,158,12,EnemyAll,Through,Enemy,Enemy,Enemy,Enemy,Through,0,0,0,-1,0,-1,-1,0,0,0,False,False,True,True,True,1,1,1,1,1,1,0,0.5,0,0,0,1,0,0,0,Ignore,Ignore,Ignore,Ignore,Die,True,False,0,0,1,0,True,False,0,0,0,0,0,0,0,0,0,0,0,0,0,0,False,False,0,None,0,0,0,0,0,0,0,0,0,None,0,0,0,0,193,,False,False,True
PRJ_LanceType02_Grap02,ベツレヘイム-X（追撃）　20HIT,/Game/Projectile/wp00137/BP_PrjLanceType02Grap02.uasset,159,12,EnemyAll,Through,Enemy,Enemy,Enemy,Enemy,Through,0,0,0,-1,0,-1,-1,0,0,0,False,False,True,True,True,1,1,1,1,1,1,0,1,0,0,0,1,27,20,0.1,Ignore,Ignore,Ignore,Ignore,Die,True,False,0,0,1,0,True,False,0,0,0,0,0,0,0,0,0,0,0,0,0,0,False,False,0,None,0,0,0,0,0,0,0,0,0,None,0,0,0,0,89,,False,False,False
PRJ_LanceType02_Grap03,ベツレヘイム-X（投げ）,/Game/Projectile/wp00137/BP_PrjLanceType02Grap03.uasset,160,12,EnemyAll,Through,Enemy,Enemy,Enemy,Enemy,Through,0,0,0,-1,0,-1,-1,0,0,0,False,False,True,True,True,1,1,1,1,1,1,0,1,0,0,0,1,0,0,0,Ignore,Ignore,Ignore,Ignore,Die,True,False,0,0,1,0,True,False,0,0,0,0,0,0,0,0,0,0,0,0,0,0,False,False,0,None,0,0,0,0,0,0,0,0,0,None,0,0,0,0,0,,False,False,False
PRJ_BoomerangType02_Bullet01,ブーメラング-Ｆ　　　　　　　　（ブーメラン・SP左）,/Game/Projectile/wp00138/BP_PrjBoomerangType02Bullet01.uasset,161,0,EnemyAll,Through,Enemy,Enemy,Enemy,Enemy,Enemy,11000,30000,0,0,1,-1,-1,0,0,0,True,True,True,True,True,1,1,1,1,0.1,5,0.5,120,0,50000,0,1,10,8,0.03,Ignore,Ignore,Ignore,Ignore,Extra,False,False,0,0,1,0,True,False,45,500,45,500,40,40,0,20,20,0,0,0,0,0,True,True,1.2,None,0,0,0,0,0,0,0,0,0,None,0,0,0,0,0,,False,False,True
PRJ_FireBombType02_Bullet01,バースト・ボム改 (投擲弾・中心),/Game/Projectile/wp00140/BP_PrjFireBombType02Bullet01.uasset,0,0,EnemyAll,Through,Enemy,Enemy,Enemy,Enemy,Enemy,15000,15000,0,-1,0,-1,-1,6000,10,0,False,False,True,True,True,1,1,1,1,0.3,0.5,0.25,60,0,17000,7000,1,0,0,0,Die,Die,Die,Die,StopDie,False,False,0,0,1,0,False,False,0,0,0,0,0,0,0,0,0,0,0,0,0,0,True,True,0,None,0,0,0,0,0,0,0,0,0,None,0,290,290,290,0,,False,False,True
PRJ_FireBombType02_Bullet02,バースト・ボム改 (投擲弾・左右),/Game/Projectile/wp00140/BP_PrjFireBombType02Bullet02.uasset,0,0,EnemyAll,Through,Enemy,Enemy,Enemy,Enemy,Enemy,15000,15000,0,-1,0,-1,-1,5500,13,0,False,False,True,True,True,1,1,1,1,0.3,0.5,0.25,60,0,22000,7000,1,0,0,0,Die,Die,Die,Die,StopDie,False,False,0,0,1,0,False,False,0,0,0,0,0,0,0,0,0,0,0,0,0,0,True,True,0,None,0,0,0,0,0,0,0,0,0,None,0,291,291,291,0,,False,False,True
PRJ_OptionsType02_Etc01,レイスレイヴ-A (装置ﾏﾈｰｼﾞｬｰ),/Game/Projectile/wp00141/BP_PrjOptionsType02Etc01.uasset,0,0,None,Through,Through,Through,Through,Through,Enemy,0,0,0,-1,0,-1,-1,0,0,0,False,False,False,False,False,1,1,1,1,1,1,0,60,0,0,0,1,0,0,0,Ignore,Ignore,Ignore,Die,Stop,True,False,0,0,1,0,False,False,0,0,0,0,0,0,0,0,0,0,0,0,0,0,False,False,0,None,0,0,0,0,0,0,0,0,0,None,0,0,0,0,292,,False,False,True
PRJ_OptionsType03_Etc01,レイスレイヴ-V (装置ﾏﾈｰｼﾞｬｰ),/Game/Projectile/wp00142/BP_PrjOptionsType03Etc01.uasset,0,0,None,Through,Through,Through,Through,Through,Enemy,0,0,0,-1,0,-1,-1,0,0,0,False,False,False,False,False,1,1,1,1,1,1,0,60,0,0,0,1,0,0,0,Ignore,Ignore,Ignore,Die,Stop,True,False,0,0,1,0,False,False,0,0,0,0,0,0,0,0,0,0,0,0,0,0,False,False,0,None,0,0,0,0,0,0,0,0,0,None,0,0,0,0,294,,False,False,True
PRJ_ShotGunType02_Bullet01,レブンパレット2(散弾1回目),/Game/Projectile/wp00143/BP_PrjShotGunType02Bullet01.uasset,163,0,EnemyAll,Through,Enemy,Enemy,Enemy,Enemy,Enemy,88000,32000,0,0.1,0.2,-1,-1,0,0,0,True,True,True,True,True,1,1,1,1,3,3,0,1,0,25000,0,1,0,0,0,Die,Die,Die,Die,Die,False,False,0,0,1,0,True,False,0,0,0,0,0,0,0,0,0,0,0,0,0,0,True,True,1.1,None,0,0,0,0,0,0,0,0,0,None,0,0,0,0,0,,False,False,True
PRJ_ShotGunType02_Bullet02,レブンパレット2(散弾2回目),/Game/Projectile/wp00143/BP_PrjShotGunType02Bullet02.uasset,164,0,EnemyAll,Through,Enemy,Enemy,Enemy,Enemy,Enemy,91200,34400,0,0.1,0.2,-1,-1,0,0,0,True,True,True,True,True,1,1,1,1,3,3,0,1,0,21500,0,1,0,0,0,Die,Die,Die,Die,Die,False,False,0,0,1,0,True,False,0,0,0,0,0,0,0,0,0,0,0,0,0,0,True,True,1.1,None,0,0,0,0,0,0,0,0,0,None,0,0,0,0,0,,False,False,True
PRJ_ShotGunType02_Bullet03,レブンパレット2(散弾3回目),/Game/Projectile/wp00143/BP_PrjShotGunType02Bullet03.uasset,165,0,EnemyAll,Through,Enemy,Enemy,Enemy,Enemy,Enemy,94400,36800,0,0.1,0.2,-1,-1,0,0,0,True,True,True,True,True,1,1,1,1,3,3,0,1,0,23500,0,1,0,0,0,Die,Die,Die,Die,Die,False,False,0,0,1,0,True,False,0,0,0,0,0,0,0,0,0,0,0,0,0,0,True,True,1.1,None,0,0,0,0,0,0,0,0,0,None,0,0,0,0,0,,False,False,True
PRJ_ShotGunType02_Bullet04,レブンパレット2(散弾4回目),/Game/Projectile/wp00143/BP_PrjShotGunType02Bullet04.uasset,166,0,EnemyAll,Through,Enemy,Enemy,Enemy,Enemy,Enemy,97600,39200,0,0.1,0.2,-1,-1,0,0,0,True,True,True,True,True,1,1,1,1,3,3,0,1,0,22500,0,1,0,0,0,Die,Die,Die,Die,Die,False,False,0,0,1,0,True,False,0,0,0,0,0,0,0,0,0,0,0,0,0,0,True,True,1.1,None,0,0,0,0,0,0,0,0,0,None,0,0,0,0,0,,False,False,True
PRJ_ShotGunType02_Bullet05,レブンパレット2(散弾5回目),/Game/Projectile/wp00143/BP_PrjShotGunType02Bullet05.uasset,167,0,EnemyAll,Through,Enemy,Enemy,Enemy,Enemy,Enemy,100800,41600,0,0.1,0.2,-1,-1,0,0,0,True,True,True,True,True,1,1,1,1,3,3,0,1,0,24500,0,1,0,0,0,Die,Die,Die,Die,Die,False,False,0,0,1,0,True,False,0,0,0,0,0,0,0,0,0,0,0,0,0,0,True,True,1.1,None,0,0,0,0,0,0,0,0,0,None,0,0,0,0,0,,False,False,True
PRJ_HandGunType03_Bullet01,新・拳銃,/Game/Projectile/wp00201/BP_PrjHandGunType03Bullet01.uasset,168,0,EnemyAll,Through,Enemy,Enemy,Enemy,Enemy,Enemy,55000,55000,0,-1,0,-1,-1,0,0,0,True,True,True,True,True,1,1,1,1,1,1.25,0.15,1.5,0,50000,0,1,0,0,0,Die,Die,Die,Die,Die,False,False,0,0,1,0,True,False,90,500,90,500,45,45,0,45,45,0,0,2000,0,0,True,True,1.2,None,0,0,0,0,0,0,0,0,0,None,0,0,0,0,0,,False,False,True
PRJ_MultiRocketLauncher_Bullet01,多連装導弾 冥鎚,/Game/Projectile/wp00202/BP_PrjMultiRocketLauncherBullet01.uasse,169,0,EnemyAll,Through,Enemy,Enemy,Enemy,Enemy,Enemy,17000,35000,0,-1,0.4,-1,-1,0,0,0,True,True,True,True,True,1,1,1,1,1,3,0.15,2.5,0,24000,0,1,0,0,0,Die,Die,Die,Die,StopDie,False,False,0,0,1,0,True,False,120,50000,120,50000,45,40,0,30,75,0.4,0,0,0,0,True,True,1.2,None,0,0,0,0,0,-4,4,-3,3,None,0,296,296,296,0,,False,False,True
PRJ_MultiRocketLauncherType02_Bullet01,新・多連装導弾02,/Game/Projectile/wp00203/BP_PrjMultiRocketLauncherType02Bullet01.uasset,170,0,EnemyAll,Through,Enemy,Enemy,Enemy,Enemy,Enemy,5000,14000,0,-1,0.5,-1,-1,0,0,0,True,True,True,True,True,1,1,1,1,1,3,1,5,0,30000,0,1,0,0,0,Die,Die,Die,Die,StopDie,False,False,0,0,1,0,True,False,120,50000,120,50000,90,120,0.1,90,120,0.1,0,0,0,0,True,True,1.2,None,4000,7000,1,2,10000,-1,1,-1,1,None,0,297,297,297,0,,False,True,True
PRJ_RocketLauncherType04_Bullet01,新・単装導弾01,/Game/Projectile/wp00204/BP_PrjRocketLauncherType04Bullet01.uasset,171,0,EnemyAll,Through,Enemy,Enemy,Enemy,Enemy,Enemy,1000,20000,0,-1,0.5,-1,-1,0,0,0,True,True,True,True,True,1,1,1,1,0.6,1.5,0.7,5,0,50000,0,1,0,0,0,Die,Die,Die,Die,StopDie,False,False,0,0,1,0,True,False,120,50000,120,50000,90,90,0,90,90,0,0,0,0,0,True,True,1.5,None,0,0,0,0,0,0,0,0,0,None,0,298,298,298,0,,False,True,True
PRJ_RocketLauncherType05_Bullet01,新・単装導弾02,/Game/Projectile/wp00205/BP_PrjRocketLauncherType05Bullet01.uasset,172,0,EnemyAll,Through,Enemy,Enemy,Enemy,Enemy,Enemy,1000,20000,0,-1,0.5,-1,-1,0,0,0,True,True,True,True,True,1,1,1,1,0.6,1.5,0.7,5,0,50000,0,1,0,0,0,Die,Die,Die,Die,StopDie,False,False,0,0,1,0,True,False,120,50000,120,50000,90,90,0,90,90,0,0,0,0,0,True,True,1.5,None,0,0,0,0,0,0,0,0,0,None,0,299,299,299,0,,False,True,True
PRJ_BeamHandGunType02_Bullet01,マーノムガン-AS,/Game/Projectile/wp00206/BP_PrjBeamHandGunType02Bullet01.uasset,173,0,EnemyAll,Through,Enemy,Enemy,Enemy,Enemy,Enemy,55000,58000,0,-1,0.3,-1,-1,0,0,0,True,True,True,True,True,1,1,1,1,1,1,0,1.5,0,50000,0,1,0,0,0,Ignore,Die,Die,Die,Die,False,False,0,0,1,0,True,False,60,500,60,500,45,45,0,45,45,0,0,2000,0,0,True,True,1.5,None,0,0,0,0,0,0,0,0,0,None,0,0,0,0,0,,False,False,True
PRJ_BeamHandGunType03_Bullet01,新・マーノムガン02,/Game/Projectile/wp00207/BP_PrjBeamHandGunType03Bullet01.uasset,174,0,EnemyAll,Through,Enemy,Enemy,Enemy,Enemy,Enemy,55000,58000,0,-1,0.3,-1,-1,0,0,0,True,True,True,True,True,1,1,1,1,1,1,0,1.5,0,50000,0,1,0,0,0,Ignore,Die,Die,Die,Die,False,False,0,0,1,0,True,False,60,500,60,500,45,45,0,45,45,0,0,2000,0,0,True,True,1.5,None,0,0,0,0,0,0,0,0,0,None,0,0,0,0,0,,False,False,True
PRJ_IceLineBomb_Bullet01,氷結ボンバルド (投擲弾),/Game/Projectile/wp00208/BP_PrjIceLineBombBullet01.uasset,0,0,EnemyAll,Through,Enemy,Enemy,Enemy,Enemy,Enemy,20000,20000,0,-1,0,-1,-1,90000,15,0,False,False,True,True,True,1,1,1,1,0.1,1,0.3,60,0,10000000,0,1,0,0,0,Die,Die,Die,Die,StopDie,False,False,0,0,1,0,False,False,0,0,0,0,0,0,0,0,0,0,0,0,0,0,True,True,0,None,0,0,0,0,0,0,0,0,0,None,0,301,301,301,300,,False,False,True
PRJ_InvincibleShield_Barrier01,無敵デ・ファンス,/Game/Projectile/wp00209/BP_PrjInvincibleShieldBarrier01.uasset,0,0,None,Through,Through,Through,Through,Through,Enemy,0,0,0,-1,0,-1,-1,0,0,0,False,False,False,False,False,1,1,1,1,1,1,0,0,0,0,0,1,0,0,0,Ignore,Ignore,Ignore,Die,Stop,True,False,0,0,1,0,False,False,0,0,0,0,0,0,0,0,0,0,0,0,0,0,False,False,0,None,0,0,0,0,0,0,0,0,0,DirectivityImmortalAllMighty,-1,0,0,0,0,,False,False,False
PRJ_BlizzardGunType02_Bullet01,氷結銃(X7133 右),/Game/Projectile/wp00210/BP_PrjBlizzardGunType02Bullet01.uasset,175,0,EnemyAll,Through,Enemy,Enemy,Enemy,Enemy,Enemy,50000,40000,0,-1,0.5,-1,-1,0,0,0,True,True,True,True,True,1,1,1,1,1,1,0,1.5,0,50000,0,1,0,0,0,Die,Die,Die,Die,StopDie,False,False,0,0,1,0,True,False,30,5000,30,5000,30,30,0,30,30,0,0,2000,0,0,True,True,1.5,None,0,0,0,0,0,0,0,0,0,None,0,0,0,0,0,,False,False,True
PRJ_BlizzardGunType03_Bullet01,氷結放射(x7133 左),/Game/Projectile/wp00211/BP_PrjBlizzardGunType03Bullet01.uasset,176,0,EnemyAll,Through,Enemy,Enemy,Enemy,Enemy,Enemy,57600,38000,0,-1,0.5,-1,-1,0,0,0,False,False,True,True,True,1,1,1,1,1,10,0.25,5,0,21600,0,1,0,0,0,Ignore,Die,Die,Die,StopDie,False,False,0,0,1,0,False,False,0,0,0,0,0,0,0,0,0,0,0,0,0,0,True,True,1.2,None,0,0,0,0,0,-0.8,0.8,-0.2,0.3,None,0,0,0,0,0,,False,False,True
PRJ_OptionsShieldType02_Bullet01,シールドヴァイト(右版),/Game/Projectile/wp00212/BP_PrjOptionsShieldType02Bullet01.uasset,177,0,FriendPlayer,Through,Friend,Through,Through,Through,Enemy,30000,30000,0,-1,0,-1,-1,0,0,0,True,True,True,True,True,1,1,1,1,1,1,0,3,0,50000,0,1,0,0,0,Die,Die,Die,Die,Die,False,False,0,0,1,0,False,True,180,100000,180,100000,180,180,0.5,180,180,0.5,0,0,0,0,True,True,1.2,None,0,0,0,0,0,0,0,0,0,None,0,0,0,0,302,,False,False,True
PRJ_ShotGunType03_Bullet01,ポンプショットガン(散弾1回目),/Game/Projectile/wp00213/BP_PrjShotGunType03Bullet01.uasset,178,0,EnemyAll,Through,Enemy,Enemy,Enemy,Enemy,Enemy,55000,20000,0,0.1,0.1,-1,-1,0,0,0,True,True,True,True,True,1,1,1,1,1.2,1.2,0,1,0,13500,0,1,0,0,0,Die,Die,Die,Die,Die,False,False,0,0,1,0,True,False,0,0,0,0,0,0,0,0,0,0,0,0,0,0,True,True,1.1,None,0,0,0,0,0,0,0,0,0,None,0,0,0,0,0,,False,False,True
PRJ_ShotGunType03_Bullet02,ポンプショットガン(散弾2回目),/Game/Projectile/wp00213/BP_PrjShotGunType03Bullet02.uasset,179,0,EnemyAll,Through,Enemy,Enemy,Enemy,Enemy,Enemy,57000,21500,0,0.1,0.1,-1,-1,0,0,0,True,True,True,True,True,1,1,1,1,1.2,1.2,0,1,0,10000,0,1,0,0,0,Die,Die,Die,Die,Die,False,False,0,0,1,0,True,False,0,0,0,0,0,0,0,0,0,0,0,0,0,0,True,True,1.1,None,0,0,0,0,0,0,0,0,0,None,0,0,0,0,0,,False,False,True
PRJ_ShotGunType03_Bullet03,ポンプショットガン(散弾3回目),/Game/Projectile/wp00213/BP_PrjShotGunType03Bullet03.uasset,180,0,EnemyAll,Through,Enemy,Enemy,Enemy,Enemy,Enemy,59000,23000,0,0.1,0.1,-1,-1,0,0,0,True,True,True,True,True,1,1,1,1,1.2,1.2,0,1,0,12000,0,1,0,0,0,Die,Die,Die,Die,Die,False,False,0,0,1,0,True,False,0,0,0,0,0,0,0,0,0,0,0,0,0,0,True,True,1.1,None,0,0,0,0,0,0,0,0,0,None,0,0,0,0,0,,False,False,True
PRJ_ShotGunType03_Bullet04,ポンプショットガン(散弾4回目),/Game/Projectile/wp00213/BP_PrjShotGunType03Bullet04.uasset,181,0,EnemyAll,Through,Enemy,Enemy,Enemy,Enemy,Enemy,61000,24500,0,0.1,0.1,-1,-1,0,0,0,True,True,True,True,True,1,1,1,1,1.2,1.2,0,1,0,11000,0,1,0,0,0,Die,Die,Die,Die,Die,False,False,0,0,1,0,True,False,0,0,0,0,0,0,0,0,0,0,0,0,0,0,True,True,1.1,None,0,0,0,0,0,0,0,0,0,None,0,0,0,0,0,,False,False,True
PRJ_ShotGunType03_Bullet05,ポンプショットガン(散弾5回目),/Game/Projectile/wp00213/BP_PrjShotGunType03Bullet05.uasset,182,0,EnemyAll,Through,Enemy,Enemy,Enemy,Enemy,Enemy,63000,26000,0,0.1,0.1,-1,-1,0,0,0,True,True,True,True,True,1,1,1,1,1.2,1.2,0,1,0,13000,0,1,0,0,0,Die,Die,Die,Die,Die,False,False,0,0,1,0,True,False,0,0,0,0,0,0,0,0,0,0,0,0,0,0,True,True,1.1,None,0,0,0,0,0,0,0,0,0,None,0,0,0,0,0,,False,False,True
PRJ_BigShield_Barrier01,巨大デ・ファンス,/Game/Projectile/wp00214/BP_PrjBigShieldBarrier01.uasset,0,0,None,Through,Through,Through,Through,Through,Enemy,0,0,0,-1,0,-1,-1,0,0,0,False,False,False,False,False,1,1,1,1,1,1,0,0,0,0,0,1,0,0,0,Ignore,Ignore,Ignore,Die,Stop,True,False,0,0,1,0,False,False,0,0,0,0,0,0,0,0,0,0,0,0,0,0,False,False,0,None,0,0,0,0,0,0,0,0,0,DirectivityAllMighty,500,0,0,0,0,,False,False,False
PRJ_BeamRifleType05_Bullet01,3点射グレイン,/Game/Projectile/wp00215/BP_PrjBeamRifleType05Bullet01.uasset,183,0,EnemyAll,Through,Enemy,Enemy,Enemy,Enemy,Enemy,63000,68000,0.3,-1,0.3,-1,-1,0,0,0,True,True,True,True,True,1,1,1,1,1,1,0,2,0,50000,0,1,0,0,0,Ignore,Die,Die,Die,Die,False,False,0,0,1,0,True,False,45,500,45,500,32,32,0,32,32,0,0,2000,0,0,True,True,2,None,0,0,0,0,0,0,0,0,0,None,0,0,0,0,0,,False,False,True
PRJ_SentryGunType04_Bullet01,ターレットGT (投擲弾),/Game/Projectile/wp00216/BP_PrjSentryGunType04Bullet01.uasset,0,0,None,Through,Through,Through,All,Through,Enemy,15000,15000,0,-1,0,-1,-1,10000,20,0,False,False,True,True,True,1,1,1,1,1,1,0,60,0,7500,15000,1,0,0,0,Die,Die,Die,Die,StopDie,False,False,0,0,1,0,False,False,0,0,0,0,0,0,0,0,0,0,0,0,0,0,True,True,0,None,0,0,0,0,0,0,0,0,0,None,0,303,303,303,0,,False,False,True
PRJ_LaserType02_Bullet01,ラゼルⅡ,/Game/Projectile/wp00217/BP_PrjLaserType02Bullet01.uasset,184,0,EnemyAll,Through,Enemy,Enemy,Enemy,Enemy,Enemy,75000,75000,0,-1,0,-1,-1,0,0,0,False,False,True,True,True,1,1,1,1,1,1,0,100,0,50000,0,1,50,70,0.06,Ignore,Ignore,Ignore,Ignore,Extra,False,False,0,0,1,0,False,False,0,0,0,0,0,0,0,0,0,0,0,0,0,0,True,True,1.2,None,0,0,0,0,0,0,0,0,0,None,0,0,0,0,0,,False,False,True
PRJ_TrapBomb_Bullet01,センサーボム (投擲弾),/Game/Projectile/wp00218/BP_PrjTrapBombBullet01.uasset,0,0,EnemyAll,Through,Enemy,Enemy,Enemy,Enemy,Enemy,25000,25000,0,-1,0,-1,-1,16000,15,0,False,False,True,True,True,1,1,1,1,0.2,1.6,0.4,60,0,18000,0,1,0,0,0,Die,Die,Die,Die,StopDie,False,False,0,0,1,0,False,False,0,0,0,0,0,0,0,0,0,0,0,0,0,0,True,True,0,None,0,0,0,0,0,0,0,0,0,None,0,305,305,305,0,,False,False,True
PRJ_HandGatlingGun_Bullet01,ハンドガトリングガン,/Game/Projectile/wp00219/BP_PrjHandGatlingGunBullet01.uasset,185,0,EnemyAll,Through,Enemy,Enemy,Enemy,Enemy,Enemy,70000,70000,0,-1,0,-1,-1,0,0,0,True,True,True,True,True,1,1,1,1,1,1,0,2,0,55000,0,1,0,0,0,Die,Die,Die,Die,Die,False,False,0,0,1,0,True,False,20,1000,20,1000,20,20,0,20,20,0,0,1500,0,0,True,True,3,None,0,0,0,0,0,-0.5,0.5,-0.5,0.5,None,0,0,0,0,0,,False,False,True
PRJ_HandGatlingGun_Bullet02,ハンドガトリングガン　　　のけぞりなし,/Game/Projectile/wp00219/BP_PrjHandGatlingGunBullet02.uasset,186,0,EnemyAll,Through,Enemy,Enemy,Enemy,Enemy,Enemy,70000,70000,0,-1,0,-1,-1,0,0,0,True,True,True,True,True,1,1,1,1,1,1,0,2,0,55000,0,1,0,0,0,Die,Die,Die,Die,Die,False,False,0,0,1,0,True,False,20,1000,20,1000,20,20,0,20,20,0,0,1500,0,0,True,True,3,None,0,0,0,0,0,-0.5,0.5,-0.5,0.5,None,0,0,0,0,0,,False,False,True
PRJ_HandGunType04_Bullet01,2on2ハンドガン,/Game/Projectile/wp00220/BP_PrjHandGunType04Bullet01.uasset,187,0,EnemyAll,Through,Enemy,Enemy,Enemy,Enemy,Enemy,70000,70000,0,-1,0,-1,-1,0,0,0,True,True,True,True,True,1,1,1,1,1,2,0.15,1.5,0,50000,0,1,0,0,0,Die,Die,Die,Die,Die,False,False,0,0,1,0,True,False,90,500,90,500,45,45,0,45,45,0,0,2000,0,0,True,True,1.2,None,0,0,0,0,0,0,0,0,0,None,0,0,0,0,0,,False,False,True
Coop_PRJ,以下連携弾,,0,0,None,Through,Through,Through,Through,Through,Enemy,0,0,0,-1,0,-1,-1,0,0,0,False,False,False,False,False,1,1,1,1,1,1,0,0,0,0,0,1,0,0,0,Ignore,Ignore,Ignore,Ignore,Die,False,False,0,0,1,0,True,False,0,0,0,0,0,0,0,0,0,0,0,0,0,0,True,True,1.2,None,0,0,0,0,0,0,0,0,0,None,0,0,0,0,0,,False,False,False
Coop_PRJ_PulseGun_Coop01,パルスガン(爆発),/Game/Projectile/wp00003/BP_PrjPulseGunCoop01.uasset,189,0,EnemyAll,Through,Enemy,Enemy,Enemy,Enemy,Enemy,0,0,0,-1,0,-1,-1,0,0,0,False,False,True,True,True,1,1,1,500,0.001,3,0.2,0.25,0,0,0,1,0,0,0,Ignore,Ignore,Die,Ignore,Stop,False,False,0,0,1,0,False,False,0,0,0,0,0,0,0,0,0,0,0,0,0,0,False,False,1.2,None,0,0,0,0,0,0,0,0,0,None,0,0,0,0,0,,False,False,False
Coop_PRJ_RocketLauncher_Coop01,バースト・ボム改 E200),/Game/Projectile/wp00005/BP_PrjRocketLauncherCoop01.uasset,190,0,EnemyAll,Through,Enemy,Enemy,Enemy,Enemy,Enemy,0,0,0,-1,0,-1,-1,0,0,0,False,False,True,True,True,1,1,1,500,0.001,3,0.2,0.25,0,0,0,1,0,0,0,Ignore,Ignore,Die,Ignore,Stop,False,False,0,0,1,0,False,False,0,0,0,0,0,0,0,0,0,0,0,0,0,0,False,False,1.2,None,0,0,0,0,0,0,0,0,0,None,0,0,0,0,0,,False,False,False
Coop_PRJ_MultipleGrenadeLauncher_Coop01,多連装導弾 大蛇　(爆発)　　（マルチランチャー・AS）,/Game/Projectile/wp00015/BP_PrjMultipleGrenadeLauncherCoop01.uasset,192,0,EnemyAll,Through,Enemy,Enemy,Enemy,Enemy,Enemy,0,0,0,-1,0,-1,-1,0,0,0,False,False,False,False,False,1,1,1,500,0.001,1.5,0.2,0.25,0,0,0,1,0,0,0,Ignore,Ignore,Ignore,Ignore,Stop,False,False,0,0,1,0,False,False,0,0,0,0,0,0,0,0,0,0,0,0,0,0,False,False,0,None,0,0,0,0,0,0,0,0,0,None,0,0,0,0,0,,False,False,False
Coop_PRJ_IceGun_Coop03,アイスランガー （氷塊）　　　　　　　（氷結銃・SP）,/Game/Projectile/wp00025/BP_PrjIceGunCoop03.uasset,0,0,None,Through,Through,Through,Through,Through,Enemy,0,0,0,-1,0,-1,-1,0,0,0,False,False,False,False,False,1,1,1,500,0.001,3,2,10,0,0,0,1,0,0,0,Ignore,Ignore,Ignore,Ignore,Stop,False,False,0,0,1,0,True,False,0,0,0,0,0,0,0,0,0,0,0,0,0,0,False,False,0,None,0,0,0,0,0,0,0,0,0,None,700,0,0,0,0,,True,False,False
Coop_PRJ_RocketLauncherType02_Coop01,単装導弾 堕撃　(爆発)　（ロケットランチャー・AS左）,/Game/Projectile/wp00028/BP_PrjRocketLauncherType02Coop01.uasset,193,0,EnemyAll,Through,Enemy,Enemy,Enemy,Enemy,Enemy,0,0,0,-1,0,-1,-1,0,0,0,False,False,False,False,False,1,1,1,500,0.001,3,0.2,0.25,0,0,0,1,0,0,0,Ignore,Ignore,Ignore,Ignore,Stop,False,False,0,0,1,0,False,False,0,0,0,0,0,0,0,0,0,0,0,0,0,0,False,False,0,None,0,0,0,0,0,0,0,0,0,None,0,0,0,0,0,,False,False,False
Coop_PRJ_PlasmaGun_Coop01,エスプロジオ　(爆発)　　　　　（プラズマガン・AS）,/Game/Projectile/wp00030/BP_PrjPlasmaGunCoop01.uasset,194,0,EnemyAll,Through,Enemy,Enemy,Enemy,Enemy,Enemy,0,0,0,-1,0,-1,-1,0,0,0,False,False,False,False,False,1,1,1,500,0.001,2.8,0.2,0.7,0,0,0,1,7,7,0.09,Ignore,Ignore,Ignore,Ignore,Stop,False,False,0,0,1,0,False,False,0,0,0,0,0,0,0,0,0,0,0,0,0,0,False,False,0,None,0,0,0,0,0,0,0,0,0,None,0,0,0,0,0,,False,False,False
Coop_PRJ_BothHandsRocketLauncher_Coop01,単装導弾 双撃 (右)(爆発)　　　（両手ロケラン・AS）,/Game/Projectile/wp00031/BP_PrjBothHandsRocketLauncherCoop01.uasset,195,0,EnemyAll,Through,Enemy,Enemy,Enemy,Enemy,Enemy,0,0,0,-1,0,-1,-1,0,0,0,False,False,False,False,False,1,1,1,500,0.001,4,0.3,0.4,0,0,0,1,0,0,0,Ignore,Ignore,Ignore,Ignore,Stop,False,True,0,0,1,0,False,False,0,0,0,0,0,0,0,0,0,0,0,0,0,0,False,False,0,None,0,0,0,0,0,0,0,0,0,None,0,0,0,0,0,,False,False,False
Coop_PRJ_BothHandsRocketLauncher_Coop02,単装導弾 双撃 (左)(爆発),/Game/Projectile/wp00031/BP_PrjBothHandsRocketLauncherCoop02.uasset,196,0,EnemyAll,Through,Enemy,Enemy,Enemy,Enemy,Enemy,0,0,0,-1,0,-1,-1,0,0,0,False,False,False,False,False,1,1,1,500,0.001,4,0.3,0.4,0,0,0,1,0,0,0,Ignore,Ignore,Ignore,Ignore,Stop,False,True,0,0,1,0,False,False,0,0,0,0,0,0,0,0,0,0,0,0,0,0,False,False,0,None,0,0,0,0,0,0,0,0,0,None,0,0,0,0,0,,False,False,False
Coop_PRJ_GatlingGunAndRocketLauncher_Coop01,デモリッシュ (爆発)　　　　（ガトリングランチャー）,/Game/Projectile/wp00032/BP_PrjGatlingGunAndRocketLauncherCoop01.uasset,197,0,EnemyAll,Through,Enemy,Enemy,Enemy,Enemy,Enemy,0,0,0,-1,0,-1,-1,0,0,0,False,False,False,False,False,1,1,1,500,0.001,1.5,0.2,0.25,0,0,0,1,0,0,0,Ignore,Ignore,Ignore,Ignore,Stop,False,False,0,0,1,0,False,False,0,0,0,0,0,0,0,0,0,0,0,0,0,0,False,False,0,None,0,0,0,0,0,0,0,0,0,None,0,0,0,0,0,,False,False,False
Coop_PRJ_Cannon_Coop01,爆撃砲 龍星　(直進) (爆発)　　　　　（迫撃砲・AS）,/Game/Projectile/wp00033/BP_PrjCannonCoop01.uasset,198,0,EnemyAll,Through,Enemy,Enemy,Enemy,Enemy,Enemy,0,0,0,-1,0,-1,-1,0,0,0,False,False,False,False,False,1,1,1,500,0.001,5.2,0.2,0.6,0,0,0,1,0,0,0,Ignore,Ignore,Ignore,Ignore,Stop,False,True,0,0,1,0,False,False,0,0,0,0,0,0,0,0,0,0,0,0,0,0,False,False,0,None,0,0,0,0,0,0,0,0,0,None,0,0,0,0,0,,False,False,False
Coop_PRJ_Cannon_Coop02,爆撃砲 龍星　(曲射) (爆発),/Game/Projectile/wp00033/BP_PrjCannonCoop02.uasset,199,0,EnemyAll,Through,Enemy,Enemy,Enemy,Enemy,Enemy,0,0,0,-1,0,-1,-1,0,0,0,False,False,False,False,False,1,1,1,500,0.001,13,0.2,0.6,0,0,0,1,0,0,0,Ignore,Ignore,Ignore,Ignore,Stop,False,True,0,0,1,0,False,False,0,0,0,0,0,0,0,0,0,0,0,0,0,0,False,False,0,None,0,0,0,0,0,0,0,0,0,None,0,0,0,0,0,,False,False,False
Coop_PRJ_TwinBastardRifle_Coop01,プロトンブラスター (爆発)　8HIT　　（爆風レーザー）,/Game/Projectile/wp00034/BP_PrjTwinBastardRifleCoop01.uasset,200,0,EnemyAll,Through,Enemy,Enemy,Enemy,Enemy,Enemy,0,0,0,-1,0,-1,-1,0,0,0,False,False,False,False,False,1,1,1,500,1,13.5,0.6,1.2,0,0,0,1,8,1,0.1,Ignore,Ignore,Ignore,Ignore,Stop,False,True,0,0,1,0,False,False,0,0,0,0,0,0,0,0,0,0,0,0,0,0,False,False,0,None,0,0,0,0,0,0,0,0,0,None,0,0,0,0,0,,False,False,False
Coop_PRJ_TwinBastardRifle_Coop02,プロトンブラスター (空中爆発),/Game/Projectile/wp00034/BP_PrjTwinBastardRifleCoop02.uasset,201,0,EnemyAll,Through,Enemy,Enemy,Enemy,Enemy,Enemy,0,0,0,-1,0,-1,-1,0,0,0,False,False,False,False,False,1,1,1,500,1,10,0.6,1.2,0,0,0,1,8,1,0.1,Ignore,Ignore,Ignore,Ignore,Stop,False,True,0,0,1,0,False,False,0,0,0,0,0,0,0,0,0,0,0,0,0,0,False,False,0,None,0,0,0,0,0,0,0,0,0,None,0,0,0,0,0,,False,False,False
Coop_PRJ_SatelliteMortar_Etc01,エステジオン・ボム (発射台)　　　（衛星爆撃砲・SP）,/Game/Projectile/wp00038/BP_PrjSatelliteMortarEtc01.uasset,0,0,None,Through,Through,Through,Through,Through,Enemy,0,0,0,-1,0,-1,-1,0,0,0,False,False,False,False,False,1,1,1,1,1,1,0,100,0,0,0,1,0,0,0,Ignore,Ignore,Ignore,Ignore,Stop,False,False,0,0,1,0,False,False,0,0,0,0,0,0,0,0,0,0,0,0,0,0,True,True,0,None,0,0,0,0,0,0,0,0,0,None,0,0,0,0,245,,False,False,True
Coop_PRJ_SatelliteMortar_Bullet01,エステジオン・ボム (弾),/Game/Projectile/wp00038/BP_PrjSatelliteMortarBullet01.uasset,202,0,EnemyAll,Through,Enemy,Enemy,Enemy,Enemy,Enemy,15000,40000,0,0.4,0,-1,-1,0,0,0,False,False,True,True,True,1,1,1,1,1,1,0,30,0,1000000,0,1,0,0,0,Die,Die,Die,Die,StopDie,False,False,0,0,1,0,False,False,0,0,0,0,0,0,0,0,0,0,0,0,0,0,False,False,0,None,0,0,0,0,0,0,0,0,0,None,0,246,246,246,0,,False,False,True
Coop_PRJ_SatelliteMortar_Coop01,エステジオン・ボム (爆発),/Game/Projectile/wp00038/BP_PrjSatelliteMortarCoop01.uasset,203,0,EnemyAll,Through,Enemy,Enemy,Enemy,Enemy,Enemy,0,0,0,-1,0,-1,-1,0,0,0,False,False,False,False,False,1,1,1,500,0.001,10,0.2,0.25,0,0,0,1,0,0,0,Ignore,Ignore,Ignore,Ignore,Stop,False,True,0,0,1,0,False,False,0,0,0,0,0,0,0,0,0,0,0,0,0,0,False,False,0,None,0,0,0,0,0,0,0,0,0,None,0,0,0,0,0,,False,False,False
Coop_PRJ_HarpoonGun_Coop01,ハープーン・エギユ (爆発)　　　　（ハープーン・SP）,/Game/Projectile/wp00040/BP_PrjHarpoonGunCoop01.uasset,204,0,EnemyAll,Through,Enemy,Enemy,Enemy,Enemy,Enemy,0,0,0,-1,0,-1,-1,0,0,0,False,False,False,False,False,1,1,1,500,0.001,3.3,0.2,0.6,0,0,0,1,0,0,0,Ignore,Ignore,Ignore,Ignore,Stop,False,False,0,0,1,0,False,False,0,0,0,0,0,0,0,0,0,0,0,0,0,0,False,False,0,None,0,0,0,0,0,0,0,0,0,None,0,0,0,0,0,,False,False,False
Coop_PRJ_SatelliteLaser_Etc01,エステジオン・レイ (発射台)　　（衛星レーザー・SP）,/Game/Projectile/wp00045/BP_PrjSatelliteLaserEtc01.uasset,0,0,None,Through,Through,Through,Through,Through,Enemy,0,0,0,-1,0,-1,-1,0,0,0,False,False,False,False,False,1,1,1,1,1,1,0,100,0,0,0,1,0,0,0,Ignore,Ignore,Ignore,Ignore,Stop,False,False,0,0,1,0,False,False,0,0,0,0,0,0,0,0,0,0,0,0,0,0,True,True,0,None,0,0,0,0,0,0,0,0,0,None,0,0,0,0,249,,False,False,True
Coop_PRJ_SatelliteLaser_Coop01,エステジオン・レイ (火柱),/Game/Projectile/wp00045/BP_PrjSatelliteLaserCoop01.uasset,206,0,EnemyAll,Through,Enemy,Enemy,Enemy,Enemy,Enemy,0,0,0,-1,0,-1,-1,0,0,0,False,False,False,False,False,1,1,1,1,1,3,0.1,1,0,0,0,1,0,0,0,Ignore,Ignore,Ignore,Ignore,Stop,False,True,0,0,1,0,True,False,0,0,0,0,0,0,0,0,0,0,0,0,0,0,False,False,0,None,0,0,0,0,0,0,0,0,0,None,0,0,0,0,0,,False,False,False
Coop_PRJ_TacticalNuclear_Coop01,爆撃砲 加具土 (爆発)　　　　　　　　　　（核・AS）,/Game/Projectile/wp00046/BP_PrjTacticalNuclearCoop01.uasset,207,0,EnemyAll,Hit,All,Enemy,Enemy,Enemy,Enemy,0,0,0,-1,0,-1,-1,0,0,0,False,False,False,False,False,1,1,1,420,0.001,35,2,3,0,0,0,1,30,30,0.1,Ignore,Ignore,Ignore,Ignore,Stop,False,True,0,0,1,0,False,False,0,0,0,0,0,0,0,0,0,0,0,0,0,0,False,False,0,None,0,0,0,0,0,0,0,0,0,None,0,0,0,0,0,,False,False,False
Coop_PRJ_BoundBubble_Coop01,跳射爆弾 泡沫 (爆発)　　　　（反射シャボン玉弾・SP）,/Game/Projectile/wp00048/BP_PrjBoundBubbleCoop01.uasset,208,0,EnemyAll,Through,Through,Through,Through,Through,Enemy,0,0,0,-1,0,-1,-1,0,0,0,False,False,False,False,False,1,1,1,500,0.001,7,0.1,0.25,0,0,0,1,0,0,0,Ignore,Ignore,Ignore,Ignore,Stop,False,False,0,0,1,0,False,False,0,0,0,0,0,0,0,0,0,0,0,0,0,0,False,False,0,None,0,0,0,0,0,0,0,0,0,None,0,0,0,0,0,,False,False,False
Coop_PRJ_MobHijackJammer_Coop01,モブ寝返りジャマー(爆発),/Game/Projectile/wp00050/BP_PrjMobHijackJammerCoop01.uasset,209,0,EnemyMob,Through,Through,Enemy,Through,Through,Enemy,0,0,0,-1,0,-1,-1,0,0,0,False,False,False,True,False,1,1,1,500,0.001,10,0.2,8,0,0,0,1,0,0,0,Ignore,Ignore,Die,Ignore,Stop,False,False,0,0,1,0,False,False,0,0,0,0,0,0,0,0,0,0,0,0,0,0,False,False,1.2,None,0,0,0,0,0,0,0,0,0,None,0,0,0,0,0,,False,False,False
Coop_PRJ_Hammer_Coop01,ブラックスミス (爆発）　　　（ハンマーキャノン・VG）,/Game/Projectile/wp00069/BP_PrjHammerCoop01.uasset,210,0,EnemyAll,Through,Enemy,Enemy,Enemy,Enemy,Enemy,0,0,0,-1,0,-1,-1,0,0,0,False,False,False,False,False,1,1,1,500,0.001,6.5,0.2,2,0,0,0,1,3,45,0.1,Ignore,Ignore,Ignore,Ignore,Stop,False,True,0,0,1,0,False,False,0,0,0,0,0,0,0,0,0,0,0,0,0,0,False,False,0,None,0,0,0,0,0,0,0,0,0,None,0,0,0,0,0,,True,False,False
Coop_PRJ_SentryGun_Character01,ターレットBR (発射台)　　　　　　（ターレット・SP）,/Game/Projectile/wp00071/BP_PrjSentryGunCharacter01.uasset,0,0,None,Through,Through,Through,Through,Through,Enemy,0,0,0,-1,0,-1,-1,0,0,0,True,True,True,True,True,1,1,1,100,1,1,0,11,0,0,0,1,0,0,0,Ignore,Ignore,Ignore,Ignore,Die,False,False,0,0,1,0,True,False,0,0,0,0,0,0,0,0,0,0,0,0,0,0,False,False,0,None,0,0,0,0,0,0,0,0,0,None,300,0,0,0,255,,True,False,False
Coop_PRJ_SentryGun_Coop01,ターレットBR (弾),/Game/Projectile/wp00071/BP_PrjSentryGunCoop01.uasset,211,0,EnemyAll,Through,Enemy,Enemy,Enemy,Enemy,Enemy,40000,40000,0,-1,0,-1,-1,0,0,0,True,True,True,True,True,1,1,1,1,1,1,0,0.8,0,20000,0,1,0,0,0,Ignore,Die,Die,Die,Die,False,False,0,0,1,0,True,False,90,500,90,500,45,45,0,45,45,0,0,0,0,0,False,False,0,None,0,0,0,0,0,0,0,0,0,None,0,0,0,0,0,,False,False,True
Coop_PRJ_Grenade_Coop01,グルナード (爆発)　　　　　　　　　（手榴弾・AS左）,/Game/Projectile/wp00072/BP_PrjGrenadeCoop01.uasset,212,0,EnemyAll,Through,Enemy,Enemy,Enemy,Enemy,Enemy,0,0,0,-1,0,-1,-1,0,0,0,False,False,False,False,False,1,1,1,400,0.001,7.8,0.2,0.6,0,0,0,1,0,0,0,Ignore,Ignore,Ignore,Ignore,Stop,False,True,0,0,1,0,False,False,0,0,0,0,0,0,0,0,0,0,0,0,0,0,False,False,0,None,0,0,0,0,0,0,0,0,0,None,0,0,0,0,0,,False,False,False
Coop_PRJ_3WayGrenade_Coop01,手榴弾:3Way(爆発),/Game/Projectile/wp00073/BP_Prj3WayGrenadeCoop01.uasset,213,0,EnemyAll,Through,Enemy,Enemy,Enemy,Enemy,Enemy,0,0,0,-1,0,-1,-1,0,0,0,False,False,False,False,False,1,1,1,1,1,1,0,1,0,0,0,1,0,0,0,Ignore,Ignore,Die,Ignore,Stop,False,False,0,0,1,0,True,False,0,0,0,0,0,0,0,0,0,0,0,0,0,0,False,False,1.2,None,0,0,0,0,0,0,0,0,0,None,0,0,0,0,0,,False,False,False
Coop_PRJ_3WayGrenade_Etc01,手榴弾:3Way(爆発生成弾),/Game/Projectile/wp00073/BP_Prj3WayGrenadeEtc01.uasset,0,0,None,Through,Through,Through,Through,Through,Enemy,5000,5000,0,-1,0,-1,-1,0,0,0,False,False,False,True,False,1,1,1,1,1,1,0,2,0,25000,0,1,0,0,0,Ignore,Straight,Die,Ignore,Stop,False,False,0,0,1,0,True,False,0,0,0,0,0,0,0,0,0,0,0,0,0,0,False,False,1.2,None,0,0,0,0,0,0,0,0,0,None,0,0,0,0,257,,False,False,False
Coop_PRJ_HealArea_Etc01,ソワン・ヒーリア　　　　　　　（ヒールエリア・SP左）,/Game/Projectile/wp00074/BP_PrjHealAreaEtc01.uasset,214,0,OwnerFriend,Hit,Friend,Through,Through,Through,Through,0,0,0,-1,0,-1,-1,0,0,0,False,False,False,True,False,1,1,1,7000,1.2,1.2,0.3,10,0,0,0,1,9999,0,0.2,Ignore,Ignore,Ignore,Ignore,Stop,False,True,0,0,1,0,False,False,0,0,0,0,0,0,0,0,0,0,0,0,0,0,False,False,0,None,0,0,0,0,0,0,0,0,0,None,0,0,0,0,0,,True,False,False
Coop_PRJ_LineBomb_Coop01,ボンバルド (爆発)　　　　　　　（ラインボム・AS左）,/Game/Projectile/wp00076/BP_PrjLineBombCoop01.uasset,215,0,EnemyAll,Through,Enemy,Enemy,Enemy,Enemy,Enemy,0,0,0,-1,0,-1,-1,0,0,0,False,False,False,False,False,1,1,1,1,0.1,4.3,0.3,0.5,0,0,0,1,20,0,0.1,Ignore,Ignore,Ignore,Ignore,Stop,False,False,0,0,1,0,True,False,0,0,0,0,0,0,0,0,0,0,0,0,0,0,False,False,0,None,0,0,0,0,0,0,0,0,0,None,0,0,0,0,0,,False,False,False
Coop_PRJ_LineBomb_Etc01,ボンバルド (爆発生成弾),/Game/Projectile/wp00076/BP_PrjLineBombEtc01.uasset,0,0,None,Through,Through,Through,Through,Through,Enemy,10000,10000,0,-1,0,-1,-1,0,0,0,False,False,False,True,False,1,1,1,1,1,1,0,4,0,45000,0,1,0,0,0,Ignore,Straight,Straight,Stop,Stop,False,False,0,0,1,0,True,False,120,50000,120,50000,0,0,0,45,45,0,0,0,0,0,False,False,0,None,0,0,0,0,0,0,0,0,0,None,0,0,0,0,260,,False,False,False
Coop_PRJ_ShieldArea_Barrier01,デ・ファーリア　　　　　　　（シールドエリア・SP左）,/Game/Projectile/wp00077/BP_PrjShieldAreaBarrier01.uasset,0,0,None,Through,Through,Through,Through,Through,Enemy,0,0,0,-1,0,-1,-1,0,0,0,False,False,False,False,False,1,1,1,500,0.001,10,0.25,7,0,0,0,1,0,0,0,Ignore,Ignore,Ignore,Ignore,Stop,False,False,0,0,1,0,False,False,0,0,0,0,0,0,0,0,0,0,0,0,0,0,False,False,0,None,0,0,0,0,0,0,0,0,0,AllMighty,1500,0,0,0,0,,True,False,False
Coop_PRJ_Jammer_Coop01,ジャメル (爆発)　　　　　　　　　（ジャマー・SP左）,/Game/Projectile/wp00078/BP_PrjJammerCoop01.uasset,216,0,EnemyPlayer,Through,Enemy,Through,Through,Through,Through,0,0,0,-1,0,-1,-1,0,0,0,False,False,False,False,False,1,1,1,500,0.001,10,0.5,4.5,0,0,0,1,99,99,0.5,Ignore,Ignore,Ignore,Ignore,Stop,False,True,0,0,1,0,False,False,0,0,0,0,0,0,0,0,0,0,0,0,0,0,False,False,0,None,0,0,0,0,0,0,0,0,0,None,0,0,0,0,0,,True,False,False
Coop_PRJ_FireBomb_Coop01,バースト・ボム (爆発)　　　　　　（火炎爆弾・VG左）,/Game/Projectile/wp00080/BP_PrjFireBombCoop01.uasset,218,0,EnemyAll,Through,Enemy,Enemy,Enemy,Enemy,Enemy,0,0,0,-1,0,-1,-1,0,0,0,False,False,False,False,False,1,1,1,500,0.001,6.5,0.2,2,0,0,0,1,3,45,0.1,Ignore,Ignore,Ignore,Ignore,Stop,False,True,0,0,1,0,False,False,0,0,0,0,0,0,0,0,0,0,0,0,0,0,False,False,0,None,0,0,0,0,0,0,0,0,0,None,0,0,0,0,0,,True,False,False
Coop_PRJ_GravityField_Etc01,グラビティフィールド,/Game/Projectile/wp00081/BP_PrjGravityFieldEtc01.uasset,219,0,EnemyPlayer,Through,Enemy,Through,Through,Through,Enemy,0,0,0,-1,0,-1,-1,0,0,0,False,False,False,False,False,1,1,1,7000,1,1,0,10,0,0,0,1,9999,0,1,Ignore,Ignore,Die,Ignore,Stop,False,False,0,0,1,0,False,False,0,0,0,0,0,0,0,0,0,0,0,0,0,0,False,False,1.2,None,0,0,0,0,0,0,0,0,0,None,0,0,0,0,0,,False,False,False
Coop_PRJ_Decoy_Character01,ドール (デコイ)　　　　　　　　　　　（デコイ・SP）,/Game/Projectile/wp00082/BP_PrjDecoyCharacter01.uasset,0,0,None,Through,Through,Through,Through,Through,Enemy,0,0,0,-1,0,-1,-1,0,0,0,True,True,True,True,True,1,1,1,500,0.001,2,0.5,10,0,0,0,1,0,0,0,Ignore,Ignore,Ignore,Ignore,Die,False,False,0,0,1,0,False,False,0,0,0,0,0,0,0,0,0,0,0,0,0,0,False,False,0,None,0,0,0,0,0,0,0,0,0,None,500,0,0,0,0,,True,False,False
Coop_PRJ_Mine_Coop01,【設置型】機雷(爆発),/Game/Projectile/wp00083/BP_PrjMineCoop01.uasset,217,0,EnemyAll,Through,Enemy,Enemy,Enemy,Enemy,Enemy,0,0,0,-1,0,-1,-1,0,0,0,False,False,True,True,True,1,1,1,500,0.001,5,0.2,0.25,0,0,0,1,0,0,0,Ignore,Ignore,Die,Ignore,Stop,False,False,0,0,1,0,False,False,0,0,0,0,0,0,0,0,0,0,0,0,0,0,False,False,1.2,None,0,0,0,0,0,0,0,0,0,None,0,0,0,0,0,,False,False,False
Coop_PRJ_TrapBeamNet_Coop01,エレクトリット　　　　　　　　（ビームネット・SP左）,/Game/Projectile/wp00085/BP_PrjTrapBeamNetCoop01.uasset,220,0,EnemyPlayer,Through,Enemy,Through,Through,Through,Through,0,0,0,-1,0,-1,-1,0,0,0,False,False,False,True,False,1,1,1,500,0.5,5,0.3,7.2,0,0,0,1,0,0,0,Ignore,Die,Ignore,Ignore,Stop,False,True,0,0,1,0,True,False,0,0,0,0,0,0,0,0,0,0,0,0,0,0,False,False,0,None,0,0,0,0,0,0,0,0,0,None,0,0,0,0,0,,True,False,False
Coop_PRJ_Drone_Coop01,ガレオン (弾)　　　　　　　　　　　（ドローン・SP）,/Game/Projectile/wp00087/BP_PrjDroneCoop01.uasset,221,0,EnemyAll,Through,Enemy,Enemy,Enemy,Enemy,Enemy,15000,25000,0,-1,0.2,-1,-1,0,0,0,True,True,True,True,True,1,1,1,1,1,1,0,2,0,30000,0,1,0,0,0,Ignore,Die,Die,Die,Die,False,False,0,0,1,0,True,False,30,500,90,500,45,45,0,45,45,0,0,0,0,0,False,False,0,None,0,0,0,0,0,0,0,0,0,None,0,0,0,0,0,,False,False,True
Coop_PRJ_TornadoArea_Coop01,テンペスト　　　　　　　　　　　　　　（竜巻・SP）,/Game/Projectile/wp00088/BP_PrjTornadoAreaCoop01.uasset,222,0,EnemyAll,Through,Enemy,Enemy,Enemy,Enemy,Enemy,0,0,0,-1,0,-1,-1,0,0,0,False,False,False,False,False,1,1,1,500,1,1,0,5,0,0,0,1,100,100,0.5,Ignore,Ignore,Ignore,Ignore,Stop,False,True,0,0,1,0,False,False,0,0,0,0,0,0,0,0,0,0,0,0,0,0,False,False,0,None,0,0,0,0,0,0,0,0,0,None,0,0,0,0,0,,True,False,False
Coop_PRJ_Smoke_Coop01,煙幕(爆発),/Game/Projectile/wp00090/BP_PrjSmokeCoop01.uasset,0,0,EnemyPlayer,Through,Enemy,Through,Through,Through,Enemy,0,0,0,-1,0,-1,-1,0,0,0,False,False,False,True,False,1,1,1,500,0.001,10,0.2,8,0,0,0,1,0,0,0,Ignore,Ignore,Die,Ignore,Stop,False,False,0,0,1,0,False,False,0,0,0,0,0,0,0,0,0,0,0,0,0,0,False,False,1.2,None,0,0,0,0,0,0,0,0,0,None,0,0,0,0,0,,False,False,False
Coop_PRJ_DecoyType02_Character01,【設置型】中立デコイ(デコイ),/Game/Projectile/wp00095/BP_PrjDecoyType02Character01.uasset,0,0,None,Through,Through,Through,Through,Through,Enemy,0,0,0,-1,0,-1,-1,0,0,0,True,True,True,True,True,1,1,1,500,1,1,0,10,0,0,0,1,0,0,0,Ignore,Ignore,Die,Ignore,Die,False,False,0,0,1,0,False,False,0,0,0,0,0,0,0,0,0,0,0,0,0,0,False,False,1.2,None,0,0,0,0,0,0,0,0,0,None,150,0,0,0,255,,False,False,False
Coop_PRJ_Options_Character01,レイスレイヴ (装置)　　　　　（オプション・SP）,/Game/Projectile/wp00093/BP_PrjOptionsCharacter01.uasset,0,0,None,Through,Through,Through,Through,Through,Enemy,0,0,0,-1,0,-1,-1,0,0,0,True,True,True,True,True,1,1,1,500,1,1,0,13,0,0,0,1,0,0,0,Ignore,Ignore,Ignore,Ignore,Die,True,False,0,0,1,0,False,False,0,0,0,0,0,0,0,0,0,0,0,0,0,0,False,False,0,None,0,0,0,0,0,0,0,0,0,None,1000,0,0,0,274,,False,False,False
Coop_PRJ_Options_Coop01,レイスレイヴ (弾),/Game/Projectile/wp00093/BP_PrjOptionsCoop01.uasset,223,0,EnemyAll,Through,Enemy,Enemy,Enemy,Enemy,Enemy,15000,25000,0,-1,0.2,-1,-1,0,0,0,True,True,True,True,True,1,1,1,1,1,1,0,1,0,50000,0,1,0,0,0,Ignore,Die,Die,Die,Die,False,False,0,0,1,0,True,False,75,450,75,450,40,40,0,40,40,0,0,0,0,0,False,False,0,None,0,0,0,0,0,0,0,0,0,None,0,0,0,0,0,,False,False,True
Coop_PRJ_Options_Coop02,レイスレイヴ (回復弾),/Game/Projectile/wp00093/BP_PrjOptionsCoop02.uasset,224,0,FriendPlayer,Through,Friend,Through,Through,Through,Enemy,35000,35000,0,-1,0,-1,-1,0,0,0,True,True,True,True,True,1,1,1,1,1,1,0,3,0,50000,0,1,0,0,0,Die,Die,Die,Die,Die,False,False,0,0,1,0,False,True,180,100000,180,100000,180,180,0,180,180,0,0,0,0,0,True,True,0,None,0,0,0,0,0,0,0,0,0,None,0,0,0,0,0,,False,False,True
Coop_PRJ_OptionsShield_Barrier02,シールドヴァイト (シールド部分・付与),/Game/Projectile/wp00097/BP_PrjOptionsShieldBarrier02.uasset,0,0,None,Through,Through,Through,Through,Through,Enemy,0,0,0,-1,0,-1,-1,0,0,0,True,True,True,True,True,1,1,1,500,1,1,0,10,0,0,0,1,0,0,0,Ignore,Ignore,Ignore,Ignore,Stop,False,False,0,0,1,0,False,False,0,0,0,0,0,0,0,0,0,0,0,0,0,0,True,True,0,None,0,0,0,0,0,0,0,0,0,AllMighty,560,0,0,0,0,,False,False,False
Coop_PRJ_SentryGunType03_Character01,ターレットMI (発射台)　　　　　　（ターレット・AS）,/Game/Projectile/wp00100/BP_PrjSentryGunType03Character01.uasset,0,0,None,Through,Through,Through,Through,Through,Enemy,0,0,0,-1,0,-1,-1,0,0,0,True,True,True,True,True,1,1,1,100,1,1,0,17,0,0,0,1,0,0,0,Ignore,Ignore,Ignore,Ignore,Die,False,False,0,0,1,0,True,False,0,0,0,0,0,0,0,0,0,0,0,0,0,0,False,False,0,None,0,0,0,0,0,0,0,0,0,None,300,0,0,0,278,,True,False,False
Coop_PRJ_SentryGunType03_Coop01,ターレットMI (弾),/Game/Projectile/wp00100/BP_PrjSentryGunType03Coop01.uasset,225,0,EnemyAll,Through,Enemy,Enemy,Enemy,Enemy,Enemy,1000,15000,0,-1,0.5,-1,-1,0,0,0,False,False,True,True,True,1,1,1,1,0.6,0.8,0.7,2.5,0,50000,0,1,0,0,0,Die,Die,Die,Die,StopDie,False,False,0,0,1,0,True,False,120,50000,120,50000,91,91,0,91,91,0,0,0,0,0,False,False,0,None,0,0,0,0,0,0,0,0,0,None,0,279,279,279,0,,False,False,True
Coop_PRJ_SentryGunType03_Coop02,ターレットMI (爆発),/Game/Projectile/wp00100/BP_PrjSentryGunType03Coop02.uasset,226,0,EnemyAll,Through,Enemy,Enemy,Enemy,Enemy,Enemy,0,0,0,-1,0,-1,-1,0,0,0,False,False,False,False,False,1,1,1,500,0.001,3,0.2,0.25,0,0,0,1,0,0,0,Ignore,Ignore,Ignore,Ignore,Stop,False,False,0,0,1,0,False,False,0,0,0,0,0,0,0,0,0,0,0,0,0,0,False,False,0,None,0,0,0,0,0,0,0,0,0,None,0,0,0,0,0,,False,False,False
Coop_PRJ_ShieldAreaType02_Barrier01,シールドエリアかぼちゃ(盾),/Game/Projectile/wp00101/BP_PrjShieldAreaType02Barrier01.uasset,0,0,None,Through,Through,Through,Through,Through,Enemy,0,0,0,-1,0,-1,-1,0,0,0,False,False,False,False,False,1,1,1,500,0.001,10,0.25,15,0,0,0,1,0,0,0,Ignore,Ignore,Die,Ignore,Stop,False,False,0,0,1,0,False,False,0,0,0,0,0,0,0,0,0,0,0,0,0,0,False,False,1.2,None,0,0,0,0,0,0,0,0,0,AllMighty,600,0,0,0,0,,False,False,False
Coop_PRJ_PulseGunType02_Coop01,パルスガン(クラッカー)(爆発),/Game/Projectile/wp00109/BP_PrjPulseGunType02Coop01.uasset,227,0,EnemyAll,Through,Enemy,Enemy,Enemy,Enemy,Enemy,0,0,0,-1,0,-1,-1,0,0,0,False,False,True,True,True,1,1,1,500,0.001,3,0.2,0.25,0,0,0,1,0,0,0,Ignore,Ignore,Die,Ignore,Stop,False,False,0,0,1,0,False,False,0,0,0,0,0,0,0,0,0,0,0,0,0,0,False,False,1.2,None,0,0,0,0,0,0,0,0,0,None,0,0,0,0,0,,False,False,False
Coop_PRJ_SatelliteMortarType02_Bullet01,衛星迫撃砲(タライ)(弾),/Game/Projectile/wp00112/BP_PrjSatelliteMortarType02Bullet01.uasset,228,0,EnemyAll,Through,Enemy,Enemy,Enemy,Enemy,Enemy,15000,40000,0,0.4,0,-1,-1,0,0,0,False,False,True,True,True,1,1,1,1,1,1,0,30,0,1000000,0,1,0,0,0,Ignore,Die,Die,Ignore,StopDie,False,False,0,0,1,0,False,False,0,0,0,0,0,0,0,0,0,0,0,0,0,0,False,False,1.2,None,0,0,0,0,0,0,0,0,0,None,0,283,283,283,0,,False,False,True
Coop_PRJ_SatelliteMortarType02_Coop01,衛星迫撃砲(タライ)(爆発),/Game/Projectile/wp00112/BP_PrjSatelliteMortarType02Coop01.uasset,229,0,EnemyAll,Through,Enemy,Enemy,Enemy,Enemy,Enemy,0,0,0,-1,0,-1,-1,0,0,0,False,False,True,True,True,1,1,1,500,0.001,5,0.2,0.25,0,0,0,1,0,0,0,Ignore,Ignore,Die,Ignore,Stop,False,False,0,0,1,0,False,False,0,0,0,0,0,0,0,0,0,0,0,0,0,0,False,False,1.2,None,0,0,0,0,0,0,0,0,0,None,0,0,0,0,0,,False,False,False
Coop_PRJ_PlasmaGunType02_Coop01,プラズマガン(サポート)(爆発),/Game/Projectile/wp00116/BP_PrjPlasmaGunType02Coop01.uasset,230,0,EnemyAll,Through,Enemy,Enemy,Enemy,Enemy,Enemy,0,0,0,-1,0,-1,-1,0,0,0,False,False,True,True,True,1,1,1,500,0.001,3,0.2,1,0,0,0,1,10,10,0.1,Ignore,Ignore,Die,Ignore,Stop,False,False,0,0,1,0,False,False,0,0,0,0,0,0,0,0,0,0,0,0,0,0,False,False,1.2,None,0,0,0,0,0,0,0,0,0,None,0,0,0,0,0,,False,False,False
Coop_PRJ_3WayGrenadeType02_Coop01,鯉のぼり3way(爆発),/Game/Projectile/wp00117/BP_Prj3WayGrenadeType02Coop01.uasset,231,0,EnemyAll,Through,Enemy,Enemy,Enemy,Enemy,Enemy,0,0,0,-1,0,-1,-1,0,0,0,False,False,False,False,False,1,1,1,1,1,1,0,1,0,0,0,1,0,0,0,Ignore,Ignore,Die,Ignore,Stop,False,False,0,0,1,0,True,False,0,0,0,0,0,0,0,0,0,0,0,0,0,0,False,False,1.2,None,0,0,0,0,0,0,0,0,0,None,0,0,0,0,0,,False,False,False
Coop_PRJ_3WayGrenadeType02_Etc01,鯉のぼり3way(爆発生成弾),/Game/Projectile/wp00117/BP_Prj3WayGrenadeType02Etc01.uasset,0,0,None,Through,Through,Through,Through,Through,Enemy,5000,5000,0,-1,0,-1,-1,0,0,0,False,False,False,True,False,1,1,1,1,1,1,0,2,0,25000,0,1,0,0,0,Ignore,Straight,Die,Ignore,Stop,False,False,0,0,1,0,True,False,0,0,0,0,0,0,0,0,0,0,0,0,0,0,False,False,1.2,None,0,0,0,0,0,0,0,0,0,None,0,0,0,0,285,,False,False,False
Coop_PRJ_RocketLauncherType03_Coop01,単装導弾 三皇 (爆発)　　　　　（三連ロケラン・AS）,/Game/Projectile/wp00122/BP_PrjRocketLauncherType03Coop01.uasset,232,0,EnemyAll,Through,Enemy,Enemy,Enemy,Enemy,Enemy,0,0,0,-1,0,-1,-1,0,0,0,False,False,False,False,False,1,1,1,500,0.001,3,0.2,0.25,0,0,0,1,0,0,0,Ignore,Ignore,Ignore,Ignore,Stop,False,False,0,0,1,0,False,False,0,0,0,0,0,0,0,0,0,0,0,0,0,0,False,False,0,None,0,0,0,0,0,0,0,0,0,None,0,0,0,0,0,,False,False,False
Coop_PRJ_HarpoonGunType02_Coop01,ハープーン・フォール (爆発)　　　（ハープーン・AS）,/Game/Projectile/wp00129/BP_PrjHarpoonGunType02Coop01.uasset,233,0,EnemyAll,Through,Enemy,Enemy,Enemy,Enemy,Enemy,0,0,0,-1,0,-1,-1,0,0,0,False,False,False,False,False,1,1,1,500,0.001,3,0.2,0.25,0,0,0,1,0,0,0,Ignore,Ignore,Ignore,Ignore,Stop,False,False,0,0,1,0,False,False,0,0,0,0,0,0,0,0,0,0,0,0,0,0,False,False,0,None,0,0,0,0,0,0,0,0,0,None,0,0,0,0,0,,False,False,False
Coop_PRJ_GrenadeType02_Coop01,グルナード・F (爆発)　　　　　（手りゅう弾・SP左）,/Game/Projectile/wp00133/BP_PrjGrenadeType02Coop01.uasset,234,0,EnemyAll,Through,Enemy,Enemy,Enemy,Enemy,Enemy,0,0,0,-1,0,-1,-1,0,0,0,False,False,False,False,False,1,1,1,450,0.001,9,0.25,0.3,0,0,0,1,0,0,0,Ignore,Ignore,Ignore,Ignore,Stop,False,True,0,0,1,0,False,False,0,0,0,0,0,0,0,0,0,0,0,0,0,0,False,False,0,None,0,0,0,0,0,0,0,0,0,None,0,0,0,0,0,,False,False,False
Coop_PRJ_FireBombType02_Coop01,バースト・ボム改 (爆発・中心),/Game/Projectile/wp00140/BP_PrjFireBombType02Coop01.uasset,235,0,EnemyAll,Through,Enemy,Enemy,Enemy,Enemy,Enemy,0,0,0,-1,0,-1,-1,0,0,0,False,False,False,False,False,1,1,1,500,0.001,2,0.2,5.5,0,0,0,1,3,45,0.1,Ignore,Ignore,Ignore,Ignore,Stop,False,True,0,0,1,0,False,False,0,0,0,0,0,0,0,0,0,0,0,0,0,0,False,False,0,None,0,0,0,0,0,0,0,0,0,None,0,0,0,0,0,,True,False,False
Coop_PRJ_FireBombType02_Coop02,バースト・ボム改 (爆発・左右),/Game/Projectile/wp00140/BP_PrjFireBombType02Coop02.uasset,236,0,EnemyAll,Through,Enemy,Enemy,Enemy,Enemy,Enemy,0,0,0,-1,0,-1,-1,0,0,0,False,False,False,False,False,1,1,1,500,0.001,2,0.2,6,0,0,0,1,3,45,0.1,Ignore,Ignore,Ignore,Ignore,Stop,False,True,0,0,1,0,False,False,0,0,0,0,0,0,0,0,0,0,0,0,0,0,False,False,0,None,0,0,0,0,0,0,0,0,0,None,0,0,0,0,0,,True,False,False
Coop_PRJ_OptionsType02_Character01,レイスレイヴ -A(装置),/Game/Projectile/wp00141/BP_PrjOptionsType02Character01.uasset,0,0,None,Through,Through,Through,Through,Through,Enemy,0,0,0,-1,0,-1,-1,0,0,0,True,True,True,True,True,1,1,1,500,1,1,0,11.5,0,0,0,1,0,0,0,Ignore,Ignore,Ignore,Ignore,Die,True,False,0,0,1,0,False,False,0,0,0,0,0,0,0,0,0,0,0,0,0,0,False,False,0,None,0,0,0,0,0,0,0,0,0,None,1000,0,0,0,293,,False,False,False
Coop_PRJ_OptionsType02_Coop01,レイスレイヴ -A(弾),/Game/Projectile/wp00141/BP_PrjOptionsType02Coop01.uasset,237,0,EnemyAll,Through,Enemy,Enemy,Enemy,Enemy,Enemy,15000,25000,0,-1,0.2,-1,-1,0,0,0,True,True,True,True,True,1,1,1,1,1,1,0,1,0,25000,0,1,0,0,0,Ignore,Die,Die,Die,Die,False,False,0,0,1,0,True,False,70,400,70,400,38,38,0,38,38,0,0,0,0,0,False,False,0,None,0,0,0,0,0,0,0,0,0,None,0,0,0,0,0,,False,False,True
Coop_PRJ_OptionsType03_Character01,レイスレイヴ -V(装置),/Game/Projectile/wp00142/BP_PrjOptionsType03Character01.uasset,0,0,None,Through,Through,Through,Through,Through,Enemy,0,0,0,-1,0,-1,-1,0,0,0,True,True,True,True,True,1,1,1,500,1,1,0,9,0,0,0,1,0,0,0,Ignore,Ignore,Ignore,Ignore,Die,True,False,0,0,1,0,False,False,0,0,0,0,0,0,0,0,0,0,0,0,0,0,False,False,0,None,0,0,0,0,0,0,0,0,0,None,1000,0,0,0,295,,False,False,False
Coop_PRJ_OptionsType03_Coop01,レイスレイヴ -V(弾),/Game/Projectile/wp00142/BP_PrjOptionsType03Coop01.uasset,238,0,EnemyAll,Through,Enemy,Enemy,Enemy,Enemy,Enemy,20000,35000,0,-1,0.2,-1,-1,0,0,0,True,True,True,True,True,1,1,1,1,1,1,0,1,0,25000,0,1,0,0,0,Ignore,Die,Die,Die,Die,False,False,0,0,1,0,True,False,70,400,70,400,40,40,0,40,40,0,0,0,0,0,False,False,0,None,0,0,0,0,0,0,0,0,0,None,0,0,0,0,0,,False,False,True
Coop_PRJ_MultiRocketLauncher_Coop01,多連装導弾 冥鎚(爆発),/Game/Projectile/wp00202/BP_PrjMultiRocketLauncherCoop01.uasset,239,0,EnemyAll,Through,Enemy,Enemy,Enemy,Enemy,Enemy,0,0,0,-1,0,-1,-1,0,0,0,False,False,False,False,False,1,1,1,500,0.2,0.8,0.1,0.15,0,0,0,1,0,0,0,Ignore,Ignore,Ignore,Ignore,Stop,False,False,0,0,1,0,False,False,0,0,0,0,0,0,0,0,0,0,0,0,0,0,False,False,0,None,0,0,0,0,0,0,0,0,0,None,0,0,0,0,0,,False,False,False
Coop_PRJ_MultiRocketLauncherType02_Coop01,新・多連装導弾02(爆発),/Game/Projectile/wp00203/BP_PrjMultiRocketLauncherType02Coop01.uasset,240,0,EnemyAll,Through,Enemy,Enemy,Enemy,Enemy,Enemy,0,0,0,-1,0,-1,-1,0,0,0,False,False,False,False,False,1,1,1,500,0.001,0.5,0.2,0.25,0,0,0,1,0,0,0,Ignore,Ignore,Ignore,Ignore,Stop,False,False,0,0,1,0,False,False,0,0,0,0,0,0,0,0,0,0,0,0,0,0,False,False,0,None,0,0,0,0,0,0,0,0,0,None,0,0,0,0,0,,False,False,False
Coop_PRJ_RocketLauncherType04_Coop01,新・単装導弾01(爆発),/Game/Projectile/wp00204/BP_PrjRocketLauncherType04Coop01.uasset,241,0,EnemyAll,Through,Enemy,Enemy,Enemy,Enemy,Enemy,0,0,0,-1,0,-1,-1,0,0,0,False,False,False,False,False,1,1,1,500,0.001,3,0.2,0.25,0,0,0,1,0,0,0,Ignore,Ignore,Ignore,Ignore,Stop,False,False,0,0,1,0,False,False,0,0,0,0,0,0,0,0,0,0,0,0,0,0,False,False,0,None,0,0,0,0,0,0,0,0,0,None,0,0,0,0,0,,False,False,False
Coop_PRJ_RocketLauncherType05_Coop01,新・単装導弾02(爆発),/Game/Projectile/wp00205/BP_PrjRocketLauncherType05Coop01.uasset,242,0,EnemyAll,Through,Enemy,Enemy,Enemy,Enemy,Enemy,0,0,0,-1,0,-1,-1,0,0,0,False,False,False,False,False,1,1,1,500,0.001,3,0.2,0.25,0,0,0,1,0,0,0,Ignore,Ignore,Ignore,Ignore,Stop,False,False,0,0,1,0,False,False,0,0,0,0,0,0,0,0,0,0,0,0,0,0,False,False,0,None,0,0,0,0,0,0,0,0,0,None,0,0,0,0,0,,False,False,False
Coop_PRJ_IceLineBomb_Coop01,氷結ボンバルド (氷柱),/Game/Projectile/wp00208/BP_PrjIceLineBombCoop01.uasset,243,0,EnemyAll,Through,Enemy,Enemy,Enemy,Enemy,Enemy,0,0,0,-1,0,-1,-1,0,0,0,False,False,False,False,False,1,1,1,1,0.1,4.3,0.3,0.5,0,0,0,1,20,0,0.1,Ignore,Ignore,Ignore,Ignore,Stop,False,False,0,0,1,0,True,False,0,0,0,0,0,0,0,0,0,0,0,0,0,0,False,False,0,None,0,0,0,0,0,0,0,0,0,None,0,0,0,0,0,,False,False,False
Coop_PRJ_IceLineBomb_Etc01,氷結ボンバルド (爆発生成弾),/Game/Projectile/wp00208/BP_PrjIceLineBombEtc01.uasset,0,0,None,Through,Through,Through,Through,Through,Enemy,10000,10000,0,-1,0,-1,-1,0,0,0,False,False,False,True,False,1,1,1,1,1,1,0,4,0,45000,0,1,0,0,0,Ignore,Straight,Straight,Stop,Stop,False,False,0,0,1,0,True,False,120,50000,120,50000,0,0,0,45,45,0,0,0,0,0,False,False,0,None,0,0,0,0,0,0,0,0,0,None,0,0,0,0,300,,False,False,False
Coop_PRJ_OptionsShieldType02_Barrier01,シールドヴァイト(右版),/Game/Projectile/wp00212/BP_PrjOptionsShieldType02Barrier01.uasset,0,0,None,Through,Through,Through,Through,Through,Enemy,0,0,0,-1,0,-1,-1,0,0,0,True,True,True,True,True,1,1,1,500,1,1,0,10,0,0,0,1,0,0,0,Ignore,Ignore,Ignore,Ignore,Stop,False,False,0,0,1,0,False,False,0,0,0,0,0,0,0,0,0,0,0,0,0,0,True,True,0,None,0,0,0,0,0,0,0,0,0,AllMighty,560,0,0,0,0,,False,False,False
Coop_PRJ_SentryGunType04_Character01,ターレットGT  (発射台),/Game/Projectile/wp00216/BP_PrjSentryGunType04Character01.uasset,0,0,None,Through,Through,Through,Through,Through,Enemy,0,0,0,-1,0,-1,-1,0,0,0,True,True,True,True,True,1,1,1,100,1,1,0,11,0,0,0,1,0,0,0,Ignore,Ignore,Ignore,Ignore,Die,False,False,0,0,1,0,True,False,0,0,0,0,0,0,0,0,0,0,0,0,0,0,False,False,0,None,0,0,0,0,0,0,0,0,0,None,300,0,0,0,304,,True,False,False
Coop_PRJ_SentryGunType04_Coop01,ターレットGT  (弾),/Game/Projectile/wp00216/BP_PrjSentryGunType04Coop01.uasset,244,0,EnemyAll,Through,Enemy,Enemy,Enemy,Enemy,Enemy,40000,40000,0,-1,0,-1,-1,0,0,0,True,True,True,True,True,1,1,1,1,1,1,0,0.8,0,20000,0,1,0,0,0,Ignore,Die,Die,Die,Die,False,False,0,0,1,0,True,False,90,500,90,500,45,45,0,45,45,0,0,0,0,0,False,False,0,None,0,0,0,0,0,0,0,0,0,None,0,0,0,0,0,,False,False,True
Coop_PRJ_TrapBomb_Etc01,センサーボム (センサー),/Game/Projectile/wp00218/BP_PrjTrapBombEtc01.uasset,0,0,EnemyAll,Through,Through,Through,Through,Through,Enemy,0,0,0,-1,0,-1,-1,0,0,0,False,False,False,False,False,1,1,1,400,1,1,0,15,0,0,0,1,0,0,0,Ignore,Ignore,Ignore,Ignore,Stop,False,False,0,0,1,0,False,False,0,0,0,0,0,0,0,0,0,0,0,0,0,0,False,False,0,None,0,0,0,0,0,0,0,0,0,None,0,306,0,0,306,,False,False,False
Coop_PRJ_TrapBomb_Coop01,センサーボム (爆発),/Game/Projectile/wp00218/BP_PrjTrapBombCoop01.uasset,245,0,EnemyAll,Through,Enemy,Enemy,Enemy,Enemy,Enemy,0,0,0,-1,0,-1,-1,0,0,0,False,False,False,False,False,1,1,1,400,0.001,20,0.2,0.6,0,0,0,1,0,0,0,Ignore,Ignore,Ignore,Ignore,Stop,False,True,0,0,1,0,False,False,0,0,0,0,0,0,0,0,0,0,0,0,0,0,False,False,0,None,0,0,0,0,0,0,0,0,0,None,0,0,0,0,0,,False,False,False
MOB_PRJ,以下モブ,,0,0,None,Through,Through,Through,Through,Through,Enemy,0,0,0,-1,0,-1,-1,0,0,0,False,False,False,False,False,1,1,1,1,1,1,0,0,0,0,0,1,0,0,0,Ignore,Ignore,Ignore,Ignore,Die,False,False,0,0,1,0,True,False,0,0,0,0,0,0,0,0,0,0,0,0,0,0,True,True,1.2,None,0,0,0,0,0,0,0,0,0,None,0,0,0,0,0,,False,False,False
PRJ_MobAttack01_Bullet01,モブ用攻撃弾,/Game/Projectile/wpNPC/Mob01/BP_PrjMobAttack01Bullet01.uasset,247,0,EnemyAll,Through,Enemy,Enemy,Enemy,Enemy,Enemy,25000,25000,0,-1,0,-1,-1,0,0,0,True,True,True,True,True,1,1,1,1,1,1,0,1.8,0,17000,0,1,0,0,0,Ignore,Die,Die,Die,Die,False,False,0,0,1,0,True,False,30,500,30,500,15,15,0,15,15,0,0,0,0,0,True,True,0,None,0,0,0,0,0,0,0,0,0,None,0,0,0,0,0,,False,False,False
PRJ_MobAttack01_Bullet02,モブ用中立拠点制圧攻撃1,/Game/Projectile/wpNPC/Mob01/BP_PrjMobAttack01Bullet02.uasset,249,0,EnemyAll,Through,Enemy,Enemy,Enemy,Enemy,Enemy,25000,25000,0,-1,0,-1,-1,0,0,0,True,True,True,True,True,1,1,1,1,1,1,0,1.5,0,15000,0,1,0,0,0,Ignore,Die,Die,Die,Die,False,False,0,0,1,0,True,False,30,500,30,500,15,15,0,15,15,0,0,0,0,0,True,True,0,None,0,0,0,0,0,0,0,0,0,None,0,0,0,0,0,,False,False,False
PRJ_MobAttack01_Bullet03,モブ用中立拠点制圧攻撃2,/Game/Projectile/wpNPC/Mob01/BP_PrjMobAttack01Bullet03.uasset,251,0,EnemyAll,Through,Enemy,Enemy,Enemy,Enemy,Enemy,25000,25000,0,-1,0,-1,-1,0,0,0,True,True,True,True,True,1,1,1,1,1,1,0,1.5,0,15000,0,1,0,0,0,Ignore,Die,Die,Die,Die,False,False,0,0,1,0,True,False,30,500,30,500,15,15,0,15,15,0,0,0,0,0,True,True,0,None,0,0,0,0,0,0,0,0,0,None,0,0,0,0,0,,False,False,False
PRJ_MobAttack01_Bullet04,モブ用中立拠点制圧攻撃3,/Game/Projectile/wpNPC/Mob01/BP_PrjMobAttack01Bullet04.uasset,253,0,EnemyAll,Through,Enemy,Enemy,Enemy,Enemy,Enemy,25000,25000,0,-1,0,-1,-1,0,0,0,True,True,True,True,True,1,1,1,1,1,1,0,1.5,0,15000,0,1,0,0,0,Ignore,Die,Die,Die,Die,False,False,0,0,1,0,True,False,30,500,30,500,15,15,0,15,15,0,0,0,0,0,True,True,0,None,0,0,0,0,0,0,0,0,0,None,0,0,0,0,0,,False,False,False
PRJ_MobAttack01_Sp_Bullet01,モブ用本拠点攻撃1,/Game/Projectile/wpNPC/Mob01/BP_PrjMobAttack01SpBullet01.uasset,255,0,EnemyBuilding,Through,Through,Through,Enemy,Through,Enemy,25000,25000,0,-1,0,-1,-1,0,0,0,True,True,True,True,True,1,1,1,1,1,1,0,1.5,0,15000,0,1,0,0,0,Die,Die,Die,Die,Die,False,False,0,0,1,0,True,False,30,500,30,500,15,15,0,15,15,0,0,0,0,0,True,True,0,None,0,0,0,0,0,0,0,0,0,None,0,0,0,0,0,,False,False,False
PRJ_MobAttack01_Sp_Bullet02,モブ用本拠点攻撃2,/Game/Projectile/wpNPC/Mob01/BP_PrjMobAttack01SpBullet02.uasset,256,0,EnemyBuilding,Through,Through,Through,Enemy,Through,Enemy,25000,25000,0,-1,0,-1,-1,0,0,0,True,True,True,True,True,1,1,1,1,1,1,0,1.5,0,15000,0,1,0,0,0,Die,Die,Die,Die,Die,False,False,0,0,1,0,True,False,30,500,30,500,15,15,0,15,15,0,0,0,0,0,True,True,0,None,0,0,0,0,0,0,0,0,0,None,0,0,0,0,0,,False,False,False
PRJ_MobAttack01_Sp_Bullet03,モブ用本拠点攻撃3,/Game/Projectile/wpNPC/Mob01/BP_PrjMobAttack01SpBullet03.uasset,257,0,EnemyBuilding,Through,Through,Through,Enemy,Through,Enemy,25000,25000,0,-1,0,-1,-1,0,0,0,True,True,True,True,True,1,1,1,1,1,1,0,1.5,0,15000,0,1,0,0,0,Die,Die,Die,Die,Die,False,False,0,0,1,0,True,False,30,500,30,500,15,15,0,15,15,0,0,0,0,0,True,True,0,None,0,0,0,0,0,0,0,0,0,None,0,0,0,0,0,,False,False,False
PRJ_MobAttack02_Bullet01,中モブ用攻撃弾,/Game/Projectile/wpNPC/Mob02/BP_PrjMobAttack02Bullet01.uasset,258,0,EnemyAll,Through,Enemy,Enemy,Enemy,Enemy,Enemy,30000,30000,0,-1,0,-1,-1,0,0,0,True,True,True,True,True,1,1,1,1,1,1,0,1.5,0,30000,0,1,0,0,0,Die,Die,Die,Die,Die,False,False,0,0,1,0,True,False,60,750,60,750,30,30,0,30,30,0,0,0,0,0,True,True,0,None,0,0,0,0,0,0,0,0,0,None,0,0,0,0,0,,False,False,False
PRJ_MobAttack02_Bullet02,中モブ用攻撃弾[ミサイル],/Game/Projectile/wpNPC/Mob02/BP_PrjMobAttack02Bullet02.uasset,260,0,EnemyAll,Through,Enemy,Enemy,Enemy,Enemy,Enemy,1000,15000,0,-1,0.4,-1,-1,0,0,0,True,True,True,True,True,1,1,1,1,1,1,0,2.5,0,30000,0,1,5,5,0.05,Ignore,Die,Die,Die,Die,False,False,0,0,1,0,True,False,180,500,180,500,60,60,0,60,60,0,0,0,0,0,True,True,0,None,0,0,0,0,0,0,0,0,0,None,0,0,0,0,0,,False,False,False
PRJ_MobAttack02_Bullet03,中モブ用攻撃弾[ミサイル]タイプ2,/Game/Projectile/wpNPC/Mob02/BP_PrjMobAttack02Bullet03.uasset,262,0,EnemyAll,Through,Enemy,Enemy,Enemy,Enemy,Enemy,20000,25000,0,-1,0.1,-1,-1,0,0,0,True,False,True,True,True,1,1,1,1,1,1,0,2.5,0,30000,0,1,5,5,0.05,Ignore,Die,Die,Die,Die,False,False,0,0,1,0,True,False,180,500,180,500,30,30,0,60,60,0,0,0,0,0,True,True,0,None,0,0,0,0,0,0,0,0,0,None,0,0,0,0,0,,False,False,False
PRJ_MobAttack02_Sp_Bullet01,中モブ用本拠点攻撃,/Game/Projectile/wpNPC/Mob02/BP_PrjMobAttack02SpBullet01.uasset,263,0,EnemyBuilding,Through,Through,Through,Enemy,Through,Enemy,25000,25000,0,-1,0,-1,-1,0,0,0,True,True,True,True,True,1,1,1,1,1,1,0,1.5,0,30000,0,1,0,0,0,Die,Die,Die,Die,Die,False,False,0,0,1,0,True,False,180,500,180,500,60,60,0,60,60,0,0,0,0,0,True,True,0,None,0,0,0,0,0,0,0,0,0,None,0,0,0,0,0,,False,False,False
PRJ_MobAttack02_Etc01,中モブ用範囲攻撃,/Game/Projectile/wpNPC/Mob02/BP_PrjMobAttack02Etc01.uasset,264,0,EnemyAll,Through,Enemy,Enemy,Enemy,Enemy,Enemy,0,0,0,-1,0,-1,-1,0,0,0,False,False,False,False,False,1,1,1,500,0.001,15,1,2,0,0,0,1,0,0,0,Ignore,Ignore,Ignore,Ignore,Stop,False,False,0,0,1,0,False,False,0,0,0,0,0,0,0,0,0,0,0,0,0,0,True,True,0,None,0,0,0,0,0,0,0,0,0,None,0,0,0,0,0,,False,False,False
PRJ_MobAttack03_Bullet01,大モブ用本拠点攻撃レーザー　　１００％,/Game/Projectile/wpNPC/Mob03/BP_PrjMobAttack03Bullet01.uasset,266,0,EnemyAll,Through,Enemy,Enemy,Enemy,Enemy,Enemy,50000,50000,0,-1,0,-1,-1,0,0,0,False,False,True,True,True,1,1,1,1,1,1,0,2,0,80000,0,1,3,3,0.05,Ignore,Ignore,Ignore,Ignore,Extra,False,False,0,0,1,0,True,False,0,0,0,0,0,0,0,0,0,0,0,0,0,0,True,True,0,None,0,0,0,0,0,0,0,0,0,None,0,0,0,0,0,,False,False,False
PRJ_MobAttack03_Bullet02,大モブ用攻撃弾(砲台レーザー),/Game/Projectile/wpNPC/Mob03/BP_PrjMobAttack03Bullet02.uasset,267,0,EnemyAll,Through,Enemy,Enemy,Enemy,Enemy,Enemy,65000,65000,0,-1,0,-1,-1,0,0,0,False,False,True,True,True,1,1,1,1,1,1,0,1,0,50000,0,1,3,3,0.05,Ignore,Ignore,Ignore,Ignore,Extra,False,False,0,0,1,0,True,False,0,0,0,0,0,0,0,0,0,0,0,0,0,0,True,True,0,None,0,0,0,0,0,0,0,0,0,None,0,0,0,0,0,,False,False,False
PRJ_MobAttack03_Bullet03,大モブ用攻撃弾(一斉射撃：メインレーザー),/Game/Projectile/wpNPC/Mob03/BP_PrjMobAttack03Bullet03.uasset,268,0,EnemyAll,Through,Enemy,Enemy,Enemy,Enemy,Enemy,170000,170000,0,-1,0,-1,-1,0,0,0,False,False,True,True,True,1,1,1,1,1,2,0,2,0,180000,0,1,10,10,0.05,Ignore,Ignore,Ignore,Ignore,Extra,False,False,0,0,1,0,True,False,0,0,0,0,0,0,0,0,0,0,0,0,0,0,True,True,0,None,0,0,0,0,0,0,0,0,0,None,0,0,0,0,0,,False,False,False
PRJ_MobAttack03_Bullet04,大モブ用攻撃弾(一斉射撃：サブレーザー),/Game/Projectile/wpNPC/Mob03/BP_PrjMobAttack03Bullet04.uasset,269,0,EnemyAll,Through,Enemy,Enemy,Enemy,Enemy,Enemy,170000,170000,0,-1,0,-1,-1,0,0,0,False,False,True,True,True,1,1,1,1,1,2,0,2,0,180000,0,1,5,5,0.08,Ignore,Ignore,Ignore,Ignore,Extra,False,False,0,0,1,0,True,False,0,0,0,0,0,0,0,0,0,0,0,0,0,0,True,True,0,None,0,0,0,0,0,0,0,0,0,None,0,0,0,0,0,,False,False,False
PRJ_MobAttack03_Bullet05,大モブ用本拠点攻撃レーザー　　７５％以下,/Game/Projectile/wpNPC/Mob03/BP_PrjMobAttack03Bullet05.uasset,270,0,EnemyAll,Through,Enemy,Enemy,Enemy,Enemy,Enemy,50000,50000,0,-1,0,-1,-1,0,0,0,False,False,True,True,True,1,1,1,1,1,1,0,2,0,80000,0,1,3,3,0.05,Ignore,Ignore,Ignore,Ignore,Extra,False,False,0,0,1,0,True,False,0,0,0,0,0,0,0,0,0,0,0,0,0,0,True,True,0,None,0,0,0,0,0,0,0,0,0,None,0,0,0,0,0,,False,False,False
PRJ_MobAttack03_Bullet06,大モブ用本拠点攻撃レーザー　　５０％以下,/Game/Projectile/wpNPC/Mob03/BP_PrjMobAttack03Bullet06.uasset,271,0,EnemyAll,Through,Enemy,Enemy,Enemy,Enemy,Enemy,50000,50000,0,-1,0,-1,-1,0,0,0,False,False,True,True,True,1,1,1,1,1,1,0,2,0,80000,0,1,3,3,0.05,Ignore,Ignore,Ignore,Ignore,Extra,False,False,0,0,1,0,True,False,0,0,0,0,0,0,0,0,0,0,0,0,0,0,True,True,0,None,0,0,0,0,0,0,0,0,0,None,0,0,0,0,0,,False,False,False
PRJ_MobAttack03_Bullet07,大モブ用本拠点攻撃レーザー　　２５％以下,/Game/Projectile/wpNPC/Mob03/BP_PrjMobAttack03Bullet07.uasset,272,0,EnemyAll,Through,Enemy,Enemy,Enemy,Enemy,Enemy,50000,50000,0,-1,0,-1,-1,0,0,0,False,False,True,True,True,1,1,1,1,1,1,0,2,0,80000,0,1,3,3,0.05,Ignore,Ignore,Ignore,Ignore,Extra,False,False,0,0,1,0,True,False,0,0,0,0,0,0,0,0,0,0,0,0,0,0,True,True,0,None,0,0,0,0,0,0,0,0,0,None,0,0,0,0,0,,False,False,False
PRJ_MobAttack03_Etc01,大モブ用範囲攻撃,/Game/Projectile/wpNPC/Mob03/BP_PrjMobAttack03Etc01.uasset,273,0,EnemyAll,Through,Enemy,Enemy,Enemy,Enemy,Enemy,0,0,0,-1,0,-1,-1,0,0,0,False,False,False,False,False,1,1,1,500,0.001,27,1.5,2,0,0,0,1,10,10,0.1,Ignore,Ignore,Ignore,Ignore,Stop,False,False,0,0,1,0,False,False,0,0,0,0,0,0,0,0,0,0,0,0,0,0,True,True,0,None,0,0,0,0,0,0,0,0,0,None,0,0,0,0,0,,False,False,False
PRJ_StorongholdAttack02_Bullet01,防衛拠点砲台用レーザー,/Game/Projectile/wpNPC/Storonghold02/BP_PrjStorongholdAttack02Bullet01.uasset,274,0,EnemyAll,Through,Enemy,Enemy,Enemy,Enemy,Enemy,35000,35000,0,-1,0,-1,-1,0,0,0,False,False,True,True,True,1,1,1,1,1,1,0,1,0,40000,0,1,3,3,0.05,Ignore,Ignore,Ignore,Ignore,Extra,False,False,0,0,1,0,True,False,0,0,0,0,0,0,0,0,0,0,0,0,0,0,True,True,0,None,0,0,0,0,0,0,0,0,0,None,0,0,0,0,0,,False,False,False
PRJ_StorongholdAttack02_Bullet02,防衛拠点砲台用レーザー(必中),/Game/Projectile/wpNPC/Storonghold02/BP_PrjStorongholdAttack02Bullet02.uasset,275,0,EnemyAll,Through,Enemy,Enemy,Enemy,Enemy,Enemy,35000,35000,0,-1,0,-1,-1,0,0,0,False,False,True,True,True,1,1,1,1,1,1,0,1,0,40000,0,1,3,3,0.05,Ignore,Ignore,Ignore,Ignore,Extra,False,False,0,0,1,0,True,False,0,0,0,0,0,0,0,0,0,0,0,0,0,0,True,True,0,None,0,0,0,0,0,0,0,0,0,None,0,0,0,0,0,,False,False,False
PRJ_StorongholdAttack02_Bullet03,防衛拠点砲台用弾丸,/Game/Projectile/wpNPC/Storonghold02/BP_PrjStorongholdAttack02Bullet03.uasset,276,0,EnemyAll,Through,Enemy,Enemy,Enemy,Enemy,Enemy,30000,30000,0,-1,0,-1,-1,0,0,0,True,True,True,True,True,1,1,1,1,1,1,0,1.5,0,50000,0,1,0,0,0,Die,Die,Die,Ignore,Die,False,False,0,0,1,0,True,True,60,750,60,750,15,15,0,15,15,0,0,0,0,0,True,True,0,None,0,0,0,0,0,0,0,0,0,None,0,0,0,0,0,,False,False,False
PRJ_BossMobLineStan_Bullet01,ボス用中モブ:スタンレーザー,/Game/Projectile/Boss/Mob/BP_PrjBossMobLineStanBullet01.uasset,277,0,EnemyAll,Through,Enemy,Enemy,Enemy,Enemy,Enemy,30000,30000,0,-1,0,-1,-1,0,0,0,False,False,True,True,True,1,1,1,1,1,1,0,6.25,0,50000,0,1,0,0,0,Ignore,Ignore,Ignore,Ignore,Extra,True,False,0,0,1,0,False,False,0,0,0,0,0,0,0,0,0,0,0,0,0,0,True,True,0,None,0,0,0,0,0,0,0,0,0,None,0,0,0,0,0,,True,False,True
PRJ_BossMobShieldArea_Bullet01,ボス用中モブ:設置エリアシールド,/Game/Projectile/Boss/Mob/BP_PrjBossMobShieldAreaBullet01.uasset,0,0,None,Through,Through,Through,Through,Through,Enemy,15000,15000,0,-1,0,-1,-1,10000,45,0,False,False,True,True,True,1,1,1,1,1,1,0,60,0,30000,15000,1,0,0,0,Die,Die,Die,Die,StopDie,True,False,0,0,1,0,False,False,0,0,0,0,0,0,0,0,0,0,0,0,0,0,True,True,0,None,0,0,0,0,0,0,0,0,0,None,0,336,336,336,0,,False,False,True
PRJ_BossMobTornadoArea_Bullet01,ボス用中モブ:テンペスト (投擲弾),/Game/Projectile/Boss/Mob/BP_PrjBossMobTornadoAreaBullet01.uasset,0,0,EnemyAll,Through,Enemy,Enemy,Enemy,Enemy,Enemy,35000,35000,0,-1,0,-1,-1,30000,-28,0,False,False,True,True,True,1,1,1,1,1,1,0,60,0,20000,0,1,0,0,0,Die,Die,Die,Die,StopDie,True,False,0,0,1,0,False,False,0,0,0,0,0,0,0,0,0,0,0,0,0,0,True,True,0,None,0,0,0,0,0,0,0,0,0,None,0,337,337,337,337,,False,False,True
PRJ_BossMobLaser_Bullet01,ボス用中モブ:レーザー,/Game/Projectile/Boss/Mob/BP_PrjBossMobLaserBullet01.uasset,278,0,EnemyAll,Through,Enemy,Enemy,Enemy,Enemy,Enemy,35000,35000,0,-1,0,-1,-1,0,0,0,False,False,True,True,True,1,1,1,1,1,1,0,1,0,40000,0,1,3,3,0.05,Ignore,Ignore,Ignore,Ignore,Extra,True,False,0,0,1,0,True,False,0,0,0,0,0,0,0,0,0,0,0,0,0,0,True,True,0,None,0,0,0,0,0,0,0,0,0,None,0,0,0,0,0,,False,False,False
Coop_MOB_PRJ,以下モブ連携弾,,0,0,None,Through,Through,Through,Through,Through,Enemy,0,0,0,-1,0,-1,-1,0,0,0,False,False,False,False,False,1,1,1,1,1,1,0,0,0,0,0,1,0,0,0,Ignore,Ignore,Ignore,Ignore,Die,False,False,0,0,1,0,True,False,0,0,0,0,0,0,0,0,0,0,0,0,0,0,True,True,1.2,None,0,0,0,0,0,0,0,0,0,None,0,0,0,0,0,,False,False,False
Coop_PRJ_BossMobShieldArea_Barrier01,ボス用中モブ:設置エリアシールド,/Game/Projectile/Boss/Mob/BP_PrjBossMobShieldAreaBarrier01.uasset,0,0,None,Through,Through,Through,Through,Through,Enemy,0,0,0,-1,0,-1,-1,0,0,0,False,False,False,False,False,1,1,1,500,0.001,40,0.25,6.25,0,0,0,1,0,0,0,Ignore,Ignore,Ignore,Ignore,Stop,True,False,0,0,1,0,False,False,0,0,0,0,0,0,0,0,0,0,0,0,0,0,False,False,0,None,0,0,0,0,0,0,0,0,0,AllMighty,100000,0,0,0,0,,True,False,False
Coop_PRJ_BossMobTornadoArea_Coop01,ボス用中モブ:テンペスト,/Game/Projectile/Boss/Mob/BP_PrjBossMobTornadoAreaCoop01.uasset,280,0,EnemyAll,Through,Enemy,Enemy,Enemy,Enemy,Enemy,0,0,0,-1,0,-1,-1,0,0,0,False,False,False,False,False,1,1,1,500,1,1,0,4.75,0,0,0,1,100,100,0.5,Ignore,Ignore,Ignore,Ignore,Stop,True,True,0,0,1,0,False,False,0,0,0,0,0,0,0,0,0,0,0,0,0,0,False,False,0,None,0,0,0,0,0,0,0,0,0,None,0,0,0,0,0,,True,False,False
BOSS_PRJ,以下ボス,,0,0,None,Through,Through,Through,Through,Through,Enemy,0,0,0,-1,0,-1,-1,0,0,0,False,False,False,False,False,1,1,1,1,1,1,0,0,0,0,0,1,0,0,0,Ignore,Ignore,Ignore,Ignore,Die,False,False,0,0,1,0,True,False,0,0,0,0,0,0,0,0,0,0,0,0,0,0,True,True,1.2,None,0,0,0,0,0,0,0,0,0,None,0,0,0,0,0,,False,False,False
Boss_PRJ_BeamRifleBoss01_Bullet01,O・グレイン,/Game/Projectile/Boss/Oxide/BP_PrjBeamRifleBoss01Bullet01.uasset,282,0,EnemyAll,Through,Enemy,Enemy,Enemy,Enemy,Enemy,50000,68000,0,-1,0.25,-1,-1,0,0,0,True,True,True,True,True,1,1,1,1,1,3,0.2,10,0,150000,0,1,0,0,0,Ignore,Die,Die,Die,Die,False,False,0,0,1,0,True,False,70,500,70,500,50,50,0,50,50,0,0,2000,0,0,True,True,2,None,0,0,0,0,0,0,0,0,0,None,0,0,0,0,0,,False,False,True
Boss_PRJ_LargeSwordBoss01_Grap01,O・水薙 (格闘1段目)   3hit,/Game/Projectile/Boss/Oxide/BP_PrjLargeSwordBoss01Grap01.uasset,283,49,EnemyAll,Through,Enemy,Enemy,Enemy,Enemy,Through,0,0,0,-1,0,-1,-1,0,0,0,False,False,True,True,True,1,1,1,1,1,1,0,1,0,0,0,1,0,0,0,Ignore,Ignore,Ignore,Ignore,Die,True,False,0,0,1,0,True,False,0,0,0,0,0,0,0,0,0,0,0,0,0,0,False,False,0,None,0,0,0,0,0,0,0,0,0,None,0,0,0,0,341,,False,False,True
Boss_PRJ_LargeSwordBoss01_Grap02,O・水薙 (格闘2段目)   2hit,/Game/Projectile/Boss/Oxide/BP_PrjLargeSwordBoss01Grap02.uasset,284,50,EnemyAll,Through,Enemy,Enemy,Enemy,Enemy,Through,0,0,0,-1,0,-1,-1,0,0,0,False,False,True,True,True,1,1,1,1,1,1,0,1,0,0,0,1,0,0,0,Ignore,Ignore,Ignore,Ignore,Die,True,False,0,0,1,0,True,False,0,0,0,0,0,0,0,0,0,0,0,0,0,0,False,False,0,None,0,0,0,0,0,0,0,0,0,None,0,0,0,0,0,,False,False,True
Boss_PRJ_MachineHijackBoss01_Bullet01,O・ヘルシャフト,/Game/Projectile/Boss/Oxide/BP_PrjMachineHijackBoss01Bullet01.uasset,285,51,EnemyMob,Through,Enemy,Enemy,Enemy,Enemy,Enemy,0,0,0,-1,0,-1,-1,0,0,0,False,False,False,False,False,1,1,1,500,0.001,16.75,1.8,1.8,0,0,0,1,0,0,0,Ignore,Ignore,Ignore,Ignore,Stop,False,True,0,0,1,0,False,False,0,0,0,0,0,0,0,0,0,0,0,0,0,0,True,True,0,None,0,0,0,0,0,0,0,0,0,None,0,0,0,0,0,,False,False,True
Boss_PRJ_TacticalNuclearBoss01_Bullet01,O・加具土,/Game/Projectile/Boss/Oxide/BP_PrjTacticalNuclearBoss01Bullet01.uasset,286,0,EnemyAll,Through,Enemy,Enemy,Enemy,Enemy,Enemy,1000,15000,15000,0.3,1,0.5,0.5,0,0,0,False,False,True,True,True,1,1,1,1,1,1,0,6,0,28000,0,1,0,0,0,Die,Die,Die,Die,StopDie,False,False,0,0,1,0,True,False,0,0,0,0,0,0,0,0,0,0,0,0,0,0,True,True,0,None,0,0,0,0,0,0,0,0,0,None,0,353,353,353,0,,False,False,True
Boss_PRJ_TornadoAreaBoss01_Bullet01,O・テンペスト (投擲弾),/Game/Projectile/Boss/Oxide/BP_PrjTornadoAreaBoss01Bullet01.uasset,0,0,EnemyAll,Through,Enemy,Enemy,Enemy,Enemy,Enemy,18000,18000,0,-1,0,-1,-1,25000,15,0,False,False,True,True,True,1,1,1,1,1,1,0,60,0,22000,0,1,0,0,0,Die,Die,Die,Die,StopDie,False,False,0,0,1,0,False,False,0,0,0,0,0,0,0,0,0,0,0,0,0,0,True,True,0,None,0,0,0,0,0,0,0,0,0,None,0,354,354,354,354,,False,False,True
Boss_PRJ_WideShotBoss01_Bullet01,O・ラーゴ(横),/Game/Projectile/Boss/Oxide/BP_PrjWideShotBoss01Bullet01.uasset,287,0,EnemyAll,Through,Enemy,Enemy,Enemy,Enemy,Enemy,15000,25000,0,0.2,1,-1,-1,0,0,0,True,True,True,True,True,1,1,1,1,0.1,1,1,10,0,100000,0,1,0,0,0,Ignore,Die,Die,Die,Die,False,False,0,0,1,0,True,False,120,500,120,500,60,60,0,60,60,0,0,2000,0,0,True,False,1,None,0,0,0,0,0,0,0,0,0,None,0,0,0,0,0,,False,False,True
Boss_PRJ_WideShotBoss01_Bullet02,O・ラーゴ(縦),/Game/Projectile/Boss/Oxide/BP_PrjWideShotBoss01Bullet02.uasset,288,0,EnemyAll,Through,Enemy,Enemy,Enemy,Enemy,Enemy,15000,25000,0,0.2,1,-1,-1,0,0,0,True,True,True,True,True,1,1,1,1,0.1,1,1,10,0,100000,0,1,0,0,0,Ignore,Die,Die,Die,Die,False,False,0,0,1,0,True,False,120,500,120,500,60,60,0,60,60,0,0,2000,0,0,True,False,1,None,0,0,0,0,0,0,0,0,0,None,0,0,0,0,0,,False,False,True
Boss_PRJ_LaserBoss01_Bullet01,O・ラゼル,/Game/Projectile/Boss/Oxide/BP_PrjLaserBoss01Bullet01.uasset,289,0,EnemyAll,Through,Enemy,Enemy,Enemy,Enemy,Enemy,75000,95000,0,-1,0.5,-1,-1,0,0,0,False,False,True,True,True,1,1,1,1,1,1,0,100,0,200000,0,1,50,70,0.06,Ignore,Ignore,Ignore,Ignore,Extra,False,False,0,0,1,0,False,False,0,0,0,0,0,0,0,0,0,0,0,0,0,0,True,True,1.2,None,0,0,0,0,0,0,0,0,0,None,0,0,0,0,0,,False,False,True
Boss_PRJ_LaserType02Boss01_Bullet01,O・コアラゼル,/Game/Projectile/Boss/Oxide/BP_PrjLaserType02Boss01Bullet01.uasset,290,0,EnemyAll,Through,Enemy,Enemy,Enemy,Enemy,Enemy,75000,95000,0,-1,0.5,-1,-1,0,0,0,False,False,True,True,True,1,1,1,1,1,1,0,100,0,250000,0,1,50,70,0.06,Ignore,Ignore,Ignore,Ignore,Extra,False,False,0,0,1,0,False,False,0,0,0,0,0,0,0,0,0,0,0,0,0,0,True,True,1.2,None,0,0,0,0,0,0,0,0,0,None,0,0,0,0,0,,False,False,True
Boss_PRJ_LineBombBoss01_Bullet01,O・Xボンバルド(投擲弾),/Game/Projectile/Boss/Oxide/BP_PrjLineBombBoss01Bullet01.uasset,0,0,EnemyAll,Through,Enemy,Enemy,Enemy,Enemy,Enemy,10000,10000,0,-1,0,-1,-1,15000,15,0,False,False,True,True,True,1,1,1,1,0.1,1,0.3,60,0,10000000,0,1,0,0,0,Die,Die,Die,Die,StopDie,False,False,0,0,1,0,False,False,0,0,0,0,0,0,0,0,0,0,0,0,0,0,True,True,0,None,0,0,0,0,0,0,0,0,0,None,0,359,359,359,358,,False,False,True
Boss_PRJ_SatelliteMortarBoss01_Manager01,O・エステジオン・ボム (マネージャー),/Game/Projectile/Boss/Oxide/BP_PrjSatelliteMortarBoss01Manager01.uasset,0,0,None,Through,Through,Through,Through,Through,Enemy,0,0,0,-1,0,-1,-1,0,0,0,False,False,False,False,False,1,1,1,1,1,1,0,100,0,0,0,1,0,0,0,Ignore,Ignore,Ignore,Ignore,Stop,False,False,0,0,1,0,False,False,0,0,0,0,0,0,0,0,0,0,0,0,0,0,True,True,0,None,0,0,0,0,0,0,0,0,0,None,0,0,0,0,360,,False,False,True
Boss_PRJ_WideShotType02Boss01_Bullet01,O・グランラーゴ(縦),/Game/Projectile/Boss/Oxide/BP_PrjWideShotType02Boss01Bullet01.uasset,291,0,EnemyAll,Through,Enemy,Enemy,Enemy,Enemy,Enemy,12000,20000,0,0.2,1,-1,-1,0,0,0,True,True,True,True,True,1,1,1,1,0.1,1,1,10,0,200000,0,1,0,0,0,Ignore,Die,Die,Die,Die,False,False,0,0,1,0,True,False,120,500,120,500,20,20,0,60,60,0,0,2000,0,0,True,False,1,None,0,0,0,0,0,0,0,0,0,None,0,0,0,0,0,,False,False,True
Coop_BOSS_PRJ,以下ボス連携弾,,0,0,None,Through,Through,Through,Through,Through,Enemy,0,0,0,-1,0,-1,-1,0,0,0,False,False,False,False,False,1,1,1,1,1,1,0,0,0,0,0,1,0,0,0,Ignore,Ignore,Ignore,Ignore,Die,False,False,0,0,1,0,True,False,0,0,0,0,0,0,0,0,0,0,0,0,0,0,True,True,1.2,None,0,0,0,0,0,0,0,0,0,None,0,0,0,0,0,,False,False,False
Coop_Boss_PRJ_TacticalNuclearBoss01_Coop01,O・加具土(爆発),/Game/Projectile/Boss/Oxide/BP_PrjTacticalNuclearBoss01Coop01.uasset,293,0,EnemyAll,Through,Enemy,Enemy,Enemy,Enemy,Enemy,0,0,0,-1,0,-1,-1,0,0,0,False,False,False,False,False,1,1,1,420,0.001,35,2,4,0,0,0,1,30,30,0.1,Ignore,Ignore,Ignore,Ignore,Stop,False,True,0,0,1,0,False,False,0,0,0,0,0,0,0,0,0,0,0,0,0,0,False,False,0,None,0,0,0,0,0,0,0,0,0,None,0,0,0,0,0,,False,False,False
Coop_Boss_PRJ_TornadoAreaBoss01_Coop01,O・テンペスト,/Game/Projectile/Boss/Oxide/BP_PrjTornadoAreaBoss01Coop01.uasset,294,0,EnemyAll,Through,Enemy,Enemy,Enemy,Enemy,Enemy,0,0,0,-1,0,-1,-1,0,0,0,False,False,False,False,False,1,1,1,500,1,1,0,5,0,0,0,1,100,100,0.5,Ignore,Ignore,Ignore,Ignore,Stop,False,True,0,0,1,0,False,False,0,0,0,0,0,0,0,0,0,0,0,0,0,0,False,False,0,None,0,0,0,0,0,0,0,0,0,None,0,0,0,0,0,,True,False,False
Coop_Boss_PRJ_SpBombing_Etc01,特殊攻撃:衛星爆撃(発射台),/Game/Projectile/Boss/Oxide/BP_PrjSpBombingEtc01.uasset,0,0,None,Through,Through,Through,Through,Through,Enemy,0,0,0,-1,0,-1,-1,0,0,0,False,False,False,False,False,1,1,1,1,1,1,0,100,0,0,0,1,0,0,0,Ignore,Ignore,Ignore,Ignore,Stop,False,False,0,0,1,0,False,False,0,0,0,0,0,0,0,0,0,0,0,0,0,0,True,True,0,None,0,0,0,0,0,0,0,0,0,None,0,0,0,0,356,,False,False,True
Coop_Boss_PRJ_SpBombing_Bullet01,特殊攻撃:衛星爆撃(弾),/Game/Projectile/Boss/Oxide/BP_PrjSpBombingBullet01.uasset,295,0,EnemyAll,Through,Enemy,Enemy,Enemy,Enemy,Enemy,25000,40000,0,0.1,0,-1,-1,0,0,0,False,False,True,True,True,1,1,1,1,1,1,0,30,0,1000000,0,1,0,0,0,Die,Die,Die,Die,StopDie,False,False,0,0,1,0,False,False,0,0,0,0,0,0,0,0,0,0,0,0,0,0,False,False,0,None,0,0,0,0,0,0,0,0,0,None,0,357,357,357,0,,False,False,True
Coop_Boss_PRJ_SpBombing_Coop01,特殊攻撃:衛星爆撃(爆発),/Game/Projectile/Boss/Oxide/BP_PrjSpBombingCoop01.uasset,296,0,EnemyAll,Through,Enemy,Enemy,Enemy,Enemy,Enemy,0,0,0,-1,0,-1,-1,0,0,0,False,False,False,False,False,1,1,1,500,0.001,11,0.2,0.25,0,0,0,1,0,0,0,Ignore,Ignore,Ignore,Ignore,Stop,False,True,0,0,1,0,False,False,0,0,0,0,0,0,0,0,0,0,0,0,0,0,False,False,0,None,0,0,0,0,0,0,0,0,0,None,0,0,0,0,0,,False,False,False
Coop_Boss_PRJ_LineBombBoss01_Coop01,O・Xボンバルド (爆発),/Game/Projectile/Boss/Oxide/BP_PrjLineBombBoss01Coop01.uasset,297,0,EnemyAll,Through,Enemy,Enemy,Enemy,Enemy,Enemy,0,0,0,-1,0,-1,-1,0,0,0,False,False,False,False,False,1,1,1,1,0.01,7,0.5,2,0,0,0,1,0,0,0,Ignore,Ignore,Ignore,Ignore,Stop,False,True,0,0,1,0,True,False,0,0,0,0,0,0,0,0,0,0,0,0,0,0,False,False,0,None,0,0,0,0,0,0,0,0,0,None,0,0,0,0,0,,False,False,False
Coop_Boss_PRJ_LineBombBoss01_Etc01,O・Xボンバルド (爆発生成弾),/Game/Projectile/Boss/Oxide/BP_PrjLineBombBoss01Etc01.uasset,0,0,None,Through,Through,Through,Through,Through,Enemy,15000,23000,0,-1,0.7,-1,-1,0,0,0,False,False,False,True,False,1,1,1,1,1,1,0,2,0,150000,0,1,0,0,0,Ignore,Straight,Straight,Stop,Stop,False,False,0,0,1,0,True,False,0,0,0,0,0,0,0,0,0,0,0,0,0,0,False,False,0,None,0,0,0,0,0,0,0,0,0,None,0,0,0,0,358,,False,False,False
Coop_Boss_PRJ_SatelliteMortarBoss01_Etc01,O・エステジオン・ボム (発射台),/Game/Projectile/Boss/Oxide/BP_PrjSatelliteMortarBoss01Etc01.uasset,0,0,None,Through,Through,Through,Through,Through,Enemy,0,0,0,-1,0,-1,-1,0,0,0,False,False,False,False,False,1,1,1,1,1,1,0,100,0,0,0,1,0,0,0,Ignore,Ignore,Ignore,Ignore,Stop,False,False,0,0,1,0,False,False,0,0,0,0,0,0,0,0,0,0,0,0,0,0,True,True,0,None,0,0,0,0,0,0,0,0,0,None,0,0,0,0,361,,False,False,True
Coop_Boss_PRJ_SatelliteMortarBoss01_Bullet01,O・エステジオン・ボム (弾),/Game/Projectile/Boss/Oxide/BP_PrjSatelliteMortarBoss01Bullet01.uasset,298,0,EnemyAll,Through,Enemy,Enemy,Enemy,Enemy,Enemy,15000,60000,0,0.3,0,-1,-1,0,0,0,False,False,True,True,True,1,1,1,1,1,1,0,30,0,1000000,0,1,0,0,0,Die,Die,Die,Die,StopDie,False,False,0,0,1,0,False,False,0,0,0,0,0,0,0,0,0,0,0,0,0,0,False,False,0,None,0,0,0,0,0,0,0,0,0,None,0,362,362,362,0,,False,False,True
Coop_Boss_PRJ_SatelliteMortarBoss01_Coop01,O・エステジオン・ボム (爆発),/Game/Projectile/Boss/Oxide/BP_PrjSatelliteMortarBoss01Coop01.uasset,299,0,EnemyAll,Through,Enemy,Enemy,Enemy,Enemy,Enemy,0,0,0,-1,0,-1,-1,0,0,0,False,False,False,False,False,1,1,1,500,0.001,20,0.35,0.4,0,0,0,1,0,0,0,Ignore,Ignore,Ignore,Ignore,Stop,False,True,0,0,1,0,False,False,0,0,0,0,0,0,0,0,0,0,0,0,0,0,False,False,0,None,0,0,0,0,0,0,0,0,0,None,0,0,0,0,0,,False,False,False
VS_Skill_PRJ,以下2on2用スキル,,0,0,None,Through,Through,Through,Through,Through,Enemy,0,0,0,-1,0,-1,-1,0,0,0,False,False,False,False,False,1,1,1,1,1,1,0,0,0,0,0,1,0,0,0,Ignore,Ignore,Ignore,Ignore,Die,False,False,0,0,1,0,True,False,0,0,0,0,0,0,0,0,0,0,0,0,0,0,True,True,1.2,None,0,0,0,0,0,0,0,0,0,None,0,0,0,0,0,,False,False,False
Skill_PRJ_Buff01,スキルテスト:攻撃力バフ,/Game/Projectile/Skill/Buff/BP_PrjSkillBuff01.uasset,301,0,Owner,Hit,Through,Through,Through,Through,Enemy,0,0,0,-1,0,-1,-1,0,0,0,False,False,False,False,False,1,1,1,1,1,1,0,10,0,0,0,1,0,0,0,Die,Ignore,Ignore,Ignore,Stop,False,True,0,0,1,0,False,True,180,100000,180,100000,180,180,0,180,180,0,0,0,0,0,True,True,1.2,None,0,0,0,0,0,0,0,0,0,None,0,0,0,0,0,,False,False,True
Skill_PRJ_Buff02,スキルテスト:ブーストバフ,/Game/Projectile/Skill/Buff/BP_PrjSkillBuff02.uasset,302,0,Owner,Hit,Through,Through,Through,Through,Enemy,0,0,0,-1,0,-1,-1,0,0,0,False,False,False,False,False,1,1,1,1,1,1,0,10,0,0,0,1,0,0,0,Die,Ignore,Ignore,Ignore,Stop,False,True,0,0,1,0,False,True,180,100000,180,100000,180,180,0,180,180,0,0,0,0,0,True,True,1.2,None,0,0,0,0,0,0,0,0,0,None,0,0,0,0,0,,False,False,True
Skill_PRJ_Buff03,スキルテスト:シールド自付与,/Game/Projectile/Skill/Buff/BP_PrjSkillBuff03.uasset,0,0,None,Through,Through,Through,Through,Through,Enemy,0,0,0,-1,0,-1,-1,0,0,0,False,True,True,True,True,1,1,1,500,1,1,0,5,0,0,0,1,0,0,0,Ignore,Ignore,Ignore,Ignore,Stop,True,False,0,0,1,0,False,False,0,0,0,0,0,0,0,0,0,0,0,0,0,0,False,False,0,None,0,0,0,0,0,0,0,0,0,AllMighty,500,0,0,0,0,,False,False,True
Skill_PRJ_BoundBubble_Bullet01,スキル:泡沫Lv1,/Game/Projectile/Skill/wp30001/BP_PrjSkillBoundBubbleBullet01.uasset,303,0,EnemyAll,Through,Enemy,Enemy,Enemy,Enemy,Enemy,10000,3000,0,0.1,1,-1,-1,0,0,0,True,True,True,True,True,1,1,1,1,0.01,1,0.5,5,0,100000,0,1,0,0,0,Die,Refract,Die,Die,StopDie,False,False,0,0,1,0,True,False,0,0,0,0,0,0,0,0,0,0,0,0,0,0,True,True,1.01,None,0,0,0,0,0,0,0,0,0,None,0,405,405,0,0,,False,False,True
Skill_PRJ_BoundBubble_Bullet02,スキル:泡沫Lv2,/Game/Projectile/Skill/wp30001/BP_PrjSkillBoundBubbleBullet02.uasset,304,0,EnemyAll,Through,Enemy,Enemy,Enemy,Enemy,Enemy,10000,3000,0,0.1,1,-1,-1,0,0,0,True,True,True,True,True,1,1,1,1,0.01,1,0.5,5,0,100000,0,1,0,0,0,Die,Refract,Die,Die,StopDie,False,False,0,0,1,0,True,False,0,0,0,0,0,0,0,0,0,0,0,0,0,0,True,True,1.01,None,0,0,0,0,0,0,0,0,0,None,0,406,406,0,0,,False,False,True
Skill_PRJ_BoundBubble_Bullet03,スキル:泡沫Lv3,/Game/Projectile/Skill/wp30001/BP_PrjSkillBoundBubbleBullet03.uasset,305,0,EnemyAll,Through,Enemy,Enemy,Enemy,Enemy,Enemy,10000,3000,0,0.1,1,-1,-1,0,0,0,True,True,True,True,True,1,1,1,1,0.01,1,0.5,5,0,100000,0,1,0,0,0,Die,Refract,Die,Die,StopDie,False,False,0,0,1,0,True,False,0,0,0,0,0,0,0,0,0,0,0,0,0,0,True,True,1.01,None,0,0,0,0,0,0,0,0,0,None,0,407,407,0,0,,False,False,True
Skill_PRJ_SatelliteLaser_Manager01,衛星レーザーLv1(マネージャー),/Game/Projectile/Skill/wp30002/BP_PrjSkillSatelliteLaserManager01.uasset,0,0,None,Through,Through,Through,Through,Through,Enemy,0,0,0,-1,0,-1,-1,0,0,0,False,False,False,False,False,1,1,1,1,1,1,0,100,0,0,0,1,0,0,0,Ignore,Ignore,Ignore,Ignore,Stop,False,False,0,0,1,0,False,False,0,0,0,0,0,0,0,0,0,0,0,0,0,0,True,True,1.2,None,0,0,0,0,0,0,0,0,0,None,0,0,0,0,408,,False,False,True
Skill_PRJ_SatelliteLaser_Manager02,衛星レーザーLv2(マネージャー),/Game/Projectile/Skill/wp30002/BP_PrjSkillSatelliteLaserManager02.uasset,0,0,None,Through,Through,Through,Through,Through,Enemy,0,0,0,-1,0,-1,-1,0,0,0,False,False,False,False,False,1,1,1,1,1,1,0,100,0,0,0,1,0,0,0,Ignore,Ignore,Ignore,Ignore,Stop,False,False,0,0,1,0,False,False,0,0,0,0,0,0,0,0,0,0,0,0,0,0,True,True,1.2,None,0,0,0,0,0,0,0,0,0,None,0,0,0,0,409,,False,False,True
Skill_PRJ_SatelliteLaser_Manager03,衛星レーザーLv3(マネージャー),/Game/Projectile/Skill/wp30002/BP_PrjSkillSatelliteLaserManager03.uasset,0,0,None,Through,Through,Through,Through,Through,Enemy,0,0,0,-1,0,-1,-1,0,0,0,False,False,False,False,False,1,1,1,1,1,1,0,100,0,0,0,1,0,0,0,Ignore,Ignore,Ignore,Ignore,Stop,False,False,0,0,1,0,False,False,0,0,0,0,0,0,0,0,0,0,0,0,0,0,True,True,1.2,None,0,0,0,0,0,0,0,0,0,None,0,0,0,0,410,,False,False,True
Skill_PRJ_Pressure_Bullet01,スキル:ブートフィールド,/Game/Projectile/Skill/wp30003/BP_PrjSkillPressureBullet01.uasset,306,57,EnemyAll,Through,Enemy,Enemy,Enemy,Enemy,Enemy,0,0,0,-1,0,-1,-1,0,0,0,False,False,False,False,False,1,1,1,450,0.001,20,1,1.2,0,0,0,1,0,0,0,Ignore,Ignore,Ignore,Ignore,Stop,False,True,0,0,1,0,False,False,0,0,0,0,0,0,0,0,0,0,0,0,0,0,True,True,0,None,0,0,0,0,0,0,0,0,0,None,0,0,0,0,0,,False,False,True
Skill_PRJ_SentryGun_Bullet01,スキル:ターレットEXLv1(投擲弾),/Game/Projectile/Skill/wp30004/BP_PrjSkillSentryGunBullet01.uasset,0,0,None,Through,Through,Through,All,Through,Enemy,15000,15000,0,-1,0,-1,-1,10000,20,0,False,False,True,True,True,1,1,1,1,1,1,0,60,0,7500,15000,1,0,0,0,Die,Die,Die,Die,StopDie,False,False,0,0,1,0,False,False,0,0,0,0,0,0,0,0,0,0,0,0,0,0,True,True,0,None,0,0,0,0,0,0,0,0,0,None,0,414,414,414,0,,False,False,True
Skill_PRJ_SentryGun_Bullet02,スキル:ターレットEXLv2(投擲弾),/Game/Projectile/Skill/wp30004/BP_PrjSkillSentryGunBullet02.uasset,0,0,None,Through,Through,Through,All,Through,Enemy,15000,15000,0,-1,0,-1,-1,10000,20,0,False,False,True,True,True,1,1,1,1,1,1,0,60,0,7500,15000,1,0,0,0,Die,Die,Die,Die,StopDie,False,False,0,0,1,0,False,False,0,0,0,0,0,0,0,0,0,0,0,0,0,0,True,True,0,None,0,0,0,0,0,0,0,0,0,None,0,415,415,415,0,,False,False,True
Skill_PRJ_SentryGun_Bullet03,スキル:ターレットEXLv3(投擲弾),/Game/Projectile/Skill/wp30004/BP_PrjSkillSentryGunBullet03.uasset,0,0,None,Through,Through,Through,All,Through,Enemy,15000,15000,0,-1,0,-1,-1,10000,20,0,False,False,True,True,True,1,1,1,1,1,1,0,60,0,7500,15000,1,0,0,0,Die,Die,Die,Die,StopDie,False,False,0,0,1,0,False,False,0,0,0,0,0,0,0,0,0,0,0,0,0,0,True,True,0,None,0,0,0,0,0,0,0,0,0,None,0,416,416,416,0,,False,False,True
Skill_PRJ_PowerBall_Bullet01,スキル:エヴォルフィアLv1,/Game/Projectile/Skill/wp30005/BP_PrjSkillPowerBallBullet01.uasset,309,0,EnemyAll,Through,Enemy,Enemy,Enemy,Enemy,Enemy,15000,15000,0,-1,0.5,-1,-1,0,0,0,True,True,True,True,True,1,1,1,1,1,36,1,5,0.3,35000,0,1,4,4,0.08,Ignore,Stop,Ignore,Die,Die,False,False,0,0,1,0,True,False,90,500,90,500,35,35,0,35,35,0,0,2000,0,0,True,True,1.2,None,0,0,0,0,0,0,0,0,0,None,0,0,0,0,0,,False,False,True
Skill_PRJ_PowerBall_Bullet02,スキル:エヴォルフィアLv2,/Game/Projectile/Skill/wp30005/BP_PrjSkillPowerBallBullet02.uasset,310,0,EnemyAll,Through,Enemy,Enemy,Enemy,Enemy,Enemy,15000,15000,0,-1,0.5,-1,-1,0,0,0,True,True,True,True,True,1,1,1,1,1,36,1,5,0.3,35000,0,1,4,4,0.08,Ignore,Stop,Ignore,Die,Die,False,False,0,0,1,0,True,False,90,500,90,500,35,35,0,35,35,0,0,2000,0,0,True,True,1.2,None,0,0,0,0,0,0,0,0,0,None,0,0,0,0,0,,False,False,True
Skill_PRJ_PowerBall_Bullet03,スキル:エヴォルフィアLv3,/Game/Projectile/Skill/wp30005/BP_PrjSkillPowerBallBullet03.uasset,311,0,EnemyAll,Through,Enemy,Enemy,Enemy,Enemy,Enemy,15000,15000,0,-1,0.5,-1,-1,0,0,0,True,True,True,True,True,1,1,1,1,1,36,1,5,0.3,35000,0,1,4,4,0.08,Ignore,Stop,Ignore,Die,Die,False,False,0,0,1,0,True,False,90,500,90,500,35,35,0,35,35,0,0,2000,0,0,True,True,1.2,None,0,0,0,0,0,0,0,0,0,None,0,0,0,0,0,,False,False,True
Skill_PRJ_MachineGun_Bullet01,スキル:ミトライユLv1,/Game/Projectile/Skill/wp30006/BP_PrjSkillMachineGunBullet01.uasset,312,0,EnemyAll,Through,Enemy,Enemy,Enemy,Enemy,Enemy,52000,54000,0,-1,0,-1,-1,0,0,0,True,True,True,True,True,1,1,1,1,1,1,0,1.5,0,50000,0,1,0,0,0,Die,Die,Die,Die,Die,False,False,0,0,1,0,True,False,90,500,90,500,45,45,0,45,45,0,0,2000,0,0,True,True,1.2,None,0,0,0,0,0,0,0,0,0,None,0,0,0,0,0,,False,False,True
Skill_PRJ_MachineGun_Bullet02,スキル:ミトライユLv2,/Game/Projectile/Skill/wp30006/BP_PrjSkillMachineGunBullet02.uasset,313,0,EnemyAll,Through,Enemy,Enemy,Enemy,Enemy,Enemy,52000,54000,0,-1,0,-1,-1,0,0,0,True,True,True,True,True,1,1,1,1,1,1,0,1.5,0,50000,0,1,0,0,0,Die,Die,Die,Die,Die,False,False,0,0,1,0,True,False,90,500,90,500,45,45,0,45,45,0,0,2000,0,0,True,True,1.2,None,0,0,0,0,0,0,0,0,0,None,0,0,0,0,0,,False,False,True
Skill_PRJ_MachineGun_Bullet03,スキル:ミトライユLv3,/Game/Projectile/Skill/wp30006/BP_PrjSkillMachineGunBullet03.uasset,314,0,EnemyAll,Through,Enemy,Enemy,Enemy,Enemy,Enemy,52000,54000,0,-1,0,-1,-1,0,0,0,True,True,True,True,True,1,1,1,1,1,1,0,1.5,0,50000,0,1,0,0,0,Die,Die,Die,Die,Die,False,False,0,0,1,0,True,False,90,500,90,500,45,45,0,45,45,0,0,2000,0,0,True,True,1.2,None,0,0,0,0,0,0,0,0,0,None,0,0,0,0,0,,False,False,True
Skill_PRJ_CoilGun_Bullet01,スキル:カラミッタLv1,/Game/Projectile/Skill/wp30007/BP_PrjSkillCoilGunBullet01.uasset,315,0,EnemyAll,Through,Enemy,Enemy,Enemy,Enemy,Enemy,45000,45000,0,-1,0,-1,-1,0,0,0,True,True,True,True,True,1,1,1,1,1.5,1.5,0,3,0,12000,0,1,0,0,0,Die,Stop,Stop,Die,StopDie,False,False,0,0,1,0,True,False,90,0,90,0,45,45,0,45,45,0,0,2000,0,0,True,True,1.2,None,0,0,0,0,0,0,0,0,0,None,0,0,0,0,0,/Game/Effect/ACR_Effect/Weapon/wp00011/PT_ef_wp00011_pierce_loop_01.uasset,False,False,True
Skill_PRJ_CoilGun_Bullet02,スキル:カラミッタLv2,/Game/Projectile/Skill/wp30007/BP_PrjSkillCoilGunBullet02.uasset,316,0,EnemyAll,Through,Enemy,Enemy,Enemy,Enemy,Enemy,45000,45000,0,-1,0,-1,-1,0,0,0,True,True,True,True,True,1,1,1,1,1.5,1.5,0,3,0,12000,0,1,0,0,0,Die,Stop,Stop,Die,StopDie,False,False,0,0,1,0,True,False,90,0,90,0,45,45,0,45,45,0,0,2000,0,0,True,True,1.2,None,0,0,0,0,0,0,0,0,0,None,0,0,0,0,0,/Game/Effect/ACR_Effect/Weapon/wp00011/PT_ef_wp00011_pierce_loop_01.uasset,False,False,True
Skill_PRJ_CoilGun_Bullet03,スキル:カラミッタLv3,/Game/Projectile/Skill/wp30007/BP_PrjSkillCoilGunBullet03.uasset,317,0,EnemyAll,Through,Enemy,Enemy,Enemy,Enemy,Enemy,45000,45000,0,-1,0,-1,-1,0,0,0,True,True,True,True,True,1,1,1,1,1.5,1.5,0,3,0,12000,0,1,0,0,0,Die,Stop,Stop,Die,StopDie,False,False,0,0,1,0,True,False,90,0,90,0,45,45,0,45,45,0,0,2000,0,0,True,True,1.2,None,0,0,0,0,0,0,0,0,0,None,0,0,0,0,0,/Game/Effect/ACR_Effect/Weapon/wp00011/PT_ef_wp00011_pierce_loop_01.uasset,False,False,True
Skill_PRJ_TornadoArea_Manager01,スキル:テンペストLv1(マネージャー),/Game/Projectile/Skill/wp30008/BP_PrjSkillTornadoAreaManager01.uasset,0,0,None,Through,Through,Through,Through,Through,Enemy,0,0,0,-1,0,-1,-1,0,0,0,False,False,False,False,False,1,1,1,1,1,1,0,100,0,0,0,1,0,0,0,Ignore,Ignore,Ignore,Ignore,Stop,False,False,0,0,1,0,False,False,0,0,0,0,0,0,0,0,0,0,0,0,0,0,True,True,1.2,None,0,0,0,0,0,0,0,0,0,None,0,0,0,0,422,,False,False,True
Skill_PRJ_TornadoArea_Manager02,スキル:テンペストLv2(マネージャー),/Game/Projectile/Skill/wp30008/BP_PrjSkillTornadoAreaManager02.uasset,0,0,None,Through,Through,Through,Through,Through,Enemy,0,0,0,-1,0,-1,-1,0,0,0,False,False,False,False,False,1,1,1,1,1,1,0,100,0,0,0,1,0,0,0,Ignore,Ignore,Ignore,Ignore,Stop,False,False,0,0,1,0,False,False,0,0,0,0,0,0,0,0,0,0,0,0,0,0,True,True,1.2,None,0,0,0,0,0,0,0,0,0,None,0,0,0,0,423,,False,False,True
Skill_PRJ_TornadoArea_Manager03,スキル:テンペストLv3(マネージャー),/Game/Projectile/Skill/wp30008/BP_PrjSkillTornadoAreaManager03.uasset,0,0,None,Through,Through,Through,Through,Through,Enemy,0,0,0,-1,0,-1,-1,0,0,0,False,False,False,False,False,1,1,1,1,1,1,0,100,0,0,0,1,0,0,0,Ignore,Ignore,Ignore,Ignore,Stop,False,False,0,0,1,0,False,False,0,0,0,0,0,0,0,0,0,0,0,0,0,0,True,True,1.2,None,0,0,0,0,0,0,0,0,0,None,0,0,0,0,424,,False,False,True
Skill_PRJ_TornadoArea_Bullet01,スキル:テンペストLv1(投擲弾),/Game/Projectile/Skill/wp30008/BP_PrjSkillTornadoAreaBullet01.uasset,0,0,EnemyAll,Through,Enemy,Enemy,Enemy,Enemy,Enemy,18000,18000,0,-1,0,-1,-1,25000,15,0,False,False,True,True,True,1,1,1,1,1,1,0,60,0,22000,0,1,0,0,0,Die,Die,Die,Die,StopDie,False,False,0,0,1,0,False,False,0,0,0,0,0,0,0,0,0,0,0,0,0,0,True,True,0,None,0,0,0,0,0,0,0,0,0,None,0,422,422,422,422,,False,False,True
Skill_PRJ_TornadoArea_Bullet02,スキル:テンペストLv2(投擲弾),/Game/Projectile/Skill/wp30008/BP_PrjSkillTornadoAreaBullet02.uasset,0,0,EnemyAll,Through,Enemy,Enemy,Enemy,Enemy,Enemy,18000,18000,0,-1,0,-1,-1,25000,15,0,False,False,True,True,True,1,1,1,1,1,1,0,60,0,22000,0,1,0,0,0,Die,Die,Die,Die,StopDie,False,False,0,0,1,0,False,False,0,0,0,0,0,0,0,0,0,0,0,0,0,0,True,True,0,None,0,0,0,0,0,0,0,0,0,None,0,423,423,423,423,,False,False,True
Skill_PRJ_TornadoArea_Bullet03,スキル:テンペストLv3(投擲弾),/Game/Projectile/Skill/wp30008/BP_PrjSkillTornadoAreaBullet03.uasset,0,0,EnemyAll,Through,Enemy,Enemy,Enemy,Enemy,Enemy,18000,18000,0,-1,0,-1,-1,25000,15,0,False,False,True,True,True,1,1,1,1,1,1,0,60,0,22000,0,1,0,0,0,Die,Die,Die,Die,StopDie,False,False,0,0,1,0,False,False,0,0,0,0,0,0,0,0,0,0,0,0,0,0,True,True,0,None,0,0,0,0,0,0,0,0,0,None,0,424,424,424,424,,False,False,True
Skill_PRJ_Stealth_Buff01,スキル:ステルスLv1,/Game/Projectile/Skill/wp30009/BP_PrjSkillStealthBuff01.uasset,318,0,Owner,Hit,Through,Through,Through,Through,Enemy,0,0,0,-1,0,-1,-1,0,0,0,False,False,False,False,False,1,1,1,1,1,1,0,10,0,0,0,1,0,0,0,Die,Ignore,Ignore,Ignore,Stop,False,True,0,0,1,0,False,True,180,100000,180,100000,180,180,0,180,180,0,0,0,0,0,True,True,1.2,None,0,0,0,0,0,0,0,0,0,None,0,0,0,0,0,,False,False,True
Skill_PRJ_Stealth_Buff02,スキル:ステルスLv2,/Game/Projectile/Skill/wp30009/BP_PrjSkillStealthBuff02.uasset,319,0,Owner,Hit,Through,Through,Through,Through,Enemy,0,0,0,-1,0,-1,-1,0,0,0,False,False,False,False,False,1,1,1,1,1,1,0,10,0,0,0,1,0,0,0,Die,Ignore,Ignore,Ignore,Stop,False,True,0,0,1,0,False,True,180,100000,180,100000,180,180,0,180,180,0,0,0,0,0,True,True,1.2,None,0,0,0,0,0,0,0,0,0,None,0,0,0,0,0,,False,False,True
Skill_PRJ_Stealth_Buff03,スキル:ステルスLv3,/Game/Projectile/Skill/wp30009/BP_PrjSkillStealthBuff03.uasset,320,0,Owner,Hit,Through,Through,Through,Through,Enemy,0,0,0,-1,0,-1,-1,0,0,0,False,False,False,False,False,1,1,1,1,1,1,0,10,0,0,0,1,0,0,0,Die,Ignore,Ignore,Ignore,Stop,False,True,0,0,1,0,False,True,180,100000,180,100000,180,180,0,180,180,0,0,0,0,0,True,True,1.2,None,0,0,0,0,0,0,0,0,0,None,0,0,0,0,0,,False,False,True
Skill_PRJ_OptionsShield_Barrier01,スキル:シールドLv1,/Game/Projectile/Skill/wp30010/BP_PrjSkillOptionsShieldBarrier01.uasset,0,0,None,Through,Through,Through,Through,Through,Enemy,0,0,0,-1,0,-1,-1,0,0,0,False,True,True,True,True,1,1,1,500,1,1,0,5,0,0,0,1,0,0,0,Ignore,Ignore,Ignore,Ignore,Stop,True,False,0,0,1,0,False,False,0,0,0,0,0,0,0,0,0,0,0,0,0,0,False,False,0,None,0,0,0,0,0,0,0,0,0,AllMighty,500,0,0,0,0,,False,False,True
Skill_PRJ_OptionsShield_Barrier02,スキル:シールドLv2,/Game/Projectile/Skill/wp30010/BP_PrjSkillOptionsShieldBarrier02.uasset,0,0,None,Through,Through,Through,Through,Through,Enemy,0,0,0,-1,0,-1,-1,0,0,0,False,True,True,True,True,1,1,1,500,1,1,0,5,0,0,0,1,0,0,0,Ignore,Ignore,Ignore,Ignore,Stop,True,False,0,0,1,0,False,False,0,0,0,0,0,0,0,0,0,0,0,0,0,0,False,False,0,None,0,0,0,0,0,0,0,0,0,AllMighty,500,0,0,0,0,,False,False,True
Skill_PRJ_OptionsShield_Barrier03,スキル:シールドLv3,/Game/Projectile/Skill/wp30010/BP_PrjSkillOptionsShieldBarrier03.uasset,0,0,None,Through,Through,Through,Through,Through,Enemy,0,0,0,-1,0,-1,-1,0,0,0,False,True,True,True,True,1,1,1,500,1,1,0,5,0,0,0,1,0,0,0,Ignore,Ignore,Ignore,Ignore,Stop,True,False,0,0,1,0,False,False,0,0,0,0,0,0,0,0,0,0,0,0,0,0,False,False,0,None,0,0,0,0,0,0,0,0,0,AllMighty,500,0,0,0,0,,False,False,True
Skill_PRJ_WideShot_Bullet01,スキル:ラーゴLv1,/Game/Projectile/Skill/wp30011/BP_PrjSkillWideShotBullet01.uasset,321,0,EnemyAll,Through,Enemy,Enemy,Enemy,Enemy,Enemy,10000,20000,0,-1,1,-1,-1,0,0,0,True,True,True,True,True,1,1,1,1,0.1,1.6,1,2,0,50000,0,1,0,0,0,Ignore,Die,Die,Die,Die,False,False,0,0,1,0,True,False,90,500,90,500,45,45,0,20,20,0,0,2000,0,0,True,False,1.2,None,0,0,0,0,0,0,0,0,0,None,0,0,0,0,0,,False,False,True
Skill_PRJ_WideShot_Bullet02,スキル:ラーゴLv2,/Game/Projectile/Skill/wp30011/BP_PrjSkillWideShotBullet02.uasset,322,0,EnemyAll,Through,Enemy,Enemy,Enemy,Enemy,Enemy,10000,20000,0,-1,1,-1,-1,0,0,0,True,True,True,True,True,1,1,1,1,0.1,1.6,1,2,0,50000,0,1,0,0,0,Ignore,Die,Die,Die,Die,False,False,0,0,1,0,True,False,90,500,90,500,45,45,0,20,20,0,0,2000,0,0,True,False,1.2,None,0,0,0,0,0,0,0,0,0,None,0,0,0,0,0,,False,False,True
Skill_PRJ_WideShot_Bullet03,スキル:ラーゴLv3,/Game/Projectile/Skill/wp30011/BP_PrjSkillWideShotBullet03.uasset,323,0,EnemyAll,Through,Enemy,Enemy,Enemy,Enemy,Enemy,10000,20000,0,-1,1,-1,-1,0,0,0,True,True,True,True,True,1,1,1,1,0.1,1.6,1,2,0,50000,0,1,0,0,0,Ignore,Die,Die,Die,Die,False,False,0,0,1,0,True,False,90,500,90,500,45,45,0,20,20,0,0,2000,0,0,True,False,1.2,None,0,0,0,0,0,0,0,0,0,None,0,0,0,0,0,,False,False,True
Skill_PRJ_Options_Etc01,スキル:レイスレイヴLv1(生成マネージャー),/Game/Projectile/Skill/wp30012/BP_PrjSkillOptionsEtc01.uasset,0,0,None,Through,Through,Through,Through,Through,Enemy,0,0,0,-1,0,-1,-1,0,0,0,False,False,False,False,False,1,1,1,1,1,1,0,60,0,0,0,1,0,0,0,Ignore,Ignore,Ignore,Die,Stop,True,False,0,0,1,0,False,False,0,0,0,0,0,0,0,0,0,0,0,0,0,0,False,False,0,None,0,0,0,0,0,0,0,0,0,None,0,0,0,0,425,,False,False,True
Skill_PRJ_Options_Etc02,スキル:レイスレイヴLv2(生成マネージャー),/Game/Projectile/Skill/wp30012/BP_PrjSkillOptionsEtc02.uasset,0,0,None,Through,Through,Through,Through,Through,Enemy,0,0,0,-1,0,-1,-1,0,0,0,False,False,False,False,False,1,1,1,1,1,1,0,60,0,0,0,1,0,0,0,Ignore,Ignore,Ignore,Die,Stop,True,False,0,0,1,0,False,False,0,0,0,0,0,0,0,0,0,0,0,0,0,0,False,False,0,None,0,0,0,0,0,0,0,0,0,None,0,0,0,0,426,,False,False,True
Skill_PRJ_Options_Etc03,スキル:レイスレイヴLv3(生成マネージャー),/Game/Projectile/Skill/wp30012/BP_PrjSkillOptionsEtc03.uasset,0,0,None,Through,Through,Through,Through,Through,Enemy,0,0,0,-1,0,-1,-1,0,0,0,False,False,False,False,False,1,1,1,1,1,1,0,60,0,0,0,1,0,0,0,Ignore,Ignore,Ignore,Die,Stop,True,False,0,0,1,0,False,False,0,0,0,0,0,0,0,0,0,0,0,0,0,0,False,False,0,None,0,0,0,0,0,0,0,0,0,None,0,0,0,0,427,,False,False,True
Coop_VS_Skill_PRJ,以下2on2用スキル連携弾,,0,0,None,Through,Through,Through,Through,Through,Enemy,0,0,0,-1,0,-1,-1,0,0,0,False,False,False,False,False,1,1,1,1,1,1,0,0,0,0,0,1,0,0,0,Ignore,Ignore,Ignore,Ignore,Die,False,False,0,0,1,0,True,False,0,0,0,0,0,0,0,0,0,0,0,0,0,0,True,True,1.2,None,0,0,0,0,0,0,0,0,0,None,0,0,0,0,0,,False,False,False
Coop_Skill_PRJ_BoundBubble_Coop01,スキル:泡沫Lv1(爆発),/Game/Projectile/Skill/wp30001/BP_PrjSkillBoundBubbleCoop01.uasset,325,0,EnemyAll,Through,Through,Through,Through,Through,Enemy,0,0,0,-1,0,-1,-1,0,0,0,False,False,False,False,False,1,1,1,500,0.001,7,0.1,0.25,0,0,0,1,0,0,0,Ignore,Ignore,Ignore,Ignore,Stop,False,False,0,0,1,0,False,False,0,0,0,0,0,0,0,0,0,0,0,0,0,0,False,False,0,None,0,0,0,0,0,0,0,0,0,None,0,0,0,0,0,,False,False,False
Coop_Skill_PRJ_BoundBubble_Coop02,スキル:泡沫Lv2(爆発),/Game/Projectile/Skill/wp30001/BP_PrjSkillBoundBubbleCoop02.uasset,326,0,EnemyAll,Through,Through,Through,Through,Through,Enemy,0,0,0,-1,0,-1,-1,0,0,0,False,False,False,False,False,1,1,1,500,0.001,7,0.1,0.25,0,0,0,1,0,0,0,Ignore,Ignore,Ignore,Ignore,Stop,False,False,0,0,1,0,False,False,0,0,0,0,0,0,0,0,0,0,0,0,0,0,False,False,0,None,0,0,0,0,0,0,0,0,0,None,0,0,0,0,0,,False,False,False
Coop_Skill_PRJ_BoundBubble_Coop03,スキル:泡沫Lv3(爆発),/Game/Projectile/Skill/wp30001/BP_PrjSkillBoundBubbleCoop03.uasset,327,0,EnemyAll,Through,Through,Through,Through,Through,Enemy,0,0,0,-1,0,-1,-1,0,0,0,False,False,False,False,False,1,1,1,500,0.001,7,0.1,0.25,0,0,0,1,0,0,0,Ignore,Ignore,Ignore,Ignore,Stop,False,False,0,0,1,0,False,False,0,0,0,0,0,0,0,0,0,0,0,0,0,0,False,False,0,None,0,0,0,0,0,0,0,0,0,None,0,0,0,0,0,,False,False,False
Coop_Skill_PRJ_SatelliteLaser_Etc01,衛星レーザーLv1(発射台),/Game/Projectile/Skill/wp30002/BP_PrjSkillSatelliteLaserEtc01.uasset,0,0,None,Through,Through,Through,Through,Through,Enemy,0,0,0,-1,0,-1,-1,0,0,0,False,False,False,False,False,1,1,1,1,1,1,0,100,0,0,0,1,0,0,0,Ignore,Ignore,Ignore,Ignore,Stop,False,False,0,0,1,0,False,False,0,0,0,0,0,0,0,0,0,0,0,0,0,0,True,True,0,None,0,0,0,0,0,0,0,0,0,None,0,0,0,0,411,,False,False,True
Coop_Skill_PRJ_SatelliteLaser_Etc02,衛星レーザーLv2(発射台),/Game/Projectile/Skill/wp30002/BP_PrjSkillSatelliteLaserEtc02.uasset,0,0,None,Through,Through,Through,Through,Through,Enemy,0,0,0,-1,0,-1,-1,0,0,0,False,False,False,False,False,1,1,1,1,1,1,0,100,0,0,0,1,0,0,0,Ignore,Ignore,Ignore,Ignore,Stop,False,False,0,0,1,0,False,False,0,0,0,0,0,0,0,0,0,0,0,0,0,0,True,True,0,None,0,0,0,0,0,0,0,0,0,None,0,0,0,0,412,,False,False,True
Coop_Skill_PRJ_SatelliteLaser_Etc03,衛星レーザーLv3(発射台),/Game/Projectile/Skill/wp30002/BP_PrjSkillSatelliteLaserEtc03.uasset,0,0,None,Through,Through,Through,Through,Through,Enemy,0,0,0,-1,0,-1,-1,0,0,0,False,False,False,False,False,1,1,1,1,1,1,0,100,0,0,0,1,0,0,0,Ignore,Ignore,Ignore,Ignore,Stop,False,False,0,0,1,0,False,False,0,0,0,0,0,0,0,0,0,0,0,0,0,0,True,True,0,None,0,0,0,0,0,0,0,0,0,None,0,0,0,0,413,,False,False,True
Coop_Skill_PRJ_SatelliteLaser_Coop01,衛星レーザーLv1(火柱),/Game/Projectile/Skill/wp30002/BP_PrjSkillSatelliteLaserCoop01.uasset,328,0,EnemyAll,Through,Enemy,Enemy,Enemy,Enemy,Enemy,0,0,0,-1,0,-1,-1,0,0,0,False,False,False,False,False,1,1,1,1,1,3,0.1,1,0,0,0,1,0,0,0,Ignore,Ignore,Ignore,Ignore,Stop,False,True,0,0,1,0,True,False,0,0,0,0,0,0,0,0,0,0,0,0,0,0,False,False,0,None,0,0,0,0,0,0,0,0,0,None,0,0,0,0,0,,False,False,False
Coop_Skill_PRJ_SatelliteLaser_Coop02,衛星レーザーLv2(火柱),/Game/Projectile/Skill/wp30002/BP_PrjSkillSatelliteLaserCoop02.uasset,329,0,EnemyAll,Through,Enemy,Enemy,Enemy,Enemy,Enemy,0,0,0,-1,0,-1,-1,0,0,0,False,False,False,False,False,1,1,1,1,1,3,0.1,1,0,0,0,1,0,0,0,Ignore,Ignore,Ignore,Ignore,Stop,False,True,0,0,1,0,True,False,0,0,0,0,0,0,0,0,0,0,0,0,0,0,False,False,0,None,0,0,0,0,0,0,0,0,0,None,0,0,0,0,0,,False,False,False
Coop_Skill_PRJ_SatelliteLaser_Coop03,衛星レーザーLv3(火柱),/Game/Projectile/Skill/wp30002/BP_PrjSkillSatelliteLaserCoop03.uasset,330,0,EnemyAll,Through,Enemy,Enemy,Enemy,Enemy,Enemy,0,0,0,-1,0,-1,-1,0,0,0,False,False,False,False,False,1,1,1,1,1,3,0.1,1,0,0,0,1,0,0,0,Ignore,Ignore,Ignore,Ignore,Stop,False,True,0,0,1,0,True,False,0,0,0,0,0,0,0,0,0,0,0,0,0,0,False,False,0,None,0,0,0,0,0,0,0,0,0,None,0,0,0,0,0,,False,False,False
Coop_Skill_PRJ_SentryGun_Character01,スキル:ターレットEXLv1 (発射台),/Game/Projectile/Skill/wp30004/BP_PrjSkillSentryGunCharacter01.uasset,0,0,None,Through,Through,Through,Through,Through,Enemy,0,0,0,-1,0,-1,-1,0,0,0,True,True,True,True,True,1,1,1,100,1,1,0,11,0,0,0,1,0,0,0,Ignore,Ignore,Ignore,Ignore,Die,False,False,0,0,1,0,True,False,0,0,0,0,0,0,0,0,0,0,0,0,0,0,False,False,0,None,0,0,0,0,0,0,0,0,0,None,300,0,0,0,417,,True,False,False
Coop_Skill_PRJ_SentryGun_Character02,スキル:ターレットEXLv2 (発射台),/Game/Projectile/Skill/wp30004/BP_PrjSkillSentryGunCharacter02.uasset,0,0,None,Through,Through,Through,Through,Through,Enemy,0,0,0,-1,0,-1,-1,0,0,0,True,True,True,True,True,1,1,1,100,1,1,0,11,0,0,0,1,0,0,0,Ignore,Ignore,Ignore,Ignore,Die,False,False,0,0,1,0,True,False,0,0,0,0,0,0,0,0,0,0,0,0,0,0,False,False,0,None,0,0,0,0,0,0,0,0,0,None,300,0,0,0,418,,True,False,False
Coop_Skill_PRJ_SentryGun_Character03,スキル:ターレットEXLv3 (発射台),/Game/Projectile/Skill/wp30004/BP_PrjSkillSentryGunCharacter03.uasset,0,0,None,Through,Through,Through,Through,Through,Enemy,0,0,0,-1,0,-1,-1,0,0,0,True,True,True,True,True,1,1,1,100,1,1,0,11,0,0,0,1,0,0,0,Ignore,Ignore,Ignore,Ignore,Die,False,False,0,0,1,0,True,False,0,0,0,0,0,0,0,0,0,0,0,0,0,0,False,False,0,None,0,0,0,0,0,0,0,0,0,None,300,0,0,0,419,,True,False,False
Coop_Skill_PRJ_SentryGun_Coop01,スキル:ターレットEXLv1(レーザー),/Game/Projectile/Skill/wp30004/BP_PrjSkillSentryGunCoop01.uasset,331,0,EnemyAll,Through,Enemy,Enemy,Enemy,Enemy,Enemy,100000,100000,0,-1,0,-1,-1,0,0,0,False,False,True,True,True,1,1,1,1,1,1,0,1.5,0,50000,0,1,0,0,0,Ignore,Ignore,Ignore,Ignore,Extra,False,False,0,0,1,0,False,False,0,0,0,0,0,0,0,0,0,0,0,0,0,0,True,True,0,None,0,0,0,0,0,0,0,0,0,None,0,0,0,420,421,,True,False,True
Coop_Skill_PRJ_SentryGun_Coop02,スキル:ターレットEXLv2(レーザー),/Game/Projectile/Skill/wp30004/BP_PrjSkillSentryGunCoop02.uasset,332,0,EnemyAll,Through,Enemy,Enemy,Enemy,Enemy,Enemy,100000,100000,0,-1,0,-1,-1,0,0,0,False,False,True,True,True,1,1,1,1,1,1,0,1.5,0,50000,0,1,0,0,0,Ignore,Ignore,Ignore,Ignore,Extra,False,False,0,0,1,0,False,False,0,0,0,0,0,0,0,0,0,0,0,0,0,0,True,True,0,None,0,0,0,0,0,0,0,0,0,None,0,0,0,420,421,,True,False,True
Coop_Skill_PRJ_SentryGun_Coop03,スキル:ターレットEXLv3(レーザー),/Game/Projectile/Skill/wp30004/BP_PrjSkillSentryGunCoop03.uasset,333,0,EnemyAll,Through,Enemy,Enemy,Enemy,Enemy,Enemy,100000,100000,0,-1,0,-1,-1,0,0,0,False,False,True,True,True,1,1,1,1,1,1,0,1.5,0,50000,0,1,0,0,0,Ignore,Ignore,Ignore,Ignore,Extra,False,False,0,0,1,0,False,False,0,0,0,0,0,0,0,0,0,0,0,0,0,0,True,True,0,None,0,0,0,0,0,0,0,0,0,None,0,0,0,420,421,,True,False,True
Coop_Skill_PRJ_SentryGun_Coop04,スキル:ターレットEXLv3(爆発),/Game/Projectile/Skill/wp30004/BP_PrjSkillSentryGunCoop04.uasset,334,0,EnemyAll,Through,Enemy,Enemy,Enemy,Enemy,Enemy,0,0,0,-1,0,-1,-1,0,0,0,False,False,False,False,False,1,1,1,500,1,13.5,0.6,1.2,0,0,0,1,8,1,0.1,Ignore,Ignore,Ignore,Ignore,Stop,False,True,0,0,1,0,False,False,0,0,0,0,0,0,0,0,0,0,0,0,0,0,False,False,0,None,0,0,0,0,0,0,0,0,0,None,0,0,0,0,0,,False,False,False
Coop_Skill_PRJ_SentryGun_Coop05,スキル:ターレットEXLv3(空中爆発),/Game/Projectile/Skill/wp30004/BP_PrjSkillSentryGunCoop05.uasset,335,0,EnemyAll,Through,Enemy,Enemy,Enemy,Enemy,Enemy,0,0,0,-1,0,-1,-1,0,0,0,False,False,False,False,False,1,1,1,500,1,10,0.6,1.2,0,0,0,1,8,1,0.1,Ignore,Ignore,Ignore,Ignore,Stop,False,True,0,0,1,0,False,False,0,0,0,0,0,0,0,0,0,0,0,0,0,0,False,False,0,None,0,0,0,0,0,0,0,0,0,None,0,0,0,0,0,,False,False,False
Coop_Skill_PRJ_TornadoArea_Coop01,スキル:テンペストLv1(竜巻),/Game/Projectile/Skill/wp30008/BP_PrjSkillTornadoAreaCoop01.uasset,336,0,EnemyAll,Hit,All,Enemy,Enemy,Enemy,Enemy,0,0,0,-1,0,-1,-1,0,0,0,False,False,False,False,False,1,1,1,500,1,1,0,9,0,0,0,1,100,100,0.5,Ignore,Ignore,Ignore,Ignore,Stop,False,True,0,0,1,0,False,False,0,0,0,0,0,0,0,0,0,0,0,0,0,0,False,False,0,None,0,0,0,0,0,0,0,0,0,None,0,0,0,0,0,,True,False,False
Coop_Skill_PRJ_TornadoArea_Coop02,スキル:テンペストLv2(竜巻),/Game/Projectile/Skill/wp30008/BP_PrjSkillTornadoAreaCoop02.uasset,337,0,EnemyAll,Hit,All,Enemy,Enemy,Enemy,Enemy,0,0,0,-1,0,-1,-1,0,0,0,False,False,False,False,False,1,1,1,500,1,1,0,9,0,0,0,1,100,100,0.5,Ignore,Ignore,Ignore,Ignore,Stop,False,True,0,0,1,0,False,False,0,0,0,0,0,0,0,0,0,0,0,0,0,0,False,False,0,None,0,0,0,0,0,0,0,0,0,None,0,0,0,0,0,,True,False,False
Coop_Skill_PRJ_TornadoArea_Coop03,スキル:テンペストLv3(竜巻),/Game/Projectile/Skill/wp30008/BP_PrjSkillTornadoAreaCoop03.uasset,338,0,EnemyAll,Hit,All,Enemy,Enemy,Enemy,Enemy,0,0,0,-1,0,-1,-1,0,0,0,False,False,False,False,False,1,1,1,500,1,1,0,9,0,0,0,1,100,100,0.5,Ignore,Ignore,Ignore,Ignore,Stop,False,True,0,0,1,0,False,False,0,0,0,0,0,0,0,0,0,0,0,0,0,0,False,False,0,None,0,0,0,0,0,0,0,0,0,None,0,0,0,0,0,,True,False,False
Coop_Skill_PRJ_Options_Character01,スキル:レイスレイヴLv1(装置),/Game/Projectile/Skill/wp30012/BP_PrjSkillOptionsCharacter01.uasset,0,0,None,Through,Through,Through,Through,Through,Enemy,0,0,0,-1,0,-1,-1,0,0,0,True,True,True,True,True,1,1,1,500,1,1,0,12,0,0,0,1,0,0,0,Ignore,Ignore,Ignore,Ignore,Die,True,False,0,0,1,0,False,False,0,0,0,0,0,0,0,0,0,0,0,0,0,0,False,False,0,None,0,0,0,0,0,0,0,0,0,None,1000,0,0,0,428,,False,False,False
Coop_Skill_PRJ_Options_Character02,スキル:レイスレイヴLv2(装置),/Game/Projectile/Skill/wp30012/BP_PrjSkillOptionsCharacter02.uasset,0,0,None,Through,Through,Through,Through,Through,Enemy,0,0,0,-1,0,-1,-1,0,0,0,True,True,True,True,True,1,1,1,500,1,1,0,12,0,0,0,1,0,0,0,Ignore,Ignore,Ignore,Ignore,Die,True,False,0,0,1,0,False,False,0,0,0,0,0,0,0,0,0,0,0,0,0,0,False,False,0,None,0,0,0,0,0,0,0,0,0,None,1000,0,0,0,430,,False,False,False
Coop_Skill_PRJ_Options_Character03,スキル:レイスレイヴLv3(装置),/Game/Projectile/Skill/wp30012/BP_PrjSkillOptionsCharacter03.uasset,0,0,None,Through,Through,Through,Through,Through,Enemy,0,0,0,-1,0,-1,-1,0,0,0,True,True,True,True,True,1,1,1,500,1,1,0,12,0,0,0,1,0,0,0,Ignore,Ignore,Ignore,Ignore,Die,True,False,0,0,1,0,False,False,0,0,0,0,0,0,0,0,0,0,0,0,0,0,False,False,0,None,0,0,0,0,0,0,0,0,0,None,1000,0,0,0,432,,False,False,False
Coop_Skill_PRJ_Options_Coop01,スキル:レイスレイヴLv1(攻撃弾),/Game/Projectile/Skill/wp30012/BP_PrjSkillOptionsCoop01.uasset,339,0,EnemyAll,Through,Enemy,Enemy,Enemy,Enemy,Enemy,15000,25000,0,-1,0.2,-1,-1,0,0,0,True,True,True,True,True,1,1,1,1,1,1,0,1,0,50000,0,1,0,0,0,Ignore,Die,Die,Die,Die,False,False,0,0,1,0,True,False,75,450,75,450,40,40,0,40,40,0,0,0,0,0,False,False,0,None,0,0,0,0,0,0,0,0,0,None,0,0,0,0,0,,False,False,True
Coop_Skill_PRJ_Options_Coop02,スキル:レイスレイヴLv1(回復弾),/Game/Projectile/Skill/wp30012/BP_PrjSkillOptionsCoop02.uasset,340,0,FriendPlayer,Through,Friend,Through,Through,Through,Enemy,35000,35000,0,-1,0,-1,-1,0,0,0,True,True,True,True,True,1,1,1,1,1,1,0,3,0,50000,0,1,0,0,0,Die,Die,Die,Die,Die,False,False,0,0,1,0,False,True,180,100000,180,100000,180,180,0,180,180,0,0,0,0,0,True,True,0,None,0,0,0,0,0,0,0,0,0,None,0,0,0,0,0,,False,False,True
Coop_Skill_PRJ_Options_Coop03,スキル:レイスレイヴLv2(攻撃弾),/Game/Projectile/Skill/wp30012/BP_PrjSkillOptionsCoop03.uasset,341,0,EnemyAll,Through,Enemy,Enemy,Enemy,Enemy,Enemy,15000,25000,0,-1,0.2,-1,-1,0,0,0,True,True,True,True,True,1,1,1,1,1,1,0,1,0,50000,0,1,0,0,0,Ignore,Die,Die,Die,Die,False,False,0,0,1,0,True,False,75,450,75,450,40,40,0,40,40,0,0,0,0,0,False,False,0,None,0,0,0,0,0,0,0,0,0,None,0,0,0,0,0,,False,False,True
Coop_Skill_PRJ_Options_Coop04,スキル:レイスレイヴLv2(回復弾),/Game/Projectile/Skill/wp30012/BP_PrjSkillOptionsCoop04.uasset,342,0,FriendPlayer,Through,Friend,Through,Through,Through,Enemy,35000,35000,0,-1,0,-1,-1,0,0,0,True,True,True,True,True,1,1,1,1,1,1,0,3,0,50000,0,1,0,0,0,Die,Die,Die,Die,Die,False,False,0,0,1,0,False,True,180,100000,180,100000,180,180,0,180,180,0,0,0,0,0,True,True,0,None,0,0,0,0,0,0,0,0,0,None,0,0,0,0,0,,False,False,True
Coop_Skill_PRJ_Options_Coop05,スキル:レイスレイヴLv3(攻撃弾),/Game/Projectile/Skill/wp30012/BP_PrjSkillOptionsCoop05.uasset,343,0,EnemyAll,Through,Enemy,Enemy,Enemy,Enemy,Enemy,15000,25000,0,-1,0.2,-1,-1,0,0,0,True,True,True,True,True,1,1,1,1,1,1,0,1,0,50000,0,1,0,0,0,Ignore,Die,Die,Die,Die,False,False,0,0,1,0,True,False,75,450,75,450,40,40,0,40,40,0,0,0,0,0,False,False,0,None,0,0,0,0,0,0,0,0,0,None,0,0,0,0,0,,False,False,True
Coop_Skill_PRJ_Options_Coop06,スキル:レイスレイヴLv3(回復弾),/Game/Projectile/Skill/wp30012/BP_PrjSkillOptionsCoop06.uasset,344,0,FriendPlayer,Through,Friend,Through,Through,Through,Enemy,35000,35000,0,-1,0,-1,-1,0,0,0,True,True,True,True,True,1,1,1,1,1,1,0,3,0,50000,0,1,0,0,0,Die,Die,Die,Die,Die,False,False,0,0,1,0,False,True,180,100000,180,100000,180,180,0,180,180,0,0,0,0,0,True,True,0,None,0,0,0,0,0,0,0,0,0,None,0,0,0,0,0,,False,False,True
System_PRJ,以下システム,,0,0,None,Through,Through,Through,Through,Through,Enemy,0,0,0,-1,0,-1,-1,0,0,0,False,False,False,False,False,1,1,1,1,1,1,0,0,0,0,0,1,0,0,0,Ignore,Ignore,Ignore,Ignore,Die,False,False,0,0,1,0,True,False,0,0,0,0,0,0,0,0,0,0,0,0,0,0,True,True,1.2,None,0,0,0,0,0,0,0,0,0,None,0,0,0,0,0,,False,False,False
PRJ_DebugTest_Bullet01,[デバッグ用]被弾テスト弾,/Game/Projectile/Debug/BP_PrjDebugTestBullet01.uasset,347,0,Owner,Hit,Through,Through,Through,Through,Enemy,10000,10000,0,-1,0,-1,-1,0,0,0,True,True,True,True,True,1,1,1,1,1,1,0,1,0,10000,0,1,0,0,0,Die,Die,Die,Die,Die,False,False,0,0,1,0,True,False,0,0,0,0,0,0,0,0,0,0,0,0,0,0,True,True,1.2,None,0,0,0,0,0,0,0,0,0,None,0,0,0,0,0,,False,False,False
System_PRJ_RestartDash_Etc01,再出撃ダッシュ,/Game/Projectile/System/BP_PrjRestartDashEtc01.uasset,348,0,Owner,Through,All,Enemy,Enemy,Enemy,Through,0,0,0,-1,0,-1,-1,0,0,0,False,False,False,False,False,1,1,1,1,1,1,0,100,0,0,0,1,0,0,0,Ignore,Ignore,Ignore,Ignore,Extra,True,False,0,0,1,0,False,False,0,0,0,0,0,0,0,0,0,0,0,0,0,0,False,False,0,None,0,0,0,0,0,0,0,0,0,None,0,0,0,0,0,,False,False,False
System_PRJ_DashAttack_Etc01,パ・フェクト用:ダッシュアタック,/Game/Projectile/System/BP_PrjDashAttackEtc01.uasset,349,0,Owner,Through,Enemy,Enemy,Enemy,Enemy,Through,0,0,0,-1,0,-1,-1,0,0,0,False,False,False,False,False,1,1,1,1,1,1,0,100,0,0,0,1,0,0,0,Ignore,Ignore,Ignore,Ignore,Extra,True,False,0,0,1,0,False,False,0,0,0,0,0,0,0,0,0,0,0,0,0,0,False,False,0,None,0,0,0,0,0,0,0,0,0,None,0,0,0,0,0,,False,False,False
