---,WeaponID,WeaponName,OutmenuID,WeaponAssetPath,ShotPrjID,ShotPrjIDLv2,ShotPrjIDLv3,ShotPosOffSetX,ShotPosOffSetY,ShotPosOffSetZ,InputType,WeaponAtkType,WeaponAtkTaeget,MaxLockOnNum,LockOnDistance,NearLockOn,WeaponKind,WeaponHoldType,AttachType,SubWepID,SideTrgAct,SideTrgWepID,SideNoAttack,PermissionSuperDash,PermissionOnGround,InputInterval,RapidInterval,ChargeTime,StartTime,ShotingTime,StopTime,AddLimitLengthStartTime,AddLimitLengthEndTime,IsSharingMagazine,DecBulletType,ReloadType,AttackPermitMaxBulletNum,ReloadTime,FirstReloadTime,ReloadStopTime,ReloadNum,MaxBulletNum,FirstBulletNum,BulletPerShot,MinRapidNum,MaxRapidNum,CustomReloadType,TmpData1,TmpData2,TmpData3,TmpData4,TmpData5,TmpData6,TmpData7,TmpData8,TmpData9,TmpData10,WpMoveVal01,WpMoveVal02,WpMoveVal03,EquipRollAssault,EquipRollVanguard,EquipRollSupport,EquipRollRanger,BuddyWeaponType,WeaponAnimeID,HoldWeaponType,HoldTime,RecoilMotionType,RecoilMoveTiming,RecoilMovePower,ShotCharaEffect,CameraType,ShakeType,StrengthShake,ShakeRate,IsWpAnimIdle,IsWpAnimRecoil,IsWpAnimReady,IsWpAnimReloadIn,IsWpAnimReloadLoop,IsWpAnimReloadOut,IsWpAnimChangeStorage,IsWpAnimChangeExpansion,IsWpAnimTransStart,IsWpAnimTransEnd,IsWpAnimTransLoop,IsWpAnimTransStartSub,IsWpAnimTransEndSub,IsWpAnimTransLoopSub,IsWpAnimGrapTransOpen,IsWpAnimGrapTransClose,IsWpAnimGrapTransOpenSub,IsWpAnimGrapTransCloseSub,IsCenterAimHUD,IsChangeColor,WeaponMaker,WeaponIcon,WeaponInfoTriggerType,WeaponInfo1,WeaponInfo2,WeaponInfo3,WeaponInfo4,WeaponInfo5,WeaponInfoScoreEvaluation,WeaponInfoPlayerDamage,WeaponInfoMobDamage,WeaponInfoRapidSpeed,WeaponInfoMagazine,WeaponInfoReloadSpeed,WeaponInfoUseable,WeaponInfoOther,WeaponCategory,WeaponSlayerEnemyType,WeaponInfoTargetOwner,WeaponInfoTargetFriendPlayer,WeaponInfoTargetFriendMob,WeaponInfoTargetFriendObject,WeaponInfoTargetEnemyPlayer,WeaponInfoTargetEnemyMob,WeaponInfoTargetEnemyObject,WeaponInfo2on2CrossBurst,WeaponInfo2on2BurstGauge,WeaponSizeInfo,WeaponInfoFlavorText_Main,WeaponInfoFlavorText_Sub,IsDefault
Empty,0,,0,/Game/Character/weapon/Blueprint/wp00000/BP_WpEmpty.uasset,0,0,0,0,0,0,EWeaponAttackIntervalType::None,EWeaponAttackType::None,EWeaponAtkTaeget::None,0,0,0,EWeaponKind::Main,EWeaponHoldType::One,EAttachType::Hand,0,ESideTrgAct::None,0,0,0,0,0,0.05,0,0,0,0,0.1,0,0,EDecBulletType::None,EWeaponReloadType::Reset,0,0,0,0,0,0,0,0,0,0,ECustomReloadType::None,0,0,0,0,0,0,0,0,0,0,-1,-1,-1,0,0,0,0,EBuddyWeaponType::None,0,EHoldWeaponType::None,0.35,ERecoilMotionType::Small,ERecoilMoveTiming::None,ERecoilMovePower::None,EShotCharaEffect::None,None,EShakeType::None,1,1,0,0,0,0,0,0,0,0,0,0,0,0,0,0,0,0,0,0,0,0,EWeaponMaker::None,EWeaponIcon::None,EWeaponInfoTriggerType::None,EWeaponInfo::None,EWeaponInfo::None,EWeaponInfo::None,EWeaponInfo::None,EWeaponInfo::None,EWeaponInfoScoreEvaluation::None,EWeaponInfoRank::None,EWeaponInfoRank::None,EWeaponInfoRank::None,EWeaponInfoRank::None,EWeaponInfoRank::None,EWeaponInfoRank::None,EWeaponInfoRank::None,EWeaponCategory::None,EWeaponSlayerEnemyType::None,0,0,0,0,0,0,0,0,0,EWeaponSizeInfo::Medium,ここに武器の説明を記入する,ここに武器の説明を記入する,0
WPN_MachineGun,1,ミトライユ,101,/Game/Character/weapon/Blueprint/wp00001/BP_WpMachineGun.uasset,1,0,0,0,0,0,EWeaponAttackIntervalType::Press,EWeaponAttackType::Ranged,EWeaponAtkTaeget::Enemy,0,0,0,EWeaponKind::Main,EWeaponHoldType::One,EAttachType::Hand,0,ESideTrgAct::None,0,0,0,0,0,0.08,0,0,0,0,0.1,1,0,EDecBulletType::Bullet,EWeaponReloadType::Reset,0,7.5,7.5,0,40,40,40,1,5,255,ECustomReloadType::Bullet,0,0,0,0,0,0,0,0,0,1,-1,-1,-1,0,0,0,0,EBuddyWeaponType::None,0,EHoldWeaponType::OneHandGun,0.1,ERecoilMotionType::Rapid,ERecoilMoveTiming::None,ERecoilMovePower::None,EShotCharaEffect::None,None,EShakeType::None,1,1,0,0,0,0,0,0,0,0,0,0,0,0,0,0,0,0,0,0,0,0,EWeaponMaker::WeaponMaker004,EWeaponIcon::None,EWeaponInfoTriggerType::Hold,EWeaponInfo::None,EWeaponInfo::None,EWeaponInfo::None,EWeaponInfo::None,EWeaponInfo::None,EWeaponInfoScoreEvaluation::None,EWeaponInfoRank::B,EWeaponInfoRank::B,EWeaponInfoRank::B,EWeaponInfoRank::B_Plus,EWeaponInfoRank::B_Plus,EWeaponInfoRank::A,EWeaponInfoRank::None,EWeaponCategory::ShootingMiddle,EWeaponSlayerEnemyType::Enemy,0,0,0,0,0,0,0,0,0,EWeaponSizeInfo::Medium,開発：AVENIR　　型番：AVN-01\nミトライユシリーズはアベニールを代表する\n傑作武器である。その故障の少なさと安定性が\n現場の人間に評価されている。,　分類：マシンガン　　　　属性：実弾　　　 \n\n連射性能の高い実弾銃。,0
WPN_HandGun,2,拳銃 天火,301,/Game/Character/weapon/Blueprint/wp00002/BP_WpHandGun.uasset,2,0,0,0,0,0,EWeaponAttackIntervalType::Press,EWeaponAttackType::Ranged,EWeaponAtkTaeget::Enemy,0,0,0,EWeaponKind::Sub,EWeaponHoldType::One,EAttachType::Hand,0,ESideTrgAct::None,0,0,0,0,0,0.2,0,0,0,0,0.1,1,0,EDecBulletType::Bullet,EWeaponReloadType::Reset,0,6,6,0,16,16,16,1,1,255,ECustomReloadType::Bullet,0,0,0,0,0,0,0,0,0,1,-1,-1,-1,0,0,0,0,EBuddyWeaponType::None,0,EHoldWeaponType::OneHandGun,0.1,ERecoilMotionType::RapidSmall,ERecoilMoveTiming::None,ERecoilMovePower::None,EShotCharaEffect::None,None,EShakeType::None,1,1,0,0,0,0,0,0,0,0,0,0,0,0,0,0,0,0,0,0,0,0,EWeaponMaker::WeaponMaker002,EWeaponIcon::None,EWeaponInfoTriggerType::Hold,EWeaponInfo::None,EWeaponInfo::None,EWeaponInfo::None,EWeaponInfo::None,EWeaponInfo::None,EWeaponInfoScoreEvaluation::None,EWeaponInfoRank::D,EWeaponInfoRank::C,EWeaponInfoRank::B,EWeaponInfoRank::C,EWeaponInfoRank::A,EWeaponInfoRank::A,EWeaponInfoRank::None,EWeaponCategory::ShootingShort,EWeaponSlayerEnemyType::Enemy,0,0,0,0,0,0,0,0,0,EWeaponSizeInfo::Medium,開発：殴重鋼匠 　型番：殴弐式\nこの独特なメーカー名は\n「なぐりじゅうこうしょう」と読む。\n武器名の読みは「けんじゅう　てんか」。,　分類：ハンドガン　　　　属性：実弾　　　 \n\n連射性能の高い実弾銃。,0
WPN_PulseGun,3,,0,/Game/Character/weapon/Blueprint/wp00003/BP_WpPulseGun.uasset,3,0,0,0,0,0,EWeaponAttackIntervalType::Press,EWeaponAttackType::Ranged,EWeaponAtkTaeget::Enemy,0,0,0,EWeaponKind::Sub,EWeaponHoldType::One,EAttachType::Hand,0,ESideTrgAct::None,0,0,0,0,0,0.5,0,0,0,0,0.1,1,0,EDecBulletType::Bullet,EWeaponReloadType::Continuation,0,2,2,0,1,3,3,1,1,255,ECustomReloadType::None,2000,1800,1600,1400,1200,0,0,0,0,0,-1,-1,-1,0,0,0,0,EBuddyWeaponType::None,0,EHoldWeaponType::OneHandGun,0.35,ERecoilMotionType::Small,ERecoilMoveTiming::None,ERecoilMovePower::None,EShotCharaEffect::None,None,EShakeType::None,1,1,0,0,0,0,0,0,0,0,0,0,0,0,0,0,0,0,0,0,0,0,EWeaponMaker::WeaponMaker001,EWeaponIcon::None,EWeaponInfoTriggerType::None,EWeaponInfo::None,EWeaponInfo::None,EWeaponInfo::None,EWeaponInfo::None,EWeaponInfo::None,EWeaponInfoScoreEvaluation::None,EWeaponInfoRank::A_Plus,EWeaponInfoRank::A_Plus,EWeaponInfoRank::A_Plus,EWeaponInfoRank::A_Plus,EWeaponInfoRank::A_Plus,EWeaponInfoRank::A_Plus,EWeaponInfoRank::A_Plus,EWeaponCategory::ShootingShort,EWeaponSlayerEnemyType::None,0,0,0,0,0,0,0,0,0,EWeaponSizeInfo::Medium,,,0
WPN_BeamRifle,4,グレイン-AS,110,/Game/Character/weapon/Blueprint/wp00004/BP_WpBeamRifle.uasset,8,0,0,0,0,0,EWeaponAttackIntervalType::Press,EWeaponAttackType::Ranged,EWeaponAtkTaeget::Enemy,0,0,0,EWeaponKind::Main,EWeaponHoldType::One,EAttachType::Hand,0,ESideTrgAct::None,0,0,0,0,0,0.8,0,0,0,0,0.1,1,0,EDecBulletType::Bullet,EWeaponReloadType::Continuation,0,3,3,0,1,5,5,1,1,255,ECustomReloadType::Beam,0,0,0,0,0,0,0,0,0,1,-1,-1,-1,0,0,0,0,EBuddyWeaponType::None,0,EHoldWeaponType::OneHandGun,0.2,ERecoilMotionType::Small,ERecoilMoveTiming::None,ERecoilMovePower::None,EShotCharaEffect::None,None,EShakeType::ImpactStatic,0.1,1,0,0,0,0,0,0,0,0,0,0,0,0,0,0,0,0,0,0,0,0,EWeaponMaker::WeaponMaker003,EWeaponIcon::None,EWeaponInfoTriggerType::Hold,EWeaponInfo::None,EWeaponInfo::None,EWeaponInfo::None,EWeaponInfo::None,EWeaponInfo::None,EWeaponInfoScoreEvaluation::None,EWeaponInfoRank::B,EWeaponInfoRank::B,EWeaponInfoRank::B_Plus,EWeaponInfoRank::C,EWeaponInfoRank::B_Plus,EWeaponInfoRank::A,EWeaponInfoRank::None,EWeaponCategory::ShootingMiddle,EWeaponSlayerEnemyType::Enemy,0,0,0,0,0,0,0,0,0,EWeaponSizeInfo::Medium,開発：MA-I　　型番：MA21BE\nグレインシリーズはメタリックアームズ・イ\nンダストリーの代表的な光学武器。\n命中精度の高さが人気である。,　分類：ライフル　　　　　属性：ビーム　　 \n\n標準的な火力を持つビーム銃。\n誘導性能が高い。　　　　,0
WPN_RocketLauncher,5,,0,/Game/Character/weapon/Blueprint/wp00005/BP_WpRocketLauncher.uasset,9,0,0,0,0,0,EWeaponAttackIntervalType::Press,EWeaponAttackType::Ranged,EWeaponAtkTaeget::Enemy,0,0,0,EWeaponKind::Sub,EWeaponHoldType::One,EAttachType::Hand,0,ESideTrgAct::None,0,0,0,0,0,0.15,0,0,0,0,0.1,1,0,EDecBulletType::Bullet,EWeaponReloadType::EmptyReload,0,4.5,4.5,0,10,10,10,1,1,255,ECustomReloadType::None,0,0,0,0,0,0,0,0,0,0,-1,-1,-1,0,0,0,0,EBuddyWeaponType::None,0,EHoldWeaponType::OneHandGun,0.35,ERecoilMotionType::Small,ERecoilMoveTiming::None,ERecoilMovePower::None,EShotCharaEffect::None,None,EShakeType::ImpactDynamic,0.3,1,0,0,0,0,0,0,0,0,0,0,0,0,0,0,0,0,0,0,0,0,EWeaponMaker::WeaponMaker002,EWeaponIcon::None,EWeaponInfoTriggerType::None,EWeaponInfo::None,EWeaponInfo::None,EWeaponInfo::None,EWeaponInfo::None,EWeaponInfo::None,EWeaponInfoScoreEvaluation::None,EWeaponInfoRank::A_Plus,EWeaponInfoRank::A_Plus,EWeaponInfoRank::A_Plus,EWeaponInfoRank::A_Plus,EWeaponInfoRank::A_Plus,EWeaponInfoRank::A_Plus,EWeaponInfoRank::A_Plus,EWeaponCategory::ShootingMiddle,EWeaponSlayerEnemyType::None,0,0,0,0,0,0,0,0,0,EWeaponSizeInfo::Medium,,,0
WPN_3WayBeam,6,ラーゴ,701,/Game/Character/weapon/Blueprint/wp00006/BP_Wp3WayBeam.uasset,10,0,0,0,0,0,EWeaponAttackIntervalType::Press,EWeaponAttackType::Ranged,EWeaponAtkTaeget::Enemy,0,0,0,EWeaponKind::Main,EWeaponHoldType::One,EAttachType::Hand,0,ESideTrgAct::None,0,0,0,0,0,1,0,0,0,0,0.1,1,0,EDecBulletType::Bullet,EWeaponReloadType::Continuation,0,3,3,0,1,3,3,1,1,255,ECustomReloadType::Beam,0,0,0,0,0,0,0,0,0,1,-1,-1,-1,0,0,0,0,EBuddyWeaponType::None,0,EHoldWeaponType::OneHandGun,0.2,ERecoilMotionType::Small,ERecoilMoveTiming::None,ERecoilMovePower::None,EShotCharaEffect::None,None,EShakeType::ImpactDynamic,0.1,1,0,0,0,0,0,0,0,0,0,0,0,0,0,0,0,0,0,0,0,0,EWeaponMaker::WeaponMaker004,EWeaponIcon::None,EWeaponInfoTriggerType::Hold,EWeaponInfo::None,EWeaponInfo::None,EWeaponInfo::None,EWeaponInfo::None,EWeaponInfo::None,EWeaponInfoScoreEvaluation::None,EWeaponInfoRank::B,EWeaponInfoRank::B_Plus,EWeaponInfoRank::C,EWeaponInfoRank::D,EWeaponInfoRank::B,EWeaponInfoRank::A,EWeaponInfoRank::None,EWeaponCategory::ShootingMiddle,EWeaponSlayerEnemyType::Enemy,0,0,0,0,0,0,0,0,0,EWeaponSizeInfo::Medium,開発：AVENIR　　型番：AVN-20\n広範囲攻撃用武器。\n広がって発射されるビームが敵を逃さない。\n近付いて来る敵を牽制するのに有効。,　分類：ワイドショット　　属性：ビーム　　 \n\n横に攻撃判定の広いビーム。\n誘導性能は低い。　　　　　,0
WPN_BoundGun,7,,0,/Game/Character/weapon/Blueprint/wp00007/BP_WpBoundGun.uasset,11,0,0,0,0,0,EWeaponAttackIntervalType::Press,EWeaponAttackType::Ranged,EWeaponAtkTaeget::Enemy,0,0,0,EWeaponKind::Main,EWeaponHoldType::One,EAttachType::Hand,0,ESideTrgAct::None,0,0,0,0,0,0.5,0,0,0,0,0.1,1,0,EDecBulletType::Bullet,EWeaponReloadType::Continuation,0,2,2,0,1,3,3,1,1,255,ECustomReloadType::None,1000,900,800,700,600,0,0,0,0,0,-1,-1,-1,0,0,0,0,EBuddyWeaponType::None,0,EHoldWeaponType::OneHandGun,0.35,ERecoilMotionType::Small,ERecoilMoveTiming::None,ERecoilMovePower::None,EShotCharaEffect::None,None,EShakeType::None,1,1,0,0,0,0,0,0,0,0,0,0,0,0,0,0,0,0,0,0,0,0,EWeaponMaker::WeaponMaker001,EWeaponIcon::None,EWeaponInfoTriggerType::None,EWeaponInfo::None,EWeaponInfo::None,EWeaponInfo::None,EWeaponInfo::None,EWeaponInfo::None,EWeaponInfoScoreEvaluation::None,EWeaponInfoRank::A_Plus,EWeaponInfoRank::A_Plus,EWeaponInfoRank::A_Plus,EWeaponInfoRank::A_Plus,EWeaponInfoRank::A_Plus,EWeaponInfoRank::A_Plus,EWeaponInfoRank::A_Plus,EWeaponCategory::ShootingShort,EWeaponSlayerEnemyType::None,0,0,0,0,0,0,0,0,0,EWeaponSizeInfo::Medium,,,0
WPN_Pressure,8,ブートフィールド,630,/Game/Character/weapon/Blueprint/wp00008/BP_WpPressure.uasset,16,0,0,0,0,0,EWeaponAttackIntervalType::Trigger,EWeaponAttackType::Grapple,EWeaponAtkTaeget::None,0,0,0,EWeaponKind::Sub,EWeaponHoldType::One,EAttachType::Hand,0,ESideTrgAct::None,0,0,0,0,0,1,0,0,0,0,0.1,1,0,EDecBulletType::Grap,EWeaponReloadType::EmptyReload,0,10,10,0,1,1,1,1,1,1,ECustomReloadType::None,0,0,0,0,0,0,0,0,0,0,-1,-1,-1,0,0,0,0,EBuddyWeaponType::None,0,EHoldWeaponType::LeftOnly,3,ERecoilMotionType::LeftOnlySet,ERecoilMoveTiming::None,ERecoilMovePower::None,EShotCharaEffect::None,None,EShakeType::None,1,1,0,0,0,0,0,0,0,0,0,0,0,0,0,0,0,0,0,0,0,0,EWeaponMaker::WeaponMaker001,EWeaponIcon::None,EWeaponInfoTriggerType::Single,EWeaponInfo::OneShotDown,EWeaponInfo::None,EWeaponInfo::None,EWeaponInfo::None,EWeaponInfo::None,EWeaponInfoScoreEvaluation::None,EWeaponInfoRank::C,EWeaponInfoRank::C,EWeaponInfoRank::None,EWeaponInfoRank::E,EWeaponInfoRank::C,EWeaponInfoRank::C,EWeaponInfoRank::None,EWeaponCategory::Special,EWeaponSlayerEnemyType::Enemy,0,0,0,0,0,0,0,0,0,EWeaponSizeInfo::Medium,開発：WXW　　型番：WXW-15A03\n強力な衝撃波を瞬間的に発生させる特殊な\n武器。安易に接近してきた敵機を咎める。\n「ブート」には追い出すという意味がある。,　分類：範囲攻撃　　　　　属性：特殊　　 \n自身から広範囲攻撃を発生させ、\nヒットした敵を吹き飛ばす。　　　\n発生中に完全無敵時間が存在する。,0
WPN_ShotGun,9,レブンパレット,602,/Game/Character/weapon/Blueprint/wp00009/BP_WpShotGun.uasset,17,0,0,0,0,0,EWeaponAttackIntervalType::Press,EWeaponAttackType::Ranged,EWeaponAtkTaeget::Enemy,0,0,0,EWeaponKind::Sub,EWeaponHoldType::One,EAttachType::Hand,0,ESideTrgAct::None,0,0,0,0,0,0.4,0,0,0,0,0.1,1,0,EDecBulletType::Bullet,EWeaponReloadType::Reset,0,8,8,0,3,3,3,1,1,255,ECustomReloadType::Bullet,100,250,450,700,1000,0,0,0,0,1,-1,-1,-1,0,0,0,0,EBuddyWeaponType::None,0,EHoldWeaponType::OneHandGun,0.1,ERecoilMotionType::Small,ERecoilMoveTiming::None,ERecoilMovePower::None,EShotCharaEffect::None,None,EShakeType::ImpactDynamic,0.5,1,0,0,0,0,0,0,0,0,0,0,0,0,0,0,0,0,0,0,0,0,EWeaponMaker::WeaponMaker003,EWeaponIcon::None,EWeaponInfoTriggerType::Hold,EWeaponInfo::OneShotFlinch,EWeaponInfo::None,EWeaponInfo::None,EWeaponInfo::None,EWeaponInfo::None,EWeaponInfoScoreEvaluation::None,EWeaponInfoRank::C,EWeaponInfoRank::C,EWeaponInfoRank::B_Plus,EWeaponInfoRank::D,EWeaponInfoRank::B_Plus,EWeaponInfoRank::B,EWeaponInfoRank::None,EWeaponCategory::ShootingShort,EWeaponSlayerEnemyType::Enemy,0,0,0,0,0,0,0,0,0,EWeaponSizeInfo::Medium,開発：MA-I　　型番：MA31BU\n散弾銃。広範囲に大量の実弾をばら撒いて\n攻撃する銃器。近い程効果が高いため、\n接近戦向き。,　分類：ショットガン　　　属性：実弾　　　 \n\n攻撃判定が広い散弾銃。\nリーチは短い。　　　　,0
WPN_BeamNet,10,電磁網弾 縛鎖,331,/Game/Character/weapon/Blueprint/wp00010/BP_WpBeamNet.uasset,22,0,0,0,0,0,EWeaponAttackIntervalType::Trigger,EWeaponAttackType::Ranged,EWeaponAtkTaeget::Enemy,0,0,0,EWeaponKind::Sub,EWeaponHoldType::One,EAttachType::Hand,0,ESideTrgAct::None,0,0,0,0,0,1,0,0.2,0,0,0.1,1,0,EDecBulletType::Bullet,EWeaponReloadType::Continuation,0,6,6,0,1,2,2,1,1,1,ECustomReloadType::Debuff,0,0,0,0,0,0,0,0,0,0,-1,-1,-1,0,0,0,0,EBuddyWeaponType::Thunder,0,EHoldWeaponType::OneHandGun,0.2,ERecoilMotionType::Small,ERecoilMoveTiming::None,ERecoilMovePower::None,EShotCharaEffect::None,None,EShakeType::ImpactDynamic,0.8,1,0,0,0,0,0,0,0,0,0,0,0,0,0,0,0,0,0,0,0,0,EWeaponMaker::WeaponMaker002,EWeaponIcon::None,EWeaponInfoTriggerType::Single,EWeaponInfo::BadState_Paralysis,EWeaponInfo::None,EWeaponInfo::None,EWeaponInfo::None,EWeaponInfo::None,EWeaponInfoScoreEvaluation::None,EWeaponInfoRank::None,EWeaponInfoRank::None,EWeaponInfoRank::C,EWeaponInfoRank::E,EWeaponInfoRank::C,EWeaponInfoRank::B,EWeaponInfoRank::None,EWeaponCategory::ShootingMiddle,EWeaponSlayerEnemyType::EnemyPlayer,0,0,0,0,0,0,0,0,0,EWeaponSizeInfo::Medium,開発：殴重鋼匠　　型番：殴伍零式\nネット状にビームを射出して罠を張り、\n敵を捕まえる特殊な装置。\n読みは「でんじもうだん　ばくさ」。,　分類：特殊銃　　　　　　属性：妨害 \n前方にネットを飛ばす。　　　　\n速度は遅いが攻撃判定が大きい。\nヒット時は痺れ効果。　　　　　,0
WPN_CoilGun,11,カラミッタ,610,/Game/Character/weapon/Blueprint/wp00011/BP_WpCoilGun.uasset,23,0,0,0,0,0,EWeaponAttackIntervalType::Trigger,EWeaponAttackType::Ranged,EWeaponAtkTaeget::Enemy,0,0,0,EWeaponKind::Sub,EWeaponHoldType::One,EAttachType::Hand,0,ESideTrgAct::None,0,0,0,0,0,0.6,0,0,0,0,0.1,1,0,EDecBulletType::Bullet,EWeaponReloadType::EmptyReload,0,12,9,0,1,1,0,1,1,1,ECustomReloadType::BulletDebuff,0,0,0,0,0,0,0,0,0,0,-1,-1,-1,0,0,0,0,EBuddyWeaponType::Thunder,0,EHoldWeaponType::OneHandGun,0.1,ERecoilMotionType::Middle,ERecoilMoveTiming::None,ERecoilMovePower::None,EShotCharaEffect::None,None,EShakeType::ImpactDynamic,0.5,1,0,0,0,0,0,0,0,0,0,0,0,0,0,0,0,0,0,0,0,0,EWeaponMaker::WeaponMaker003,EWeaponIcon::None,EWeaponInfoTriggerType::Single,EWeaponInfo::BadState_Paralysis,EWeaponInfo::None,EWeaponInfo::None,EWeaponInfo::None,EWeaponInfo::None,EWeaponInfoScoreEvaluation::None,EWeaponInfoRank::D,EWeaponInfoRank::D,EWeaponInfoRank::B,EWeaponInfoRank::E,EWeaponInfoRank::C,EWeaponInfoRank::C,EWeaponInfoRank::None,EWeaponCategory::ShootingShort,EWeaponSlayerEnemyType::Enemy,0,0,0,0,0,0,0,0,0,EWeaponSizeInfo::Medium,開発：MA-I　　型番：MA12SE\n電磁パルス（ＥＭＰとも呼ばれる）を用いた\n攻撃で、命中した敵機にシステム障害を発生\nさせる特殊な武器。,　分類：ハンドガン　　　　属性：妨害　　　 \n\n誘導性能の低い単発弾を撃つ。\nヒット時は痺れ効果。　　　　,0
WPN_MachineGun_Type02,12,ミトライユ・コルト,410,/Game/Character/weapon/Blueprint/wp00012/BP_WpMachineGunType02.uasset,24,0,0,0,0,0,EWeaponAttackIntervalType::Press,EWeaponAttackType::Ranged,EWeaponAtkTaeget::Enemy,0,0,0,EWeaponKind::Main,EWeaponHoldType::One,EAttachType::Hand,0,ESideTrgAct::None,0,0,0,0,0,0.05,0,0,0,0,0.1,1,0,EDecBulletType::Bullet,EWeaponReloadType::Reset,0,7.5,7.5,0,40,40,40,1,4,255,ECustomReloadType::Bullet,0,0,0,0,0,0,0,0,0,1,-1,-1,-1,0,0,0,0,EBuddyWeaponType::None,0,EHoldWeaponType::OneHandGun,0.1,ERecoilMotionType::Rapid,ERecoilMoveTiming::None,ERecoilMovePower::None,EShotCharaEffect::None,None,EShakeType::None,1,1,0,0,0,0,0,0,0,0,0,0,0,0,0,0,0,0,0,0,0,0,EWeaponMaker::WeaponMaker004,EWeaponIcon::None,EWeaponInfoTriggerType::Hold,EWeaponInfo::None,EWeaponInfo::None,EWeaponInfo::None,EWeaponInfo::None,EWeaponInfo::None,EWeaponInfoScoreEvaluation::None,EWeaponInfoRank::B,EWeaponInfoRank::C,EWeaponInfoRank::B,EWeaponInfoRank::B,EWeaponInfoRank::A,EWeaponInfoRank::A,EWeaponInfoRank::None,EWeaponCategory::ShootingShort,EWeaponSlayerEnemyType::Enemy,0,0,0,0,0,0,0,0,0,EWeaponSizeInfo::Medium,開発：AVENIR　　型番：AVN-01A3\nオーソドックスな火器であるミトライユの\nマイナーチェンジモデル。\nリーチは短いが、火力が高い。,　分類：マシンガン　　　　属性：実弾　　　 \n\n連射性能と火力が高い銃。\n射程距離は短い。　　　　,0
WPN_BeamMagnum,13,ブリリオン,421,/Game/Character/weapon/Blueprint/wp00013/BP_WpBeamMagnum.uasset,25,0,0,0,0,0,EWeaponAttackIntervalType::Press,EWeaponAttackType::Ranged,EWeaponAtkTaeget::Enemy,0,0,0,EWeaponKind::Main,EWeaponHoldType::One,EAttachType::Hand,0,ESideTrgAct::None,0,0,0,0,0,0.76,0,0,0,0,0.1,1,0,EDecBulletType::Bullet,EWeaponReloadType::Continuation,0,2.5,2.5,0,1,5,5,1,1,1,ECustomReloadType::Beam,0,0,0,0,0,0,0,0,0,1,-1,-1,-1,0,0,0,0,EBuddyWeaponType::None,0,EHoldWeaponType::OneHandGun,0.2,ERecoilMotionType::Middle,ERecoilMoveTiming::None,ERecoilMovePower::None,EShotCharaEffect::None,None,EShakeType::ImpactDynamic,0.5,1,0,0,0,0,0,0,0,0,0,0,0,0,0,0,0,0,0,0,0,0,EWeaponMaker::WeaponMaker004,EWeaponIcon::None,EWeaponInfoTriggerType::Hold,EWeaponInfo::None,EWeaponInfo::None,EWeaponInfo::None,EWeaponInfo::None,EWeaponInfo::None,EWeaponInfoScoreEvaluation::None,EWeaponInfoRank::B_Plus,EWeaponInfoRank::B,EWeaponInfoRank::B_Plus,EWeaponInfoRank::D,EWeaponInfoRank::B,EWeaponInfoRank::C,EWeaponInfoRank::None,EWeaponCategory::ShootingShort,EWeaponSlayerEnemyType::Enemy,0,0,0,0,0,0,0,0,0,EWeaponSizeInfo::Medium,開発：AVENIR　　型番：AVN-30\n高威力だが弾数の少ないテクニカルな武器。\n武器の名前は輝きを意味する。,　分類：マグナム　　　　　属性：ビーム　　 \n\n弾数は少ないが、ダメージの高いビーム銃。\nクリティカル時に対ARダメージが上がる。,0
WPN_7WayBeam,14,斬絶弾 幻月,606,/Game/Character/weapon/Blueprint/wp00014/BP_Wp7WayBeam.uasset,26,0,0,0,0,0,EWeaponAttackIntervalType::Press,EWeaponAttackType::Ranged,EWeaponAtkTaeget::Enemy,0,0,0,EWeaponKind::Sub,EWeaponHoldType::One,EAttachType::Hand,0,ESideTrgAct::None,0,0,0,0,0.8,0.8,0,0.1,0,0,0.1,1,0,EDecBulletType::Bullet,EWeaponReloadType::Continuation,0,10,10,0,2,2,2,1,1,2,ECustomReloadType::Beam,150,0,0,0,0,0,0,0,0,0,-1,-1,-1,0,0,0,0,EBuddyWeaponType::None,0,EHoldWeaponType::OneHandGun,0.2,ERecoilMotionType::Back,ERecoilMoveTiming::None,ERecoilMovePower::None,EShotCharaEffect::None,None,EShakeType::ImpactDynamic,0.1,1,0,0,0,0,0,0,0,0,0,0,0,0,0,0,0,0,0,0,0,0,EWeaponMaker::WeaponMaker002,EWeaponIcon::None,EWeaponInfoTriggerType::Single,EWeaponInfo::OneShotFlinch,EWeaponInfo::None,EWeaponInfo::None,EWeaponInfo::None,EWeaponInfo::None,EWeaponInfoScoreEvaluation::None,EWeaponInfoRank::B_Plus,EWeaponInfoRank::B_Plus,EWeaponInfoRank::C,EWeaponInfoRank::E,EWeaponInfoRank::C,EWeaponInfoRank::B,EWeaponInfoRank::None,EWeaponCategory::ShootingMiddle,EWeaponSlayerEnemyType::Enemy,0,0,0,0,0,0,0,0,0,EWeaponSizeInfo::Medium,開発：殴重鋼匠　　型番：欧参肆式\n幅の広いビームを放ち、横方向への回避を\n許さない広範囲攻撃型光学武器。\n読みは「ざんぜつだん　げんげつ」。,　分類：ワイドショット　　属性：ビーム　　 \n\n横に特大の攻撃判定をもったビーム銃。,0
WPN_MultipleGrenadeLauncher,15,多連装導弾 大蛇,120,/Game/Character/weapon/Blueprint/wp00015/BP_WpMultipleGrenadeLauncher.uasset,27,0,0,0,0,0,EWeaponAttackIntervalType::Release,EWeaponAttackType::Ranged,EWeaponAtkTaeget::Enemy,10,0,0,EWeaponKind::Main,EWeaponHoldType::One,EAttachType::Hand,0,ESideTrgAct::None,0,0,0,0,0,0.08,0,0,0,0,0.1,1,0,EDecBulletType::Bullet,EWeaponReloadType::EmptyReload,0,9,9,0,20,20,20,1,10,10,ECustomReloadType::Bullet,0,0,0,0,0,0,0,0,0,1,-1,-1,-1,0,0,0,0,EBuddyWeaponType::None,0,EHoldWeaponType::OneHandGun,0.2,ERecoilMotionType::Rapid,ERecoilMoveTiming::None,ERecoilMovePower::None,EShotCharaEffect::None,None,EShakeType::RapidDynamic,1,1,0,0,0,0,0,0,0,0,0,0,0,0,0,0,0,0,0,0,0,0,EWeaponMaker::WeaponMaker002,EWeaponIcon::None,EWeaponInfoTriggerType::Release,EWeaponInfo::MultiLock,EWeaponInfo::None,EWeaponInfo::None,EWeaponInfo::None,EWeaponInfo::None,EWeaponInfoScoreEvaluation::None,EWeaponInfoRank::B_Plus,EWeaponInfoRank::A,EWeaponInfoRank::D,EWeaponInfoRank::C,EWeaponInfoRank::C,EWeaponInfoRank::A,EWeaponInfoRank::None,EWeaponCategory::ShootingMiddle,EWeaponSlayerEnemyType::Enemy,0,0,0,0,0,0,0,0,0,EWeaponSizeInfo::Medium,開発：殴重鋼匠　型番：殴壱伍式\n無数の大蛇（おろち）が獲物を狙うかのごと\nく、大量の弾を発射するミサイル。\n読みは「たれんそうどうだん　おろち」。,　分類：ミサイル　　　　　属性：実弾　　　 \n\n一度に多数の弾を発射する。\n複数の敵を同時に狙える。　,0
WPN_BeamMachineGun,16,,0,/Game/Character/weapon/Blueprint/wp00016/BP_WpBeamMachineGun.uasset,28,0,0,0,0,0,EWeaponAttackIntervalType::Press,EWeaponAttackType::Ranged,EWeaponAtkTaeget::Enemy,0,0,0,EWeaponKind::Main,EWeaponHoldType::One,EAttachType::Hand,0,ESideTrgAct::None,0,0,0,0,0,0.05,0,0,0,0,0.1,1,0,EDecBulletType::Bullet,EWeaponReloadType::Continuation,0,3,3,0,15,30,30,1,5,255,ECustomReloadType::None,0,0,0,0,0,0,0,0,0,0,-1,-1,-1,0,0,0,0,EBuddyWeaponType::None,0,EHoldWeaponType::OneHandGun,0.35,ERecoilMotionType::Small,ERecoilMoveTiming::None,ERecoilMovePower::None,EShotCharaEffect::None,None,EShakeType::None,1,1,0,0,0,0,0,0,0,0,0,0,0,0,0,0,0,0,0,0,0,0,EWeaponMaker::WeaponMaker004,EWeaponIcon::None,EWeaponInfoTriggerType::None,EWeaponInfo::None,EWeaponInfo::None,EWeaponInfo::None,EWeaponInfo::None,EWeaponInfo::None,EWeaponInfoScoreEvaluation::None,EWeaponInfoRank::A_Plus,EWeaponInfoRank::A_Plus,EWeaponInfoRank::A_Plus,EWeaponInfoRank::A_Plus,EWeaponInfoRank::A_Plus,EWeaponInfoRank::A_Plus,EWeaponInfoRank::A_Plus,EWeaponCategory::ShootingMiddle,EWeaponSlayerEnemyType::None,0,0,0,0,0,0,0,0,0,EWeaponSizeInfo::Medium,,,0
WPN_GatlingGun_Type02,17,デ・ディヴァルガン,510,/Game/Character/weapon/Blueprint/wp00017/BP_WpGatlingGunType02.uasset,29,30,31,0,0,0,EWeaponAttackIntervalType::Press,EWeaponAttackType::WholeBody,EWeaponAtkTaeget::Enemy,0,0,0,EWeaponKind::Main,EWeaponHoldType::Both,EAttachType::Hand,0,ESideTrgAct::None,0,0,0,0,0,0.06,0,0.1,0,0,0.1,1,0,EDecBulletType::Bullet,EWeaponReloadType::Reset,0,14,14,0,60,60,60,1,10,255,ECustomReloadType::Bullet,0,0,1000,0,0,0,0,0,0,1,125,1,-1,0,0,0,0,EBuddyWeaponType::BigWeapon,0,EHoldWeaponType::BothRifles,0.3,ERecoilMotionType::Continue,ERecoilMoveTiming::None,ERecoilMovePower::None,EShotCharaEffect::None,AttackWholeCenterFast,EShakeType::RapidDynamic,1,1,0,0,0,0,0,0,0,0,0,0,0,0,0,0,0,0,0,0,0,0,EWeaponMaker::WeaponMaker004,EWeaponIcon::None,EWeaponInfoTriggerType::Hold,EWeaponInfo::None,EWeaponInfo::None,EWeaponInfo::None,EWeaponInfo::None,EWeaponInfo::None,EWeaponInfoScoreEvaluation::None,EWeaponInfoRank::A,EWeaponInfoRank::B_Plus,EWeaponInfoRank::A,EWeaponInfoRank::A,EWeaponInfoRank::D,EWeaponInfoRank::C,EWeaponInfoRank::None,EWeaponCategory::ShootingMiddle,EWeaponSlayerEnemyType::Enemy,0,0,0,0,0,0,0,0,0,EWeaponSizeInfo::Large,開発：AVENIR  型番：AVN-40\n実弾による連続攻撃と、シールドによる防御を\n兼ね備えたガトリングガン。\nその名は「神に与えられた力」を意味する。,　分類：ガトリングガン　　属性：実弾　　　 \n連射性能の高い実弾を撃つ。\n射撃中は前方からの射撃攻撃を防ぐ\nシールドを展開する。　　,0
WPN_HealGun,18,メディク,900,/Game/Character/weapon/Blueprint/wp00018/BP_WpHealGun.uasset,32,0,0,0,0,0,EWeaponAttackIntervalType::Press,EWeaponAttackType::Ranged,EWeaponAtkTaeget::Friend,0,0,0,EWeaponKind::Sub,EWeaponHoldType::One,EAttachType::Hand,0,ESideTrgAct::None,0,0,0,0,0,0.8,0,0,0,0,0.1,1,0,EDecBulletType::Bullet,EWeaponReloadType::Reset,0,7.5,7.5,0,1,4,0,1,1,255,ECustomReloadType::Heal,0,0,0,0,0,0,0,0,0,1,-1,-1,-1,0,0,0,0,EBuddyWeaponType::Healing,0,EHoldWeaponType::OneHandGun,0.2,ERecoilMotionType::Small,ERecoilMoveTiming::None,ERecoilMovePower::None,EShotCharaEffect::None,None,EShakeType::None,1,1,0,0,0,0,0,0,0,0,0,0,0,0,0,0,0,0,0,0,0,0,EWeaponMaker::WeaponMaker003,EWeaponIcon::None,EWeaponInfoTriggerType::Hold,EWeaponInfo::Heal,EWeaponInfo::None,EWeaponInfo::None,EWeaponInfo::None,EWeaponInfo::None,EWeaponInfoScoreEvaluation::None,EWeaponInfoRank::None,EWeaponInfoRank::None,EWeaponInfoRank::B,EWeaponInfoRank::C,EWeaponInfoRank::B,EWeaponInfoRank::A,EWeaponInfoRank::B,EWeaponCategory::ShootingMiddle,EWeaponSlayerEnemyType::Friend,0,0,0,0,0,0,0,0,0,EWeaponSizeInfo::Medium,開発：MA-I　　型番：MA54RE\n攻撃ではなく回復が目的の特殊な装置。\n味方に向けて撃つことで、\n撃たれた機体のアーマーを回復させる。,　分類：回復銃　　　　　　属性：補助　　　 \n弾数は少ないが連射可能。\nアーマーを中程度回復する。\n味方に当てる。　　　　　,0
WPN_PowerUpGun,19,フォルツァ-Ａ,901,/Game/Character/weapon/Blueprint/wp00019/BP_WpPowerUpGun.uasset,33,0,0,0,0,0,EWeaponAttackIntervalType::Press,EWeaponAttackType::Ranged,EWeaponAtkTaeget::Friend,0,0,0,EWeaponKind::Sub,EWeaponHoldType::One,EAttachType::Hand,0,ESideTrgAct::None,0,0,0,0,0.5,1,0,0,0,0.05,0.1,1,0,EDecBulletType::Bullet,EWeaponReloadType::EmptyReload,0,9,9,0,2,2,0,1,1,1,ECustomReloadType::Buff,115,115,115,0,0,0,0,0,0,1,-1,-1,-1,0,0,0,0,EBuddyWeaponType::Support,0,EHoldWeaponType::OneHandGun,0.2,ERecoilMotionType::Middle,ERecoilMoveTiming::None,ERecoilMovePower::None,EShotCharaEffect::None,None,EShakeType::None,1,1,0,0,0,0,0,0,0,0,0,0,0,0,0,0,0,0,0,0,0,0,EWeaponMaker::WeaponMaker003,EWeaponIcon::None,EWeaponInfoTriggerType::Single,EWeaponInfo::PowerUp,EWeaponInfo::None,EWeaponInfo::None,EWeaponInfo::None,EWeaponInfo::None,EWeaponInfoScoreEvaluation::None,EWeaponInfoRank::None,EWeaponInfoRank::None,EWeaponInfoRank::D,EWeaponInfoRank::E,EWeaponInfoRank::B,EWeaponInfoRank::A,EWeaponInfoRank::None,EWeaponCategory::ShootingMiddle,EWeaponSlayerEnemyType::Friend,0,0,0,0,0,0,0,0,0,EWeaponSizeInfo::Medium,開発：MA-I　　型番：MA53RE\n攻撃ではなく強化が目的の特殊な装置。\n味方に向けて撃つことで、\n撃たれた機体の攻撃力を上昇させる。,　分類：ハンドガン　　　　属性：補助　 \n\n一定時間攻撃力を上昇させる。\n味方に当てる。　　　　　　　,0
WPN_GatlingGun,20,機関砲 騎神,220,/Game/Character/weapon/Blueprint/wp00020/BP_WpGatlingGun.uasset,34,35,0,0,0,0,EWeaponAttackIntervalType::Press,EWeaponAttackType::Ranged,EWeaponAtkTaeget::Enemy,0,0,0,EWeaponKind::Main,EWeaponHoldType::Both,EAttachType::Hand,0,ESideTrgAct::None,0,0,0,0,0,0.06,0,0.15,0,0,0.1,1,0,EDecBulletType::Bullet,EWeaponReloadType::Reset,0,16,16,0,100,100,100,1,10,255,ECustomReloadType::Bullet,0,0,0,0,0,0,0,0,0,1,-20,-1,-1,0,0,0,0,EBuddyWeaponType::BigWeapon,0,EHoldWeaponType::BothRifles,0.3,ERecoilMotionType::Continue,ERecoilMoveTiming::None,ERecoilMovePower::None,EShotCharaEffect::None,AttackWholeCenterFast,EShakeType::RapidDynamic,1,1,0,0,0,0,0,0,0,0,0,0,0,0,0,0,0,0,0,0,0,0,EWeaponMaker::WeaponMaker002,EWeaponIcon::None,EWeaponInfoTriggerType::Hold,EWeaponInfo::None,EWeaponInfo::None,EWeaponInfo::None,EWeaponInfo::None,EWeaponInfo::None,EWeaponInfoScoreEvaluation::None,EWeaponInfoRank::A,EWeaponInfoRank::B,EWeaponInfoRank::A,EWeaponInfoRank::A_Plus,EWeaponInfoRank::D,EWeaponInfoRank::B,EWeaponInfoRank::None,EWeaponCategory::ShootingLong,EWeaponSlayerEnemyType::Enemy,0,0,0,0,0,0,0,0,0,EWeaponSizeInfo::Large,開発：殴重鋼匠　　型番：殴弐伍式\n環状に配置した銃身を回転させつつ、\n連続で実弾を発射するガトリングガン。\n読みは「きかんほう　きしん」。,　分類：ガトリングガン　　属性：実弾　　　 \n\n連射性能の高い実弾を撃つ。\nロック範囲は狭いが、弾数が多い。　　　　　　　　,0
WPN_ReverseGun,21,,0,/Game/Character/weapon/Blueprint/wp00021/BP_WpReverseGun_Main.uasset,36,0,0,0,0,0,EWeaponAttackIntervalType::Trigger,EWeaponAttackType::Ranged,EWeaponAtkTaeget::Enemy,0,0,0,EWeaponKind::Main,EWeaponHoldType::Both,EAttachType::Hand,0,ESideTrgAct::AttackSubWeapon,10002,0,0,0,0,1,0,0,0,0,0.1,1,0,EDecBulletType::Bullet,EWeaponReloadType::EmptyReload,0,2,2,0,1,1,1,1,1,1,ECustomReloadType::None,0,0,0,0,0,0,0,0,0,0,-1,-1,-1,0,0,0,0,EBuddyWeaponType::None,0,EHoldWeaponType::OneHandGun,0.35,ERecoilMotionType::Small,ERecoilMoveTiming::None,ERecoilMovePower::None,EShotCharaEffect::None,None,EShakeType::ImpactDynamic,0.3,1,0,0,0,0,0,0,0,0,0,0,0,0,0,0,0,0,0,0,0,0,EWeaponMaker::WeaponMaker003,EWeaponIcon::None,EWeaponInfoTriggerType::None,EWeaponInfo::None,EWeaponInfo::None,EWeaponInfo::None,EWeaponInfo::None,EWeaponInfo::None,EWeaponInfoScoreEvaluation::None,EWeaponInfoRank::A_Plus,EWeaponInfoRank::A_Plus,EWeaponInfoRank::A_Plus,EWeaponInfoRank::A_Plus,EWeaponInfoRank::A_Plus,EWeaponInfoRank::A_Plus,EWeaponInfoRank::A_Plus,EWeaponCategory::ShootingMiddle,EWeaponSlayerEnemyType::None,0,0,0,0,0,0,0,0,0,EWeaponSizeInfo::Medium,,,0
WPN_LaserRifle,22,,0,/Game/Character/weapon/Blueprint/wp00022/BP_WpLaserRifle.uasset,38,0,0,0,0,0,EWeaponAttackIntervalType::Release,EWeaponAttackType::Ranged,EWeaponAtkTaeget::Enemy,0,0,0,EWeaponKind::Main,EWeaponHoldType::One,EAttachType::Hand,0,ESideTrgAct::None,0,0,0,0,0,0.05,0,0.2,0,0,0.1,1,0,EDecBulletType::Bullet,EWeaponReloadType::Reset,0,7,7,0,1,1,1,1,1,1,ECustomReloadType::None,0,0,0,0,0,0,0,0,0,0,-20,-1,-1,0,0,0,0,EBuddyWeaponType::BigWeapon,0,EHoldWeaponType::OneHandGun,0.5,ERecoilMotionType::Back,ERecoilMoveTiming::First,ERecoilMovePower::Medium,EShotCharaEffect::Dark,None,EShakeType::DampedDynamic,1,1,0,0,0,0,0,0,0,0,0,0,0,0,0,0,0,0,0,0,0,0,EWeaponMaker::WeaponMaker004,EWeaponIcon::None,EWeaponInfoTriggerType::None,EWeaponInfo::None,EWeaponInfo::None,EWeaponInfo::None,EWeaponInfo::None,EWeaponInfo::None,EWeaponInfoScoreEvaluation::None,EWeaponInfoRank::A_Plus,EWeaponInfoRank::A_Plus,EWeaponInfoRank::A_Plus,EWeaponInfoRank::A_Plus,EWeaponInfoRank::A_Plus,EWeaponInfoRank::A_Plus,EWeaponInfoRank::A_Plus,EWeaponCategory::ShootingMiddle,EWeaponSlayerEnemyType::None,0,0,0,0,0,0,0,0,0,EWeaponSizeInfo::Large,,,0
WPN_HandGun_Type02,23,拳銃 月牙,601,/Game/Character/weapon/Blueprint/wp00023/BP_WpHandGunType02.uasset,39,0,0,0,0,0,EWeaponAttackIntervalType::Press,EWeaponAttackType::Ranged,EWeaponAtkTaeget::Enemy,0,0,0,EWeaponKind::Sub,EWeaponHoldType::One,EAttachType::Hand,0,ESideTrgAct::None,0,0,0,0,0,0.22,0,0,0,0,0.1,1,0,EDecBulletType::Bullet,EWeaponReloadType::Reset,0,6,6,0,12,12,12,1,1,255,ECustomReloadType::Bullet,0,0,0,0,0,0,0,0,0,1,-1,-1,-1,0,0,0,0,EBuddyWeaponType::None,0,EHoldWeaponType::OneHandGun,0.1,ERecoilMotionType::RapidSmall,ERecoilMoveTiming::None,ERecoilMovePower::None,EShotCharaEffect::None,None,EShakeType::None,1,1,0,0,0,0,0,0,0,0,0,0,0,0,0,0,0,0,0,0,0,0,EWeaponMaker::WeaponMaker002,EWeaponIcon::None,EWeaponInfoTriggerType::Hold,EWeaponInfo::None,EWeaponInfo::None,EWeaponInfo::None,EWeaponInfo::None,EWeaponInfo::None,EWeaponInfoScoreEvaluation::None,EWeaponInfoRank::C,EWeaponInfoRank::D,EWeaponInfoRank::B,EWeaponInfoRank::C,EWeaponInfoRank::B_Plus,EWeaponInfoRank::A,EWeaponInfoRank::None,EWeaponCategory::ShootingShort,EWeaponSlayerEnemyType::Enemy,0,0,0,0,0,0,0,0,0,EWeaponSizeInfo::Medium,開発：殴重鋼匠　　型番：殴弐壱式\n月夜に吼える餓狼のごとく、放たれる\n無数の牙が敵を穿つ。故に月牙と称される。\n読みは「けんじゅう　げつが」。,　分類：ハンドガン　　　　属性：実弾　　　 \n\n連射性能の高い実弾銃。,0
WPN_FlameThrower,24,火炎砲 散華,422,/Game/Character/weapon/Blueprint/wp00024/BP_WpFlameThrower.uasset,40,0,0,0,0,0,EWeaponAttackIntervalType::Press,EWeaponAttackType::Ranged,EWeaponAtkTaeget::Enemy,0,0,0,EWeaponKind::Main,EWeaponHoldType::One,EAttachType::Hand,0,ESideTrgAct::None,0,0,0,0,0,0.05,0,0,0,0,0.1,1,0,EDecBulletType::Bullet,EWeaponReloadType::Continuation,0,4,4,0,20,60,60,1,5,255,ECustomReloadType::Debuff,0,0,0,0,0,0,0,0,0,1,-1,-1,-1,0,0,0,0,EBuddyWeaponType::Fire,0,EHoldWeaponType::OneHandGun,0.1,ERecoilMotionType::Small,ERecoilMoveTiming::None,ERecoilMovePower::None,EShotCharaEffect::None,None,EShakeType::None,1,1,0,0,0,0,0,0,0,0,0,0,0,0,0,0,0,0,0,0,0,0,EWeaponMaker::WeaponMaker002,EWeaponIcon::None,EWeaponInfoTriggerType::Hold,EWeaponInfo::BadState_Fire,EWeaponInfo::None,EWeaponInfo::None,EWeaponInfo::None,EWeaponInfo::None,EWeaponInfoScoreEvaluation::None,EWeaponInfoRank::B,EWeaponInfoRank::D,EWeaponInfoRank::B,EWeaponInfoRank::A_Plus,EWeaponInfoRank::B_Plus,EWeaponInfoRank::B,EWeaponInfoRank::None,EWeaponCategory::ShootingShort,EWeaponSlayerEnemyType::Enemy,0,0,0,0,0,0,0,0,0,EWeaponSizeInfo::Medium,開発：殴重鋼匠　　型番：殴陸参式\nエア・リアルの装甲を燃焼させる特殊なガス\nを噴射し、敵を燃え上がらせる武器。\n読みは「かえんほう　さんか」。,　分類：火炎放射器　　　　属性：妨害　　 \n\n誘導性能の無い炎を放射する。　　　\n炎上効果による追加ダメージがある。,0
WPN_IceGun,25,アイスランガー,830,/Game/Character/weapon/Blueprint/wp00025/BP_WpIceGunMain.uasset,41,0,0,0,0,0,EWeaponAttackIntervalType::Press,EWeaponAttackType::Ranged,EWeaponAtkTaeget::Enemy,0,0,0,EWeaponKind::Main,EWeaponHoldType::Both,EAttachType::Hand,0,ESideTrgAct::AttackSubWeapon,10003,0,0,0,0,0.8,0,0,0,0,0.1,1,0,EDecBulletType::Bullet,EWeaponReloadType::Continuation,0,4,4,0,1,5,5,1,1,1,ECustomReloadType::Debuff,0,0,0,0,0,0,0,0,0,0,-1,-1,-1,0,0,0,0,EBuddyWeaponType::Ice,0,EHoldWeaponType::BothRifles,0.4,ERecoilMotionType::Small,ERecoilMoveTiming::None,ERecoilMovePower::None,EShotCharaEffect::None,None,EShakeType::ImpactDynamic,0.1,1,0,0,0,0,0,0,0,0,0,0,0,0,0,0,0,0,0,0,0,0,EWeaponMaker::WeaponMaker004,EWeaponIcon::None,EWeaponInfoTriggerType::Hold,EWeaponInfo::BadState_Freeze,EWeaponInfo::None,EWeaponInfo::None,EWeaponInfo::None,EWeaponInfo::None,EWeaponInfoScoreEvaluation::None,EWeaponInfoRank::C,EWeaponInfoRank::C,EWeaponInfoRank::B,EWeaponInfoRank::D,EWeaponInfoRank::B,EWeaponInfoRank::A,EWeaponInfoRank::None,EWeaponCategory::ShootingMiddle,EWeaponSlayerEnemyType::Enemy,0,0,0,0,0,0,0,0,0,EWeaponSizeInfo::Medium,開発：AVENIR　　型番：AVN-73\n大気中の水分を瞬間的に氷結させることができる\n特殊な武器。氷塊を作り、障害物としての使用や\n直接攻撃を行う。,　分類：氷結銃　　　　　　属性：設置/妨害　　 \n\n左攻撃：氷塊を投擲し障害物を生成する。　\n右攻撃：移動力低下効果のある氷弾を撃つ。,0
WPN_HealLaser,26,プレストヒール,710,/Game/Character/weapon/Blueprint/wp00026/BP_WpHealLaser.uasset,43,0,0,0,0,0,EWeaponAttackIntervalType::Press,EWeaponAttackType::Ranged,EWeaponAtkTaeget::Friend,0,0,0,EWeaponKind::Main,EWeaponHoldType::One,EAttachType::Hand,0,ESideTrgAct::None,0,0,0,0,0,0.08,0,0,0,0,0.1,1,0,EDecBulletType::Bullet,EWeaponReloadType::Continuation,0,12.5,12.5,0,10,20,20,1,5,255,ECustomReloadType::Heal,0,0,0,0,0,0,0,0,0,1,-1,-1,-1,0,0,0,0,EBuddyWeaponType::Healing,0,EHoldWeaponType::OneHandGun,0.2,ERecoilMotionType::Continue,ERecoilMoveTiming::None,ERecoilMovePower::None,EShotCharaEffect::None,None,EShakeType::None,1,1,0,0,0,0,0,0,0,0,0,0,0,0,0,0,0,0,0,0,0,0,EWeaponMaker::WeaponMaker003,EWeaponIcon::None,EWeaponInfoTriggerType::Hold,EWeaponInfo::Heal,EWeaponInfo::None,EWeaponInfo::None,EWeaponInfo::None,EWeaponInfo::None,EWeaponInfoScoreEvaluation::None,EWeaponInfoRank::None,EWeaponInfoRank::None,EWeaponInfoRank::A_Plus,EWeaponInfoRank::A,EWeaponInfoRank::B_Plus,EWeaponInfoRank::A,EWeaponInfoRank::A,EWeaponCategory::ShootingMiddle,EWeaponSlayerEnemyType::Friend,0,0,0,0,0,0,0,0,0,EWeaponSizeInfo::Medium,開発：MA-I　　型番：MA62RE\n攻撃ではなく回復が目的の特殊な装置。\n味方に向けて撃つことで、\n撃たれた機体の耐久値を回復させる。,　分類：回復銃　　　　　　属性：補助　　　 \n連射性能が高く長時間当てれば、\n相当な回復量となる。\n味方に当てる。　　　,0
WPN_BeamRifle_Type02,27,グレイン-VG,401,/Game/Character/weapon/Blueprint/wp00027/BP_WpBeamRifleType02.uasset,44,0,0,0,0,0,EWeaponAttackIntervalType::Press,EWeaponAttackType::Ranged,EWeaponAtkTaeget::Enemy,0,0,0,EWeaponKind::Main,EWeaponHoldType::One,EAttachType::Hand,0,ESideTrgAct::None,0,0,0,0,0,0.88,0,0,0,0,0.1,1,0,EDecBulletType::Bullet,EWeaponReloadType::Continuation,0,3,3,0,1,4,4,1,1,255,ECustomReloadType::Beam,0,0,0,0,0,0,0,0,0,1,-1,-1,-1,0,0,0,0,EBuddyWeaponType::None,0,EHoldWeaponType::OneHandGun,0.2,ERecoilMotionType::Small,ERecoilMoveTiming::None,ERecoilMovePower::None,EShotCharaEffect::None,None,EShakeType::ImpactDynamic,0.1,1,0,0,0,0,0,0,0,0,0,0,0,0,0,0,0,0,0,0,0,0,EWeaponMaker::WeaponMaker003,EWeaponIcon::None,EWeaponInfoTriggerType::Hold,EWeaponInfo::None,EWeaponInfo::None,EWeaponInfo::None,EWeaponInfo::None,EWeaponInfo::None,EWeaponInfoScoreEvaluation::None,EWeaponInfoRank::B,EWeaponInfoRank::C,EWeaponInfoRank::B_Plus,EWeaponInfoRank::C,EWeaponInfoRank::B_Plus,EWeaponInfoRank::A,EWeaponInfoRank::None,EWeaponCategory::ShootingMiddle,EWeaponSlayerEnemyType::Enemy,0,0,0,0,0,0,0,0,0,EWeaponSizeInfo::Medium,開発：MA-I　　型番：MA21BE2\nグレインシリーズの光学武器。\n連続してビームを発射し、敵を粉砕する。\nビームが誘導するため、命中率が高い。,　分類：ライフル　　　　　属性：ビーム　　 \n\n標準的な火力を持つビーム銃。\n誘導性能が高い。　　　　,0
WPN_RocketLauncher_Type02,28,単装導弾 堕撃,303,/Game/Character/weapon/Blueprint/wp00028/BP_WpRocketLauncherType02.uasset,45,0,0,0,0,0,EWeaponAttackIntervalType::Press,EWeaponAttackType::Ranged,EWeaponAtkTaeget::Enemy,0,0,0,EWeaponKind::Sub,EWeaponHoldType::One,EAttachType::Hand,0,ESideTrgAct::None,0,0,0,0,0,1,0,0.05,0,0,0.1,1,0,EDecBulletType::Bullet,EWeaponReloadType::Reset,0,10,10,0,3,3,3,1,1,255,ECustomReloadType::Bullet,0,0,0,0,0,0,0,0,0,1,-1,-1,-1,0,0,0,0,EBuddyWeaponType::None,0,EHoldWeaponType::OneHandGun,0.2,ERecoilMotionType::Middle,ERecoilMoveTiming::None,ERecoilMovePower::None,EShotCharaEffect::None,None,EShakeType::ImpactDynamic,0.5,1,0,0,0,0,0,0,0,0,0,0,0,0,0,0,0,0,0,0,0,0,EWeaponMaker::WeaponMaker002,EWeaponIcon::None,EWeaponInfoTriggerType::Hold,EWeaponInfo::None,EWeaponInfo::None,EWeaponInfo::None,EWeaponInfo::None,EWeaponInfo::None,EWeaponInfoScoreEvaluation::None,EWeaponInfoRank::B,EWeaponInfoRank::B,EWeaponInfoRank::D,EWeaponInfoRank::D,EWeaponInfoRank::A,EWeaponInfoRank::A,EWeaponInfoRank::None,EWeaponCategory::ShootingMiddle,EWeaponSlayerEnemyType::Enemy,0,0,0,0,0,0,0,0,0,EWeaponSizeInfo::Medium,開発：殴重鋼匠　　型番：殴壱式\nエア・リアルが放つ特殊な微弱電波を\n感知し、追跡する誘導ミサイル。\n読みは「たんそうどうだん　だげき」。,　分類：ミサイル　　　　　属性：実弾　　　 \n\n誘導性能の高いロケット弾を撃つ。,0
WPN_BothBeamRifle_Main1_Right,29,O.G. メテオライト,260,/Game/Character/weapon/Blueprint/wp00029/BP_WpBothBeamRifleMain1Right.uasset,46,0,0,0,0,0,EWeaponAttackIntervalType::Press,EWeaponAttackType::Ranged,EWeaponAtkTaeget::Enemy,0,0,0,EWeaponKind::Main,EWeaponHoldType::Both,EAttachType::Hand,10005,ESideTrgAct::AttackEquipSubWeapon,10004,0,0,0,0,0.75,0,0.2,0,0,0.1,1,0,EDecBulletType::Bullet,EWeaponReloadType::Continuation,0,4.5,4.5,0,1,1,1,1,1,255,ECustomReloadType::Beam,0,0,0,0,0,0,0,0,0,0,-1,-1,-1,0,0,0,0,EBuddyWeaponType::BigWeapon,0,EHoldWeaponType::OneHoldGun,0.2,ERecoilMotionType::Small,ERecoilMoveTiming::None,ERecoilMovePower::None,EShotCharaEffect::None,None,EShakeType::ImpactDynamic,0.1,1,0,0,0,0,0,0,0,0,0,0,0,0,0,0,0,0,0,0,0,0,EWeaponMaker::WeaponMaker001,EWeaponIcon::None,EWeaponInfoTriggerType::Single,EWeaponInfo::OneShotFlinch,EWeaponInfo::None,EWeaponInfo::None,EWeaponInfo::None,EWeaponInfo::None,EWeaponInfoScoreEvaluation::None,EWeaponInfoRank::B_Plus,EWeaponInfoRank::B_Plus,EWeaponInfoRank::A,EWeaponInfoRank::C,EWeaponInfoRank::A,EWeaponInfoRank::A,EWeaponInfoRank::None,EWeaponCategory::ShootingMiddle,EWeaponSlayerEnemyType::Enemy,0,0,0,0,0,0,0,0,0,EWeaponSizeInfo::Medium,開発：WXW　　型番：WXW-77A09\nオーバー・ギアと呼ばれる究極武器。\n二丁の銃の組み合わせにより多彩な攻撃が可能だが、\n使いこなすには熟練が必要。,　分類：スーパーマグナム　属性：ビーム　　 \n(1st)左右攻撃：大型のビーム。 　　　\n(2nd)左攻撃：攻撃範囲の広い誘導弾。　　\n(2nd)右攻撃：高威力で広範囲の弾。,0
WPN_PlasmaGun,30,エスプロジオ,330,/Game/Character/weapon/Blueprint/wp00030/BP_WpPlasmaGun.uasset,50,0,0,0,0,0,EWeaponAttackIntervalType::Trigger,EWeaponAttackType::Ranged,EWeaponAtkTaeget::Enemy,0,0,0,EWeaponKind::Sub,EWeaponHoldType::One,EAttachType::Hand,0,ESideTrgAct::None,0,0,0,0,0,1,0,0.3,0,0,0.1,1,0,EDecBulletType::Bullet,EWeaponReloadType::Continuation,0,4.5,4.5,0,1,3,3,1,1,255,ECustomReloadType::Beam,0,0,0,0,0,0,0,0,0,1,-1,-1,-1,0,0,0,0,EBuddyWeaponType::None,0,EHoldWeaponType::OneHandGun,0.2,ERecoilMotionType::Middle,ERecoilMoveTiming::None,ERecoilMovePower::None,EShotCharaEffect::None,None,EShakeType::ImpactDynamic,0.3,1,0,0,0,0,0,0,0,0,0,0,0,0,0,0,0,0,0,0,0,0,EWeaponMaker::WeaponMaker004,EWeaponIcon::None,EWeaponInfoTriggerType::Hold,EWeaponInfo::OneShotDown,EWeaponInfo::None,EWeaponInfo::None,EWeaponInfo::None,EWeaponInfo::None,EWeaponInfoScoreEvaluation::None,EWeaponInfoRank::C,EWeaponInfoRank::B_Plus,EWeaponInfoRank::B,EWeaponInfoRank::D,EWeaponInfoRank::B,EWeaponInfoRank::A,EWeaponInfoRank::None,EWeaponCategory::ShootingShort,EWeaponSlayerEnemyType::Enemy,0,0,0,0,0,0,0,0,0,EWeaponSizeInfo::Medium,開発：AVENIR　　型番：AVN-70\n爆発が残るビームで攻撃できるが、\nエネルギー充填に少し時間がかかる。\n充填時間を考慮して戦闘を組み立てたい。,　分類：マグナム　　　　　属性：ビーム　　 \n\n発射までに時間を要するビーム銃。\n着弾地点に爆発が残り、多段ヒットする。,0
WPN_BothHandsRocketLauncher_Main,31,単装導弾 双撃,231,/Game/Character/weapon/Blueprint/wp00031/BP_WpBothHandsRocketLauncher_Main.uasset,51,0,0,0,0,0,EWeaponAttackIntervalType::Press,EWeaponAttackType::Ranged,EWeaponAtkTaeget::Enemy,0,0,0,EWeaponKind::Main,EWeaponHoldType::Both,EAttachType::Hand,0,ESideTrgAct::AttackEquipSubWeapon,10007,0,0,0,0,0.9,0,0.1,0,0,0.1,1,0,EDecBulletType::Bullet,EWeaponReloadType::Reset,0,14,14,0,2,2,2,1,1,255,ECustomReloadType::Bullet,0,0,0,0,0,0,0,0,0,0,-1,-1,-1,0,0,0,0,EBuddyWeaponType::None,0,EHoldWeaponType::OneHandGun,0.3,ERecoilMotionType::Small,ERecoilMoveTiming::None,ERecoilMovePower::None,EShotCharaEffect::None,None,EShakeType::ImpactDynamic,0.3,1,0,0,0,0,0,0,0,0,0,0,0,0,0,0,0,0,0,0,0,0,EWeaponMaker::WeaponMaker002,EWeaponIcon::None,EWeaponInfoTriggerType::Hold,EWeaponInfo::None,EWeaponInfo::None,EWeaponInfo::None,EWeaponInfo::None,EWeaponInfo::None,EWeaponInfoScoreEvaluation::None,EWeaponInfoRank::B_Plus,EWeaponInfoRank::B_Plus,EWeaponInfoRank::D,EWeaponInfoRank::C,EWeaponInfoRank::C,EWeaponInfoRank::B,EWeaponInfoRank::None,EWeaponCategory::ShootingMiddle,EWeaponSlayerEnemyType::Enemy,0,0,0,0,0,0,0,0,0,EWeaponSizeInfo::Medium,開発：殴重鋼匠　　型番：殴壱拾式\n堕撃の性能から、更に火力を高めた高火力武器。\n読みは「たんそうどうだん　そうげき」。,　分類：ミサイル　　　　　属性：実弾　　　 \n\n誘導性能が高く爆風範囲の広い弾を撃つ。\n左右とも同じ性能。　　　　　　　　　　,0
WPN_GatlingGunAndRocketLauncher_Main,32,デモリッシュ,511,/Game/Character/weapon/Blueprint/wp00032/BP_WpGatlingGunAndRocketLauncher_Main.uasset,54,55,0,0,0,0,EWeaponAttackIntervalType::Press,EWeaponAttackType::WholeBody,EWeaponAtkTaeget::Enemy,0,0,0,EWeaponKind::Main,EWeaponHoldType::Both,EAttachType::Hand,0,ESideTrgAct::AttackSubWeapon,10008,0,0,0,0,0.075,0,0,0,0,0.1,1,0,EDecBulletType::Bullet,EWeaponReloadType::Reset,0,14,14,0,80,80,80,1,10,255,ECustomReloadType::Bullet,0,0,0,0,0,0,0,0,0,0,125,0.9,-1,0,0,0,0,EBuddyWeaponType::None,0,EHoldWeaponType::BothRifles,0.3,ERecoilMotionType::Continue,ERecoilMoveTiming::None,ERecoilMovePower::None,EShotCharaEffect::None,AttackWholeCenterFast,EShakeType::RapidDynamic,1,1,0,0,0,0,0,0,0,0,0,0,0,0,0,0,0,0,0,0,0,0,EWeaponMaker::WeaponMaker001,EWeaponIcon::None,EWeaponInfoTriggerType::Hold,EWeaponInfo::None,EWeaponInfo::None,EWeaponInfo::None,EWeaponInfo::None,EWeaponInfo::None,EWeaponInfoScoreEvaluation::None,EWeaponInfoRank::A,EWeaponInfoRank::A,EWeaponInfoRank::A,EWeaponInfoRank::A,EWeaponInfoRank::C,EWeaponInfoRank::A,EWeaponInfoRank::None,EWeaponCategory::ShootingMiddle,EWeaponSlayerEnemyType::Enemy,0,0,0,0,0,0,0,0,0,EWeaponSizeInfo::Medium,開発：WXW　　型番：WXW-09A05\n多数のミサイル発射口と銃口から、\nそれぞれ異なる弾を同時射出できる。,　分類：ガトリングミサイル　属性：実弾　　　 \nマシンガンとミサイルの両方が撃てる。\n左攻撃：誘導性能の高いミサイル。\n右攻撃：連射性能の高い実弾。　　,0
WPN_Cannon,33,爆撃砲 龍星,230,/Game/Character/weapon/Blueprint/wp00033/BP_WpCannon.uasset,56,0,0,0,0,0,EWeaponAttackIntervalType::Press,EWeaponAttackType::WholeBody,EWeaponAtkTaeget::Enemy,0,36000,0,EWeaponKind::Main,EWeaponHoldType::Both,EAttachType::Hand,0,ESideTrgAct::AttackSubWeapon,10009,0,0,0,0.6,0.25,0,0.2,0,0.3,0.1,1,0,EDecBulletType::Bullet,EWeaponReloadType::Reset,0,5,5,0,1,3,3,1,1,1,ECustomReloadType::Bullet,0,0,0,0,0,0,0,0,0,1,125,0.9,-1,0,0,0,0,EBuddyWeaponType::BigWeapon,0,EHoldWeaponType::BothRifles,0.4,ERecoilMotionType::Back,ERecoilMoveTiming::Every,ERecoilMovePower::VeryWeak,EShotCharaEffect::None,None,EShakeType::ImpactDynamic,0.7,1,0,0,0,0,0,0,0,0,0,0,0,0,0,0,0,0,0,0,0,0,EWeaponMaker::WeaponMaker002,EWeaponIcon::None,EWeaponInfoTriggerType::Single,EWeaponInfo::OneShotDown,EWeaponInfo::None,EWeaponInfo::None,EWeaponInfo::None,EWeaponInfo::None,EWeaponInfoScoreEvaluation::None,EWeaponInfoRank::B_Plus,EWeaponInfoRank::B,EWeaponInfoRank::B,EWeaponInfoRank::D,EWeaponInfoRank::C,EWeaponInfoRank::C,EWeaponInfoRank::None,EWeaponCategory::ShootingMiddle,EWeaponSlayerEnemyType::Enemy,0,0,0,0,0,0,0,0,0,EWeaponSizeInfo::Medium,開発：殴重鋼匠　　型番：殴弐弐式\n放物線を描く軌道で砲弾を飛ばし、\n飛距離を伸ばす曲射砲の一種。\n読みは「ばくげきほう　りゅうせい」。,　分類：キャノン　　　　　属性：実弾　　　 \n\n左攻撃：弾が山なりに飛ぶ。爆風が大きい。\n右攻撃：弾が直進する。誘導がある。　　　,0
WPN_TwinBastardRifle,34,プロトンブラスター,205,/Game/Character/weapon/Blueprint/wp00034/BP_WpTwinBastardRifle.uasset,58,0,0,0,0,0,EWeaponAttackIntervalType::TriggerWait,EWeaponAttackType::WholeBody,EWeaponAtkTaeget::None,0,0,0,EWeaponKind::Main,EWeaponHoldType::Both,EAttachType::Hand,0,ESideTrgAct::None,0,0,0,0,0.75,0.5,0,0.25,0.75,0,0.1,1,0,EDecBulletType::Bullet,EWeaponReloadType::Reset,0,9,9,0,1,2,0,1,1,1,ECustomReloadType::Beam,0,0,0,0,0,0,0,0,0,0,125,-1,-1,0,0,0,0,EBuddyWeaponType::BigWeapon,0,EHoldWeaponType::BothRifles,0.25,ERecoilMotionType::Continue,ERecoilMoveTiming::First,ERecoilMovePower::Medium,EShotCharaEffect::Dark,AttackWholeCenterStop,EShakeType::DampedDynamic,1,1,0,0,0,0,0,0,0,0,0,0,0,0,0,0,0,0,0,0,0,0,EWeaponMaker::WeaponMaker001,EWeaponIcon::None,EWeaponInfoTriggerType::Single,EWeaponInfo::OneShotDown,EWeaponInfo::None,EWeaponInfo::None,EWeaponInfo::None,EWeaponInfo::None,EWeaponInfoScoreEvaluation::None,EWeaponInfoRank::B,EWeaponInfoRank::A,EWeaponInfoRank::A_Plus,EWeaponInfoRank::E,EWeaponInfoRank::D,EWeaponInfoRank::B,EWeaponInfoRank::None,EWeaponCategory::ShootingLong,EWeaponSlayerEnemyType::Enemy,0,0,0,0,0,0,0,0,0,EWeaponSizeInfo::Medium,開発：WXW　　型番：WXW-32A06\n圧縮したエネルギービームを放ち、\n着弾地点を中心とした爆発を引き起こす。,　分類：爆発レーザー　　　属性：ビーム　　 \n\nレーザービームを照射する。　　\n着弾時に中威力の爆風が起こる。,0
WPN_BeamMachineGun_Type02,35,ミトラーム,102,/Game/Character/weapon/Blueprint/wp00035/BP_WpBeamMachineGunType02.uasset,59,0,0,0,0,0,EWeaponAttackIntervalType::Press,EWeaponAttackType::Ranged,EWeaponAtkTaeget::Enemy,0,0,0,EWeaponKind::Main,EWeaponHoldType::One,EAttachType::Hand,0,ESideTrgAct::None,0,0,0,0,0,0.1,0,0,0,0,0.1,1,0,EDecBulletType::Bullet,EWeaponReloadType::Continuation,0,5,5,0,10,30,30,1,1,255,ECustomReloadType::Beam,0,0,0,0,0,0,0,0,0,1,-1,-1,-1,0,0,0,0,EBuddyWeaponType::None,0,EHoldWeaponType::OneHandGun,0.1,ERecoilMotionType::Rapid,ERecoilMoveTiming::None,ERecoilMovePower::None,EShotCharaEffect::None,None,EShakeType::None,1,1,0,0,0,0,0,0,0,0,0,0,0,0,0,0,0,0,0,0,0,0,EWeaponMaker::WeaponMaker004,EWeaponIcon::None,EWeaponInfoTriggerType::Hold,EWeaponInfo::None,EWeaponInfo::None,EWeaponInfo::None,EWeaponInfo::None,EWeaponInfo::None,EWeaponInfoScoreEvaluation::None,EWeaponInfoRank::B,EWeaponInfoRank::A,EWeaponInfoRank::B,EWeaponInfoRank::B,EWeaponInfoRank::B_Plus,EWeaponInfoRank::A,EWeaponInfoRank::None,EWeaponCategory::ShootingMiddle,EWeaponSlayerEnemyType::Enemy,0,0,0,0,0,0,0,0,0,EWeaponSizeInfo::Medium,開発：AVENIR　　型番：AVN-26A4\nオーソドックスな光学武器。\nミトライユのような汎用性を持つため、\nそれに寄せた命名がなされた。,　分類：マシンガン　　　　属性：ビーム　　 \n\n連射性能の高いビーム弾を撃つ。\nマグやタワーに対して効果が高い。,0
Weapon00036,36,,0,None,0,0,0,0,0,0,EWeaponAttackIntervalType::None,EWeaponAttackType::None,EWeaponAtkTaeget::Enemy,0,0,0,EWeaponKind::Main,EWeaponHoldType::Both,EAttachType::Hand,0,ESideTrgAct::None,0,0,0,0,0,0.05,0,0,0,0,0.1,1,0,EDecBulletType::Bullet,EWeaponReloadType::EmptyReload,0,0,0,0,0,0,0,0,0,0,ECustomReloadType::None,0,0,0,0,0,0,0,0,0,0,-1,-1,-1,0,0,0,0,EBuddyWeaponType::None,0,EHoldWeaponType::OneHandGun,0.35,ERecoilMotionType::Small,ERecoilMoveTiming::None,ERecoilMovePower::None,EShotCharaEffect::None,None,EShakeType::None,1,1,0,0,0,0,0,0,0,0,0,0,0,0,0,0,0,0,0,0,0,0,EWeaponMaker::WeaponMaker004,EWeaponIcon::None,EWeaponInfoTriggerType::None,EWeaponInfo::None,EWeaponInfo::None,EWeaponInfo::None,EWeaponInfo::None,EWeaponInfo::None,EWeaponInfoScoreEvaluation::None,EWeaponInfoRank::A_Plus,EWeaponInfoRank::A_Plus,EWeaponInfoRank::A_Plus,EWeaponInfoRank::A_Plus,EWeaponInfoRank::A_Plus,EWeaponInfoRank::A_Plus,EWeaponInfoRank::A_Plus,EWeaponCategory::ShootingMiddle,EWeaponSlayerEnemyType::None,0,0,0,0,0,0,0,0,0,EWeaponSizeInfo::Medium,,,0
Weapon00037,37,,0,/Game/Character/weapon/Blueprint/wp00037/BP_Wp3WayLaser.uasset,0,0,0,0,0,0,EWeaponAttackIntervalType::None,EWeaponAttackType::None,EWeaponAtkTaeget::Enemy,0,0,0,EWeaponKind::Main,EWeaponHoldType::Both,EAttachType::Hand,0,ESideTrgAct::None,0,0,0,0,0,0.05,0,0,0,0,0.1,1,0,EDecBulletType::Bullet,EWeaponReloadType::EmptyReload,0,0,0,0,0,0,0,0,0,0,ECustomReloadType::None,0,0,0,0,0,0,0,0,0,0,-1,-1,-1,0,0,0,0,EBuddyWeaponType::None,0,EHoldWeaponType::OneHandGun,0.35,ERecoilMotionType::Small,ERecoilMoveTiming::None,ERecoilMovePower::None,EShotCharaEffect::None,None,EShakeType::None,1,1,0,0,0,0,0,0,0,0,0,0,0,0,0,0,0,0,0,0,0,0,EWeaponMaker::WeaponMaker003,EWeaponIcon::None,EWeaponInfoTriggerType::None,EWeaponInfo::None,EWeaponInfo::None,EWeaponInfo::None,EWeaponInfo::None,EWeaponInfo::None,EWeaponInfoScoreEvaluation::None,EWeaponInfoRank::A_Plus,EWeaponInfoRank::A_Plus,EWeaponInfoRank::A_Plus,EWeaponInfoRank::A_Plus,EWeaponInfoRank::A_Plus,EWeaponInfoRank::A_Plus,EWeaponInfoRank::A_Plus,EWeaponCategory::ShootingMiddle,EWeaponSlayerEnemyType::None,0,0,0,0,0,0,0,0,0,EWeaponSizeInfo::Medium,,,0
WPN_SatelliteMortar,38,エステジオン・ボム,708,/Game/Character/weapon/Blueprint/wp00038/BP_WpSatelliteMortar.uasset,60,0,0,0,0,0,EWeaponAttackIntervalType::Trigger,EWeaponAttackType::Ranged,EWeaponAtkTaeget::None,0,0,0,EWeaponKind::Main,EWeaponHoldType::One,EAttachType::Hand,0,ESideTrgAct::None,0,0,0,0,1,99,0,0,0,0.2,0.1,1,0,EDecBulletType::Bullet,EWeaponReloadType::EmptyReload,0,12,9,0,1,1,0,0,1,1,ECustomReloadType::Bullet,50,8,100000,750000,75,1,0,0,0,1,-1,-1,-1,0,0,0,0,EBuddyWeaponType::BigWeapon,0,EHoldWeaponType::OneHandGun,0.3,ERecoilMotionType::Satellite,ERecoilMoveTiming::None,ERecoilMovePower::None,EShotCharaEffect::None,None,EShakeType::None,1,1,0,0,0,0,0,0,0,0,0,0,0,0,0,0,0,0,0,0,0,0,EWeaponMaker::WeaponMaker004,EWeaponIcon::None,EWeaponInfoTriggerType::Single,EWeaponInfo::OneShotDown,EWeaponInfo::None,EWeaponInfo::None,EWeaponInfo::None,EWeaponInfo::None,EWeaponInfoScoreEvaluation::Large,EWeaponInfoRank::B,EWeaponInfoRank::D,EWeaponInfoRank::C,EWeaponInfoRank::E,EWeaponInfoRank::D,EWeaponInfoRank::C,EWeaponInfoRank::None,EWeaponCategory::Special,EWeaponSlayerEnemyType::Enemy,0,0,0,0,0,0,0,0,0,EWeaponSizeInfo::Medium,開発：AVENIR　　型番：AVN-80\n衛星からの攻撃を可能にする武器。\n高火力の爆撃が敵を焼き尽くす様子から、\n「滅びを呼ぶ流星」の異名を持つ。,　分類：衛星爆撃　　　　　属性：実弾　　　 \n\n攻撃時、サブモニターで攻撃場所を指定。\n指定箇所に高威力の範囲爆撃を行う。　　,0
Weapon00039,39,,0,None,0,0,0,0,0,0,EWeaponAttackIntervalType::None,EWeaponAttackType::None,EWeaponAtkTaeget::Enemy,0,0,0,EWeaponKind::Main,EWeaponHoldType::Both,EAttachType::Hand,0,ESideTrgAct::None,0,0,0,0,0,0.05,0,0,0,0,0.1,1,0,EDecBulletType::Bullet,EWeaponReloadType::EmptyReload,0,0,0,0,0,0,0,0,0,0,ECustomReloadType::None,0,0,0,0,175,0,0,0,0,0,-1,-1,-1,0,0,0,0,EBuddyWeaponType::None,0,EHoldWeaponType::OneHandGun,0.35,ERecoilMotionType::Small,ERecoilMoveTiming::None,ERecoilMovePower::None,EShotCharaEffect::None,None,EShakeType::None,1,1,0,0,0,0,0,0,0,0,0,0,0,0,0,0,0,0,0,0,0,0,EWeaponMaker::WeaponMaker001,EWeaponIcon::None,EWeaponInfoTriggerType::None,EWeaponInfo::None,EWeaponInfo::None,EWeaponInfo::None,EWeaponInfo::None,EWeaponInfo::None,EWeaponInfoScoreEvaluation::None,EWeaponInfoRank::A_Plus,EWeaponInfoRank::A_Plus,EWeaponInfoRank::A_Plus,EWeaponInfoRank::A_Plus,EWeaponInfoRank::A_Plus,EWeaponInfoRank::A_Plus,EWeaponInfoRank::A_Plus,EWeaponCategory::ShootingMiddle,EWeaponSlayerEnemyType::None,0,0,0,0,0,0,0,0,0,EWeaponSizeInfo::Medium,,,0
WPN_HarpoonGun,40,ハープーン・エギユ,731,/Game/Character/weapon/Blueprint/wp00040/BP_WpHarpoonGun.uasset,61,0,0,0,0,0,EWeaponAttackIntervalType::Trigger,EWeaponAttackType::Ranged,EWeaponAtkTaeget::Enemy,0,0,0,EWeaponKind::Main,EWeaponHoldType::One,EAttachType::Hand,0,ESideTrgAct::None,0,0,0,0,0,1,0,0.1,0,0.215,0.1,1,0,EDecBulletType::Bullet,EWeaponReloadType::EmptyReload,0,9,9,0,1,1,1,1,1,1,ECustomReloadType::Bullet,30000,0,0,0,0,0,0,0,0,0,-1,1,-1,0,0,0,0,EBuddyWeaponType::BigWeapon,0,EHoldWeaponType::OneHandGun,0.4,ERecoilMotionType::Back,ERecoilMoveTiming::First,ERecoilMovePower::Medium,EShotCharaEffect::None,None,EShakeType::ImpactDynamic,0.1,1,0,0,0,0,0,0,0,0,0,0,0,0,0,0,0,0,0,0,0,0,EWeaponMaker::WeaponMaker004,EWeaponIcon::None,EWeaponInfoTriggerType::Single,EWeaponInfo::OneShotDown,EWeaponInfo::None,EWeaponInfo::None,EWeaponInfo::None,EWeaponInfo::None,EWeaponInfoScoreEvaluation::None,EWeaponInfoRank::A,EWeaponInfoRank::B_Plus,EWeaponInfoRank::B,EWeaponInfoRank::E,EWeaponInfoRank::C,EWeaponInfoRank::B,EWeaponInfoRank::None,EWeaponCategory::ShootingMiddle,EWeaponSlayerEnemyType::Enemy,0,0,0,0,0,0,0,0,0,EWeaponSizeInfo::Medium,開発：AVENIR　　型番：AVN-62\n漁師が用いる銛の射出機からヒントを得て\n開発されたという武器。\n「エギユ」は鋭利さを表す言葉。,　分類：キャノン　　　　　属性：実弾　　　 \n\nヒット時、後方へ大きく吹き飛ばす。,0
WPN_SnakeGun,41,,0,/Game/Character/weapon/Blueprint/wp00041/BP_WpSnakeGun.uasset,62,0,0,0,0,0,EWeaponAttackIntervalType::Press,EWeaponAttackType::Ranged,EWeaponAtkTaeget::Enemy,0,0,0,EWeaponKind::Main,EWeaponHoldType::Both,EAttachType::Hand,0,ESideTrgAct::None,0,0,0,0,0,1,0,0,0,0,0.1,1,0,EDecBulletType::Bullet,EWeaponReloadType::EmptyReload,0,5,5,0,15,15,15,1,1,255,ECustomReloadType::None,8000,0,0,0,0,0,0,0,0,0,-1,-1,-1,0,0,0,0,EBuddyWeaponType::None,0,EHoldWeaponType::OneHandGun,0.35,ERecoilMotionType::Small,ERecoilMoveTiming::None,ERecoilMovePower::None,EShotCharaEffect::None,None,EShakeType::None,1,1,0,0,0,0,0,0,0,0,0,0,0,0,0,0,0,0,0,0,0,0,EWeaponMaker::WeaponMaker001,EWeaponIcon::None,EWeaponInfoTriggerType::None,EWeaponInfo::None,EWeaponInfo::None,EWeaponInfo::None,EWeaponInfo::None,EWeaponInfo::None,EWeaponInfoScoreEvaluation::None,EWeaponInfoRank::A_Plus,EWeaponInfoRank::A_Plus,EWeaponInfoRank::A_Plus,EWeaponInfoRank::A_Plus,EWeaponInfoRank::A_Plus,EWeaponInfoRank::A_Plus,EWeaponInfoRank::A_Plus,EWeaponCategory::ShootingMiddle,EWeaponSlayerEnemyType::None,0,0,0,0,0,0,0,0,0,EWeaponSizeInfo::Medium,,,0
WPN_SniperRifle,42,ブランキアル,250,/Game/Character/weapon/Blueprint/wp00042/BP_WpSniperRifle.uasset,63,0,0,0,0,0,EWeaponAttackIntervalType::Trigger,EWeaponAttackType::WholeBody,EWeaponAtkTaeget::Enemy,0,100000,0,EWeaponKind::Main,EWeaponHoldType::Both,EAttachType::Hand,0,ESideTrgAct::Zoom,0,0,0,0,0.9,0.9,0,0,0,0.2,0.1,1,0,EDecBulletType::Bullet,EWeaponReloadType::Continuation,0,7.5,7.5,0,1,2,2,1,1,1,ECustomReloadType::Beam,0,0,0,0,0,0,0,0,0,1,125,-1,-1,0,0,0,0,EBuddyWeaponType::Snipe,0,EHoldWeaponType::BothRifles,0.2,ERecoilMotionType::Back,ERecoilMoveTiming::Every,ERecoilMovePower::None,EShotCharaEffect::None,AttackWholeCenter,EShakeType::ImpactRotation,1,1,0,0,0,0,0,0,0,0,0,0,0,0,0,0,0,0,0,0,0,0,EWeaponMaker::WeaponMaker001,EWeaponIcon::None,EWeaponInfoTriggerType::Single,EWeaponInfo::Scope,EWeaponInfo::OneShotDown,EWeaponInfo::None,EWeaponInfo::None,EWeaponInfo::None,EWeaponInfoScoreEvaluation::None,EWeaponInfoRank::A_Plus,EWeaponInfoRank::B_Plus,EWeaponInfoRank::A_Plus,EWeaponInfoRank::E,EWeaponInfoRank::B,EWeaponInfoRank::D,EWeaponInfoRank::None,EWeaponCategory::ShootingLong,EWeaponSlayerEnemyType::Enemy,0,0,0,0,0,0,0,0,0,EWeaponSizeInfo::Large,開発：WXW　　型番：WXW-06A\nサイトヘッド用に開発された武器。\n遠距離の敵を捕捉できるスコープと、\n命中精度の高いビーム発射機構を備える。,　分類：スナイパーライフル　属性：ビーム　　 \n長距離まで届く超高威力の弾を撃つ。\n左攻撃：スコープを覗く。　　　　　　 \n右攻撃：発射。　　　　　　　　　　　 ,0
WPN_BeamMagnum_Type02,43,,0,/Game/Character/weapon/Blueprint/wp00043/BP_WpBeamMagnumType02.uasset,64,0,0,0,0,0,EWeaponAttackIntervalType::Press,EWeaponAttackType::Ranged,EWeaponAtkTaeget::Enemy,0,0,0,EWeaponKind::Main,EWeaponHoldType::One,EAttachType::Hand,0,ESideTrgAct::None,0,0,0,0,0,0.75,0,0,0,0,0.1,1,0,EDecBulletType::Bullet,EWeaponReloadType::Continuation,0,4,4,0,1,8,8,1,1,1,ECustomReloadType::None,0,0,0,0,0,0,0,0,0,0,-1,-1,-1,0,0,0,0,EBuddyWeaponType::None,0,EHoldWeaponType::OneHandGun,0.35,ERecoilMotionType::Small,ERecoilMoveTiming::None,ERecoilMovePower::None,EShotCharaEffect::None,None,EShakeType::ImpactDynamic,0.3,1,0,0,0,0,0,0,0,0,0,0,0,0,0,0,0,0,0,0,0,0,EWeaponMaker::WeaponMaker003,EWeaponIcon::None,EWeaponInfoTriggerType::None,EWeaponInfo::None,EWeaponInfo::None,EWeaponInfo::None,EWeaponInfo::None,EWeaponInfo::None,EWeaponInfoScoreEvaluation::None,EWeaponInfoRank::A_Plus,EWeaponInfoRank::A_Plus,EWeaponInfoRank::A_Plus,EWeaponInfoRank::A_Plus,EWeaponInfoRank::A_Plus,EWeaponInfoRank::A_Plus,EWeaponInfoRank::A_Plus,EWeaponCategory::ShootingMiddle,EWeaponSlayerEnemyType::None,0,0,0,0,0,0,0,0,0,EWeaponSizeInfo::Medium,,,0
WPN_Laser,44,ラゼル,200,/Game/Character/weapon/Blueprint/wp00044/BP_WpLaser.uasset,65,0,0,0,0,0,EWeaponAttackIntervalType::Toggle,EWeaponAttackType::WholeBody,EWeaponAtkTaeget::Enemy,0,0,0,EWeaponKind::Main,EWeaponHoldType::Both,EAttachType::Hand,0,ESideTrgAct::None,0,0,0,0,0,0.05,0,0.6,0,0.215,0.1,1,0,EDecBulletType::Energy,EWeaponReloadType::Reset,0,7.5,7.5,0,1000,2000,0,1,500,2000,ECustomReloadType::Beam,0,0,0,0,0,0,0,0,0,1,-1,2,-1,0,0,0,0,EBuddyWeaponType::BigWeapon,0,EHoldWeaponType::BothRifles,0.4,ERecoilMotionType::Continue,ERecoilMoveTiming::First,ERecoilMovePower::Weak,EShotCharaEffect::Dark,AttackWholeCenter,EShakeType::RapidRandom,0.75,1,0,0,0,0,0,0,0,0,0,0,0,0,0,0,0,0,0,0,0,0,EWeaponMaker::WeaponMaker003,EWeaponIcon::None,EWeaponInfoTriggerType::Hold,EWeaponInfo::OneShotFlinch,EWeaponInfo::None,EWeaponInfo::None,EWeaponInfo::None,EWeaponInfo::None,EWeaponInfoScoreEvaluation::None,EWeaponInfoRank::A,EWeaponInfoRank::A_Plus,EWeaponInfoRank::A,EWeaponInfoRank::A_Plus,EWeaponInfoRank::B_Plus,EWeaponInfoRank::C,EWeaponInfoRank::None,EWeaponCategory::ShootingLong,EWeaponSlayerEnemyType::Enemy,0,0,0,0,0,0,0,0,0,EWeaponSizeInfo::Large,開発：MA-I　　型番：MA71HLA\n最先端の技術で製造された光学武器。\n照射システムはトップシークレットであり、\nその製法は謎に包まれている。,　分類：レーザー　　　　　属性：ビーム　　 \n\n高威力のレーザービームを照射する。\n足を止めるが、狙いを定める事ができる。,0
WPN_SatelliteLaser,45,エステジオン・レイ,811,/Game/Character/weapon/Blueprint/wp00045/BP_WpSatelliteLaser.uasset,66,0,0,0,0,0,EWeaponAttackIntervalType::Trigger,EWeaponAttackType::Ranged,EWeaponAtkTaeget::Enemy,0,0,0,EWeaponKind::Main,EWeaponHoldType::Both,EAttachType::Hand,0,ESideTrgAct::None,0,0,0,0,0,99,0,0,0,0.2,0.1,1,0,EDecBulletType::Bullet,EWeaponReloadType::EmptyReload,0,20,20,0,3,3,0,0,1,1,ECustomReloadType::Bullet,1,175,50000,750000,0,0,0,0,0,0,-1,-1,-1,0,0,0,0,EBuddyWeaponType::BigWeapon,0,EHoldWeaponType::OneHandGun,0.6,ERecoilMotionType::Satellite,ERecoilMoveTiming::None,ERecoilMovePower::None,EShotCharaEffect::None,None,EShakeType::None,1,1,0,0,0,0,0,0,0,0,0,0,0,0,0,0,0,0,0,0,0,0,EWeaponMaker::WeaponMaker004,EWeaponIcon::None,EWeaponInfoTriggerType::SubMonitor,EWeaponInfo::OneShotDown,EWeaponInfo::None,EWeaponInfo::None,EWeaponInfo::None,EWeaponInfo::None,EWeaponInfoScoreEvaluation::None,EWeaponInfoRank::A,EWeaponInfoRank::A,EWeaponInfoRank::C,EWeaponInfoRank::D,EWeaponInfoRank::E,EWeaponInfoRank::A,EWeaponInfoRank::None,EWeaponCategory::Special,EWeaponSlayerEnemyType::Enemy,0,0,0,0,0,0,0,0,0,EWeaponSizeInfo::Medium,開発：AVENIR　　型番：AVN-82A2\n衛星からの攻撃を可能にする武器。\n同時に複数地点を攻撃指定できるため、\n使いこなせば敵を追い込むことも可能。,　分類：衛星爆撃　　　　　属性：実弾　　　 \n攻撃時、サブモニターで攻撃場所を指定。\n指定場所に爆発を起こす。　　　　　　　\n最大3回指定可能。　　　　　　　　　　,0
WPN_TacticalNuclear,46,爆撃砲 加具土,840,/Game/Character/weapon/Blueprint/wp00046/BP_WpTacticalNuclear.uasset,67,0,0,0,0,0,EWeaponAttackIntervalType::Release,EWeaponAttackType::WholeBody,EWeaponAtkTaeget::None,0,0,0,EWeaponKind::Main,EWeaponHoldType::Both,EAttachType::Hand,0,ESideTrgAct::None,0,0,0,0,0,1,0,0.7,0,0.6,0.1,1,0,EDecBulletType::Bullet,EWeaponReloadType::EmptyReload,0,25,25,0,1,1,0,1,1,1,ECustomReloadType::Bullet,0,0,0,0,0,0,0,0,0,0,-20,1,-1,0,0,0,0,EBuddyWeaponType::BigWeapon,0,EHoldWeaponType::BothRifles,1,ERecoilMotionType::Back,ERecoilMoveTiming::First,ERecoilMovePower::Medium,EShotCharaEffect::Dark,None,EShakeType::ImpactDynamic,0.5,1,0,0,0,0,0,0,0,0,0,0,0,0,0,0,0,0,0,0,0,0,EWeaponMaker::WeaponMaker002,EWeaponIcon::None,EWeaponInfoTriggerType::Single,EWeaponInfo::OneShotDown,EWeaponInfo::None,EWeaponInfo::None,EWeaponInfo::None,EWeaponInfo::None,EWeaponInfoScoreEvaluation::None,EWeaponInfoRank::A_Plus,EWeaponInfoRank::A_Plus,EWeaponInfoRank::D,EWeaponInfoRank::E,EWeaponInfoRank::E,EWeaponInfoRank::D,EWeaponInfoRank::None,EWeaponCategory::ShootingLong,EWeaponSlayerEnemyType::All,0,0,0,0,0,0,0,0,0,EWeaponSizeInfo::Large,開発：殴重鋼匠　　型番：殴玖玖式 禁器\n「禁器」と呼ばれるオーバー・ギアの一種。\n準備に時間が必要だが威力は圧倒的。\n読みは「ばくげきほう　かぐづち」。,　分類：スーパーキャノン　属性：実弾　　　 \n\n超高威力で、広範囲の爆風を起こす。\nリロード時間が長く、発生も遅い。,0
WPN_SatelliteCannon,47,O.G. グングニル,832,/Game/Character/weapon/Blueprint/wp00047/BP_WpSatelliteCannon.uasset,68,0,0,0,0,0,EWeaponAttackIntervalType::TriggerWait,EWeaponAttackType::WholeBody,EWeaponAtkTaeget::None,0,0,0,EWeaponKind::Main,EWeaponHoldType::Both,EAttachType::Hand,0,ESideTrgAct::None,0,0,0,0,1,1,0,0.9,2.5,0.215,0.1,1,0,EDecBulletType::Bullet,EWeaponReloadType::EmptyReload,0,18,13.5,3.5,1,1,0,1,1,1,ECustomReloadType::Beam,0,0,0,0,0,0,0,0,0,0,125,2,-1,0,0,0,0,EBuddyWeaponType::BigWeapon,0,EHoldWeaponType::BothRifles,0.3,ERecoilMotionType::Continue,ERecoilMoveTiming::First,ERecoilMovePower::Medium,EShotCharaEffect::Dark,AttackWholeCenterFar,EShakeType::RapidRandom,3,1.5,0,0,0,0,0,0,0,0,0,0,0,0,0,0,0,0,0,0,0,0,EWeaponMaker::WeaponMaker001,EWeaponIcon::None,EWeaponInfoTriggerType::Single,EWeaponInfo::OneShotDown,EWeaponInfo::None,EWeaponInfo::None,EWeaponInfo::None,EWeaponInfo::None,EWeaponInfoScoreEvaluation::None,EWeaponInfoRank::A_Plus,EWeaponInfoRank::A_Plus,EWeaponInfoRank::C,EWeaponInfoRank::A_Plus,EWeaponInfoRank::E,EWeaponInfoRank::D,EWeaponInfoRank::None,EWeaponCategory::ShootingLong,EWeaponSlayerEnemyType::All,0,0,0,0,0,0,0,0,0,EWeaponSizeInfo::Large,開発：WXW　　型番：WXW-07A02\nWXWのオーバー・ギア、究極光学兵器。\n威力を増すためにエア・リアル外部から\nエネルギーを充填する機構を持つ。,　分類：レーザー　　　　　属性：ビーム　　 \n\n超大型のレーザービームを照射する。\nリロード時間が長く、発生も遅い。　,0
WPN_BoundBubble,48,跳射爆弾 泡沫,831,/Game/Character/weapon/Blueprint/wp00048/BP_WpBoundBubble_Main.uasset,69,0,0,0,0,0,EWeaponAttackIntervalType::Press,EWeaponAttackType::Ranged,EWeaponAtkTaeget::Enemy,0,0,0,EWeaponKind::Main,EWeaponHoldType::Both,EAttachType::Hand,0,ESideTrgAct::AttackSubWeapon,10010,0,0,0,0.2,0.8,0,0.05,0,0,0.1,1,0,EDecBulletType::Bullet,EWeaponReloadType::EmptyReload,0,9.5,9.5,0,2,2,2,1,1,999,ECustomReloadType::None,0,2000,0,0,0,0,0,0,0,1,-1,-1,-1,0,0,0,0,EBuddyWeaponType::None,0,EHoldWeaponType::BothRifles,0.45,ERecoilMotionType::Small,ERecoilMoveTiming::None,ERecoilMovePower::None,EShotCharaEffect::None,None,EShakeType::ImpactDynamic,0.3,1,0,0,0,0,0,0,0,0,0,0,0,0,0,0,0,0,0,0,0,0,EWeaponMaker::WeaponMaker002,EWeaponIcon::None,EWeaponInfoTriggerType::Hold,EWeaponInfo::OneShotFlinch,EWeaponInfo::None,EWeaponInfo::None,EWeaponInfo::None,EWeaponInfo::None,EWeaponInfoScoreEvaluation::None,EWeaponInfoRank::B,EWeaponInfoRank::C,EWeaponInfoRank::C,EWeaponInfoRank::D,EWeaponInfoRank::B_Plus,EWeaponInfoRank::A,EWeaponInfoRank::None,EWeaponCategory::ShootingMiddle,EWeaponSlayerEnemyType::Enemy,0,0,0,0,0,0,0,0,0,EWeaponSizeInfo::Medium,開発：殴重鋼匠　　型番：殴伍弐式\n障害物が多い地形で有効な武器。跳弾を利用し、\n予期せぬ角度から攻撃可能。\n読みは「ちょうしゃばくだん　ほうまつ」。,　分類：特殊銃　　　　　　属性：特殊　　 \n障害物に触れると跳ね返る弾を撃つ。\n左攻撃：縦に3方向。　　　　　　　　\n右攻撃：横に3方向。　　　　　　　　,0
WPN_PowerUpGunType02,49,フォルツァ-Ｂ,902,/Game/Character/weapon/Blueprint/wp00049/BP_WpPowerUpGunType02.uasset,71,0,0,0,0,0,EWeaponAttackIntervalType::Press,EWeaponAttackType::Ranged,EWeaponAtkTaeget::Friend,0,0,0,EWeaponKind::Sub,EWeaponHoldType::One,EAttachType::Hand,0,ESideTrgAct::None,0,0,0,0,0.5,1,0,0,0,0.05,0.1,1,0,EDecBulletType::Bullet,EWeaponReloadType::EmptyReload,0,10,10,0,1,1,0,1,1,1,ECustomReloadType::Buff,0,60,0,0,0,0,0,0,0,1,-1,-1,-1,0,0,0,0,EBuddyWeaponType::Support,0,EHoldWeaponType::OneHandGun,0.15,ERecoilMotionType::Small,ERecoilMoveTiming::None,ERecoilMovePower::None,EShotCharaEffect::None,None,EShakeType::None,1,1,0,0,0,0,0,0,0,0,0,0,0,0,0,0,0,0,0,0,0,0,EWeaponMaker::WeaponMaker003,EWeaponIcon::None,EWeaponInfoTriggerType::Single,EWeaponInfo::BoostAssist,EWeaponInfo::None,EWeaponInfo::None,EWeaponInfo::None,EWeaponInfo::None,EWeaponInfoScoreEvaluation::None,EWeaponInfoRank::None,EWeaponInfoRank::None,EWeaponInfoRank::D,EWeaponInfoRank::E,EWeaponInfoRank::B,EWeaponInfoRank::A,EWeaponInfoRank::None,EWeaponCategory::ShootingMiddle,EWeaponSlayerEnemyType::Friend,0,0,0,0,0,0,0,0,0,EWeaponSizeInfo::Medium,開発：MA-I　　型番：MA53RE2\n攻撃ではなく強化が目的の特殊な装置。\n味方に向けて撃つことで、撃たれた機体の\nブースト消費量を軽減する。,　分類：ハンドガン　　　　属性：補助　 \n\n一定時間、味方のブースト消費を抑える。\n味方に当てる。　　　　　　　　,0
WPN_MobHijackJammer,50,,0,/Game/Character/weapon/Blueprint/wp00050/BP_WpMobHijackJammer.uasset,72,0,0,0,0,0,EWeaponAttackIntervalType::Release,EWeaponAttackType::Throwing,EWeaponAtkTaeget::Enemy,0,0,0,EWeaponKind::Sub,EWeaponHoldType::One,EAttachType::Hand,0,ESideTrgAct::None,0,0,0,0,0,1,0,0,0,0,0.1,1,0,EDecBulletType::Bullet,EWeaponReloadType::EmptyReload,0,9,9,0,1,1,0,1,1,1,ECustomReloadType::None,10,2,0,0,0,0,0,0,0,0,-1,-1,-1,0,0,0,0,EBuddyWeaponType::None,0,EHoldWeaponType::OneHandGun,0.2,ERecoilMotionType::Middle,ERecoilMoveTiming::None,ERecoilMovePower::None,EShotCharaEffect::None,None,EShakeType::None,1,1,0,0,0,0,0,0,0,0,0,0,0,0,0,0,0,0,0,0,0,0,EWeaponMaker::WeaponMaker001,EWeaponIcon::None,EWeaponInfoTriggerType::None,EWeaponInfo::None,EWeaponInfo::None,EWeaponInfo::None,EWeaponInfo::None,EWeaponInfo::None,EWeaponInfoScoreEvaluation::None,EWeaponInfoRank::A_Plus,EWeaponInfoRank::A_Plus,EWeaponInfoRank::A_Plus,EWeaponInfoRank::A_Plus,EWeaponInfoRank::A_Plus,EWeaponInfoRank::A_Plus,EWeaponInfoRank::A_Plus,EWeaponCategory::Throw,EWeaponSlayerEnemyType::None,0,0,0,0,0,0,0,0,0,EWeaponSizeInfo::Medium,,,0
Weapon00051,51,,0,None,0,0,0,0,0,0,EWeaponAttackIntervalType::None,EWeaponAttackType::None,EWeaponAtkTaeget::Enemy,0,0,0,EWeaponKind::Main,EWeaponHoldType::Both,EAttachType::Hand,0,ESideTrgAct::None,0,0,0,0,0,0.05,0,0,0,0,0.1,1,0,EDecBulletType::Bullet,EWeaponReloadType::EmptyReload,0,0,0,0,0,0,0,0,0,0,ECustomReloadType::None,0,0,0,0,0,0,0,0,0,0,-1,-1,-1,0,0,0,0,EBuddyWeaponType::None,0,EHoldWeaponType::OneHandGun,0.35,ERecoilMotionType::Small,ERecoilMoveTiming::None,ERecoilMovePower::None,EShotCharaEffect::None,None,EShakeType::None,1,1,0,0,0,0,0,0,0,0,0,0,0,0,0,0,0,0,0,0,0,0,EWeaponMaker::WeaponMaker004,EWeaponIcon::None,EWeaponInfoTriggerType::None,EWeaponInfo::None,EWeaponInfo::None,EWeaponInfo::None,EWeaponInfo::None,EWeaponInfo::None,EWeaponInfoScoreEvaluation::None,EWeaponInfoRank::A_Plus,EWeaponInfoRank::A_Plus,EWeaponInfoRank::A_Plus,EWeaponInfoRank::A_Plus,EWeaponInfoRank::A_Plus,EWeaponInfoRank::A_Plus,EWeaponInfoRank::A_Plus,EWeaponCategory::Throw,EWeaponSlayerEnemyType::None,0,0,0,0,0,0,0,0,0,EWeaponSizeInfo::Medium,,,0
WPN_RestraintWideShot,52,斬縛弾 月読,730,/Game/Character/weapon/Blueprint/wp00052/BP_WpRestraintWideShot.uasset,73,0,0,0,0,0,EWeaponAttackIntervalType::Press,EWeaponAttackType::Ranged,EWeaponAtkTaeget::Enemy,0,0,0,EWeaponKind::Main,EWeaponHoldType::One,EAttachType::Hand,0,ESideTrgAct::None,0,0,0,0,0.8,0.8,0,0,0,0,0.1,1,0,EDecBulletType::Bullet,EWeaponReloadType::Reset,0,8,8,0,1,1,1,1,1,1,ECustomReloadType::BeamDebuff,0,0,0,0,0,0,0,0,0,1,-1,-1,-1,0,0,0,0,EBuddyWeaponType::None,0,EHoldWeaponType::OneHandGun,0.2,ERecoilMotionType::Small,ERecoilMoveTiming::None,ERecoilMovePower::None,EShotCharaEffect::None,None,EShakeType::None,1,1,0,0,0,0,0,0,0,0,0,0,0,0,0,0,0,0,0,0,0,0,EWeaponMaker::WeaponMaker002,EWeaponIcon::None,EWeaponInfoTriggerType::Single,EWeaponInfo::NotMoveAttack,EWeaponInfo::None,EWeaponInfo::None,EWeaponInfo::None,EWeaponInfo::None,EWeaponInfoScoreEvaluation::None,EWeaponInfoRank::D,EWeaponInfoRank::D,EWeaponInfoRank::C,EWeaponInfoRank::E,EWeaponInfoRank::C,EWeaponInfoRank::C,EWeaponInfoRank::None,EWeaponCategory::ShootingMiddle,EWeaponSlayerEnemyType::Enemy,0,0,0,0,0,0,0,0,0,EWeaponSizeInfo::Medium,開発：殴重鋼匠　　型番：殴参参式\nヒットさせた敵機体の火器管制システムを\nハックし、攻撃を封じ込める武器。\n読みは「ざんばくだん　つくよみ」。,　分類：ワイドショット　属性：妨害/ビーム\n\nヒット時、一定時間攻撃をできなくする。,0
WPN_BeamHandGun,53,マーノムガン,604,/Game/Character/weapon/Blueprint/wp00053/BP_WpBeamHandGun.uasset,74,0,0,0,0,0,EWeaponAttackIntervalType::Press,EWeaponAttackType::Ranged,EWeaponAtkTaeget::Enemy,0,0,0,EWeaponKind::Sub,EWeaponHoldType::One,EAttachType::Hand,0,ESideTrgAct::None,0,0,0,0,0,0.2,0,0,0,0,0.1,1,0,EDecBulletType::Bullet,EWeaponReloadType::Continuation,0,4,4,0,5,15,15,1,1,255,ECustomReloadType::Beam,0,0,0,0,0,0,0,0,0,0,-1,-1,-1,0,0,0,0,EBuddyWeaponType::None,53,EHoldWeaponType::OneHandGun,0.1,ERecoilMotionType::Rapid,ERecoilMoveTiming::None,ERecoilMovePower::None,EShotCharaEffect::None,None,EShakeType::None,1,1,0,0,0,0,0,0,0,0,0,0,0,0,0,0,0,0,0,0,0,0,EWeaponMaker::WeaponMaker003,EWeaponIcon::None,EWeaponInfoTriggerType::Hold,EWeaponInfo::None,EWeaponInfo::None,EWeaponInfo::None,EWeaponInfo::None,EWeaponInfo::None,EWeaponInfoScoreEvaluation::None,EWeaponInfoRank::D,EWeaponInfoRank::B,EWeaponInfoRank::B_Plus,EWeaponInfoRank::C,EWeaponInfoRank::A,EWeaponInfoRank::A,EWeaponInfoRank::None,EWeaponCategory::ShootingShort,EWeaponSlayerEnemyType::Enemy,0,0,0,0,0,0,0,0,0,EWeaponSizeInfo::Medium,開発：MA-I　　型番：MA15BE\n威力はそれほどでもないが、\n扱い易く連続して攻撃できるのが強み。,　分類：ハンドガン　　　　属性：ビーム　　 \n\n連射性能の高いビーム銃。\nリロード速度が早い。　　,0
Weapon00054,54,,0,None,0,0,0,0,0,0,EWeaponAttackIntervalType::None,EWeaponAttackType::None,EWeaponAtkTaeget::Enemy,0,0,0,EWeaponKind::Main,EWeaponHoldType::One,EAttachType::Hand,0,ESideTrgAct::None,0,0,0,0,0,1,0,0,0,0,0.1,1,0,EDecBulletType::Bullet,EWeaponReloadType::EmptyReload,0,0,0,0,0,0,0,0,0,0,ECustomReloadType::None,0,0,0,0,0,0,0,0,0,0,-1,-1,-1,0,0,0,0,EBuddyWeaponType::None,0,EHoldWeaponType::OneHandGun,0.35,ERecoilMotionType::Small,ERecoilMoveTiming::None,ERecoilMovePower::None,EShotCharaEffect::None,None,EShakeType::None,1,1,0,0,0,0,0,0,0,0,0,0,0,0,0,0,0,0,0,0,0,0,EWeaponMaker::WeaponMaker003,EWeaponIcon::None,EWeaponInfoTriggerType::None,EWeaponInfo::None,EWeaponInfo::None,EWeaponInfo::None,EWeaponInfo::None,EWeaponInfo::None,EWeaponInfoScoreEvaluation::None,EWeaponInfoRank::A_Plus,EWeaponInfoRank::A_Plus,EWeaponInfoRank::A_Plus,EWeaponInfoRank::A_Plus,EWeaponInfoRank::A_Plus,EWeaponInfoRank::A_Plus,EWeaponInfoRank::A_Plus,EWeaponCategory::ShootingMiddle,EWeaponSlayerEnemyType::None,0,0,0,0,0,0,0,0,0,EWeaponSizeInfo::Medium,,,0
Weapon00055,55,,0,None,0,0,0,0,0,0,EWeaponAttackIntervalType::None,EWeaponAttackType::None,EWeaponAtkTaeget::Enemy,0,0,0,EWeaponKind::Main,EWeaponHoldType::Both,EAttachType::Hand,0,ESideTrgAct::None,0,0,0,0,0,1,0,0,0,0,0.1,1,0,EDecBulletType::Bullet,EWeaponReloadType::EmptyReload,0,0,0,0,0,0,0,0,0,0,ECustomReloadType::None,0,0,0,0,0,0,0,0,0,0,-1,-1,-1,0,0,0,0,EBuddyWeaponType::None,0,EHoldWeaponType::OneHandGun,0.35,ERecoilMotionType::Small,ERecoilMoveTiming::None,ERecoilMovePower::None,EShotCharaEffect::None,None,EShakeType::None,1,1,0,0,0,0,0,0,0,0,0,0,0,0,0,0,0,0,0,0,0,0,EWeaponMaker::WeaponMaker003,EWeaponIcon::None,EWeaponInfoTriggerType::None,EWeaponInfo::None,EWeaponInfo::None,EWeaponInfo::None,EWeaponInfo::None,EWeaponInfo::None,EWeaponInfoScoreEvaluation::None,EWeaponInfoRank::A_Plus,EWeaponInfoRank::A_Plus,EWeaponInfoRank::A_Plus,EWeaponInfoRank::A_Plus,EWeaponInfoRank::A_Plus,EWeaponInfoRank::A_Plus,EWeaponInfoRank::A_Plus,EWeaponCategory::ShootingMiddle,EWeaponSlayerEnemyType::None,0,0,0,0,0,0,0,0,0,EWeaponSizeInfo::Medium,,,0
WPN_LaserRifleType02,56,,0,/Game/Character/weapon/Blueprint/wp00056/BP_WpLaserRifleType02.uasset,75,0,0,0,0,0,EWeaponAttackIntervalType::Release,EWeaponAttackType::Ranged,EWeaponAtkTaeget::Enemy,0,0,0,EWeaponKind::Main,EWeaponHoldType::One,EAttachType::Hand,0,ESideTrgAct::None,0,0,0,0,0,0.05,0,0.2,0,0,0.1,1,0,EDecBulletType::Bullet,EWeaponReloadType::Reset,0,7,7,0,1,1,1,1,1,1,ECustomReloadType::None,0,0,0,0,0,0,0,0,0,0,-20,-1,-1,0,0,0,0,EBuddyWeaponType::BigWeapon,0,EHoldWeaponType::OneHandGun,0.5,ERecoilMotionType::Back,ERecoilMoveTiming::First,ERecoilMovePower::Medium,EShotCharaEffect::Dark,None,EShakeType::DampedDynamic,1,1,0,0,0,0,0,0,0,0,0,0,0,0,0,0,0,0,0,0,0,0,EWeaponMaker::WeaponMaker004,EWeaponIcon::None,EWeaponInfoTriggerType::None,EWeaponInfo::None,EWeaponInfo::None,EWeaponInfo::None,EWeaponInfo::None,EWeaponInfo::None,EWeaponInfoScoreEvaluation::None,EWeaponInfoRank::A_Plus,EWeaponInfoRank::A_Plus,EWeaponInfoRank::A_Plus,EWeaponInfoRank::A_Plus,EWeaponInfoRank::A_Plus,EWeaponInfoRank::A_Plus,EWeaponInfoRank::A_Plus,EWeaponCategory::ShootingMiddle,EWeaponSlayerEnemyType::None,0,0,0,0,0,0,0,0,0,EWeaponSizeInfo::Large,,,0
WPN_ChargeSpreadLaser,57,ブルームブラスター,204,/Game/Character/weapon/Blueprint/wp00057/BP_WpChargeSpreadLaser.uasset,76,0,0,0,0,0,EWeaponAttackIntervalType::Toggle,EWeaponAttackType::WholeBody,EWeaponAtkTaeget::None,0,0,0,EWeaponKind::Main,EWeaponHoldType::Both,EAttachType::Hand,0,ESideTrgAct::AttackSubWeapon,10021,0,0,0,0,0.5,0,0.25,0,1.6,0.1,1,0,EDecBulletType::Bullet,EWeaponReloadType::EmptyReload,0,10,7.5,2,1,1,0,1,1,1,ECustomReloadType::Beam,480,1,5,10,50,10,50,10,50,0,125,2,-1,0,0,0,0,EBuddyWeaponType::BigWeapon,0,EHoldWeaponType::BothRifles,0.25,ERecoilMotionType::Continue,ERecoilMoveTiming::First,ERecoilMovePower::Medium,EShotCharaEffect::Dark,AttackWholeCenterSpread,EShakeType::DampedDynamic,1,1,0,0,0,0,0,0,0,0,0,0,0,0,0,0,0,0,0,0,0,0,EWeaponMaker::WeaponMaker001,EWeaponIcon::None,EWeaponInfoTriggerType::Single,EWeaponInfo::None,EWeaponInfo::None,EWeaponInfo::None,EWeaponInfo::None,EWeaponInfo::None,EWeaponInfoScoreEvaluation::None,EWeaponInfoRank::A,EWeaponInfoRank::A_Plus,EWeaponInfoRank::A_Plus,EWeaponInfoRank::E,EWeaponInfoRank::C,EWeaponInfoRank::B,EWeaponInfoRank::None,EWeaponCategory::ShootingMiddle,EWeaponSlayerEnemyType::Enemy,0,0,0,0,0,0,0,0,0,EWeaponSizeInfo::Large,開発：WXW　　型番：WXW-32A04\nまるで箒（ブルーム）のようにビームを\n放射する様から、この名が付けられた。,　分類：拡散レーザー　　　属性：ビーム　　 \n放射状にレーザーを照射する。\n左攻撃：中央からレーザーが拡散する。\n右攻撃：八方からレーザーが収束する。,0
WPN_BeamSaber,58,刃刀刃,430,/Game/Character/weapon/Blueprint/wp00058/BP_WpBeamSaber.uasset,78,0,0,0,0,0,EWeaponAttackIntervalType::Trigger,EWeaponAttackType::Grapple,EWeaponAtkTaeget::Enemy,0,0,0,EWeaponKind::Main,EWeaponHoldType::One,EAttachType::Hand,0,ESideTrgAct::None,0,0,0,0,0.1,0.05,0,0,0,5,0.1,1,0,EDecBulletType::Grap,EWeaponReloadType::EmptyReload,0,3,3,0,1,1,1,1,1,1,ECustomReloadType::Grap,0,0,0,0,0,0,0,0,0,1,-1,-1,-1,0,0,0,0,EBuddyWeaponType::Slash,0,EHoldWeaponType::OneHandGun,0.2,ERecoilMotionType::None,ERecoilMoveTiming::None,ERecoilMovePower::None,EShotCharaEffect::None,None,EShakeType::DampedDynamic,0.6,1,0,0,0,0,0,0,0,0,0,0,0,0,0,0,0,0,0,0,0,0,EWeaponMaker::WeaponMaker001,EWeaponIcon::None,EWeaponInfoTriggerType::Single,EWeaponInfo::OneShotDown,EWeaponInfo::None,EWeaponInfo::None,EWeaponInfo::None,EWeaponInfo::None,EWeaponInfoScoreEvaluation::None,EWeaponInfoRank::B_Plus,EWeaponInfoRank::C,EWeaponInfoRank::None,EWeaponInfoRank::E,EWeaponInfoRank::B_Plus,EWeaponInfoRank::B,EWeaponInfoRank::None,EWeaponCategory::GrapShort,EWeaponSlayerEnemyType::Enemy,0,0,0,0,0,0,0,0,0,EWeaponSizeInfo::Medium,開発：WXW　　型番：WXW-04\nウェポン・クロス・ウィズダムが\nサブライガ用に特別に開発した武器。\n読みは「ばとうじん」。,　分類：片手剣　　　　　　属性：格闘　　　 \n\nダッシュで近づき、斬りかかる格闘。　　　\nヒット時、追加入力で3段目まで派生可能。,0
WPN_AbsorbingSaber,59,,0,/Game/Character/weapon/Blueprint/wp00059/BP_WpAbsorbingSaber.uasset,0,0,0,0,0,0,EWeaponAttackIntervalType::None,EWeaponAttackType::None,EWeaponAtkTaeget::Enemy,0,0,0,EWeaponKind::Main,EWeaponHoldType::One,EAttachType::Hand,0,ESideTrgAct::None,0,0,0,0,0,0.05,0,0,0,0,0.1,1,0,EDecBulletType::Bullet,EWeaponReloadType::EmptyReload,0,0,0,0,0,0,0,0,0,0,ECustomReloadType::None,0,0,0,0,0,0,0,0,0,0,-1,-1,-1,0,0,0,0,EBuddyWeaponType::None,0,EHoldWeaponType::OneHandGun,0.35,ERecoilMotionType::Small,ERecoilMoveTiming::None,ERecoilMovePower::None,EShotCharaEffect::None,None,EShakeType::None,1,1,0,0,0,0,0,0,0,0,0,0,0,0,0,0,0,0,0,0,0,0,EWeaponMaker::None,EWeaponIcon::None,EWeaponInfoTriggerType::None,EWeaponInfo::None,EWeaponInfo::None,EWeaponInfo::None,EWeaponInfo::None,EWeaponInfo::None,EWeaponInfoScoreEvaluation::None,EWeaponInfoRank::A_Plus,EWeaponInfoRank::A_Plus,EWeaponInfoRank::A_Plus,EWeaponInfoRank::A_Plus,EWeaponInfoRank::A_Plus,EWeaponInfoRank::A_Plus,EWeaponInfoRank::A_Plus,EWeaponCategory::GrapShort,EWeaponSlayerEnemyType::None,0,0,0,0,0,0,0,0,0,EWeaponSizeInfo::Medium,,,0
WPN_Boomerang,60,ブーメラング,612,/Game/Character/weapon/Blueprint/wp00060/BP_WpBoomerang.uasset,81,0,0,0,0,0,EWeaponAttackIntervalType::Trigger,EWeaponAttackType::Ranged,EWeaponAtkTaeget::Enemy,0,0,0,EWeaponKind::Sub,EWeaponHoldType::One,EAttachType::Hand,0,ESideTrgAct::None,0,0,0,0,0.5,99,0,0,0,0,0.1,1,0,EDecBulletType::Bullet,EWeaponReloadType::EmptyReload,0,6,6,0,1,1,1,1,1,1,ECustomReloadType::Beam,100,0,0,0,0,0,0,0,0,1,-1,-1,-1,0,0,0,0,EBuddyWeaponType::None,0,EHoldWeaponType::OneHandGun,0.2,ERecoilMotionType::Small,ERecoilMoveTiming::None,ERecoilMovePower::None,EShotCharaEffect::None,None,EShakeType::ImpactDynamic,0.5,1,0,0,0,0,0,0,0,0,0,0,0,0,0,0,0,0,0,0,0,0,EWeaponMaker::WeaponMaker003,EWeaponIcon::None,EWeaponInfoTriggerType::Single,EWeaponInfo::OneShotFlinch,EWeaponInfo::None,EWeaponInfo::None,EWeaponInfo::None,EWeaponInfo::None,EWeaponInfoScoreEvaluation::None,EWeaponInfoRank::C,EWeaponInfoRank::D,EWeaponInfoRank::B,EWeaponInfoRank::E,EWeaponInfoRank::B_Plus,EWeaponInfoRank::B,EWeaponInfoRank::None,EWeaponCategory::ShootingShort,EWeaponSlayerEnemyType::Enemy,0,0,0,0,0,0,0,0,0,EWeaponSizeInfo::Medium,開発：MA-I　　型番：MA65TH\n投げると戻って来る不思議な武器。\nその独特な形状は、流体力学などを駆使した\n最新の研究理論に基づいている。,　分類：ブーメラン　　　　属性：ビーム　　 \n\n前方に飛ばした後、攻撃判定を持ったまま \n戻ってくる。ヒット時は怯み効果がある。,0
WPN_RocketPunch,61,飛翔拳 単冥,440,/Game/Character/weapon/Blueprint/wp00061/BP_WpRocketPunch.uasset,82,0,0,0,0,0,EWeaponAttackIntervalType::Trigger,EWeaponAttackType::Ranged,EWeaponAtkTaeget::Enemy,0,0,0,EWeaponKind::Main,EWeaponHoldType::One,EAttachType::Wrist,0,ESideTrgAct::None,0,0,0,0,0,1,0,0,0,0,0.1,1,0,EDecBulletType::Bullet,EWeaponReloadType::EmptyReload,0,10,5,0,1,1,0,1,1,1,ECustomReloadType::Bullet,0,0,0,0,0,0,0,0,0,0,-1,-1,-1,0,0,0,0,EBuddyWeaponType::None,0,EHoldWeaponType::OneHandGun,0.2,ERecoilMotionType::RocketPunchRecoil,ERecoilMoveTiming::None,ERecoilMovePower::None,EShotCharaEffect::None,None,EShakeType::ImpactStatic,2,1,0,0,0,0,0,0,0,0,0,0,0,0,0,0,0,0,0,0,0,0,EWeaponMaker::WeaponMaker002,EWeaponIcon::None,EWeaponInfoTriggerType::Single,EWeaponInfo::OneShotDown,EWeaponInfo::None,EWeaponInfo::None,EWeaponInfo::None,EWeaponInfo::None,EWeaponInfoScoreEvaluation::None,EWeaponInfoRank::B_Plus,EWeaponInfoRank::D,EWeaponInfoRank::C,EWeaponInfoRank::E,EWeaponInfoRank::C,EWeaponInfoRank::A,EWeaponInfoRank::None,EWeaponCategory::ShootingShort,EWeaponSlayerEnemyType::Enemy,0,0,0,0,0,0,0,0,0,EWeaponSizeInfo::Medium,開発：殴重鋼匠　　型番：殴零式\nエア・リアルの手に装着し、\nパンチを敵めがけて発射することで攻撃する。\n読みは「ひしょうけん　たんめい」。,　分類：ロケットパンチ　　属性：実弾　　　 \n\n誘導性能が高いパンチを撃つ。,0
WPN_Anchor,62,,0,/Game/Character/weapon/Blueprint/wp00062/BP_WpAnchor.uasset,83,0,0,0,0,0,EWeaponAttackIntervalType::ToggleWire,EWeaponAttackType::Ranged,EWeaponAtkTaeget::Enemy,0,0,0,EWeaponKind::Sub,EWeaponHoldType::One,EAttachType::Hand,0,ESideTrgAct::None,0,0,0,0,0,1,0,0,0,0,0.1,1,0,EDecBulletType::Bullet,EWeaponReloadType::EmptyReload,0,2,2,0,1,1,1,1,1,1,ECustomReloadType::None,0,0,0,0,0,0,0,0,0,0,-1,-1,-1,0,0,0,0,EBuddyWeaponType::None,0,EHoldWeaponType::OneHandGun,0.25,ERecoilMotionType::None,ERecoilMoveTiming::None,ERecoilMovePower::None,EShotCharaEffect::None,None,EShakeType::ImpactDynamic,0.5,1,0,0,0,0,0,0,0,0,0,0,0,0,0,0,0,0,0,0,0,0,EWeaponMaker::WeaponMaker004,EWeaponIcon::None,EWeaponInfoTriggerType::None,EWeaponInfo::None,EWeaponInfo::None,EWeaponInfo::None,EWeaponInfo::None,EWeaponInfo::None,EWeaponInfoScoreEvaluation::None,EWeaponInfoRank::A_Plus,EWeaponInfoRank::A_Plus,EWeaponInfoRank::A_Plus,EWeaponInfoRank::A_Plus,EWeaponInfoRank::A_Plus,EWeaponInfoRank::A_Plus,EWeaponInfoRank::A_Plus,EWeaponCategory::ShootingShort,EWeaponSlayerEnemyType::None,0,0,0,0,0,0,0,0,0,EWeaponSizeInfo::Medium,,,0
WPN_BeamSickle,63,ファイアサイス,210,/Game/Character/weapon/Blueprint/wp00063/BP_WpBeamSickleMain.uasset,85,0,0,0,0,0,EWeaponAttackIntervalType::Press,EWeaponAttackType::Ranged,EWeaponAtkTaeget::Enemy,0,0,0,EWeaponKind::Main,EWeaponHoldType::Both,EAttachType::Hand,0,ESideTrgAct::AttackSubWeapon,10011,0,0,0,0,0.6,0,0,0,0,0.1,1,0,EDecBulletType::Bullet,EWeaponReloadType::Continuation,0,4,4,0,1,5,5,1,1,255,ECustomReloadType::Beam,0,0,0,0,0,0,0,0,0,1,-1,-1,-1,0,0,0,0,EBuddyWeaponType::None,0,EHoldWeaponType::BothRifles,0.2,ERecoilMotionType::Rapid,ERecoilMoveTiming::None,ERecoilMovePower::None,EShotCharaEffect::None,None,EShakeType::DampedDynamic,0.6,1,0,0,0,0,0,0,0,0,0,0,0,0,0,0,0,0,0,0,0,0,EWeaponMaker::WeaponMaker001,EWeaponIcon::None,EWeaponInfoTriggerType::Hold,EWeaponInfo::None,EWeaponInfo::None,EWeaponInfo::None,EWeaponInfo::None,EWeaponInfo::None,EWeaponInfoScoreEvaluation::None,EWeaponInfoRank::B,EWeaponInfoRank::B,EWeaponInfoRank::B_Plus,EWeaponInfoRank::D,EWeaponInfoRank::B_Plus,EWeaponInfoRank::A,EWeaponInfoRank::None,EWeaponCategory::ShootingMiddle,EWeaponSlayerEnemyType::Enemy,0,0,0,0,0,0,0,0,0,EWeaponSizeInfo::Medium,開発：WXW　　型番：WXW-01A\nソリディア用に開発された武器。一つの武器で\n銃による射撃と鎌による斬撃が可能となっており、\n攻守に隙が無い。,　分類：銃剣　　　　　　属性：格闘/ビーム\n\n左攻撃：急接近し、薙ぎ払う単発格闘。\n右攻撃：短い間隔で撃てるビーム弾。,0
WPN_Lance,64,デトネイトランス,720,/Game/Character/weapon/Blueprint/wp00064/BP_WpLance.uasset,87,0,0,0,0,0,EWeaponAttackIntervalType::Trigger,EWeaponAttackType::Grapple,EWeaponAtkTaeget::Enemy,0,0,0,EWeaponKind::Main,EWeaponHoldType::One,EAttachType::Hand,0,ESideTrgAct::None,0,0,0,0,0.1,0.05,0,0,0,0,0.1,1,0,EDecBulletType::Grap,EWeaponReloadType::EmptyReload,0,3,3,0,1,1,1,1,1,1,ECustomReloadType::Grap,0,0,0,0,0,0,0,0,0,1,-1,-1,-1,0,0,0,0,EBuddyWeaponType::Slash,0,EHoldWeaponType::OneHandGun,0.35,ERecoilMotionType::None,ERecoilMoveTiming::None,ERecoilMovePower::None,EShotCharaEffect::None,None,EShakeType::DampedDynamic,0.6,1,0,0,0,0,0,0,0,0,0,0,0,0,0,0,0,0,0,0,0,0,EWeaponMaker::WeaponMaker001,EWeaponIcon::None,EWeaponInfoTriggerType::Single,EWeaponInfo::OneShotDown,EWeaponInfo::None,EWeaponInfo::None,EWeaponInfo::None,EWeaponInfo::None,EWeaponInfoScoreEvaluation::None,EWeaponInfoRank::B,EWeaponInfoRank::C,EWeaponInfoRank::None,EWeaponInfoRank::E,EWeaponInfoRank::B_Plus,EWeaponInfoRank::B,EWeaponInfoRank::None,EWeaponCategory::GrapShort,EWeaponSlayerEnemyType::Enemy,0,0,0,0,0,0,0,0,0,EWeaponSizeInfo::Medium,開発：WXW　　型番：WXW-05A\nシーユー・レイター用に開発された武器。\nこの武器で勇敢に突進することは、\n特殊騎士アズワンにとって最大の誇りである。,　分類：ランス　　　　　　属性：格闘　　　 \n\n突進する格闘。相手にヒットした後\nトリガーを引き続けると、追加ダメージ。　,0
WPN_DoubleRocketPunch,65,飛翔拳 双天,520,/Game/Character/weapon/Blueprint/wp00065/BP_WpDoubleRocketPunchMain.uasset,90,0,0,0,0,0,EWeaponAttackIntervalType::Trigger,EWeaponAttackType::Ranged,EWeaponAtkTaeget::Enemy,0,0,0,EWeaponKind::Main,EWeaponHoldType::Both,EAttachType::Wrist,0,ESideTrgAct::AttackEquipSubWeapon,10012,0,0,0,0.5,1,0,0,0,0,0.1,1,0,EDecBulletType::Bullet,EWeaponReloadType::EmptyReload,0,9,9,0,1,1,1,1,1,1,ECustomReloadType::Bullet,0,0,0,0,0,0,0,0,0,1,-1,-1,-1,0,0,0,0,EBuddyWeaponType::None,0,EHoldWeaponType::OneHandGun,0.25,ERecoilMotionType::RocketPunchRecoil,ERecoilMoveTiming::None,ERecoilMovePower::None,EShotCharaEffect::None,None,EShakeType::ImpactStatic,2,1,0,0,0,0,0,0,0,0,0,0,0,0,0,0,0,0,0,0,0,0,EWeaponMaker::WeaponMaker002,EWeaponIcon::None,EWeaponInfoTriggerType::Single,EWeaponInfo::OneShotFlinch,EWeaponInfo::None,EWeaponInfo::None,EWeaponInfo::None,EWeaponInfo::None,EWeaponInfoScoreEvaluation::None,EWeaponInfoRank::B_Plus,EWeaponInfoRank::D,EWeaponInfoRank::C,EWeaponInfoRank::E,EWeaponInfoRank::C,EWeaponInfoRank::C,EWeaponInfoRank::None,EWeaponCategory::ShootingShort,EWeaponSlayerEnemyType::Enemy,0,0,0,0,0,0,0,0,0,EWeaponSizeInfo::Medium,開発：殴重鋼匠　　型番：殴零拾式\nエア・リアルの両手に装着し、\nパンチを敵めがけて発射することで攻撃する。\n読みは「ひしょうけん　そうてん」。,　分類：ロケットパンチ　　属性：実弾　　　 \n\n誘導性能が高いパンチを撃つ。\n左右とも同じ性能で、敵の弾丸を弾く。,0
WPN_Whip,66,,0,/Game/Character/weapon/Blueprint/wp00066/BP_WpWhip.uasset,92,0,0,0,0,0,EWeaponAttackIntervalType::Trigger,EWeaponAttackType::Grapple,EWeaponAtkTaeget::Enemy,0,0,0,EWeaponKind::Main,EWeaponHoldType::Both,EAttachType::Hand,0,ESideTrgAct::None,0,0,0,0,0,0.05,0,0,0,0,0.1,1,0,EDecBulletType::Grap,EWeaponReloadType::EmptyReload,0,2,2,0,1,1,1,1,1,1,ECustomReloadType::None,0,0,0,0,0,0,0,0,0,0,-1,-1,-1,0,0,0,0,EBuddyWeaponType::None,0,EHoldWeaponType::OneHandGun,0.35,ERecoilMotionType::Small,ERecoilMoveTiming::None,ERecoilMovePower::None,EShotCharaEffect::None,None,EShakeType::None,1,1,0,0,0,0,0,0,0,0,0,0,0,0,0,0,0,0,0,0,0,0,EWeaponMaker::None,EWeaponIcon::None,EWeaponInfoTriggerType::None,EWeaponInfo::None,EWeaponInfo::None,EWeaponInfo::None,EWeaponInfo::None,EWeaponInfo::None,EWeaponInfoScoreEvaluation::None,EWeaponInfoRank::A_Plus,EWeaponInfoRank::A_Plus,EWeaponInfoRank::A_Plus,EWeaponInfoRank::A_Plus,EWeaponInfoRank::A_Plus,EWeaponInfoRank::A_Plus,EWeaponInfoRank::A_Plus,EWeaponCategory::ShootingShort,EWeaponSlayerEnemyType::None,0,0,0,0,0,0,0,0,0,EWeaponSizeInfo::Medium,,,0
WPN_TwinSword,67,ブレードジップ,501,/Game/Character/weapon/Blueprint/wp00067/BP_WpTwinSword_Main.uasset,93,0,0,0,0,0,EWeaponAttackIntervalType::Trigger,EWeaponAttackType::Grapple,EWeaponAtkTaeget::Enemy,0,0,0,EWeaponKind::Main,EWeaponHoldType::Both,EAttachType::Hand,0,ESideTrgAct::AttackEquipSubWeapon,10013,0,0,0,1,0.05,0,0,0,0,0.1,1,0,EDecBulletType::Grap,EWeaponReloadType::EmptyReload,0,4.5,4.5,0,1,1,1,1,1,1,ECustomReloadType::Grap,0,0,0,0,0,0,0,0,0,1,-1,-1,-1,0,0,0,0,EBuddyWeaponType::Slash,0,EHoldWeaponType::OneHandGun,0.3,ERecoilMotionType::None,ERecoilMoveTiming::None,ERecoilMovePower::None,EShotCharaEffect::None,None,EShakeType::DampedDynamic,0.6,1,0,0,0,0,0,0,0,0,0,0,0,0,0,0,0,0,0,0,0,0,EWeaponMaker::WeaponMaker001,EWeaponIcon::None,EWeaponInfoTriggerType::Single,EWeaponInfo::OneShotDown,EWeaponInfo::None,EWeaponInfo::None,EWeaponInfo::None,EWeaponInfo::None,EWeaponInfoScoreEvaluation::None,EWeaponInfoRank::A,EWeaponInfoRank::B,EWeaponInfoRank::None,EWeaponInfoRank::E,EWeaponInfoRank::B_Plus,EWeaponInfoRank::B,EWeaponInfoRank::None,EWeaponCategory::GrapShort,EWeaponSlayerEnemyType::Enemy,0,0,0,0,0,0,0,0,0,EWeaponSizeInfo::Medium,開発：WXW　　型番：WXW-02A\nカーディナル用に開発された武器。噂によると地球に存在した天才二刀流剣士の剣法を参考にして作られたとか。,　分類：双剣　　　　　　　属性：格闘　　　 \n\n左攻撃：左右入力方向に旋回しながら斬る。\n右攻撃：初撃をヒットさせると乱舞に派生。,0
WPN_LargeSword,68,大刃 水薙,503,/Game/Character/weapon/Blueprint/wp00068/BP_WpLargeSword_Main.uasset,102,0,0,0,0,0,EWeaponAttackIntervalType::Trigger,EWeaponAttackType::Grapple,EWeaponAtkTaeget::Enemy,0,0,0,EWeaponKind::Main,EWeaponHoldType::Both,EAttachType::Hand,0,ESideTrgAct::AttackSubWeapon,10014,0,0,0,0,0.05,0,0,0,0,0.1,1,0,EDecBulletType::Grap,EWeaponReloadType::EmptyReload,0,6,6,0,1,1,1,1,1,1,ECustomReloadType::Grap,0,0,0,0,0,0,0,0,0,0,-1,-1,-1,0,0,0,0,EBuddyWeaponType::Slash,0,EHoldWeaponType::OneHandGun,0.35,ERecoilMotionType::Small,ERecoilMoveTiming::None,ERecoilMovePower::None,EShotCharaEffect::None,None,EShakeType::ImpactDynamic,0.1,1,0,0,0,0,0,0,0,0,0,0,0,0,0,0,0,0,0,0,0,0,EWeaponMaker::WeaponMaker002,EWeaponIcon::None,EWeaponInfoTriggerType::Single,EWeaponInfo::OneShotDown,EWeaponInfo::None,EWeaponInfo::None,EWeaponInfo::None,EWeaponInfo::None,EWeaponInfoScoreEvaluation::None,EWeaponInfoRank::B_Plus,EWeaponInfoRank::B_Plus,EWeaponInfoRank::None,EWeaponInfoRank::E,EWeaponInfoRank::B_Plus,EWeaponInfoRank::B,EWeaponInfoRank::None,EWeaponCategory::GrapShort,EWeaponSlayerEnemyType::Enemy,0,0,0,0,0,0,0,0,0,EWeaponSizeInfo::Medium,開発：殴重鋼匠　　型番：殴拾式\n自機の武器システムにアクセスし、攻撃力を一定時間上昇させる機能が内蔵されている。\n読みは「たいじん　みずち」。,　分類：両手剣　　　　　　属性：格闘　　　 \n自らの攻撃力を上げる事ができる格闘武器。\n左攻撃：一定時間攻撃力を上昇させる。\n右攻撃：2段目まで派生可能な格闘攻撃。,0
WPN_HammerCanon,69,ブラックスミス,502,/Game/Character/weapon/Blueprint/wp00069/BP_WpHammer.uasset,107,0,0,0,0,0,EWeaponAttackIntervalType::Trigger,EWeaponAttackType::WholeBody,EWeaponAtkTaeget::Enemy,0,0,0,EWeaponKind::Main,EWeaponHoldType::Both,EAttachType::Hand,0,ESideTrgAct::AttackSubWeapon,10015,0,0,0,0.5,0.5,0,0.2,0,0.3,0.1,1,0,EDecBulletType::Bullet,EWeaponReloadType::Reset,0,7.5,7.5,0,1,1,1,1,1,1,ECustomReloadType::Bullet,0,0,0,0,0,0,0,0,0,1,125,1,-1,0,0,0,0,EBuddyWeaponType::None,0,EHoldWeaponType::BothRifles,0.4,ERecoilMotionType::Back,ERecoilMoveTiming::Every,ERecoilMovePower::Weak,EShotCharaEffect::None,AttackWholeCenter,EShakeType::ImpactDynamic,1.3,1.5,0,0,0,0,0,0,0,0,0,0,0,0,0,0,0,0,0,0,0,0,EWeaponMaker::WeaponMaker001,EWeaponIcon::None,EWeaponInfoTriggerType::Single,EWeaponInfo::OneShotDown,EWeaponInfo::BadState_Fire,EWeaponInfo::None,EWeaponInfo::None,EWeaponInfo::None,EWeaponInfoScoreEvaluation::None,EWeaponInfoRank::A,EWeaponInfoRank::B,EWeaponInfoRank::None,EWeaponInfoRank::E,EWeaponInfoRank::B_Plus,EWeaponInfoRank::C,EWeaponInfoRank::None,EWeaponCategory::ShootingMiddle,EWeaponSlayerEnemyType::Enemy,0,0,0,0,0,0,0,0,0,EWeaponSizeInfo::Medium,開発：WXW　　型番：WXW-03A\nゴールテン・ダー用に開発された武器。\n「打撃も射撃もたっぷりやらせろ」という\n某アズワンのワガママにより作られた。,　分類：ハンマーキャノン　属性：格闘/実弾　\n\n左攻撃：隙が大きいが高威力の単発格闘。\n右攻撃：一定時間炎上する榴弾を撃つ。　　　　　,0
WPN_LargeBeamSaber,70,O.G. ティターン,505,/Game/Character/weapon/Blueprint/wp00070/BP_WpLargeBeamSaberMain.uasset,108,0,0,0,0,0,EWeaponAttackIntervalType::Trigger,EWeaponAttackType::Grapple,EWeaponAtkTaeget::Enemy,0,0,0,EWeaponKind::Main,EWeaponHoldType::Both,EAttachType::Hand,0,ESideTrgAct::AttackSubWeapon,10016,0,0,0,1,0.05,0,0,0,0,0.1,1,0,EDecBulletType::Grap,EWeaponReloadType::EmptyReload,0,6,6,0,1,1,1,1,1,1,ECustomReloadType::Grap,0,0,0,0,0,0,0,0,0,0,-1,-1,-1,0,0,0,0,EBuddyWeaponType::BigWeapon,0,EHoldWeaponType::OneHandGun,0.3,ERecoilMotionType::None,ERecoilMoveTiming::None,ERecoilMovePower::None,EShotCharaEffect::None,None,EShakeType::DampedDynamic,0.6,1,0,0,0,0,0,0,0,0,0,0,0,0,0,0,0,0,0,0,0,0,EWeaponMaker::WeaponMaker001,EWeaponIcon::None,EWeaponInfoTriggerType::Single,EWeaponInfo::OneShotDown,EWeaponInfo::None,EWeaponInfo::None,EWeaponInfo::None,EWeaponInfo::None,EWeaponInfoScoreEvaluation::None,EWeaponInfoRank::B_Plus,EWeaponInfoRank::B_Plus,EWeaponInfoRank::None,EWeaponInfoRank::E,EWeaponInfoRank::B,EWeaponInfoRank::A,EWeaponInfoRank::None,EWeaponCategory::GrapMiddle,EWeaponSlayerEnemyType::Enemy,0,0,0,0,0,0,0,0,0,EWeaponSizeInfo::Medium,開発：WXW　　型番：WXW-91A05\n「巨人」の名を冠するオーバー・ギア。質量が有り過ぎるため扱うには大きく隙を晒してしまうが、\n威力は非常に高い。,　分類：両手剣　　　　　　属性：格闘　　　 \n巨大なレーザーソードの格闘攻撃。\n左攻撃：高威力の縦斬り。\n右攻撃：広範囲の横斬り。　　　　　,0
WPN_SentryGun,71,ターレットBR,911,/Game/Character/weapon/Blueprint/wp00071/BP_WpSentryGun.uasset,112,0,0,0,0,0,EWeaponAttackIntervalType::Release,EWeaponAttackType::Throwing,EWeaponAtkTaeget::None,0,0,0,EWeaponKind::Sub,EWeaponHoldType::One,EAttachType::Hand,0,ESideTrgAct::None,0,0,0,0,0.1,0.1,0,0,0,0,0.1,0.5,0,EDecBulletType::Bullet,EWeaponReloadType::Reset,0,12,12,0,2,2,2,1,1,1,ECustomReloadType::Beam,80,12500,100,0,0,0,0,0,0,1,-1,-1,-1,0,0,0,0,EBuddyWeaponType::Throw,0,EHoldWeaponType::OneHandGun,0.1,ERecoilMotionType::Middle,ERecoilMoveTiming::None,ERecoilMovePower::None,EShotCharaEffect::None,None,EShakeType::None,1,1,0,0,0,0,0,0,0,0,0,0,0,0,0,0,0,0,0,0,0,0,EWeaponMaker::WeaponMaker001,EWeaponIcon::None,EWeaponInfoTriggerType::Release,EWeaponInfo::None,EWeaponInfo::None,EWeaponInfo::None,EWeaponInfo::None,EWeaponInfo::None,EWeaponInfoScoreEvaluation::Small,EWeaponInfoRank::C,EWeaponInfoRank::C,EWeaponInfoRank::B,EWeaponInfoRank::E,EWeaponInfoRank::D,EWeaponInfoRank::A,EWeaponInfoRank::None,EWeaponCategory::Throw,EWeaponSlayerEnemyType::Enemy,0,0,0,0,0,0,0,0,0,EWeaponSizeInfo::Medium,開発：WXW　　型番：WXW-08\n自律型光学武器。設置すると指示を\n出さずとも自動的に攻撃してくれるため、\n操縦者の負荷が軽い。,　分類：自動砲台　　　　属性：設置/ビーム　　 \n\n任意の場所に設置後、一定時間滞在。　　\n近くの敵を自動でロックしビームを撃つ。,0
WPN_Grenade,72,グルナード,310,/Game/Character/weapon/Blueprint/wp00072/BP_WpGrenade.uasset,113,0,0,0,0,0,EWeaponAttackIntervalType::Press,EWeaponAttackType::Throwing,EWeaponAtkTaeget::Enemy,0,0,0,EWeaponKind::Sub,EWeaponHoldType::One,EAttachType::Hand,0,ESideTrgAct::None,0,0,0,0,0,0.3,0,0,0,0,0.1,1,0,EDecBulletType::Bullet,EWeaponReloadType::Reset,0,7.5,7.5,0,3,3,3,1,1,1,ECustomReloadType::Bullet,0,0,0,0,0,0,0,0,0,1,-1,-1,-1,0,0,0,0,EBuddyWeaponType::Throw,0,EHoldWeaponType::OneHandGun,0.1,ERecoilMotionType::Small,ERecoilMoveTiming::None,ERecoilMovePower::None,EShotCharaEffect::None,None,EShakeType::None,1,1,0,0,0,0,0,0,0,0,0,0,0,0,0,0,0,0,0,0,0,0,EWeaponMaker::WeaponMaker004,EWeaponIcon::None,EWeaponInfoTriggerType::Hold,EWeaponInfo::OneShotDown,EWeaponInfo::None,EWeaponInfo::None,EWeaponInfo::None,EWeaponInfo::None,EWeaponInfoScoreEvaluation::None,EWeaponInfoRank::B_Plus,EWeaponInfoRank::B_Plus,EWeaponInfoRank::C,EWeaponInfoRank::D,EWeaponInfoRank::B_Plus,EWeaponInfoRank::C,EWeaponInfoRank::None,EWeaponCategory::Throw,EWeaponSlayerEnemyType::Enemy,0,0,0,0,0,0,0,0,0,EWeaponSizeInfo::Medium,開発：AVENIR　　型番：AVN-04\n榴弾射出兵器。\n爆発力の高い弾頭を、投射器によって\n遠距離に放つことができる。,　分類：投擲爆弾　　　　　属性：実弾　　　 \n\n遠くに飛ばすことのできる爆弾。連射可能。,0
WPN_3WayGrenade,73,,0,/Game/Character/weapon/Blueprint/wp00073/BP_Wp3WayGrenade.uasset,114,0,0,0,0,0,EWeaponAttackIntervalType::Release,EWeaponAttackType::Throwing,EWeaponAtkTaeget::Enemy,0,0,0,EWeaponKind::Sub,EWeaponHoldType::One,EAttachType::Hand,0,ESideTrgAct::None,0,0,0,0,0,0.05,0,0,0,0,0.1,1,0,EDecBulletType::Bullet,EWeaponReloadType::EmptyReload,0,2,2,0,1,1,1,1,1,1,ECustomReloadType::None,2,5,2,0,0,0,0,0,0,0,-1,-1,-1,0,0,0,0,EBuddyWeaponType::Throw,0,EHoldWeaponType::OneHandGun,0.2,ERecoilMotionType::Middle,ERecoilMoveTiming::None,ERecoilMovePower::None,EShotCharaEffect::None,None,EShakeType::None,1,1,0,0,0,0,0,0,0,0,0,0,0,0,0,0,0,0,0,0,0,0,EWeaponMaker::WeaponMaker001,EWeaponIcon::None,EWeaponInfoTriggerType::None,EWeaponInfo::None,EWeaponInfo::None,EWeaponInfo::None,EWeaponInfo::None,EWeaponInfo::None,EWeaponInfoScoreEvaluation::None,EWeaponInfoRank::A_Plus,EWeaponInfoRank::A_Plus,EWeaponInfoRank::A_Plus,EWeaponInfoRank::A_Plus,EWeaponInfoRank::A_Plus,EWeaponInfoRank::A_Plus,EWeaponInfoRank::A_Plus,EWeaponCategory::Throw,EWeaponSlayerEnemyType::None,0,0,0,0,0,0,0,0,0,EWeaponSizeInfo::Medium,,,0
WPN_HealArea,74,ソワン・ヒーリア,921,/Game/Character/weapon/Blueprint/wp00074/BP_WpHealArea.uasset,115,0,0,0,0,0,EWeaponAttackIntervalType::Release,EWeaponAttackType::Throwing,EWeaponAtkTaeget::None,0,0,0,EWeaponKind::Sub,EWeaponHoldType::One,EAttachType::Hand,0,ESideTrgAct::None,0,0,0,0,0,0.05,0,0,0,0,0.1,1,0,EDecBulletType::Bullet,EWeaponReloadType::EmptyReload,0,15,15,0,1,1,0,1,1,1,ECustomReloadType::Heal,0,0,0,0,0,0,0,0,0,1,-1,-1,-1,0,0,0,0,EBuddyWeaponType::Healing,0,EHoldWeaponType::OneHandGun,0.1,ERecoilMotionType::Middle,ERecoilMoveTiming::None,ERecoilMovePower::None,EShotCharaEffect::None,None,EShakeType::None,1,1,0,0,0,0,0,0,0,0,0,0,0,0,0,0,0,0,0,0,0,0,EWeaponMaker::WeaponMaker004,EWeaponIcon::None,EWeaponInfoTriggerType::Release,EWeaponInfo::Heal,EWeaponInfo::None,EWeaponInfo::None,EWeaponInfo::None,EWeaponInfo::None,EWeaponInfoScoreEvaluation::Medium,EWeaponInfoRank::None,EWeaponInfoRank::None,EWeaponInfoRank::E,EWeaponInfoRank::E,EWeaponInfoRank::D,EWeaponInfoRank::A,EWeaponInfoRank::C,EWeaponCategory::Throw,EWeaponSlayerEnemyType::FriendOwner,0,0,0,0,0,0,0,0,0,EWeaponSizeInfo::Medium,開発：AVENIR　　型番：AVN-60\n敵と味方を識別し、味方だけを修理する\nシステムが搭載されているため、\n乱戦時でも問題なく使用できる。,　分類：範囲回復　　　　　属性：設置/補助　　　 \n設置後、アーマー値と耐久値を\n回復するエリアを発生。\nエリア内にいる自身と味方を徐々に回復。,0
WPN_SentryGunType02,75,,0,/Game/Character/weapon/Blueprint/wp00075/BP_WpSentryGunType02.uasset,0,0,0,0,0,0,EWeaponAttackIntervalType::None,EWeaponAttackType::None,EWeaponAtkTaeget::Enemy,0,0,0,EWeaponKind::Sub,EWeaponHoldType::One,EAttachType::Hand,0,ESideTrgAct::None,0,0,0,0,0,0.05,0,0,0,0,0.1,1,0,EDecBulletType::Bullet,EWeaponReloadType::EmptyReload,0,0,0,0,0,0,0,0,0,0,ECustomReloadType::None,0,0,0,0,0,0,0,0,0,0,-1,-1,-1,0,0,0,0,EBuddyWeaponType::None,0,EHoldWeaponType::OneHandGun,0.35,ERecoilMotionType::Small,ERecoilMoveTiming::None,ERecoilMovePower::None,EShotCharaEffect::None,None,EShakeType::None,1,1,0,0,0,0,0,0,0,0,0,0,0,0,0,0,0,0,0,0,0,0,EWeaponMaker::WeaponMaker001,EWeaponIcon::None,EWeaponInfoTriggerType::None,EWeaponInfo::None,EWeaponInfo::None,EWeaponInfo::None,EWeaponInfo::None,EWeaponInfo::None,EWeaponInfoScoreEvaluation::None,EWeaponInfoRank::A_Plus,EWeaponInfoRank::A_Plus,EWeaponInfoRank::A_Plus,EWeaponInfoRank::A_Plus,EWeaponInfoRank::A_Plus,EWeaponInfoRank::A_Plus,EWeaponInfoRank::A_Plus,EWeaponCategory::Throw,EWeaponSlayerEnemyType::None,0,0,0,0,0,0,0,0,0,EWeaponSizeInfo::Medium,,,0
WPN_LineBomb,76,ボンバルド,311,/Game/Character/weapon/Blueprint/wp00076/BP_WpLineBomb.uasset,116,0,0,0,0,0,EWeaponAttackIntervalType::Release,EWeaponAttackType::Throwing,EWeaponAtkTaeget::Enemy,0,0,0,EWeaponKind::Sub,EWeaponHoldType::One,EAttachType::Hand,0,ESideTrgAct::None,0,0,0,0,0,0.05,0,0,0,0,0.1,1,0,EDecBulletType::Bullet,EWeaponReloadType::Reset,0,10,10,0,1,1,1,1,1,1,ECustomReloadType::BulletDebuff,2,8,2,100,2000,300,0,0,0,1,-1,-1,-1,0,0,0,0,EBuddyWeaponType::Fire,0,EHoldWeaponType::OneHandGun,0.1,ERecoilMotionType::Middle,ERecoilMoveTiming::None,ERecoilMovePower::None,EShotCharaEffect::None,None,EShakeType::None,1,1,0,0,0,0,0,0,0,0,0,0,0,0,0,0,0,0,0,0,0,0,EWeaponMaker::WeaponMaker001,EWeaponIcon::None,EWeaponInfoTriggerType::Release,EWeaponInfo::BadState_Fire,EWeaponInfo::None,EWeaponInfo::None,EWeaponInfo::None,EWeaponInfo::None,EWeaponInfoScoreEvaluation::None,EWeaponInfoRank::B_Plus,EWeaponInfoRank::B_Plus,EWeaponInfoRank::C,EWeaponInfoRank::E,EWeaponInfoRank::C,EWeaponInfoRank::C,EWeaponInfoRank::None,EWeaponCategory::Throw,EWeaponSlayerEnemyType::Enemy,0,0,0,0,0,0,0,0,0,EWeaponSizeInfo::Medium,開発：WXW　　型番：WXW-42A\n広範囲を攻撃可能なグレネード。\n火山の噴火のごとく多数の火柱が発生し\n敵を炎で焼き焦がす。,　分類：投擲爆弾　　　　　属性：実弾/妨害　　　 \n\n高い火柱を順次発生させる爆弾。　　\nヒット時に敵を炎上させる効果がある。,0
WPN_ShieldArea,77,デ・ファーリア,920,/Game/Character/weapon/Blueprint/wp00077/BP_WpShieldArea.uasset,117,0,0,0,0,0,EWeaponAttackIntervalType::Release,EWeaponAttackType::Throwing,EWeaponAtkTaeget::None,0,0,0,EWeaponKind::Sub,EWeaponHoldType::One,EAttachType::Hand,0,ESideTrgAct::None,0,0,0,0,0.5,0.05,0,0,0,0,0.1,0.5,0,EDecBulletType::Bullet,EWeaponReloadType::EmptyReload,0,18,18,0,1,1,1,1,1,1,ECustomReloadType::Buff,0,0,0,0,0,0,0,0,0,1,-1,-1,-1,0,0,0,0,EBuddyWeaponType::Support,0,EHoldWeaponType::OneHandGun,0.1,ERecoilMotionType::Middle,ERecoilMoveTiming::None,ERecoilMovePower::None,EShotCharaEffect::None,None,EShakeType::None,1,1,0,0,0,0,0,0,0,0,0,0,0,0,0,0,0,0,0,0,0,0,EWeaponMaker::WeaponMaker004,EWeaponIcon::None,EWeaponInfoTriggerType::Release,EWeaponInfo::Shield,EWeaponInfo::None,EWeaponInfo::None,EWeaponInfo::None,EWeaponInfo::None,EWeaponInfoScoreEvaluation::Medium,EWeaponInfoRank::None,EWeaponInfoRank::None,EWeaponInfoRank::None,EWeaponInfoRank::A_Plus,EWeaponInfoRank::D,EWeaponInfoRank::B,EWeaponInfoRank::A,EWeaponCategory::Throw,EWeaponSlayerEnemyType::FriendOwner,0,0,0,0,0,0,0,0,0,EWeaponSizeInfo::Medium,開発：AVENIR　　型番：AVN-50\n球状の防御壁を展開する装置。\n広範囲を守る事ができるが、敵機に防御壁内部へ\n侵入されてしまうと無力。,　分類：範囲シールド　　　属性：設置/補助　 \n設置場所に、対射撃の壁を球状に展開。\n時間経過か、攻撃を受け続けると消滅。\nまた、防御壁の中での攻撃は防げない。,0
WPN_Jammer,78,ジャメル,922,/Game/Character/weapon/Blueprint/wp00078/BP_WpJammer.uasset,118,0,0,0,0,0,EWeaponAttackIntervalType::Release,EWeaponAttackType::Throwing,EWeaponAtkTaeget::None,0,0,0,EWeaponKind::Sub,EWeaponHoldType::One,EAttachType::Hand,0,ESideTrgAct::None,0,0,0,0,0.5,0.05,0,0,0,0,0.1,1,0,EDecBulletType::Bullet,EWeaponReloadType::EmptyReload,0,12,12,0,1,1,0,1,1,1,ECustomReloadType::Debuff,0,0,0,0,0,0,0,0,0,1,-1,-1,-1,0,0,0,0,EBuddyWeaponType::Throw,0,EHoldWeaponType::OneHandGun,0.1,ERecoilMotionType::Middle,ERecoilMoveTiming::None,ERecoilMovePower::None,EShotCharaEffect::None,None,EShakeType::None,1,1,0,0,0,0,0,0,0,0,0,0,0,0,0,0,0,0,0,0,0,0,EWeaponMaker::WeaponMaker004,EWeaponIcon::None,EWeaponInfoTriggerType::Release,EWeaponInfo::BadState_Jamming,EWeaponInfo::None,EWeaponInfo::None,EWeaponInfo::None,EWeaponInfo::None,EWeaponInfoScoreEvaluation::Medium,EWeaponInfoRank::None,EWeaponInfoRank::None,EWeaponInfoRank::E,EWeaponInfoRank::E,EWeaponInfoRank::D,EWeaponInfoRank::B,EWeaponInfoRank::None,EWeaponCategory::Throw,EWeaponSlayerEnemyType::EnemyPlayer,0,0,0,0,0,0,0,0,0,EWeaponSizeInfo::Medium,開発：AVENIR　　型番：AVN-75\nエア・リアルのセンサーを撹乱するノイズ\n発生装置を射出することができる\n特殊妨害装置。,　分類：ジャミング　　　　属性：設置/妨害 \n\n視覚情報を制限するエリアを　　\n一定時間展開する。,0
WPN_WarpDevice,79,,0,/Game/Character/weapon/Blueprint/wp00079/BP_WpWarpDevice.uasset,0,0,0,0,0,0,EWeaponAttackIntervalType::None,EWeaponAttackType::None,EWeaponAtkTaeget::Enemy,0,0,0,EWeaponKind::Sub,EWeaponHoldType::One,EAttachType::Hand,0,ESideTrgAct::None,0,0,0,0,0,0.05,0,0,0,0,0.1,1,0,EDecBulletType::Bullet,EWeaponReloadType::EmptyReload,0,0,0,0,0,0,0,0,0,0,ECustomReloadType::None,30,20,0,0,0,0,0,0,0,0,-1,-1,-1,0,0,0,0,EBuddyWeaponType::None,0,EHoldWeaponType::OneHandGun,0.2,ERecoilMotionType::Small,ERecoilMoveTiming::None,ERecoilMovePower::None,EShotCharaEffect::None,None,EShakeType::None,1,1,0,0,0,0,0,0,0,0,0,0,0,0,0,0,0,0,0,0,0,0,EWeaponMaker::WeaponMaker004,EWeaponIcon::None,EWeaponInfoTriggerType::None,EWeaponInfo::None,EWeaponInfo::None,EWeaponInfo::None,EWeaponInfo::None,EWeaponInfo::None,EWeaponInfoScoreEvaluation::None,EWeaponInfoRank::A_Plus,EWeaponInfoRank::A_Plus,EWeaponInfoRank::A_Plus,EWeaponInfoRank::A_Plus,EWeaponInfoRank::A_Plus,EWeaponInfoRank::A_Plus,EWeaponInfoRank::A_Plus,EWeaponCategory::Throw,EWeaponSlayerEnemyType::None,0,0,0,0,0,0,0,0,0,EWeaponSizeInfo::Medium,,,0
WPN_FireBomb,80,バースト・ボム,620,/Game/Character/weapon/Blueprint/wp00080/BP_WpFireBomb.uasset,119,0,0,0,0,0,EWeaponAttackIntervalType::Release,EWeaponAttackType::Throwing,EWeaponAtkTaeget::Enemy,0,0,0,EWeaponKind::Sub,EWeaponHoldType::One,EAttachType::Hand,0,ESideTrgAct::None,0,0,0,0,0.1,0.1,0,0,0,0,0.1,0.5,0,EDecBulletType::Bullet,EWeaponReloadType::Reset,0,12,12,0,2,2,2,1,1,1,ECustomReloadType::BulletDebuff,0,0,0,0,0,0,0,0,0,1,-1,-1,-1,0,0,0,0,EBuddyWeaponType::Fire,0,EHoldWeaponType::OneHandGun,0.1,ERecoilMotionType::Middle,ERecoilMoveTiming::None,ERecoilMovePower::None,EShotCharaEffect::None,None,EShakeType::None,1,1,0,0,0,0,0,0,0,0,0,0,0,0,0,0,0,0,0,0,0,0,EWeaponMaker::WeaponMaker001,EWeaponIcon::None,EWeaponInfoTriggerType::Release,EWeaponInfo::OneShotDown,EWeaponInfo::BadState_Fire,EWeaponInfo::None,EWeaponInfo::None,EWeaponInfo::None,EWeaponInfoScoreEvaluation::None,EWeaponInfoRank::B,EWeaponInfoRank::B_Plus,EWeaponInfoRank::C,EWeaponInfoRank::E,EWeaponInfoRank::C,EWeaponInfoRank::B,EWeaponInfoRank::None,EWeaponCategory::Throw,EWeaponSlayerEnemyType::Enemy,0,0,0,0,0,0,0,0,0,EWeaponSizeInfo::Medium,開発：WXW　　型番：WXW-13\nWXWの榴弾射出兵器。\n爆発時間が長いため、敵を誘って\n巻き込みたい。,　分類：投擲爆弾　　　　　属性：設置/妨害　　　 \n\n爆発後、一定時間炎上し続ける。　　\nダウンと、炎上効果による追加ダメージ。,0
WPN_GravityField,81,,0,/Game/Character/weapon/Blueprint/wp00081/BP_WpGravityField.uasset,120,0,0,0,0,0,EWeaponAttackIntervalType::Release,EWeaponAttackType::Throwing,EWeaponAtkTaeget::None,0,0,0,EWeaponKind::Sub,EWeaponHoldType::One,EAttachType::Hand,0,ESideTrgAct::None,0,0,0,0,0,0.05,0,0,0,0,0.1,1,0,EDecBulletType::Bullet,EWeaponReloadType::EmptyReload,0,10,10,0,1,1,1,1,1,1,ECustomReloadType::None,0,0,0,0,0,0,0,0,0,0,-1,-1,-1,0,0,0,0,EBuddyWeaponType::Throw,0,EHoldWeaponType::OneHandGun,0.35,ERecoilMotionType::Small,ERecoilMoveTiming::None,ERecoilMovePower::None,EShotCharaEffect::None,None,EShakeType::None,1,1,0,0,0,0,0,0,0,0,0,0,0,0,0,0,0,0,0,0,0,0,EWeaponMaker::WeaponMaker004,EWeaponIcon::None,EWeaponInfoTriggerType::None,EWeaponInfo::None,EWeaponInfo::None,EWeaponInfo::None,EWeaponInfo::None,EWeaponInfo::None,EWeaponInfoScoreEvaluation::None,EWeaponInfoRank::A_Plus,EWeaponInfoRank::A_Plus,EWeaponInfoRank::A_Plus,EWeaponInfoRank::A_Plus,EWeaponInfoRank::A_Plus,EWeaponInfoRank::A_Plus,EWeaponInfoRank::A_Plus,EWeaponCategory::Throw,EWeaponSlayerEnemyType::None,0,0,0,0,0,0,0,0,0,EWeaponSizeInfo::Medium,,,0
WPN_Decoy,82,ドール,923,/Game/Character/weapon/Blueprint/wp00082/BP_WpDecoy.uasset,121,0,0,0,0,0,EWeaponAttackIntervalType::Release,EWeaponAttackType::Throwing,EWeaponAtkTaeget::None,0,0,0,EWeaponKind::Sub,EWeaponHoldType::One,EAttachType::Hand,0,ESideTrgAct::None,0,0,0,0,0,1,0,0,0,0,0.1,1,0,EDecBulletType::Bullet,EWeaponReloadType::EmptyReload,0,17,17,0,2,2,2,1,1,1,ECustomReloadType::Buff,0,0,0,0,0,0,0,0,0,0,-1,-1,-1,0,0,0,0,EBuddyWeaponType::Throw,0,EHoldWeaponType::OneHandGun,0.1,ERecoilMotionType::Middle,ERecoilMoveTiming::None,ERecoilMovePower::None,EShotCharaEffect::None,None,EShakeType::None,1,1,0,0,0,0,0,0,0,0,0,0,0,0,0,0,0,0,0,0,0,0,EWeaponMaker::WeaponMaker001,EWeaponIcon::None,EWeaponInfoTriggerType::Release,EWeaponInfo::None,EWeaponInfo::None,EWeaponInfo::None,EWeaponInfo::None,EWeaponInfo::None,EWeaponInfoScoreEvaluation::Small,EWeaponInfoRank::None,EWeaponInfoRank::None,EWeaponInfoRank::B,EWeaponInfoRank::D,EWeaponInfoRank::D,EWeaponInfoRank::C,EWeaponInfoRank::None,EWeaponCategory::Throw,EWeaponSlayerEnemyType::None,0,0,0,0,0,0,0,0,0,EWeaponSizeInfo::Medium,開発：WXW　　型番：WXW-27\n敵のロックオンシステムをハックし、\n射撃を引き付ける囮となってくれる。,　分類：特殊銃　　　　　　属性：設置/妨害　　　 \n\nロックを優先的に向けさせる人形を設置。\n敵マップにプレイヤーアイコンが増える。,0
WPN_Mine,83,,0,/Game/Character/weapon/Blueprint/wp00083/BP_WpMine.uasset,122,0,0,0,0,0,EWeaponAttackIntervalType::Release,EWeaponAttackType::Throwing,EWeaponAtkTaeget::Enemy,0,0,0,EWeaponKind::Sub,EWeaponHoldType::One,EAttachType::Hand,0,ESideTrgAct::None,0,0,0,0,0,0.05,0,0,0,0,0.1,1,0,EDecBulletType::Bullet,EWeaponReloadType::EmptyReload,0,2,2,0,10,10,10,1,1,1,ECustomReloadType::None,0,0,0,0,0,0,0,0,0,0,-1,-1,-1,0,0,0,0,EBuddyWeaponType::Throw,0,EHoldWeaponType::OneHandGun,0.3,ERecoilMotionType::Middle,ERecoilMoveTiming::None,ERecoilMovePower::None,EShotCharaEffect::None,None,EShakeType::None,1,1,0,0,0,0,0,0,0,0,0,0,0,0,0,0,0,0,0,0,0,0,EWeaponMaker::WeaponMaker001,EWeaponIcon::None,EWeaponInfoTriggerType::None,EWeaponInfo::None,EWeaponInfo::None,EWeaponInfo::None,EWeaponInfo::None,EWeaponInfo::None,EWeaponInfoScoreEvaluation::None,EWeaponInfoRank::A_Plus,EWeaponInfoRank::A_Plus,EWeaponInfoRank::A_Plus,EWeaponInfoRank::A_Plus,EWeaponInfoRank::A_Plus,EWeaponInfoRank::A_Plus,EWeaponInfoRank::A_Plus,EWeaponCategory::Throw,EWeaponSlayerEnemyType::None,0,0,0,0,0,0,0,0,0,EWeaponSizeInfo::Medium,,,0
WPN_SelfTeleport,84,テレ・ヴ二ール,940,/Game/Character/weapon/Blueprint/wp00084/BP_WpSelfTeleport.uasset,123,0,0,0,0,0,EWeaponAttackIntervalType::Trigger,EWeaponAttackType::Ranged,EWeaponAtkTaeget::None,0,0,0,EWeaponKind::Sub,EWeaponHoldType::One,EAttachType::Hand,0,ESideTrgAct::None,0,0,0,0,1,1,0,0,0,0,0.1,1,0,EDecBulletType::Bullet,EWeaponReloadType::EmptyReload,0,8,8,0,1,1,1,0,1,1,ECustomReloadType::Buff,6,0,0,0,0,0,0,0,0,1,-1,-1,-1,0,0,0,0,EBuddyWeaponType::None,0,EHoldWeaponType::OneHandGun,0.2,ERecoilMotionType::Small,ERecoilMoveTiming::None,ERecoilMovePower::None,EShotCharaEffect::None,None,EShakeType::None,1,1,0,0,0,0,0,0,0,0,0,0,0,0,0,0,0,0,0,0,0,0,EWeaponMaker::WeaponMaker004,EWeaponIcon::None,EWeaponInfoTriggerType::Single,EWeaponInfo::None,EWeaponInfo::None,EWeaponInfo::None,EWeaponInfo::None,EWeaponInfo::None,EWeaponInfoScoreEvaluation::Medium,EWeaponInfoRank::None,EWeaponInfoRank::None,EWeaponInfoRank::A_Plus,EWeaponInfoRank::A_Plus,EWeaponInfoRank::D,EWeaponInfoRank::C,EWeaponInfoRank::None,EWeaponCategory::Special,EWeaponSlayerEnemyType::Owner,0,0,0,0,0,0,0,0,0,EWeaponSizeInfo::Medium,開発：AVENIR　　型番：AVN-90\nリアライド・システムの基礎的な技術を用い\nた、短距離転送システム。キザナ以外の\nメーカーの技術力ではこれが限界である。,　分類：テレポート　　　　属性：補助　　　 \n1度目のトリガーでテレポート先を設置。　\n2度目のトリガーで設置場所に瞬間移動。,0
WPN_TrapBeamNet,85,エレクトリット,950,/Game/Character/weapon/Blueprint/wp00085/BP_WpTrapBeamNet.uasset,124,0,0,0,0,0,EWeaponAttackIntervalType::Release,EWeaponAttackType::Throwing,EWeaponAtkTaeget::None,0,0,0,EWeaponKind::Sub,EWeaponHoldType::One,EAttachType::Hand,0,ESideTrgAct::None,0,0,0,0,0,0.3,0,0,0,0,0.1,0.5,0,EDecBulletType::Bullet,EWeaponReloadType::Continuation,0,12,12,0,2,2,2,1,1,1,ECustomReloadType::Debuff,0,0,0,0,0,0,0,0,0,1,-1,-1,-1,0,0,0,0,EBuddyWeaponType::Thunder,0,EHoldWeaponType::OneHandGun,0.1,ERecoilMotionType::Middle,ERecoilMoveTiming::None,ERecoilMovePower::None,EShotCharaEffect::None,None,EShakeType::None,1,1,0,0,0,0,0,0,0,0,0,0,0,0,0,0,0,0,0,0,0,0,EWeaponMaker::WeaponMaker001,EWeaponIcon::None,EWeaponInfoTriggerType::Release,EWeaponInfo::BadState_Paralysis,EWeaponInfo::None,EWeaponInfo::None,EWeaponInfo::None,EWeaponInfo::None,EWeaponInfoScoreEvaluation::Small,EWeaponInfoRank::None,EWeaponInfoRank::None,EWeaponInfoRank::None,EWeaponInfoRank::E,EWeaponInfoRank::B,EWeaponInfoRank::B,EWeaponInfoRank::None,EWeaponCategory::Throw,EWeaponSlayerEnemyType::EnemyPlayer,0,0,0,0,0,0,0,0,0,EWeaponSizeInfo::Medium,開発：WXW　　型番：WXW-53A\nネット状にビームを射出して罠を張り、\n敵を捕まえる特殊な装置。\n名前は電気と網を意味する造語。,　分類：特殊銃　　　　　　属性：設置/妨害　　 \n\n前方にネットを設置。\nヒットした敵に痺れ効果を与える。,0
Weapon00086,86,,0,None,0,0,0,0,0,0,EWeaponAttackIntervalType::None,EWeaponAttackType::None,EWeaponAtkTaeget::Enemy,0,0,0,EWeaponKind::Sub,EWeaponHoldType::One,EAttachType::Hand,0,ESideTrgAct::None,0,0,0,0,0,0.05,0,0,0,0,0.1,1,0,EDecBulletType::Bullet,EWeaponReloadType::EmptyReload,0,0,0,0,0,0,0,0,0,0,ECustomReloadType::None,0,0,0,0,0,0,0,0,0,0,-1,-1,-1,0,0,0,0,EBuddyWeaponType::None,0,EHoldWeaponType::OneHandGun,0.2,ERecoilMotionType::Small,ERecoilMoveTiming::None,ERecoilMovePower::None,EShotCharaEffect::None,None,EShakeType::None,1,1,0,0,0,0,0,0,0,0,0,0,0,0,0,0,0,0,0,0,0,0,EWeaponMaker::WeaponMaker001,EWeaponIcon::None,EWeaponInfoTriggerType::None,EWeaponInfo::None,EWeaponInfo::None,EWeaponInfo::None,EWeaponInfo::None,EWeaponInfo::None,EWeaponInfoScoreEvaluation::None,EWeaponInfoRank::A_Plus,EWeaponInfoRank::A_Plus,EWeaponInfoRank::A_Plus,EWeaponInfoRank::A_Plus,EWeaponInfoRank::A_Plus,EWeaponInfoRank::A_Plus,EWeaponInfoRank::A_Plus,EWeaponCategory::Throw,EWeaponSlayerEnemyType::None,0,0,0,0,0,0,0,0,0,EWeaponSizeInfo::Medium,,,0
WPN_Drone,87,ガレオン,812,/Game/Character/weapon/Blueprint/wp00087/BP_WpDrone.uasset,125,0,0,0,0,0,EWeaponAttackIntervalType::Trigger,EWeaponAttackType::Etc,EWeaponAtkTaeget::None,0,0,0,EWeaponKind::Main,EWeaponHoldType::Both,EAttachType::Hand,0,ESideTrgAct::None,0,0,0,0,1,99,0,0,0,0,0.1,1,0,EDecBulletType::Bullet,EWeaponReloadType::EmptyReload,0,20,20,0,1,1,1,0,1,1,ECustomReloadType::Bullet,50,25000,120,2400,10,1000,0,0,0,0,-1,-1,-1,0,0,0,0,EBuddyWeaponType::None,0,EHoldWeaponType::OneHandGun,0.2,ERecoilMotionType::Middle,ERecoilMoveTiming::None,ERecoilMovePower::None,EShotCharaEffect::None,None,EShakeType::None,1,1,0,0,0,0,0,0,0,0,0,0,0,0,0,0,0,0,0,0,0,0,EWeaponMaker::WeaponMaker004,EWeaponIcon::None,EWeaponInfoTriggerType::SubMonitor,EWeaponInfo::None,EWeaponInfo::None,EWeaponInfo::None,EWeaponInfo::None,EWeaponInfo::None,EWeaponInfoScoreEvaluation::Small,EWeaponInfoRank::B_Plus,EWeaponInfoRank::A,EWeaponInfoRank::C,EWeaponInfoRank::E,EWeaponInfoRank::E,EWeaponInfoRank::A,EWeaponInfoRank::None,EWeaponCategory::Special,EWeaponSlayerEnemyType::Enemy,0,0,0,0,0,0,0,0,0,EWeaponSizeInfo::Medium,開発：AVENIR　　型番：AVN-94\n自律型光学武器。\n操作せずとも戦ってくれる便利な砲台だが、\n壊されてしまうことがあるので注意。,　分類：自動砲台　　　　属性：設置/ビーム　　 \n攻撃時、サブモニターでポートを指定。　\n指定されたポートに進行後、攻撃を開始。\nガレオンは破壊可能。　　　　　　　　　,0
WPN_TornadoArea,88,テンペスト,925,/Game/Character/weapon/Blueprint/wp00088/BP_WpTornadoArea.uasset,127,0,0,0,0,0,EWeaponAttackIntervalType::Release,EWeaponAttackType::Throwing,EWeaponAtkTaeget::None,0,0,0,EWeaponKind::Sub,EWeaponHoldType::One,EAttachType::Hand,0,ESideTrgAct::None,0,0,0,0,0,0.05,0,0,0,0,0.1,1,0,EDecBulletType::Bullet,EWeaponReloadType::EmptyReload,0,15,15,0,1,1,0,1,1,1,ECustomReloadType::Debuff,1,20000,200,1000,20000,1000,0,0,0,0,-1,-1,-1,0,0,0,0,EBuddyWeaponType::Throw,0,EHoldWeaponType::OneHandGun,0.1,ERecoilMotionType::Middle,ERecoilMoveTiming::None,ERecoilMovePower::None,EShotCharaEffect::None,None,EShakeType::None,1,1,0,0,0,0,0,0,0,0,0,0,0,0,0,0,0,0,0,0,0,0,EWeaponMaker::WeaponMaker001,EWeaponIcon::None,EWeaponInfoTriggerType::Release,EWeaponInfo::BadState_Bondage,EWeaponInfo::None,EWeaponInfo::None,EWeaponInfo::None,EWeaponInfo::None,EWeaponInfoScoreEvaluation::Large,EWeaponInfoRank::C,EWeaponInfoRank::C,EWeaponInfoRank::D,EWeaponInfoRank::E,EWeaponInfoRank::D,EWeaponInfoRank::B,EWeaponInfoRank::None,EWeaponCategory::Throw,EWeaponSlayerEnemyType::All,0,0,0,0,0,0,0,0,0,EWeaponSizeInfo::Medium,開発：WXW　　型番：WXW-49A03\n設置型の強力な妨害装置。\n敵味方の識別をするシステムが無いため、\n設置すると両軍に効果があることに注意。,　分類：範囲攻撃　　　　　属性：設置/妨害　　 \n設置後、竜巻が発生する。範囲内にいる\nプレイヤーに継続ダメージと　　　　\n移動速度低下の効果。　　　　　　　　,0
WPN_ObjectExtension,89,,0,/Game/Character/weapon/Blueprint/wp00089/BP_WpObjectExtension.uasset,128,0,0,0,0,0,EWeaponAttackIntervalType::Trigger,EWeaponAttackType::WholeBody,EWeaponAtkTaeget::None,0,0,0,EWeaponKind::Sub,EWeaponHoldType::One,EAttachType::Hand,0,ESideTrgAct::None,0,0,0,0,0,0.05,0,0,0,0,0.1,1,0,EDecBulletType::Bullet,EWeaponReloadType::EmptyReload,0,10,10,0,1,1,1,1,1,1,ECustomReloadType::None,0,0,0,0,0,0,0,0,0,0,-1,-1,-1,0,0,0,0,EBuddyWeaponType::None,0,EHoldWeaponType::OneHandGun,0.35,ERecoilMotionType::Small,ERecoilMoveTiming::None,ERecoilMovePower::None,EShotCharaEffect::None,None,EShakeType::None,1,1,0,0,0,0,0,0,0,0,0,0,0,0,0,0,0,0,0,0,0,0,EWeaponMaker::WeaponMaker004,EWeaponIcon::None,EWeaponInfoTriggerType::None,EWeaponInfo::None,EWeaponInfo::None,EWeaponInfo::None,EWeaponInfo::None,EWeaponInfo::None,EWeaponInfoScoreEvaluation::None,EWeaponInfoRank::A_Plus,EWeaponInfoRank::A_Plus,EWeaponInfoRank::A_Plus,EWeaponInfoRank::A_Plus,EWeaponInfoRank::A_Plus,EWeaponInfoRank::A_Plus,EWeaponInfoRank::A_Plus,EWeaponCategory::Special,EWeaponSlayerEnemyType::None,0,0,0,0,0,0,0,0,0,EWeaponSizeInfo::Medium,,,0
WPN_Smoke,90,,0,/Game/Character/weapon/Blueprint/wp00090/BP_WpSmoke.uasset,129,0,0,0,0,0,EWeaponAttackIntervalType::Release,EWeaponAttackType::Throwing,EWeaponAtkTaeget::Enemy,0,0,0,EWeaponKind::Sub,EWeaponHoldType::One,EAttachType::Hand,0,ESideTrgAct::None,0,0,0,0,0,0.05,0,0,0,0,0.1,1,0,EDecBulletType::Bullet,EWeaponReloadType::EmptyReload,0,10,10,0,1,1,1,1,1,1,ECustomReloadType::None,0,0,0,0,0,0,0,0,0,0,-1,-1,-1,0,0,0,0,EBuddyWeaponType::Throw,0,EHoldWeaponType::OneHandGun,0.3,ERecoilMotionType::Middle,ERecoilMoveTiming::None,ERecoilMovePower::None,EShotCharaEffect::None,None,EShakeType::None,1,1,0,0,0,0,0,0,0,0,0,0,0,0,0,0,0,0,0,0,0,0,EWeaponMaker::WeaponMaker002,EWeaponIcon::None,EWeaponInfoTriggerType::None,EWeaponInfo::None,EWeaponInfo::None,EWeaponInfo::None,EWeaponInfo::None,EWeaponInfo::None,EWeaponInfoScoreEvaluation::None,EWeaponInfoRank::A_Plus,EWeaponInfoRank::A_Plus,EWeaponInfoRank::A_Plus,EWeaponInfoRank::A_Plus,EWeaponInfoRank::A_Plus,EWeaponInfoRank::A_Plus,EWeaponInfoRank::A_Plus,EWeaponCategory::Throw,EWeaponSlayerEnemyType::None,0,0,0,0,0,0,0,0,0,EWeaponSizeInfo::Medium,,,0
WPN_Shield,91,デ・ファンス,605,/Game/Character/weapon/Blueprint/wp00091/BP_WpShield.uasset,130,0,0,0,0,0,EWeaponAttackIntervalType::Toggle,EWeaponAttackType::Shield,EWeaponAtkTaeget::None,0,0,0,EWeaponKind::Sub,EWeaponHoldType::One,EAttachType::Wrist,0,ESideTrgAct::None,0,0,0,0,0,0.05,0,0,0,0,0.1,1,0,EDecBulletType::Energy,EWeaponReloadType::Reset,0,12,12,0,400,400,400,0,0,0,ECustomReloadType::Buff,400,1000,150,200,3500,0,0,0,0,1,-1,-1,-1,0,0,0,0,EBuddyWeaponType::None,0,EHoldWeaponType::OneHandGun,0.2,ERecoilMotionType::Shield,ERecoilMoveTiming::None,ERecoilMovePower::None,EShotCharaEffect::None,None,EShakeType::None,1,1,0,0,0,0,0,0,0,0,0,0,0,0,0,0,0,0,0,0,0,0,EWeaponMaker::WeaponMaker004,EWeaponIcon::None,EWeaponInfoTriggerType::Hold,EWeaponInfo::Shield,EWeaponInfo::None,EWeaponInfo::None,EWeaponInfo::None,EWeaponInfo::None,EWeaponInfoScoreEvaluation::None,EWeaponInfoRank::None,EWeaponInfoRank::None,EWeaponInfoRank::None,EWeaponInfoRank::A_Plus,EWeaponInfoRank::D,EWeaponInfoRank::A,EWeaponInfoRank::B,EWeaponCategory::Special,EWeaponSlayerEnemyType::Owner,0,0,0,0,0,0,0,0,0,EWeaponSizeInfo::Medium,開発：AVENIR　　型番：AVN-05\n盾のような形状の防御武器。\n出力を前面に集中させており、\n正面からの遠距離攻撃を無力化する。,　分類：シールド　　　　　属性：補助\n\n前方からの攻撃を防ぐ盾を展開する。\n格闘攻撃は防げない。　　　　　　　,0
WPN_StealthDevice,92,エクステルス,350,/Game/Character/weapon/Blueprint/wp00092/BP_WpStealthDevice.uasset,0,0,0,0,0,0,EWeaponAttackIntervalType::Trigger,EWeaponAttackType::Etc,EWeaponAtkTaeget::None,0,0,0,EWeaponKind::Sub,EWeaponHoldType::One,EAttachType::Hand,0,ESideTrgAct::None,0,0,0,0,1,1,0,0,0,0,0.1,1,0,EDecBulletType::Energy,EWeaponReloadType::EmptyReload,0,12,12,0,15000,15000,0,0,1,1,ECustomReloadType::Buff,0,0,0,0,0,0,0,0,0,0,-1,-1,-1,0,0,0,0,EBuddyWeaponType::None,0,EHoldWeaponType::OneHandGun,0.3,ERecoilMotionType::Small,ERecoilMoveTiming::None,ERecoilMovePower::None,EShotCharaEffect::None,None,EShakeType::None,1,1,0,0,0,0,0,0,0,0,0,0,0,0,0,0,0,0,0,0,0,0,EWeaponMaker::WeaponMaker003,EWeaponIcon::None,EWeaponInfoTriggerType::Single,EWeaponInfo::Stealth,EWeaponInfo::None,EWeaponInfo::None,EWeaponInfo::None,EWeaponInfo::None,EWeaponInfoScoreEvaluation::Small,EWeaponInfoRank::None,EWeaponInfoRank::None,EWeaponInfoRank::None,EWeaponInfoRank::A_Plus,EWeaponInfoRank::C,EWeaponInfoRank::B_Plus,EWeaponInfoRank::None,EWeaponCategory::Special,EWeaponSlayerEnemyType::Owner,0,0,0,0,0,0,0,0,0,EWeaponSizeInfo::Medium,開発：MA-I　　型番：MA95HSE\n敵軍のセンサーを妨害することができる\n特殊迷彩装置。敵からはまるで透明に\nなったように見える。,　分類：ステルス　　　　　属性：補助　　　 \n一定時間、敵マップ上から存在を消す事ができる。\nこの最中に攻撃を行っても解除されない。,0
WPN_Options,93,レイスレイヴ Xt-S,935,/Game/Character/weapon/Blueprint/wp00093/BP_WpOptions.uasset,131,0,0,0,0,0,EWeaponAttackIntervalType::Trigger,EWeaponAttackType::Ranged,EWeaponAtkTaeget::None,0,0,0,EWeaponKind::Sub,EWeaponHoldType::One,EAttachType::Hand,0,ESideTrgAct::None,0,0,0,0,0,1,0,0,0,0,0.1,1,0,EDecBulletType::Bullet,EWeaponReloadType::EmptyReload,0,22,27,12.3,1,1,0,1,1,1,ECustomReloadType::BeamBuff,0,25500,0,70,130,57,79,0,0,1,-1,-1,-1,0,0,0,0,EBuddyWeaponType::None,0,EHoldWeaponType::OneHandGun,0.35,ERecoilMotionType::Satellite,ERecoilMoveTiming::None,ERecoilMovePower::None,EShotCharaEffect::None,None,EShakeType::None,1,1,0,0,0,0,0,0,0,0,0,0,0,0,0,0,0,0,0,0,0,0,EWeaponMaker::WeaponMaker001,EWeaponIcon::None,EWeaponInfoTriggerType::Single,EWeaponInfo::ReloadUp,EWeaponInfo::Heal,EWeaponInfo::None,EWeaponInfo::None,EWeaponInfo::None,EWeaponInfoScoreEvaluation::None,EWeaponInfoRank::C,EWeaponInfoRank::B,EWeaponInfoRank::C,EWeaponInfoRank::E,EWeaponInfoRank::E,EWeaponInfoRank::A,EWeaponInfoRank::C,EWeaponCategory::Special,EWeaponSlayerEnemyType::All,0,0,0,0,0,0,0,0,0,EWeaponSizeInfo::Medium,開発：WXW　　型番：WXW-101A14\n飛行機能付きの自律型光学武器。\n四機のスレイヴと呼ばれる小型飛行砲台が\n周囲に展開され、自動的に射撃してくれる。,　分類：自動砲台　　　　　属性：ビーム　　 \n発射後、一定時間自身の周りに展開。　　\nリロード速度が上昇。近くの味方に自動で\n回復弾を撃ち、敵には自動でビームを撃つ。,0
Weapon00094,94,,0,None,0,0,0,0,0,0,EWeaponAttackIntervalType::None,EWeaponAttackType::None,EWeaponAtkTaeget::None,0,0,0,EWeaponKind::Main,EWeaponHoldType::One,EAttachType::Hand,0,ESideTrgAct::None,0,0,0,0,0,0.05,0,0,0,0,0.1,1,0,EDecBulletType::Bullet,EWeaponReloadType::EmptyReload,0,0,0,0,0,0,0,0,0,0,ECustomReloadType::None,0,0,0,0,0,0,0,0,0,0,-1,-1,-1,0,0,0,0,EBuddyWeaponType::None,0,EHoldWeaponType::OneHandGun,0.35,ERecoilMotionType::Small,ERecoilMoveTiming::None,ERecoilMovePower::None,EShotCharaEffect::None,None,EShakeType::None,1,1,0,0,0,0,0,0,0,0,0,0,0,0,0,0,0,0,0,0,0,0,EWeaponMaker::None,EWeaponIcon::None,EWeaponInfoTriggerType::None,EWeaponInfo::None,EWeaponInfo::None,EWeaponInfo::None,EWeaponInfo::None,EWeaponInfo::None,EWeaponInfoScoreEvaluation::None,EWeaponInfoRank::A_Plus,EWeaponInfoRank::A_Plus,EWeaponInfoRank::A_Plus,EWeaponInfoRank::A_Plus,EWeaponInfoRank::A_Plus,EWeaponInfoRank::A_Plus,EWeaponInfoRank::A_Plus,EWeaponCategory::Special,EWeaponSlayerEnemyType::None,0,0,0,0,0,0,0,0,0,EWeaponSizeInfo::Medium,,,0
WPN_DecoyType02,95,,0,/Game/Character/weapon/Blueprint/wp00095/BP_WpDecoyType02.uasset,132,0,0,0,0,0,EWeaponAttackIntervalType::Release,EWeaponAttackType::Throwing,EWeaponAtkTaeget::None,0,0,0,EWeaponKind::Sub,EWeaponHoldType::One,EAttachType::Hand,0,ESideTrgAct::None,0,0,0,0,0,0.05,0,0,0,0,0.1,1,0,EDecBulletType::Bullet,EWeaponReloadType::EmptyReload,0,10,10,0,1,1,1,1,1,1,ECustomReloadType::None,0,0,0,0,0,0,0,0,0,0,-1,-1,-1,0,0,0,0,EBuddyWeaponType::Throw,0,EHoldWeaponType::OneHandGun,0.2,ERecoilMotionType::Middle,ERecoilMoveTiming::None,ERecoilMovePower::None,EShotCharaEffect::None,None,EShakeType::None,1,1,0,0,0,0,0,0,0,0,0,0,0,0,0,0,0,0,0,0,0,0,EWeaponMaker::WeaponMaker001,EWeaponIcon::None,EWeaponInfoTriggerType::None,EWeaponInfo::None,EWeaponInfo::None,EWeaponInfo::None,EWeaponInfo::None,EWeaponInfo::None,EWeaponInfoScoreEvaluation::None,EWeaponInfoRank::A_Plus,EWeaponInfoRank::A_Plus,EWeaponInfoRank::A_Plus,EWeaponInfoRank::A_Plus,EWeaponInfoRank::A_Plus,EWeaponInfoRank::A_Plus,EWeaponInfoRank::A_Plus,EWeaponCategory::Throw,EWeaponSlayerEnemyType::None,0,0,0,0,0,0,0,0,0,EWeaponSizeInfo::Medium,,,0
WPN_MachineHijack,96,ヘルシャフト,932,/Game/Character/weapon/Blueprint/wp00096/BP_WpMachineHijack.uasset,133,0,0,0,0,0,EWeaponAttackIntervalType::Trigger,EWeaponAttackType::Grapple,EWeaponAtkTaeget::None,0,0,0,EWeaponKind::Sub,EWeaponHoldType::One,EAttachType::Hand,0,ESideTrgAct::None,0,0,0,0,0,0.05,0,0,0,0,0.1,1,0,EDecBulletType::Bullet,EWeaponReloadType::EmptyReload,0,7.5,7.5,0,1,1,1,1,1,1,ECustomReloadType::Debuff,0,0,0,0,0,0,0,0,0,0,-1,-1,-1,0,0,0,0,EBuddyWeaponType::None,0,EHoldWeaponType::OneHandGun,0.35,ERecoilMotionType::Small,ERecoilMoveTiming::None,ERecoilMovePower::None,EShotCharaEffect::None,None,EShakeType::None,1,1,0,0,0,0,0,0,0,0,0,0,0,0,0,0,0,0,0,0,0,0,EWeaponMaker::WeaponMaker001,EWeaponIcon::None,EWeaponInfoTriggerType::Single,EWeaponInfo::BadState_Jamming,EWeaponInfo::None,EWeaponInfo::None,EWeaponInfo::None,EWeaponInfo::None,EWeaponInfoScoreEvaluation::None,EWeaponInfoRank::C,EWeaponInfoRank::C,EWeaponInfoRank::None,EWeaponInfoRank::E,EWeaponInfoRank::B_Plus,EWeaponInfoRank::B,EWeaponInfoRank::None,EWeaponCategory::Special,EWeaponSlayerEnemyType::Enemy,0,0,0,0,0,0,0,0,0,EWeaponSizeInfo::Medium,開発：WXW　　型番：WXW-08A02\n近付く敵の自由を奪い、\nまさにその名のごとく敵を「支配」する。,　分類：範囲攻撃　　　　　属性：妨害　　 \n\n自身から広範囲攻撃を発生。\nヒット時は痺れ効果。　　　,0
WPN_OptionsShield,97,シールドヴァイト,801,/Game/Character/weapon/Blueprint/wp00097/BP_WpOptionsShield.uasset,134,0,0,0,0,0,EWeaponAttackIntervalType::Trigger,EWeaponAttackType::Ranged,EWeaponAtkTaeget::Friend,0,0,0,EWeaponKind::Main,EWeaponHoldType::Both,EAttachType::Hand,0,ESideTrgAct::AttackSubWeapon,10017,0,0,0,0.5,1,0,0,0,0,0.1,1,0,EDecBulletType::Bullet,EWeaponReloadType::EmptyReload,0,12,12,0,1,1,0,1,1,1,ECustomReloadType::Buff,0,0,0,0,0,0,0,0,0,1,-1,-1,-1,0,0,0,0,EBuddyWeaponType::Support,0,EHoldWeaponType::OneHandGun,0.15,ERecoilMotionType::Small,ERecoilMoveTiming::None,ERecoilMovePower::None,EShotCharaEffect::None,None,EShakeType::None,1,1,0,0,0,0,0,0,0,0,0,0,0,0,0,0,0,0,0,0,0,0,EWeaponMaker::WeaponMaker003,EWeaponIcon::None,EWeaponInfoTriggerType::Single,EWeaponInfo::Shield,EWeaponInfo::None,EWeaponInfo::None,EWeaponInfo::None,EWeaponInfo::None,EWeaponInfoScoreEvaluation::None,EWeaponInfoRank::None,EWeaponInfoRank::None,EWeaponInfoRank::E,EWeaponInfoRank::E,EWeaponInfoRank::C,EWeaponInfoRank::B,EWeaponInfoRank::C,EWeaponCategory::Special,EWeaponSlayerEnemyType::Friend,0,0,0,0,0,0,0,0,0,EWeaponSizeInfo::Medium,開発：MA-I　　型番：MA92HRE3\nシールド展開機能を射出型にする事により、\n自身だけでなく味方に対しても行う事が可能。,　分類：特殊シールド　　　属性：補助　 \n一人に対して射撃シールドを発生させる。\n左攻撃：自身に発生。\n右攻撃：味方に当てると、味方に発生。,0
WPN_MobTransfer,98,,0,/Game/Character/weapon/Blueprint/wp00098/BP_WpMobTransferMain.uasset,137,0,0,0,0,0,EWeaponAttackIntervalType::Trigger,EWeaponAttackType::Ranged,EWeaponAtkTaeget::None,0,0,0,EWeaponKind::Main,EWeaponHoldType::Both,EAttachType::Hand,0,ESideTrgAct::AttackSubWeapon,10018,0,0,0,0,0.05,0,0,0,0,0.1,1,0,EDecBulletType::Bullet,EWeaponReloadType::EmptyReload,0,0,0,0,0,9,0,0,1,1,ECustomReloadType::None,0,0,0,0,0,0,0,0,0,0,-1,-1,-1,0,0,0,0,EBuddyWeaponType::None,0,EHoldWeaponType::OneHoldGun,0.35,ERecoilMotionType::Satellite,ERecoilMoveTiming::None,ERecoilMovePower::None,EShotCharaEffect::None,None,EShakeType::None,1,1,0,0,0,0,0,0,0,0,0,0,0,0,0,0,0,0,0,0,0,0,EWeaponMaker::WeaponMaker001,EWeaponIcon::None,EWeaponInfoTriggerType::None,EWeaponInfo::None,EWeaponInfo::None,EWeaponInfo::None,EWeaponInfo::None,EWeaponInfo::None,EWeaponInfoScoreEvaluation::None,EWeaponInfoRank::A_Plus,EWeaponInfoRank::A_Plus,EWeaponInfoRank::A_Plus,EWeaponInfoRank::A_Plus,EWeaponInfoRank::A_Plus,EWeaponInfoRank::A_Plus,EWeaponInfoRank::A_Plus,EWeaponCategory::Special,EWeaponSlayerEnemyType::None,0,0,0,0,0,0,0,0,0,EWeaponSizeInfo::Medium,,,0
WPN_BlizzardGun,99,,890,/Game/Character/weapon/Blueprint/wp00099/BP_WpBlizzardGun.uasset,139,0,0,0,0,0,EWeaponAttackIntervalType::Press,EWeaponAttackType::Ranged,EWeaponAtkTaeget::Enemy,0,0,0,EWeaponKind::Main,EWeaponHoldType::Both,EAttachType::Hand,0,ESideTrgAct::AttackSubWeapon,10019,0,0,0,0,0.8,0,0.1,0,0,0.1,1,0,EDecBulletType::Bullet,EWeaponReloadType::EmptyReload,0,10,10,0,3,3,3,1,1,1,ECustomReloadType::Debuff,0,0,0,0,0,0,0,0,0,0,-1,-1,-1,0,0,0,0,EBuddyWeaponType::Ice,0,EHoldWeaponType::BothRifles,0.35,ERecoilMotionType::Small,ERecoilMoveTiming::None,ERecoilMovePower::None,EShotCharaEffect::None,None,EShakeType::ImpactDynamic,0.1,1,0,0,0,0,0,0,0,0,0,0,0,0,0,0,0,0,0,0,0,0,EWeaponMaker::None,EWeaponIcon::None,EWeaponInfoTriggerType::Hold,EWeaponInfo::BadState_Freeze,EWeaponInfo::None,EWeaponInfo::None,EWeaponInfo::None,EWeaponInfo::None,EWeaponInfoScoreEvaluation::None,EWeaponInfoRank::B,EWeaponInfoRank::B,EWeaponInfoRank::B,EWeaponInfoRank::A,EWeaponInfoRank::B,EWeaponInfoRank::B,EWeaponInfoRank::None,EWeaponCategory::ShootingMiddle,EWeaponSlayerEnemyType::Enemy,0,0,0,0,0,0,0,0,0,EWeaponSizeInfo::Medium,開発：?　型番：?\n寒い季節にピッタリのコールド・ウェポン。その名前には秘密が隠されているようだが、解読してもプレゼントは無いとのこと？,　分類：氷結銃　　　　　　属性：妨害　　 \n雪の化身の力を借りた特殊モデル。\n左攻撃：移動力低下効果がある霧を放射。\n右攻撃：移動力低下効果がある氷弾を撃つ。,0
WPN_SentryGunType03,100,ターレットMI,320,/Game/Character/weapon/Blueprint/wp00100/BP_WpSentryGunType03.uasset,140,0,0,0,0,0,EWeaponAttackIntervalType::Release,EWeaponAttackType::Throwing,EWeaponAtkTaeget::None,0,0,0,EWeaponKind::Sub,EWeaponHoldType::One,EAttachType::Hand,0,ESideTrgAct::None,0,0,0,0,0.1,0.1,0,0,0,0,0.1,0.5,0,EDecBulletType::Bullet,EWeaponReloadType::Reset,0,12,12,0,1,1,1,1,1,1,ECustomReloadType::Bullet,200,17500,100,0,0,0,0,0,0,1,-1,-1,-1,0,0,0,0,EBuddyWeaponType::None,0,EHoldWeaponType::OneHandGun,0.1,ERecoilMotionType::Middle,ERecoilMoveTiming::None,ERecoilMovePower::None,EShotCharaEffect::None,None,EShakeType::None,1,1,0,0,0,0,0,0,0,0,0,0,0,0,0,0,0,0,0,0,0,0,EWeaponMaker::WeaponMaker001,EWeaponIcon::None,EWeaponInfoTriggerType::Release,EWeaponInfo::OneShotFlinch,EWeaponInfo::None,EWeaponInfo::None,EWeaponInfo::None,EWeaponInfo::None,EWeaponInfoScoreEvaluation::Medium,EWeaponInfoRank::B,EWeaponInfoRank::B,EWeaponInfoRank::D,EWeaponInfoRank::E,EWeaponInfoRank::E,EWeaponInfoRank::A,EWeaponInfoRank::None,EWeaponCategory::Throw,EWeaponSlayerEnemyType::Enemy,0,0,0,0,0,0,0,0,0,EWeaponSizeInfo::Medium,開発：WXW　　型番：WXW-72A01\n自律型攻撃装置。\n設置すれば自動で攻撃してくれるため、\n本体の攻撃と連携させて戦うことも可能。,　分類：自動砲台　　　　　属性：設置/実弾　　　 \n\n任意の場所に設置後、一定時間滞在。\n自動で近くの敵をロックしミサイルを撃つ。,0
WPN_ShieldAreaType02,101,,0,/Game/Character/weapon/Blueprint/wp00101/BP_WpShieldAreaType02.uasset,141,0,0,0,0,0,EWeaponAttackIntervalType::Release,EWeaponAttackType::Throwing,EWeaponAtkTaeget::None,0,0,0,EWeaponKind::Sub,EWeaponHoldType::One,EAttachType::Hand,0,ESideTrgAct::None,0,0,0,0,0,0.05,0,0,0,0,0.1,1,0,EDecBulletType::Bullet,EWeaponReloadType::EmptyReload,0,20,15,0,1,1,0,1,1,1,ECustomReloadType::None,0,0,0,0,0,0,0,0,0,0,-1,-1,-1,0,0,0,0,EBuddyWeaponType::None,0,EHoldWeaponType::OneHandGun,0.2,ERecoilMotionType::Middle,ERecoilMoveTiming::None,ERecoilMovePower::None,EShotCharaEffect::None,None,EShakeType::None,1,1,0,0,0,0,0,0,0,0,0,0,0,0,0,0,0,0,0,0,0,0,EWeaponMaker::WeaponMaker004,EWeaponIcon::None,EWeaponInfoTriggerType::None,EWeaponInfo::Shield,EWeaponInfo::None,EWeaponInfo::None,EWeaponInfo::None,EWeaponInfo::None,EWeaponInfoScoreEvaluation::None,EWeaponInfoRank::E,EWeaponInfoRank::E,EWeaponInfoRank::E,EWeaponInfoRank::E,EWeaponInfoRank::C,EWeaponInfoRank::C,EWeaponInfoRank::C,EWeaponCategory::Throw,EWeaponSlayerEnemyType::None,0,0,0,0,0,0,0,0,0,EWeaponSizeInfo::Medium,,,0
WPN_HealBomb,102,,0,/Game/Character/weapon/Blueprint/wp00102/BP_WpHealBomb.uasset,0,0,0,0,0,0,EWeaponAttackIntervalType::Trigger,EWeaponAttackType::Ranged,EWeaponAtkTaeget::Enemy,0,0,0,EWeaponKind::Main,EWeaponHoldType::One,EAttachType::Hand,0,ESideTrgAct::None,0,0,0,0,0,0.2,0,0,0,0,0.1,1,0,EDecBulletType::Bullet,EWeaponReloadType::EmptyReload,0,2.5,2.5,0,20,20,20,1,1,255,ECustomReloadType::None,0,0,0,0,0,0,0,0,0,0,-1,-1,-1,0,0,0,0,EBuddyWeaponType::None,0,EHoldWeaponType::OneHandGun,0.3,ERecoilMotionType::Small,ERecoilMoveTiming::None,ERecoilMovePower::None,EShotCharaEffect::None,None,EShakeType::None,1,1,0,0,0,0,0,0,0,0,0,0,0,0,0,0,0,0,0,0,0,0,EWeaponMaker::None,EWeaponIcon::None,EWeaponInfoTriggerType::None,EWeaponInfo::None,EWeaponInfo::None,EWeaponInfo::None,EWeaponInfo::None,EWeaponInfo::None,EWeaponInfoScoreEvaluation::None,EWeaponInfoRank::A_Plus,EWeaponInfoRank::A_Plus,EWeaponInfoRank::A_Plus,EWeaponInfoRank::A_Plus,EWeaponInfoRank::A_Plus,EWeaponInfoRank::A_Plus,EWeaponInfoRank::A_Plus,EWeaponCategory::Special,EWeaponSlayerEnemyType::None,0,0,0,0,0,0,0,0,0,EWeaponSizeInfo::Medium,,,0
WPN_PowerBall,103,エヴォルフィア,521,/Game/Character/weapon/Blueprint/wp00103/BP_WpPowerBall.uasset,142,143,144,0,0,0,EWeaponAttackIntervalType::Release,EWeaponAttackType::Ranged,EWeaponAtkTaeget::Enemy,0,0,0,EWeaponKind::Main,EWeaponHoldType::Both,EAttachType::Hand,0,ESideTrgAct::None,0,0,0,0,0,0.37,1,0.4,0,0,0.1,1,0,EDecBulletType::Bullet,EWeaponReloadType::Reset,0,12,6,0,1,1,0,1,1,1,ECustomReloadType::Beam,0,0,0,0,0,0,0,0,0,0,-1,-1,-1,0,0,0,0,EBuddyWeaponType::BigWeapon,0,EHoldWeaponType::BothRifles,0.3,ERecoilMotionType::Small,ERecoilMoveTiming::None,ERecoilMovePower::None,EShotCharaEffect::None,None,EShakeType::ImpactDynamic,1,1,0,0,0,0,0,0,0,0,0,0,0,0,0,0,0,0,0,0,0,0,EWeaponMaker::WeaponMaker003,EWeaponIcon::None,EWeaponInfoTriggerType::Charge,EWeaponInfo::OneShotFlinch,EWeaponInfo::BadState_Jamming,EWeaponInfo::OneShotDown,EWeaponInfo::None,EWeaponInfo::None,EWeaponInfoScoreEvaluation::None,EWeaponInfoRank::A,EWeaponInfoRank::A,EWeaponInfoRank::C,EWeaponInfoRank::E,EWeaponInfoRank::C,EWeaponInfoRank::B,EWeaponInfoRank::None,EWeaponCategory::ShootingMiddle,EWeaponSlayerEnemyType::Enemy,0,0,0,0,0,0,0,0,0,EWeaponSizeInfo::Medium,開発：MA-I　　型番：MA74HTH\nチャージ段階によって効果が変わる便利な\n光学武器。チャージを調節する必要が\nあるため、やや上級者向け。,　分類：チャージガン　　　属性：ビーム　　 \nチャージすることで変化する弾を撃つ。\n1段階：単発弾。2段階：ジャミング弾。\n3段階：弾速が遅いが超高威力の弾。,0
WPN_Fireworks,104,,0,/Game/Character/weapon/Blueprint/wp00104/BP_WpFireworks.uasset,0,0,0,0,0,0,EWeaponAttackIntervalType::Trigger,EWeaponAttackType::Ranged,EWeaponAtkTaeget::Enemy,0,0,0,EWeaponKind::Main,EWeaponHoldType::One,EAttachType::Hand,0,ESideTrgAct::None,0,0,0,0,0,0.2,0,0,0,0,0.1,1,0,EDecBulletType::Bullet,EWeaponReloadType::EmptyReload,0,2.5,2.5,0,20,20,20,1,1,255,ECustomReloadType::None,0,0,0,0,0,0,0,0,0,0,-1,-1,-1,0,0,0,0,EBuddyWeaponType::None,0,EHoldWeaponType::OneHandGun,0.3,ERecoilMotionType::Small,ERecoilMoveTiming::None,ERecoilMovePower::None,EShotCharaEffect::None,None,EShakeType::None,1,1,0,0,0,0,0,0,0,0,0,0,0,0,0,0,0,0,0,0,0,0,EWeaponMaker::None,EWeaponIcon::None,EWeaponInfoTriggerType::None,EWeaponInfo::None,EWeaponInfo::None,EWeaponInfo::None,EWeaponInfo::None,EWeaponInfo::None,EWeaponInfoScoreEvaluation::None,EWeaponInfoRank::A_Plus,EWeaponInfoRank::A_Plus,EWeaponInfoRank::A_Plus,EWeaponInfoRank::A_Plus,EWeaponInfoRank::A_Plus,EWeaponInfoRank::A_Plus,EWeaponInfoRank::A_Plus,EWeaponCategory::Special,EWeaponSlayerEnemyType::None,0,0,0,0,0,0,0,0,0,EWeaponSizeInfo::Medium,,,0
WPN_RailGun,105,エクレイル,235,/Game/Character/weapon/Blueprint/wp00105/BP_WpRailGun.uasset,145,0,146,0,0,0,EWeaponAttackIntervalType::Trigger,EWeaponAttackType::Ranged,EWeaponAtkTaeget::Enemy,0,35000,0,EWeaponKind::Main,EWeaponHoldType::Both,EAttachType::Hand,0,ESideTrgAct::None,0,0,0,0,0,1,0,1.8,0,0,0.1,1,0,EDecBulletType::Bullet,EWeaponReloadType::EmptyReload,0,10,10,0,1,1,1,1,1,1,ECustomReloadType::Bullet,40,0,0,0,0,0,0,0,0,0,-1,1,-1,0,0,0,0,EBuddyWeaponType::BigWeapon,0,EHoldWeaponType::BothRifles,0.3,ERecoilMotionType::Small,ERecoilMoveTiming::None,ERecoilMovePower::None,EShotCharaEffect::None,AttackWholeCenterFast,EShakeType::ImpactDynamic,0.1,1,0,0,0,0,0,0,0,0,0,0,0,0,0,0,0,0,0,0,0,0,EWeaponMaker::WeaponMaker004,EWeaponIcon::None,EWeaponInfoTriggerType::Single,EWeaponInfo::OneShotDown,EWeaponInfo::None,EWeaponInfo::None,EWeaponInfo::None,EWeaponInfo::None,EWeaponInfoScoreEvaluation::None,EWeaponInfoRank::B_Plus,EWeaponInfoRank::C,EWeaponInfoRank::A_Plus,EWeaponInfoRank::E,EWeaponInfoRank::B,EWeaponInfoRank::D,EWeaponInfoRank::None,EWeaponCategory::ShootingLong,EWeaponSlayerEnemyType::Enemy,0,0,0,0,0,0,0,0,0,EWeaponSizeInfo::Medium,開発：AVENIR　　型番：AVN-48\n驚異的な命中精度を誇る光学武器。ただし、\nある程度の時間、敵を捕捉している必要がある\nため、予測追従能力が重要になる。,　分類：ライフル　　　　　属性：ビーム　　 \n\n一定時間クリティカル範囲内に捉え続けると\n必中する高威力の弾を撃つ。,0
WPN_StealthDeviceType02,106,マジアステルス,931,/Game/Character/weapon/Blueprint/wp00106/BP_WpStealthDeviceType02.uasset,0,0,0,0,0,0,EWeaponAttackIntervalType::Trigger,EWeaponAttackType::Etc,EWeaponAtkTaeget::None,0,0,0,EWeaponKind::Sub,EWeaponHoldType::One,EAttachType::Hand,0,ESideTrgAct::None,0,0,0,0,1,1,0,0,0,0,0.1,1,0,EDecBulletType::Energy,EWeaponReloadType::EmptyReload,0,12,12,0,5000,5000,0,0,1,1,ECustomReloadType::Buff,0,0,0,0,0,0,0,0,0,0,-1,-1,-1,0,0,0,0,EBuddyWeaponType::None,0,EHoldWeaponType::OneHandGun,0.2,ERecoilMotionType::Small,ERecoilMoveTiming::None,ERecoilMovePower::None,EShotCharaEffect::None,None,EShakeType::None,1,1,0,0,0,0,0,0,0,0,0,0,0,0,0,0,0,0,0,0,0,0,EWeaponMaker::WeaponMaker003,EWeaponIcon::None,EWeaponInfoTriggerType::Single,EWeaponInfo::Stealth,EWeaponInfo::None,EWeaponInfo::None,EWeaponInfo::None,EWeaponInfo::None,EWeaponInfoScoreEvaluation::Small,EWeaponInfoRank::None,EWeaponInfoRank::None,EWeaponInfoRank::None,EWeaponInfoRank::A_Plus,EWeaponInfoRank::C,EWeaponInfoRank::B,EWeaponInfoRank::None,EWeaponCategory::Special,EWeaponSlayerEnemyType::Owner,0,0,0,0,0,0,0,0,0,EWeaponSizeInfo::Medium,開発：MA-I　　型番：MA57SE\n敵軍のセンサーを妨害することができる\n特殊迷彩装置。敵からはまるで透明に\nなったように見える。,　分類：ステルス　　　　　属性：補助　　　 \n一定時間相手からロックされなくなり、\n敵マップ上から存在を消す事ができる。\n攻撃をするか、再度トリガーを引くと戻る。,0
WPN_BeamRifleType03,107,グレイスピラ,111,/Game/Character/weapon/Blueprint/wp00107/BP_WpBeamRifleType03.uasset,147,0,0,0,0,0,EWeaponAttackIntervalType::Press,EWeaponAttackType::Ranged,EWeaponAtkTaeget::Enemy,0,0,0,EWeaponKind::Main,EWeaponHoldType::One,EAttachType::Hand,0,ESideTrgAct::None,0,0,0,0,0,0.88,0,0,0,0,0.1,1,0,EDecBulletType::Bullet,EWeaponReloadType::Continuation,0,3,3,0,1,6,6,1,1,255,ECustomReloadType::Beam,0,0,0,0,0,0,0,0,0,1,-1,-1,-1,0,0,0,0,EBuddyWeaponType::None,0,EHoldWeaponType::OneHandGun,0.2,ERecoilMotionType::Small,ERecoilMoveTiming::None,ERecoilMovePower::None,EShotCharaEffect::None,None,EShakeType::ImpactDynamic,0.1,1,0,0,0,0,0,0,0,0,0,0,0,0,0,0,0,0,0,0,0,0,EWeaponMaker::WeaponMaker003,EWeaponIcon::None,EWeaponInfoTriggerType::Hold,EWeaponInfo::None,EWeaponInfo::None,EWeaponInfo::None,EWeaponInfo::None,EWeaponInfo::None,EWeaponInfoScoreEvaluation::None,EWeaponInfoRank::B,EWeaponInfoRank::A,EWeaponInfoRank::C,EWeaponInfoRank::C,EWeaponInfoRank::B_Plus,EWeaponInfoRank::A,EWeaponInfoRank::None,EWeaponCategory::ShootingMiddle,EWeaponSlayerEnemyType::Enemy,0,0,0,0,0,0,0,0,0,EWeaponSizeInfo::Medium,開発：MA-I　　型番：MA23BE\nメタリックアームズ・インダストリーは\n長年の研究開発によって、リング状の\nビームを発射させることに成功した。,　分類：リングライフル　　属性：ビーム　　 \n\nリング状のビーム弾を撃つ。\n従来のライフルより攻撃判定が広い。,0
WPN_BeamVeil,108,,0,/Game/Character/weapon/Blueprint/wp00108/BP_WpBeamVeil.uasset,0,0,0,0,0,0,EWeaponAttackIntervalType::Trigger,EWeaponAttackType::Ranged,EWeaponAtkTaeget::Enemy,0,0,0,EWeaponKind::Main,EWeaponHoldType::One,EAttachType::Hand,0,ESideTrgAct::None,0,0,0,0,0,0.2,0,0,0,0,0.1,1,0,EDecBulletType::Bullet,EWeaponReloadType::EmptyReload,0,2.5,2.5,0,20,20,20,1,1,255,ECustomReloadType::None,0,0,0,0,0,0,0,0,0,0,-1,-1,-1,0,0,0,0,EBuddyWeaponType::None,0,EHoldWeaponType::OneHandGun,0.3,ERecoilMotionType::Small,ERecoilMoveTiming::None,ERecoilMovePower::None,EShotCharaEffect::None,None,EShakeType::None,1,1,0,0,0,0,0,0,0,0,0,0,0,0,0,0,0,0,0,0,0,0,EWeaponMaker::None,EWeaponIcon::None,EWeaponInfoTriggerType::None,EWeaponInfo::None,EWeaponInfo::None,EWeaponInfo::None,EWeaponInfo::None,EWeaponInfo::None,EWeaponInfoScoreEvaluation::None,EWeaponInfoRank::A_Plus,EWeaponInfoRank::A_Plus,EWeaponInfoRank::A_Plus,EWeaponInfoRank::A_Plus,EWeaponInfoRank::A_Plus,EWeaponInfoRank::A_Plus,EWeaponInfoRank::A_Plus,EWeaponCategory::Special,EWeaponSlayerEnemyType::None,0,0,0,0,0,0,0,0,0,EWeaponSizeInfo::Medium,,,0
WPN_PulseGunType02,109,,0,/Game/Character/weapon/Blueprint/wp00109/BP_WpPulseGunType02.uasset,148,0,0,0,0,0,EWeaponAttackIntervalType::Press,EWeaponAttackType::Ranged,EWeaponAtkTaeget::Enemy,0,0,0,EWeaponKind::Main,EWeaponHoldType::One,EAttachType::Hand,0,ESideTrgAct::None,0,0,0,0,0,0.5,0,0,0,0,0.1,1,0,EDecBulletType::Bullet,EWeaponReloadType::Continuation,0,2,2,0,1,3,3,1,1,255,ECustomReloadType::None,2000,1800,1600,1400,1200,0,0,0,0,0,-1,-1,-1,0,0,0,0,EBuddyWeaponType::None,0,EHoldWeaponType::OneHandGun,0.35,ERecoilMotionType::Small,ERecoilMoveTiming::None,ERecoilMovePower::None,EShotCharaEffect::None,None,EShakeType::None,1,1,0,0,0,0,0,0,0,0,0,0,0,0,0,0,0,0,0,0,0,0,EWeaponMaker::WeaponMaker001,EWeaponIcon::None,EWeaponInfoTriggerType::None,EWeaponInfo::None,EWeaponInfo::None,EWeaponInfo::None,EWeaponInfo::None,EWeaponInfo::None,EWeaponInfoScoreEvaluation::None,EWeaponInfoRank::A_Plus,EWeaponInfoRank::A_Plus,EWeaponInfoRank::A_Plus,EWeaponInfoRank::A_Plus,EWeaponInfoRank::A_Plus,EWeaponInfoRank::A_Plus,EWeaponInfoRank::A_Plus,EWeaponCategory::ShootingShort,EWeaponSlayerEnemyType::None,0,0,0,0,0,0,0,0,0,EWeaponSizeInfo::Medium,,,0
WPN_BeamSaberType02,110,,0,/Game/Character/weapon/Blueprint/wp00110/BP_WpBeamSaberType02.uasset,153,0,0,0,0,0,EWeaponAttackIntervalType::Trigger,EWeaponAttackType::Grapple,EWeaponAtkTaeget::Enemy,0,0,0,EWeaponKind::Main,EWeaponHoldType::One,EAttachType::Hand,0,ESideTrgAct::None,0,0,0,0,0.1,0.05,0,0,0,0,0.1,1,0,EDecBulletType::Grap,EWeaponReloadType::EmptyReload,0,1.5,1.5,0,1,1,1,1,1,1,ECustomReloadType::None,0,0,0,0,0,0,0,0,0,0,-15,-1,-1,0,0,0,0,EBuddyWeaponType::None,0,EHoldWeaponType::OneHandGun,0.35,ERecoilMotionType::None,ERecoilMoveTiming::None,ERecoilMovePower::None,EShotCharaEffect::None,None,EShakeType::DampedDynamic,3,1,0,0,0,0,0,0,0,0,0,0,0,0,0,0,0,0,0,0,0,0,EWeaponMaker::None,EWeaponIcon::None,EWeaponInfoTriggerType::None,EWeaponInfo::None,EWeaponInfo::None,EWeaponInfo::None,EWeaponInfo::None,EWeaponInfo::None,EWeaponInfoScoreEvaluation::None,EWeaponInfoRank::A_Plus,EWeaponInfoRank::A_Plus,EWeaponInfoRank::C,EWeaponInfoRank::A_Plus,EWeaponInfoRank::A_Plus,EWeaponInfoRank::A_Plus,EWeaponInfoRank::A_Plus,EWeaponCategory::GrapShort,EWeaponSlayerEnemyType::None,0,0,0,0,0,0,0,0,0,EWeaponSizeInfo::Medium,,,0
WPN_TurningGun,111,ブーメラング-Ａ,613,/Game/Character/weapon/Blueprint/wp00111/BP_WpTurningGun.uasset,156,0,0,0,0,0,EWeaponAttackIntervalType::Press,EWeaponAttackType::Ranged,EWeaponAtkTaeget::None,0,0,0,EWeaponKind::Sub,EWeaponHoldType::One,EAttachType::Hand,0,ESideTrgAct::None,0,0,0,0,0,0.4,0,0,0,0,0.1,1,0,EDecBulletType::Bullet,EWeaponReloadType::EmptyReload,0,15,15,0,3,3,3,1,3,3,ECustomReloadType::Beam,1,10,10,0,0,0,0,0,0,0,-1,-1,-1,0,0,0,0,EBuddyWeaponType::None,0,EHoldWeaponType::OneHandGun,0.2,ERecoilMotionType::Small,ERecoilMoveTiming::None,ERecoilMovePower::None,EShotCharaEffect::None,None,EShakeType::None,1,1,0,0,0,0,0,0,0,0,0,0,0,0,0,0,0,0,0,0,0,0,EWeaponMaker::WeaponMaker003,EWeaponIcon::None,EWeaponInfoTriggerType::Single,EWeaponInfo::OneShotDown,EWeaponInfo::None,EWeaponInfo::None,EWeaponInfo::None,EWeaponInfo::None,EWeaponInfoScoreEvaluation::None,EWeaponInfoRank::C,EWeaponInfoRank::C,EWeaponInfoRank::None,EWeaponInfoRank::D,EWeaponInfoRank::D,EWeaponInfoRank::B,EWeaponInfoRank::None,EWeaponCategory::Special,EWeaponSlayerEnemyType::Enemy,0,0,0,0,0,0,0,0,0,EWeaponSizeInfo::Medium,開発：MA-I　　型番：MA65DI\n自機の周囲にアルマドゥーラと呼ばれる\n飛行回転翼を展開し、接近してきた敵機を\n切り裂く防御的な武器。,　分類：ブーメラン　　　　属性：ビーム　　 \n\n自身の周りに3つのブーメランをまとい \n近づく相手を弾く。,0
WPN_SatelliteMortarType02,112,,0,/Game/Character/weapon/Blueprint/wp00112/BP_WpSatelliteMortarType02.uasset,157,0,0,0,0,0,EWeaponAttackIntervalType::Trigger,EWeaponAttackType::Ranged,EWeaponAtkTaeget::Enemy,0,0,0,EWeaponKind::Main,EWeaponHoldType::Both,EAttachType::Hand,0,ESideTrgAct::None,0,0,0,0,0,0.5,0,0,0,0.2,0.1,1,0,EDecBulletType::Bullet,EWeaponReloadType::EmptyReload,0,15,15,0,1,1,0,0,1,1,ECustomReloadType::None,20,30,750,7500,0,0,0,0,0,0,-1,-1,-1,0,0,0,0,EBuddyWeaponType::None,0,EHoldWeaponType::OneHandGun,0.6,ERecoilMotionType::Small,ERecoilMoveTiming::None,ERecoilMovePower::None,EShotCharaEffect::None,None,EShakeType::None,1,1,0,0,0,0,0,0,0,0,0,0,0,0,0,0,0,0,0,0,0,0,EWeaponMaker::WeaponMaker003,EWeaponIcon::None,EWeaponInfoTriggerType::None,EWeaponInfo::None,EWeaponInfo::None,EWeaponInfo::None,EWeaponInfo::None,EWeaponInfo::None,EWeaponInfoScoreEvaluation::None,EWeaponInfoRank::A_Plus,EWeaponInfoRank::A_Plus,EWeaponInfoRank::A_Plus,EWeaponInfoRank::A_Plus,EWeaponInfoRank::A_Plus,EWeaponInfoRank::A_Plus,EWeaponInfoRank::A_Plus,EWeaponCategory::ShootingLong,EWeaponSlayerEnemyType::None,0,0,0,0,0,0,0,0,0,EWeaponSizeInfo::Medium,,,0
WPN_WideShotType03,113,グラン・ラーゴ,112,/Game/Character/weapon/Blueprint/wp00113/BP_WpWideShotType03.uasset,158,159,0,0,0,0,EWeaponAttackIntervalType::Press,EWeaponAttackType::Ranged,EWeaponAtkTaeget::Enemy,0,0,0,EWeaponKind::Main,EWeaponHoldType::One,EAttachType::Hand,0,ESideTrgAct::None,0,0,0,0,0.88,0.08,0,0,0,0,0.1,1,0,EDecBulletType::Bullet,EWeaponReloadType::Continuation,0,4,4,0,2,6,6,1,2,2,ECustomReloadType::Beam,0,0,0,0,0,0,0,0,0,1,-1,-1,-1,0,0,0,0,EBuddyWeaponType::None,0,EHoldWeaponType::OneHandGun,0.2,ERecoilMotionType::Small,ERecoilMoveTiming::None,ERecoilMovePower::None,EShotCharaEffect::None,None,EShakeType::ImpactDynamic,0.1,1,0,0,0,0,0,0,0,0,0,0,0,0,0,0,0,0,0,0,0,0,EWeaponMaker::WeaponMaker004,EWeaponIcon::None,EWeaponInfoTriggerType::Hold,EWeaponInfo::None,EWeaponInfo::None,EWeaponInfo::None,EWeaponInfo::None,EWeaponInfo::None,EWeaponInfoScoreEvaluation::None,EWeaponInfoRank::B_Plus,EWeaponInfoRank::A,EWeaponInfoRank::C,EWeaponInfoRank::C,EWeaponInfoRank::B,EWeaponInfoRank::A,EWeaponInfoRank::None,EWeaponCategory::ShootingMiddle,EWeaponSlayerEnemyType::Enemy,0,0,0,0,0,0,0,0,0,EWeaponSizeInfo::Medium,開発：AVENIR　　型番：AVN-32A2\nラーゴシリーズの一つ。ジェネレーターが\nチューニングされ、十字形に\nビームを発射できる。,　分類：ワイドショット　　属性：ビーム　　 \n\n十字形にビームを発射する。\n使いまわしが良い。,0
WPN_MachineGunType03,114,ミトライユ・バル,703,/Game/Character/weapon/Blueprint/wp00114/BP_WpMachineGunType03.uasset,160,0,0,0,0,0,EWeaponAttackIntervalType::Press,EWeaponAttackType::Ranged,EWeaponAtkTaeget::Enemy,0,0,0,EWeaponKind::Main,EWeaponHoldType::One,EAttachType::Hand,0,ESideTrgAct::None,0,0,0,0,0,0.065,0,0,0,0,0.1,1,0,EDecBulletType::Bullet,EWeaponReloadType::Reset,0,6.8,6.8,0,40,40,40,1,5,255,ECustomReloadType::Bullet,0,0,0,0,0,0,0,0,0,1,-1,-1,-1,0,0,0,0,EBuddyWeaponType::None,0,EHoldWeaponType::OneHandGun,0.1,ERecoilMotionType::Rapid,ERecoilMoveTiming::None,ERecoilMovePower::None,EShotCharaEffect::None,None,EShakeType::None,1,1,0,0,0,0,0,0,0,0,0,0,0,0,0,0,0,0,0,0,0,0,EWeaponMaker::WeaponMaker004,EWeaponIcon::None,EWeaponInfoTriggerType::Hold,EWeaponInfo::None,EWeaponInfo::None,EWeaponInfo::None,EWeaponInfo::None,EWeaponInfo::None,EWeaponInfoScoreEvaluation::None,EWeaponInfoRank::C,EWeaponInfoRank::B,EWeaponInfoRank::B,EWeaponInfoRank::B_Plus,EWeaponInfoRank::A,EWeaponInfoRank::A,EWeaponInfoRank::None,EWeaponCategory::ShootingMiddle,EWeaponSlayerEnemyType::Enemy,0,0,0,0,0,0,0,0,0,EWeaponSizeInfo::Medium,開発：AVENIR　　型番：AVN-01A2\nオーソドックスな火器。\nミトライユのマイナーチェンジモデル。\n安定の連射性能と攻撃力を持つ。,　分類：マシンガン　　　　属性：実弾　　　 \n\n連射性能の高い実弾銃\nリロード速度が速く、使いまわしが良い。,0
WPN_Wp00115,115,,0,/Game/Character/weapon/Blueprint/wp00000/BP_WpEmpty.uasset,0,0,0,0,0,0,EWeaponAttackIntervalType::None,EWeaponAttackType::None,EWeaponAtkTaeget::None,0,0,0,EWeaponKind::Main,EWeaponHoldType::One,EAttachType::Hand,0,ESideTrgAct::None,0,0,0,0,0,0.05,0,0,0,0,0.1,0,0,EDecBulletType::None,EWeaponReloadType::Reset,0,0,0,0,0,0,0,0,0,0,ECustomReloadType::None,0,0,0,0,0,0,0,0,0,0,-1,-1,-1,0,0,0,0,EBuddyWeaponType::None,0,EHoldWeaponType::None,0.35,ERecoilMotionType::Small,ERecoilMoveTiming::None,ERecoilMovePower::None,EShotCharaEffect::None,None,EShakeType::None,1,1,0,0,0,0,0,0,0,0,0,0,0,0,0,0,0,0,0,0,0,0,EWeaponMaker::None,EWeaponIcon::None,EWeaponInfoTriggerType::None,EWeaponInfo::None,EWeaponInfo::None,EWeaponInfo::None,EWeaponInfo::None,EWeaponInfo::None,EWeaponInfoScoreEvaluation::None,EWeaponInfoRank::None,EWeaponInfoRank::None,EWeaponInfoRank::None,EWeaponInfoRank::None,EWeaponInfoRank::None,EWeaponInfoRank::None,EWeaponInfoRank::None,EWeaponCategory::None,EWeaponSlayerEnemyType::None,0,0,0,0,0,0,0,0,0,EWeaponSizeInfo::Medium,空き枠,空き枠,0
WPN_PlasmaGunType02,116,,0,/Game/Character/weapon/Blueprint/wp00116/BP_WpPlasmaGunType02.uasset,161,0,0,0,0,0,EWeaponAttackIntervalType::Press,EWeaponAttackType::Ranged,EWeaponAtkTaeget::Enemy,0,0,0,EWeaponKind::Main,EWeaponHoldType::One,EAttachType::Hand,0,ESideTrgAct::None,0,0,0,0,0,1,0,0,0,0,0.1,1,0,EDecBulletType::Bullet,EWeaponReloadType::Continuation,0,4,4,0,1,5,5,1,1,255,ECustomReloadType::None,0,0,0,0,0,0,0,0,0,0,-1,-1,-1,0,0,0,0,EBuddyWeaponType::None,0,EHoldWeaponType::OneHandGun,0.38,ERecoilMotionType::Middle,ERecoilMoveTiming::None,ERecoilMovePower::None,EShotCharaEffect::None,None,EShakeType::ImpactDynamic,0.3,1,0,0,0,0,0,0,0,0,0,0,0,0,0,0,0,0,0,0,0,0,EWeaponMaker::WeaponMaker003,EWeaponIcon::None,EWeaponInfoTriggerType::None,EWeaponInfo::None,EWeaponInfo::None,EWeaponInfo::None,EWeaponInfo::None,EWeaponInfo::None,EWeaponInfoScoreEvaluation::None,EWeaponInfoRank::A_Plus,EWeaponInfoRank::A_Plus,EWeaponInfoRank::A_Plus,EWeaponInfoRank::A_Plus,EWeaponInfoRank::A_Plus,EWeaponInfoRank::A_Plus,EWeaponInfoRank::A_Plus,EWeaponCategory::ShootingMiddle,EWeaponSlayerEnemyType::None,0,0,0,0,0,0,0,0,0,EWeaponSizeInfo::Medium,,,0
WPN_3WayGrenadeType02,117,,0,/Game/Character/weapon/Blueprint/wp00117/BP_Wp3WayGrenadeType02.uasset,162,0,0,0,0,0,EWeaponAttackIntervalType::Release,EWeaponAttackType::Throwing,EWeaponAtkTaeget::Enemy,0,0,0,EWeaponKind::Sub,EWeaponHoldType::One,EAttachType::Hand,0,ESideTrgAct::None,0,0,0,0,0,0.05,0,0,0,0,0.1,1,0,EDecBulletType::Bullet,EWeaponReloadType::EmptyReload,0,2,2,0,1,1,1,1,1,1,ECustomReloadType::None,2,5,2,0,0,0,0,0,0,0,-1,-1,-1,0,0,0,0,EBuddyWeaponType::None,0,EHoldWeaponType::OneHandGun,0.2,ERecoilMotionType::Middle,ERecoilMoveTiming::None,ERecoilMovePower::None,EShotCharaEffect::None,None,EShakeType::None,1,1,0,0,0,0,0,0,0,0,0,0,0,0,0,0,0,0,0,0,0,0,EWeaponMaker::WeaponMaker001,EWeaponIcon::None,EWeaponInfoTriggerType::None,EWeaponInfo::None,EWeaponInfo::None,EWeaponInfo::None,EWeaponInfo::None,EWeaponInfo::None,EWeaponInfoScoreEvaluation::None,EWeaponInfoRank::A_Plus,EWeaponInfoRank::A_Plus,EWeaponInfoRank::A_Plus,EWeaponInfoRank::A_Plus,EWeaponInfoRank::A_Plus,EWeaponInfoRank::A_Plus,EWeaponInfoRank::A_Plus,EWeaponCategory::Throw,EWeaponSlayerEnemyType::None,0,0,0,0,0,0,0,0,0,EWeaponSizeInfo::Medium,,,0
WPN_BeamShotGun,118,ラジオパレット,930,/Game/Character/weapon/Blueprint/wp00118/BP_WpBeamShotGun.uasset,163,0,0,0,0,0,EWeaponAttackIntervalType::Press,EWeaponAttackType::Ranged,EWeaponAtkTaeget::Enemy,0,0,0,EWeaponKind::Sub,EWeaponHoldType::One,EAttachType::Hand,0,ESideTrgAct::None,0,0,0,0,0,0.4,0,0,0,0.1,0.1,1,0,EDecBulletType::Bullet,EWeaponReloadType::Continuation,0,6,6,0,2,4,4,1,1,255,ECustomReloadType::Beam,100,200,300,400,500,0,0,0,0,1,-1,-1,-1,0,0,0,0,EBuddyWeaponType::None,0,EHoldWeaponType::OneHandGun,0.1,ERecoilMotionType::Small,ERecoilMoveTiming::None,ERecoilMovePower::None,EShotCharaEffect::None,None,EShakeType::ImpactDynamic,0.5,1,0,0,0,0,0,0,0,0,0,0,0,0,0,0,0,0,0,0,0,0,EWeaponMaker::WeaponMaker003,EWeaponIcon::None,EWeaponInfoTriggerType::Hold,EWeaponInfo::None,EWeaponInfo::None,EWeaponInfo::None,EWeaponInfo::None,EWeaponInfo::None,EWeaponInfoScoreEvaluation::None,EWeaponInfoRank::C,EWeaponInfoRank::D,EWeaponInfoRank::B_Plus,EWeaponInfoRank::E,EWeaponInfoRank::B,EWeaponInfoRank::B,EWeaponInfoRank::None,EWeaponCategory::ShootingShort,EWeaponSlayerEnemyType::Enemy,0,0,0,0,0,0,0,0,0,EWeaponSizeInfo::Medium,開発：MA-I　　型番：MA31BE2\n実弾を使用する散弾銃のように、小さな\nビームエネルギーを広範囲にばら撒く武器。,　分類：ショットガン　　　属性：ビーム　　 \n少し距離が長く、攻撃判定の広い\nビーム属性のショットガン。\n敵を吹き飛ばすことができる。,0
WPN_BeamRifleType04,119,グレイン-SP,704,/Game/Character/weapon/Blueprint/wp00119/BP_WpBeamRifleType04.uasset,168,0,0,0,0,0,EWeaponAttackIntervalType::Press,EWeaponAttackType::Ranged,EWeaponAtkTaeget::Enemy,0,0,0,EWeaponKind::Main,EWeaponHoldType::One,EAttachType::Hand,0,ESideTrgAct::None,0,0,0,0,0,0.72,0,0,0,0,0.1,1,0,EDecBulletType::Bullet,EWeaponReloadType::Continuation,0,2.7,2.7,0,1,5,5,1,1,255,ECustomReloadType::Beam,0,0,0,0,0,0,0,0,0,1,-1,-1,-1,0,0,0,0,EBuddyWeaponType::None,0,EHoldWeaponType::OneHandGun,0.2,ERecoilMotionType::Small,ERecoilMoveTiming::None,ERecoilMovePower::None,EShotCharaEffect::None,None,EShakeType::ImpactDynamic,0.1,1,0,0,0,0,0,0,0,0,0,0,0,0,0,0,0,0,0,0,0,0,EWeaponMaker::WeaponMaker003,EWeaponIcon::None,EWeaponInfoTriggerType::Hold,EWeaponInfo::None,EWeaponInfo::None,EWeaponInfo::None,EWeaponInfo::None,EWeaponInfo::None,EWeaponInfoScoreEvaluation::None,EWeaponInfoRank::B,EWeaponInfoRank::B,EWeaponInfoRank::B_Plus,EWeaponInfoRank::C,EWeaponInfoRank::B_Plus,EWeaponInfoRank::A,EWeaponInfoRank::None,EWeaponCategory::ShootingMiddle,EWeaponSlayerEnemyType::Enemy,0,0,0,0,0,0,0,0,0,EWeaponSizeInfo::Medium,開発：MA-I　　型番：MA21BE3\nメタリックアームズの光学兵器。\n連続してビームを発射し、敵を粉砕する。\nビームが誘導するため、命中率が高い。,　分類：ライフル　　　　　属性：ビーム　　 \n\n標準的な火力を持つビーム銃。\n誘導性能が高い。　　　　,0
WPN_3WayBeamGun,120,ディトーレ,420,/Game/Character/weapon/Blueprint/wp00120/BP_Wp3WayBeamGun.uasset,169,0,0,0,0,-300,EWeaponAttackIntervalType::Press,EWeaponAttackType::Ranged,EWeaponAtkTaeget::Enemy,0,0,0,EWeaponKind::Main,EWeaponHoldType::One,EAttachType::Hand,0,ESideTrgAct::None,0,0,0,0,0,0.6,0,0,0,0,0.1,1,0,EDecBulletType::Bullet,EWeaponReloadType::Continuation,0,6,6,0,2,4,4,1,1,255,ECustomReloadType::Beam,340,0,0,0,0,0,0,0,0,1,-1,-1,-1,0,0,0,0,EBuddyWeaponType::None,0,EHoldWeaponType::OneHandGun,0.2,ERecoilMotionType::Rapid,ERecoilMoveTiming::None,ERecoilMovePower::None,EShotCharaEffect::None,None,EShakeType::ImpactStatic,0.8,0.8,0,0,0,0,0,0,0,0,0,0,0,0,0,0,0,0,0,0,0,0,EWeaponMaker::WeaponMaker003,EWeaponIcon::None,EWeaponInfoTriggerType::Hold,EWeaponInfo::None,EWeaponInfo::None,EWeaponInfo::None,EWeaponInfo::None,EWeaponInfo::None,EWeaponInfoScoreEvaluation::None,EWeaponInfoRank::B,EWeaponInfoRank::B_Plus,EWeaponInfoRank::B_Plus,EWeaponInfoRank::C,EWeaponInfoRank::C,EWeaponInfoRank::A,EWeaponInfoRank::None,EWeaponCategory::ShootingMiddle,EWeaponSlayerEnemyType::Enemy,0,0,0,0,0,0,0,0,0,EWeaponSizeInfo::Medium,開発：MA-I　　型番：MA24BE\n三方向に攻撃可能な光学武器。「ディート」は\n指という意味で、弾の飛び方が手を広げた時の\n指のようだった所から取られている。,　分類：3WAYライフル　　　属性：ビーム　　 \n\n前方に三方向へ飛ぶビームを撃つ。,0
WPN_MachineGunType04,121,ジャック・オー・ガン,190,/Game/Character/weapon/Blueprint/wp00121/BP_WpMachineGunType04.uasset,170,0,0,0,0,0,EWeaponAttackIntervalType::Press,EWeaponAttackType::Ranged,EWeaponAtkTaeget::Enemy,0,0,0,EWeaponKind::Main,EWeaponHoldType::One,EAttachType::Hand,0,ESideTrgAct::None,0,0,0,0,0,0.075,0,0,0,0,0.1,1,0,EDecBulletType::Bullet,EWeaponReloadType::EmptyReload,0,9.5,9.5,0,40,40,40,1,5,255,ECustomReloadType::Bullet,0,0,0,0,0,0,0,0,0,1,-1,-1,-1,0,0,0,0,EBuddyWeaponType::None,0,EHoldWeaponType::OneHandGun,0.3,ERecoilMotionType::Rapid,ERecoilMoveTiming::None,ERecoilMovePower::None,EShotCharaEffect::None,None,EShakeType::None,1,1,0,0,0,0,0,0,0,0,0,0,0,0,0,0,0,0,0,0,0,0,EWeaponMaker::None,EWeaponIcon::None,EWeaponInfoTriggerType::Hold,EWeaponInfo::None,EWeaponInfo::None,EWeaponInfo::None,EWeaponInfo::None,EWeaponInfo::None,EWeaponInfoScoreEvaluation::None,EWeaponInfoRank::B,EWeaponInfoRank::B,EWeaponInfoRank::B,EWeaponInfoRank::B_Plus,EWeaponInfoRank::B_Plus,EWeaponInfoRank::A,EWeaponInfoRank::None,EWeaponCategory::ShootingMiddle,EWeaponSlayerEnemyType::Enemy,0,0,0,0,0,0,0,0,0,EWeaponSizeInfo::Medium,開発：?　型番：?\n相手におもてなしを要求し、\nさもなくばイタズラをしてしまうという\n小粋な機関銃。,　分類：マシンガン　　　　属性：実弾　　　 \n\nオレンジ色のおばけを模した\n連射性能の高い実弾銃。,0
WPN_RocketLauncherType03,122,単装導弾 三皇,121,/Game/Character/weapon/Blueprint/wp00122/BP_WpRocketLauncherType03.uasset,171,0,0,0,0,0,EWeaponAttackIntervalType::Press,EWeaponAttackType::Ranged,EWeaponAtkTaeget::Enemy,0,0,0,EWeaponKind::Main,EWeaponHoldType::One,EAttachType::Hand,0,ESideTrgAct::None,0,0,0,0,0.68,0.17,0,0.1,0,0,0.1,1,0,EDecBulletType::Bullet,EWeaponReloadType::Reset,0,12,12,0,12,12,12,1,3,3,ECustomReloadType::Bullet,0,0,0,0,0,0,0,0,0,1,-1,-1,-1,0,0,0,0,EBuddyWeaponType::None,0,EHoldWeaponType::OneHandGun,0.2,ERecoilMotionType::RapidMiddle,ERecoilMoveTiming::None,ERecoilMovePower::None,EShotCharaEffect::None,None,EShakeType::ImpactDynamic,0.2,1,0,0,0,0,0,0,0,0,0,0,0,0,0,0,0,0,0,0,0,0,EWeaponMaker::WeaponMaker002,EWeaponIcon::None,EWeaponInfoTriggerType::Hold,EWeaponInfo::None,EWeaponInfo::None,EWeaponInfo::None,EWeaponInfo::None,EWeaponInfo::None,EWeaponInfoScoreEvaluation::None,EWeaponInfoRank::B,EWeaponInfoRank::B_Plus,EWeaponInfoRank::D,EWeaponInfoRank::D,EWeaponInfoRank::C,EWeaponInfoRank::A,EWeaponInfoRank::None,EWeaponCategory::ShootingMiddle,EWeaponSlayerEnemyType::Enemy,0,0,0,0,0,0,0,0,0,EWeaponSizeInfo::Medium,開発：殴重鋼匠　　型番：殴壱肆式\n一度のトリガーで三発の弾が発射されるミサ\nイル武器。無駄撃ちを減らす効果がある。\n読みは「たんそうどうだん　さんこう」。,　分類：ミサイル　　　　　属性：実弾　　　 \n\n3点バースト式の攻撃力の高い弾を撃つ。,0
WPN_RippleLaser,123,,0,/Game/Character/weapon/Blueprint/wp00123/BP_WpRippleLaser.uasset,172,0,0,0,0,0,EWeaponAttackIntervalType::Press,EWeaponAttackType::Ranged,EWeaponAtkTaeget::Enemy,0,0,0,EWeaponKind::Main,EWeaponHoldType::One,EAttachType::Hand,0,ESideTrgAct::None,0,0,0,0,0,0.5,0,0,0,0,0.1,1,0,EDecBulletType::Bullet,EWeaponReloadType::Continuation,0,3.5,3.5,0,1,8,8,1,1,255,ECustomReloadType::Beam,0,0,0,0,0,0,0,0,0,0,-1,-1,-1,0,0,0,0,EBuddyWeaponType::None,0,EHoldWeaponType::OneHandGun,0.4,ERecoilMotionType::Small,ERecoilMoveTiming::None,ERecoilMovePower::None,EShotCharaEffect::None,None,EShakeType::ImpactDynamic,0.1,1,0,0,0,0,0,0,0,0,0,0,0,0,0,0,0,0,0,0,0,0,EWeaponMaker::WeaponMaker003,EWeaponIcon::None,EWeaponInfoTriggerType::None,EWeaponInfo::OneShotFlinch,EWeaponInfo::None,EWeaponInfo::None,EWeaponInfo::None,EWeaponInfo::None,EWeaponInfoScoreEvaluation::None,EWeaponInfoRank::B,EWeaponInfoRank::B,EWeaponInfoRank::D,EWeaponInfoRank::D,EWeaponInfoRank::C,EWeaponInfoRank::C,EWeaponInfoRank::C,EWeaponCategory::ShootingMiddle,EWeaponSlayerEnemyType::Enemy,0,0,0,0,0,0,0,0,0,EWeaponSizeInfo::Medium,,,0
WPN_RippleLaserType02,124,カラビスピラ,704,/Game/Character/weapon/Blueprint/wp00124/BP_WpRippleLaserType02.uasset,173,0,0,0,0,0,EWeaponAttackIntervalType::Press,EWeaponAttackType::Ranged,EWeaponAtkTaeget::Enemy,0,0,0,EWeaponKind::Main,EWeaponHoldType::One,EAttachType::Hand,0,ESideTrgAct::None,0,0,0,0,0,0.6,0,0.1,0,0,0.1,1,0,EDecBulletType::Bullet,EWeaponReloadType::Continuation,0,4,4,0,2,6,6,1,1,255,ECustomReloadType::Beam,0,0,0,0,0,0,0,0,0,0,-1,-1,-1,0,0,0,0,EBuddyWeaponType::None,0,EHoldWeaponType::OneHandGun,0.2,ERecoilMotionType::Small,ERecoilMoveTiming::None,ERecoilMovePower::None,EShotCharaEffect::None,None,EShakeType::ImpactDynamic,0.1,1,0,0,0,0,0,0,0,0,0,0,0,0,0,0,0,0,0,0,0,0,EWeaponMaker::WeaponMaker003,EWeaponIcon::None,EWeaponInfoTriggerType::Hold,EWeaponInfo::None,EWeaponInfo::None,EWeaponInfo::None,EWeaponInfo::None,EWeaponInfo::None,EWeaponInfoScoreEvaluation::None,EWeaponInfoRank::B,EWeaponInfoRank::A,EWeaponInfoRank::C,EWeaponInfoRank::D,EWeaponInfoRank::B,EWeaponInfoRank::A,EWeaponInfoRank::None,EWeaponCategory::ShootingMiddle,EWeaponSlayerEnemyType::Enemy,0,0,0,0,0,0,0,0,0,EWeaponSizeInfo::Medium,開発：MA-I　　型番：MA23BE2\nリング状ビームを生成することは技術的に\n大変困難な問題を含んでおり、メタリック\nアームズ社は長年これに取り組んで来た。,　分類：リングライフル　　属性：ビーム　　 \n\nリング状のビーム弾を撃つ。\n従来のライフルより攻撃判定が広い。,0
WPN_KnockBackGun,125,インパルスショット,304,/Game/Character/weapon/Blueprint/wp00125/BP_WpKnockBackGun.uasset,174,0,0,0,0,0,EWeaponAttackIntervalType::Press,EWeaponAttackType::Ranged,EWeaponAtkTaeget::Enemy,0,0,0,EWeaponKind::Sub,EWeaponHoldType::One,EAttachType::Hand,0,ESideTrgAct::None,0,0,0,0,0.8,0.1,0,0,0,0,0.1,1,0,EDecBulletType::Bullet,EWeaponReloadType::Continuation,0,5,5,0,3,6,6,1,3,3,ECustomReloadType::Beam,0,0,0,0,0,0,0,0,0,1,-1,-1,-1,0,0,0,0,EBuddyWeaponType::None,0,EHoldWeaponType::OneHandGun,0.1,ERecoilMotionType::Small,ERecoilMoveTiming::None,ERecoilMovePower::None,EShotCharaEffect::None,None,EShakeType::RapidDynamic,0.1,1,0,0,0,0,0,0,0,0,0,0,0,0,0,0,0,0,0,0,0,0,EWeaponMaker::WeaponMaker003,EWeaponIcon::None,EWeaponInfoTriggerType::Hold,EWeaponInfo::OneShotFlinch,EWeaponInfo::None,EWeaponInfo::None,EWeaponInfo::None,EWeaponInfo::None,EWeaponInfoScoreEvaluation::None,EWeaponInfoRank::B_Plus,EWeaponInfoRank::C,EWeaponInfoRank::C,EWeaponInfoRank::D,EWeaponInfoRank::C,EWeaponInfoRank::A,EWeaponInfoRank::None,EWeaponCategory::ShootingMiddle,EWeaponSlayerEnemyType::Enemy,0,0,0,0,0,0,0,0,0,EWeaponSizeInfo::Medium,開発：MA-I　　型番：MA56SE\n高質量の弾体を加速させ、運動エネルギーで\n敵機体のバランスを崩す武器。\n名前のインパルスは衝撃という意味。,　分類：特殊弾　　　　　属性：ビーム　　 \n\nヒット時、怯み効果のある弾を撃つ。,0
WPN_KnockBackGunType02,126,インパルスシュート,903,/Game/Character/weapon/Blueprint/wp00126/BP_WpKnockBackGunType02.uasset,175,0,0,0,0,0,EWeaponAttackIntervalType::Press,EWeaponAttackType::Ranged,EWeaponAtkTaeget::Enemy,0,0,0,EWeaponKind::Sub,EWeaponHoldType::One,EAttachType::Hand,0,ESideTrgAct::None,0,0,0,0,0,1,0,0,0,0,0.1,1,0,EDecBulletType::Bullet,EWeaponReloadType::Continuation,0,5,5,0,1,2,2,1,1,4,ECustomReloadType::Beam,0,0,0,0,0,0,0,0,0,0,-1,-1,-1,0,0,0,0,EBuddyWeaponType::None,0,EHoldWeaponType::OneHandGun,0.2,ERecoilMotionType::Small,ERecoilMoveTiming::None,ERecoilMovePower::None,EShotCharaEffect::None,None,EShakeType::ImpactDynamic,0.1,0.8,0,0,0,0,0,0,0,0,0,0,0,0,0,0,0,0,0,0,0,0,EWeaponMaker::WeaponMaker003,EWeaponIcon::None,EWeaponInfoTriggerType::Hold,EWeaponInfo::OneShotFlinch,EWeaponInfo::None,EWeaponInfo::None,EWeaponInfo::None,EWeaponInfo::None,EWeaponInfoScoreEvaluation::None,EWeaponInfoRank::C,EWeaponInfoRank::C,EWeaponInfoRank::C,EWeaponInfoRank::D,EWeaponInfoRank::B,EWeaponInfoRank::A,EWeaponInfoRank::None,EWeaponCategory::ShootingMiddle,EWeaponSlayerEnemyType::Enemy,0,0,0,0,0,0,0,0,0,EWeaponSizeInfo::Medium,開発：MA-I　　型番：MA64SE\n高質量の弾体を加速させ、運動エネルギーで\n敵機体のバランスを崩す武器。\n名前のインパルスは衝撃という意味。,　分類：特殊弾　　　　　属性：ビーム　　 \n\nヒット時、怯み効果のある弾を撃つ。,0
WPN_HeartGun,127,,191,/Game/Character/weapon/Blueprint/wp00127/BP_WpHeartGun.uasset,176,0,0,0,0,0,EWeaponAttackIntervalType::Press,EWeaponAttackType::Ranged,EWeaponAtkTaeget::Enemy,0,0,0,EWeaponKind::Main,EWeaponHoldType::One,EAttachType::Hand,0,ESideTrgAct::None,0,0,0,0,0,0.8,0,0,0,0,0.1,1,0,EDecBulletType::Bullet,EWeaponReloadType::Continuation,0,4,4,0,1,8,8,1,1,255,ECustomReloadType::Beam,0,0,0,0,0,0,0,0,0,1,-1,-1,-1,0,0,0,0,EBuddyWeaponType::None,0,EHoldWeaponType::OneHandGun,0.4,ERecoilMotionType::Small,ERecoilMoveTiming::None,ERecoilMovePower::None,EShotCharaEffect::None,None,EShakeType::ImpactDynamic,0.1,1,0,0,0,0,0,0,0,0,0,0,0,0,0,0,0,0,0,0,0,0,EWeaponMaker::None,EWeaponIcon::None,EWeaponInfoTriggerType::Hold,EWeaponInfo::None,EWeaponInfo::None,EWeaponInfo::None,EWeaponInfo::None,EWeaponInfo::None,EWeaponInfoScoreEvaluation::None,EWeaponInfoRank::B,EWeaponInfoRank::B_Plus,EWeaponInfoRank::C,EWeaponInfoRank::D,EWeaponInfoRank::B_Plus,EWeaponInfoRank::A,EWeaponInfoRank::None,EWeaponCategory::ShootingMiddle,EWeaponSlayerEnemyType::Enemy,0,0,0,0,0,0,0,0,0,EWeaponSizeInfo::Medium,開発：?　型番：?\n待って。\n逃げないで。\n私の気持ちを分かってよ！,　分類：ハートライフル　　属性：ビーム \n\nハート型の弾を撃つライフル。\n自身の気持ちを伝えることができる。,0
WPN_FireRifle,128,烈火弾 煉獄,402,/Game/Character/weapon/Blueprint/wp00128/BP_WpFireRifle.uasset,177,0,0,0,0,0,EWeaponAttackIntervalType::Press,EWeaponAttackType::Ranged,EWeaponAtkTaeget::Enemy,0,0,0,EWeaponKind::Main,EWeaponHoldType::One,EAttachType::Hand,0,ESideTrgAct::None,0,0,0,0,0,0.8,0,0,0,0,0.1,1,0,EDecBulletType::Bullet,EWeaponReloadType::Continuation,0,3,3,0,1,5,5,1,1,5,ECustomReloadType::BeamDebuff,0,0,0,0,0,0,0,0,0,1,-1,-1,-1,0,0,0,0,EBuddyWeaponType::Fire,0,EHoldWeaponType::OneHandGun,0.2,ERecoilMotionType::Small,ERecoilMoveTiming::None,ERecoilMovePower::None,EShotCharaEffect::None,None,EShakeType::ImpactDynamic,0.1,1,0,0,0,0,0,0,0,0,0,0,0,0,0,0,0,0,0,0,0,0,EWeaponMaker::WeaponMaker002,EWeaponIcon::None,EWeaponInfoTriggerType::Hold,EWeaponInfo::BadState_Fire,EWeaponInfo::None,EWeaponInfo::None,EWeaponInfo::None,EWeaponInfo::None,EWeaponInfoScoreEvaluation::None,EWeaponInfoRank::B,EWeaponInfoRank::C,EWeaponInfoRank::B_Plus,EWeaponInfoRank::D,EWeaponInfoRank::B,EWeaponInfoRank::B,EWeaponInfoRank::None,EWeaponCategory::ShootingMiddle,EWeaponSlayerEnemyType::Enemy,0,0,0,0,0,0,0,0,0,EWeaponSizeInfo::Medium,開発：殴重鋼匠　　型番：殴伍参式\nエア・リアルの装甲を燃焼させる\n特殊なビームで、敵を燃え上がらせる。\n読みは「れっかだん　れんごく」。,　分類：ライフル　　　属性：ビーム/妨害\n\nヒット時、炎上効果のあるビーム弾を撃つ。,0
WPN_HarpoonGunType02,129,ハープーン・フォール,232,/Game/Character/weapon/Blueprint/wp00129/BP_WpHarpoonGunType02.uasset,178,0,0,0,0,0,EWeaponAttackIntervalType::Press,EWeaponAttackType::Ranged,EWeaponAtkTaeget::Enemy,0,0,0,EWeaponKind::Main,EWeaponHoldType::One,EAttachType::Hand,0,ESideTrgAct::None,0,0,0,0,0,1,0,0.1,0,0.215,0.1,1,0,EDecBulletType::Bullet,EWeaponReloadType::Reset,0,11,11,0,1,1,1,1,1,2,ECustomReloadType::Bullet,20000,0,0,0,0,0,0,0,0,0,-1,1,-1,0,0,0,0,EBuddyWeaponType::BigWeapon,0,EHoldWeaponType::OneHandGun,0.25,ERecoilMotionType::Back,ERecoilMoveTiming::First,ERecoilMovePower::Medium,EShotCharaEffect::None,None,EShakeType::ImpactDynamic,0.1,1,0,0,0,0,0,0,0,0,0,0,0,0,0,0,0,0,0,0,0,0,EWeaponMaker::WeaponMaker004,EWeaponIcon::None,EWeaponInfoTriggerType::Single,EWeaponInfo::OneShotFlinch,EWeaponInfo::None,EWeaponInfo::None,EWeaponInfo::None,EWeaponInfo::None,EWeaponInfoScoreEvaluation::None,EWeaponInfoRank::A,EWeaponInfoRank::D,EWeaponInfoRank::B,EWeaponInfoRank::E,EWeaponInfoRank::C,EWeaponInfoRank::B,EWeaponInfoRank::None,EWeaponCategory::ShootingMiddle,EWeaponSlayerEnemyType::Enemy,0,0,0,0,0,0,0,0,0,EWeaponSizeInfo::Medium,開発：AVENIR　　型番：AVN-66A2\n漁師が用いる銛の射出機からヒントを得て\n開発されたという武器。\n名前のハープーンは銛を意味する。,　分類：キャノン　　　　　属性：実弾　　　 \n\n後方へ大きく吹き飛ばす、高威力の\n銛を射出する。,0
WPN_SniperRifleType02,130,ブランシュテル,251,/Game/Character/weapon/Blueprint/wp00130/BP_WpSniperRifleType02.uasset,179,0,0,0,0,0,EWeaponAttackIntervalType::Press,EWeaponAttackType::WholeBody,EWeaponAtkTaeget::Enemy,0,100000,0,EWeaponKind::Main,EWeaponHoldType::Both,EAttachType::Hand,0,ESideTrgAct::Zoom,0,0,0,0,0.72,0.72,0,0,0,0.2,0.1,1,0,EDecBulletType::Bullet,EWeaponReloadType::Continuation,0,6.75,6.75,0,1,2,2,1,1,1,ECustomReloadType::Beam,2,0,0,0,0,0,0,0,0,0,125,-1,-1,0,0,0,0,EBuddyWeaponType::Snipe,0,EHoldWeaponType::BothRifles,0.2,ERecoilMotionType::Back,ERecoilMoveTiming::Every,ERecoilMovePower::None,EShotCharaEffect::None,AttackWholeCenter,EShakeType::ImpactRotation,1,1,0,0,0,0,0,0,0,0,0,0,0,0,0,0,0,0,0,0,0,0,EWeaponMaker::WeaponMaker001,EWeaponIcon::None,EWeaponInfoTriggerType::Single,EWeaponInfo::Scope,EWeaponInfo::OneShotDown,EWeaponInfo::None,EWeaponInfo::None,EWeaponInfo::None,EWeaponInfoScoreEvaluation::None,EWeaponInfoRank::B_Plus,EWeaponInfoRank::B,EWeaponInfoRank::A_Plus,EWeaponInfoRank::C,EWeaponInfoRank::B,EWeaponInfoRank::D,EWeaponInfoRank::None,EWeaponCategory::ShootingLong,EWeaponSlayerEnemyType::Enemy,0,0,0,0,0,0,0,0,0,EWeaponSizeInfo::Large,開発：WXW　　型番：WXW-60A09\n中～遠距離での狙撃用に制作されたスナイプ武器。コンスタントに撃てるのが特徴。,　分類：スナイパーライフル　属性：ビーム　　 \n高威力の長距離弾を連続して撃てる。\n左攻撃：スコープを覗く\n右攻撃：発射　　　　　,0
WPN_BeamGatlingGun,131,ディオグラント,221,/Game/Character/weapon/Blueprint/wp00131/BP_WpBeamGatlingGun.uasset,180,181,0,0,0,0,EWeaponAttackIntervalType::Press,EWeaponAttackType::Ranged,EWeaponAtkTaeget::Enemy,0,0,0,EWeaponKind::Main,EWeaponHoldType::Both,EAttachType::Hand,0,ESideTrgAct::None,0,0,0,0,0,0.075,0,0.1,0,0,0.1,1,0,EDecBulletType::Bullet,EWeaponReloadType::Continuation,0,5,5,0,20,60,60,1,5,1000,ECustomReloadType::Beam,2,0,0,0,0,0,0,0,0,1,125,-1,-1,0,0,0,0,EBuddyWeaponType::BigWeapon,0,EHoldWeaponType::BothRifles,0.3,ERecoilMotionType::Continue,ERecoilMoveTiming::None,ERecoilMovePower::None,EShotCharaEffect::None,AttackWholeCenterFast,EShakeType::RapidDynamic,1,1,0,0,0,0,0,0,0,0,0,0,0,0,0,0,0,0,0,0,0,0,EWeaponMaker::WeaponMaker003,EWeaponIcon::None,EWeaponInfoTriggerType::Hold,EWeaponInfo::None,EWeaponInfo::None,EWeaponInfo::None,EWeaponInfo::None,EWeaponInfo::None,EWeaponInfoScoreEvaluation::None,EWeaponInfoRank::B,EWeaponInfoRank::A,EWeaponInfoRank::A,EWeaponInfoRank::A,EWeaponInfoRank::A_Plus,EWeaponInfoRank::B,EWeaponInfoRank::None,EWeaponCategory::ShootingLong,EWeaponSlayerEnemyType::Enemy,0,0,0,0,0,0,0,0,0,EWeaponSizeInfo::Large,開発：MA-I　　型番：MA73HBE\n大型の光学ガトリングガン。\nリロード速度が速いのが特徴で、\nAR以外に対してのダメージが高い。,　分類：ガトリングガン　　属性：ビーム　　 \n\n連射性能の高いビームガンを撃つ。\nリロード速度が速い。,0
WPN_BeamSickleType02,132,ブラストサイス,211,/Game/Character/weapon/Blueprint/wp00132/BP_WpBeamSickleType02Main.uasset,183,0,0,0,0,0,EWeaponAttackIntervalType::Toggle,EWeaponAttackType::WholeBody,EWeaponAtkTaeget::Enemy,0,0,0,EWeaponKind::Main,EWeaponHoldType::Both,EAttachType::Hand,0,ESideTrgAct::AttackSubWeapon,10020,0,0,0,0,0.05,0,0.45,0,0.215,0.1,1,0,EDecBulletType::Energy,EWeaponReloadType::Reset,0,12,9,0,1500,1500,0,1,500,1500,ECustomReloadType::Beam,0,0,0,0,0,0,0,0,0,0,-1,2,-1,0,0,0,0,EBuddyWeaponType::BigWeapon,0,EHoldWeaponType::BothRifles,0.3,ERecoilMotionType::Continue,ERecoilMoveTiming::First,ERecoilMovePower::Medium,EShotCharaEffect::Dark,AttackWholeCenter,EShakeType::RapidRandom,0.75,1,0,0,0,0,0,0,0,0,0,0,0,0,0,0,0,0,0,0,0,0,EWeaponMaker::WeaponMaker001,EWeaponIcon::None,EWeaponInfoTriggerType::Hold,EWeaponInfo::OneShotDown,EWeaponInfo::None,EWeaponInfo::None,EWeaponInfo::None,EWeaponInfo::None,EWeaponInfoScoreEvaluation::None,EWeaponInfoRank::B_Plus,EWeaponInfoRank::A_Plus,EWeaponInfoRank::A,EWeaponInfoRank::A_Plus,EWeaponInfoRank::B,EWeaponInfoRank::B,EWeaponInfoRank::None,EWeaponCategory::ShootingLong,EWeaponSlayerEnemyType::Enemy,0,0,0,0,0,0,0,0,0,EWeaponSizeInfo::Large,開発：WXW　　型番：WXW-20A05\n一つの武器で鎌による斬撃と、レーザーによる射撃が可能となっている。連続攻撃で敵に休む暇を与えない戦い方が可能。,　分類：レーザー剣　　　属性：格闘/ビーム\nレーザーと格闘の両方が使える両手武器。\n左攻撃：ダッシュしながら薙ぎ払う単発格闘\n右攻撃：ダウン性能のあるレーザーを照射,0
WPN_GrenadeType02,133,グルナード・レイド,911,/Game/Character/weapon/Blueprint/wp00133/BP_WpGrenadeType02.uasset,184,0,0,0,0,0,EWeaponAttackIntervalType::Press,EWeaponAttackType::Throwing,EWeaponAtkTaeget::Enemy,0,0,0,EWeaponKind::Main,EWeaponHoldType::One,EAttachType::Hand,0,ESideTrgAct::None,0,0,0,0,0,0.12,0,0,0,0,0.1,1,0,EDecBulletType::Bullet,EWeaponReloadType::Reset,0,4,4,0,3,9,9,1,1,1,ECustomReloadType::Bullet,0,0,0,0,0,0,0,0,0,0,-1,-1,-1,0,0,0,0,EBuddyWeaponType::Throw,0,EHoldWeaponType::OneHandGun,0.1,ERecoilMotionType::Middle,ERecoilMoveTiming::None,ERecoilMovePower::None,EShotCharaEffect::None,None,EShakeType::None,1,1,0,0,0,0,0,0,0,0,0,0,0,0,0,0,0,0,0,0,0,0,EWeaponMaker::WeaponMaker004,EWeaponIcon::None,EWeaponInfoTriggerType::Hold,EWeaponInfo::OneShotDown,EWeaponInfo::None,EWeaponInfo::None,EWeaponInfo::None,EWeaponInfo::None,EWeaponInfoScoreEvaluation::None,EWeaponInfoRank::C,EWeaponInfoRank::D,EWeaponInfoRank::C,EWeaponInfoRank::D,EWeaponInfoRank::B,EWeaponInfoRank::B,EWeaponInfoRank::None,EWeaponCategory::Throw,EWeaponSlayerEnemyType::Enemy,0,0,0,0,0,0,0,0,0,EWeaponSizeInfo::Medium,開発：AVENIR　　型番：AVN-04A1\n榴弾射出武器。爆発範囲の広い高い弾頭を、\n投射器によって遠距離に放つことが\nできる。,　分類：投擲爆弾　　　　　属性：実弾　　　 \n\n爆発範囲の広い投擲爆弾。\n相手を吹き飛ばせる。,0
WPN_LineStanGun,134,電導弾 虚無,622,/Game/Character/weapon/Blueprint/wp00134/BP_WpLineStanGun.uasset,185,0,0,0,0,0,EWeaponAttackIntervalType::Trigger,EWeaponAttackType::Ranged,EWeaponAtkTaeget::Enemy,0,0,0,EWeaponKind::Sub,EWeaponHoldType::One,EAttachType::Hand,0,ESideTrgAct::None,0,0,0,0,0,0.75,0,0,0,0,0.1,1,0,EDecBulletType::Bullet,EWeaponReloadType::Continuation,0,5,5,0,1,2,2,1,1,255,ECustomReloadType::BeamDebuff,60000,0,0,0,0,0,0,0,0,1,-1,-1,-1,0,0,0,0,EBuddyWeaponType::Thunder,0,EHoldWeaponType::OneHandGun,0.1,ERecoilMotionType::Small,ERecoilMoveTiming::None,ERecoilMovePower::None,EShotCharaEffect::None,None,EShakeType::ImpactDynamic,0.1,1,0,0,0,0,0,0,0,0,0,0,0,0,0,0,0,0,0,0,0,0,EWeaponMaker::WeaponMaker002,EWeaponIcon::None,EWeaponInfoTriggerType::Single,EWeaponInfo::BadState_Paralysis,EWeaponInfo::None,EWeaponInfo::None,EWeaponInfo::None,EWeaponInfo::None,EWeaponInfoScoreEvaluation::None,EWeaponInfoRank::E,EWeaponInfoRank::E,EWeaponInfoRank::C,EWeaponInfoRank::D,EWeaponInfoRank::B,EWeaponInfoRank::B,EWeaponInfoRank::None,EWeaponCategory::ShootingShort,EWeaponSlayerEnemyType::Enemy,0,0,0,0,0,0,0,0,0,EWeaponSizeInfo::Medium,開発：殴重鋼匠　　型番：殴肆参式\n電磁パルス（ＥＭＰとも呼ばれる）を用いた\n妨害が可能なレーザー。\n読みは「でんどうだん　きょむ」。,　分類：レーザー　　　　　属性：設置/妨害\n\n縦に判定の広いレーザーを設置する。\nヒット時、痺れ効果がある。,0
WPN_BeamSaberType03,135,三星・桜白蓬,491,/Game/Character/weapon/Blueprint/wp00135/BP_WpBeamSaberType03.uasset,186,0,0,0,0,0,EWeaponAttackIntervalType::Trigger,EWeaponAttackType::Grapple,EWeaponAtkTaeget::Enemy,0,0,0,EWeaponKind::Main,EWeaponHoldType::One,EAttachType::Hand,0,ESideTrgAct::None,0,0,0,0,0.1,0.05,0,0,0,5,0.1,1,0,EDecBulletType::Grap,EWeaponReloadType::EmptyReload,0,3,3,0,1,1,1,1,1,1,ECustomReloadType::Grap,0,0,0,0,0,0,0,0,0,1,-1,-1,-1,0,0,0,0,EBuddyWeaponType::Slash,0,EHoldWeaponType::OneHandGun,0.35,ERecoilMotionType::None,ERecoilMoveTiming::None,ERecoilMovePower::None,EShotCharaEffect::None,None,EShakeType::DampedDynamic,0.6,1,0,0,0,0,0,0,0,0,0,0,0,0,0,0,0,0,0,0,0,0,EWeaponMaker::None,EWeaponIcon::None,EWeaponInfoTriggerType::Single,EWeaponInfo::OneShotDown,EWeaponInfo::None,EWeaponInfo::None,EWeaponInfo::None,EWeaponInfo::None,EWeaponInfoScoreEvaluation::None,EWeaponInfoRank::B_Plus,EWeaponInfoRank::C,EWeaponInfoRank::None,EWeaponInfoRank::E,EWeaponInfoRank::B_Plus,EWeaponInfoRank::B,EWeaponInfoRank::None,EWeaponCategory::GrapShort,EWeaponSlayerEnemyType::Enemy,0,0,0,0,0,0,0,0,0,EWeaponSizeInfo::Medium,開発：?　型番：?\n三つの色は人生で大切な三つのものを示す。\n桃色は健康、白は誠実さ、緑色は資産\nであると……巡星では言われているらしい。,　分類：片手剣　　　　　　属性：格闘　　　 \n\n三色の鮮やかな色が春を醸し出している。,0
WPN_BeamSaberType04,136,凍剣・氷菓,490,/Game/Character/weapon/Blueprint/wp00136/BP_WpBeamSaberType04.uasset,189,0,0,0,0,0,EWeaponAttackIntervalType::Trigger,EWeaponAttackType::Grapple,EWeaponAtkTaeget::Enemy,0,0,0,EWeaponKind::Main,EWeaponHoldType::One,EAttachType::Hand,0,ESideTrgAct::None,0,0,0,0,0.1,0.88,0,0,0,5,0.1,1,0,EDecBulletType::Grap,EWeaponReloadType::EmptyReload,0,3,3,0,1,1,1,1,1,1,ECustomReloadType::Grap,0,0,0,0,0,0,0,0,0,1,-1,-1,-1,0,0,0,0,EBuddyWeaponType::Slash,0,EHoldWeaponType::OneHandGun,0.35,ERecoilMotionType::None,ERecoilMoveTiming::None,ERecoilMovePower::None,EShotCharaEffect::None,None,EShakeType::DampedDynamic,0.6,1,0,0,0,0,0,0,0,0,0,0,0,0,0,0,0,0,0,0,0,0,EWeaponMaker::None,EWeaponIcon::None,EWeaponInfoTriggerType::Single,EWeaponInfo::OneShotDown,EWeaponInfo::BadState_Freeze,EWeaponInfo::None,EWeaponInfo::None,EWeaponInfo::None,EWeaponInfoScoreEvaluation::None,EWeaponInfoRank::B,EWeaponInfoRank::C,EWeaponInfoRank::None,EWeaponInfoRank::E,EWeaponInfoRank::B_Plus,EWeaponInfoRank::B,EWeaponInfoRank::None,EWeaponCategory::GrapShort,EWeaponSlayerEnemyType::Enemy,0,0,0,0,0,0,0,0,0,EWeaponSizeInfo::Medium,開発：?　型番：?\n巡星の技術者が、地球文化を学んで作った格\n闘武器。パリパリした外皮が打撃力を増し、\nトロりとした中身が遠心力を与える。,　分類：片手剣　　　　　　属性：格闘　　　  \n\nチョコバーに似ていて涼しさを感じる。,0
WPN_LanceType02,137,ベツレヘイム-X,790,/Game/Character/weapon/Blueprint/wp00137/BP_WpLanceType02.uasset,192,0,0,0,0,0,EWeaponAttackIntervalType::Trigger,EWeaponAttackType::Grapple,EWeaponAtkTaeget::Enemy,0,0,0,EWeaponKind::Main,EWeaponHoldType::One,EAttachType::Hand,0,ESideTrgAct::None,0,0,0,0,0.1,0.05,0,0,0,0,0.1,1,0,EDecBulletType::Grap,EWeaponReloadType::EmptyReload,0,6,6,0,1,1,1,1,1,1,ECustomReloadType::Grap,0,0,0,0,0,0,0,0,0,1,-1,-1,-1,0,0,0,0,EBuddyWeaponType::Slash,0,EHoldWeaponType::OneHandGun,0.35,ERecoilMotionType::None,ERecoilMoveTiming::None,ERecoilMovePower::None,EShotCharaEffect::None,None,EShakeType::ImpactDynamic,0.6,1,0,0,0,0,0,0,0,0,0,0,0,0,0,0,0,0,0,0,0,0,EWeaponMaker::None,EWeaponIcon::None,EWeaponInfoTriggerType::Single,EWeaponInfo::OneShotDown,EWeaponInfo::None,EWeaponInfo::None,EWeaponInfo::None,EWeaponInfo::None,EWeaponInfoScoreEvaluation::None,EWeaponInfoRank::A,EWeaponInfoRank::C,EWeaponInfoRank::None,EWeaponInfoRank::E,EWeaponInfoRank::B_Plus,EWeaponInfoRank::C,EWeaponInfoRank::None,EWeaponCategory::GrapShort,EWeaponSlayerEnemyType::Enemy,0,0,0,0,0,0,0,0,0,EWeaponSizeInfo::Medium,開発：?　型番：?\n聖なる夜を盛り上げるツリーのような槍。\nアズワンの星になりたければ、この武器で\n敵に突進し、当たって砕けろ！,　分類：ランス　　　　　　属性：格闘　　　  \n\nクリスマスツリーを模した特別仕様。\n君は何をお願いしたかな？,0
WPN_BoomerangType02,138,ブーメラング・メア,312,/Game/Character/weapon/Blueprint/wp00138/BP_WpBoomerangType02.uasset,195,0,0,0,0,0,EWeaponAttackIntervalType::Trigger,EWeaponAttackType::Ranged,EWeaponAtkTaeget::Enemy,0,0,0,EWeaponKind::Sub,EWeaponHoldType::One,EAttachType::Hand,0,ESideTrgAct::None,0,0,0,0,0,99,0,0,0,0,0.1,1,0,EDecBulletType::Bullet,EWeaponReloadType::EmptyReload,0,9,9,0,1,1,1,1,1,1,ECustomReloadType::Beam,125,0,0,0,0,0,0,0,0,0,-1,-1,-1,0,0,0,0,EBuddyWeaponType::None,0,EHoldWeaponType::OneHandGun,0.35,ERecoilMotionType::Small,ERecoilMoveTiming::None,ERecoilMovePower::None,EShotCharaEffect::None,None,EShakeType::ImpactDynamic,0.5,1,0,0,0,0,0,0,0,0,0,0,0,0,0,0,0,0,0,0,0,0,EWeaponMaker::WeaponMaker003,EWeaponIcon::None,EWeaponInfoTriggerType::Single,EWeaponInfo::OneShotFlinch,EWeaponInfo::None,EWeaponInfo::None,EWeaponInfo::None,EWeaponInfo::None,EWeaponInfoScoreEvaluation::None,EWeaponInfoRank::B,EWeaponInfoRank::B,EWeaponInfoRank::B,EWeaponInfoRank::E,EWeaponInfoRank::C,EWeaponInfoRank::B,EWeaponInfoRank::None,EWeaponCategory::ShootingMiddle,EWeaponSlayerEnemyType::Enemy,0,0,0,0,0,0,0,0,0,EWeaponSizeInfo::Medium,開発：MA-I　　型番：MA65TH2\n\n投げると戻って来る不思議な武器。\n巨大化に成功し飛距離が伸びたアサルト仕様。,　分類：ブーメラン　　　　属性：ビーム　　 \n\n前方に飛ばした後、攻撃判定を持ったまま\n戻ってくる。弾が大きく、飛距離が長い。,0
WPN_ActDive,139,,641,/Game/Character/weapon/Blueprint/wp00139/BP_WpActDive.uasset,0,0,0,0,0,0,EWeaponAttackIntervalType::Trigger,EWeaponAttackType::Ranged,EWeaponAtkTaeget::None,0,0,0,EWeaponKind::Sub,EWeaponHoldType::One,EAttachType::Hand,0,ESideTrgAct::None,0,0,0,0,0.1,0.05,0,0,0,0,0.1,1,0,EDecBulletType::Bullet,EWeaponReloadType::EmptyReload,0,4,4,0,1,1,1,1,1,1,ECustomReloadType::Buff,0,0,0,0,0,0,0,0,0,0,-1,-1,-1,0,0,0,0,EBuddyWeaponType::None,0,EHoldWeaponType::OneHandGun,0.35,ERecoilMotionType::Middle,ERecoilMoveTiming::None,ERecoilMovePower::None,EShotCharaEffect::None,None,EShakeType::None,1,1,0,0,0,0,0,0,0,0,0,0,0,0,0,0,0,0,0,0,0,0,EWeaponMaker::WeaponMaker001,EWeaponIcon::None,EWeaponInfoTriggerType::Single,EWeaponInfo::None,EWeaponInfo::None,EWeaponInfo::None,EWeaponInfo::None,EWeaponInfo::None,EWeaponInfoScoreEvaluation::None,EWeaponInfoRank::None,EWeaponInfoRank::None,EWeaponInfoRank::D,EWeaponInfoRank::E,EWeaponInfoRank::B,EWeaponInfoRank::B,EWeaponInfoRank::None,EWeaponCategory::Special,EWeaponSlayerEnemyType::Owner,0,0,0,0,0,0,0,0,0,EWeaponSizeInfo::Medium,開発：WXW　　型番：WXW-84\nエア・リアルの制動能力を飛躍的に\n向上させる特殊装置。通常では不可能な\nアクロバット飛行を可能にする。,　分類：回避行動　　　　　属性：補助　　　 \n\n左レバーを倒した方に回避行動を行う。\nニュートラルは下方向に回避。,0
WPN_FireBombType02,140,バースト・ボム改,621,/Game/Character/weapon/Blueprint/wp00140/BP_WpFireBombType02.uasset,196,197,0,0,0,0,EWeaponAttackIntervalType::Release,EWeaponAttackType::Throwing,EWeaponAtkTaeget::Enemy,0,0,0,EWeaponKind::Sub,EWeaponHoldType::One,EAttachType::Hand,0,ESideTrgAct::None,0,0,0,0,0,0.5,0,0,0,0,0.1,1,0,EDecBulletType::Bullet,EWeaponReloadType::EmptyReload,0,8.2,8.2,0,2,2,2,1,1,1,ECustomReloadType::BulletDebuff,900,0,0,0,0,0,0,0,0,0,-1,-1,-1,0,0,0,0,EBuddyWeaponType::Fire,80,EHoldWeaponType::OneHandGun,0.1,ERecoilMotionType::Middle,ERecoilMoveTiming::None,ERecoilMovePower::None,EShotCharaEffect::None,None,EShakeType::None,1,1,0,0,0,0,0,0,0,0,0,0,0,0,0,0,0,0,0,0,0,0,EWeaponMaker::WeaponMaker001,EWeaponIcon::None,EWeaponInfoTriggerType::Release,EWeaponInfo::OneShotDown,EWeaponInfo::BadState_Fire,EWeaponInfo::None,EWeaponInfo::None,EWeaponInfo::None,EWeaponInfoScoreEvaluation::None,EWeaponInfoRank::C,EWeaponInfoRank::C,EWeaponInfoRank::C,EWeaponInfoRank::E,EWeaponInfoRank::C,EWeaponInfoRank::B,EWeaponInfoRank::None,EWeaponCategory::Throw,EWeaponSlayerEnemyType::Enemy,0,0,0,0,0,0,0,0,0,EWeaponSizeInfo::Medium,空き枠,空き枠,0
WPN_OptionsType02,141,レイスレイヴ Xt-A,340,/Game/Character/weapon/Blueprint/wp00141/BP_WpOptionsType02.uasset,198,0,0,0,0,0,EWeaponAttackIntervalType::Press,EWeaponAttackType::Ranged,EWeaponAtkTaeget::None,0,0,0,EWeaponKind::Sub,EWeaponHoldType::One,EAttachType::Hand,0,ESideTrgAct::None,0,0,0,0,0,0.2,0,0,0,0,0.1,1,0,EDecBulletType::Bullet,EWeaponReloadType::EmptyReload,0,24,29,10.8,1,1,0,1,1,1,ECustomReloadType::BeamBuff,0,26000,0,200,200,200,200,0,0,1,-1,-1,-1,0,0,0,0,EBuddyWeaponType::None,0,EHoldWeaponType::OneHandGun,0.3,ERecoilMotionType::Satellite,ERecoilMoveTiming::None,ERecoilMovePower::None,EShotCharaEffect::None,None,EShakeType::None,1,1,0,0,0,0,0,0,0,0,0,0,0,0,0,0,0,0,0,0,0,0,EWeaponMaker::WeaponMaker001,EWeaponIcon::None,EWeaponInfoTriggerType::Single,EWeaponInfo::ReloadUp,EWeaponInfo::BoostAssist,EWeaponInfo::None,EWeaponInfo::None,EWeaponInfo::None,EWeaponInfoScoreEvaluation::None,EWeaponInfoRank::C,EWeaponInfoRank::B,EWeaponInfoRank::C,EWeaponInfoRank::E,EWeaponInfoRank::E,EWeaponInfoRank::A,EWeaponInfoRank::None,EWeaponCategory::Special,EWeaponSlayerEnemyType::Enemy,0,0,0,0,0,0,0,0,0,EWeaponSizeInfo::Medium,開発：WXW　　型番：WXW-101A12\n飛行機能付きの自律型光学武器。\n四機のスレイヴと呼ばれる小型飛行砲台が\n周囲に展開され、自動的に射撃してくれる。,　分類：自動砲台　　　　　属性：ビーム　　 \n一定時間自身のリロード速度上昇と、　\nブーストゲージの消費を抑える効果がある。\n敵と接近時、攻撃と同時にビームを撃つ。,0
WPN_OptionsType03,142,レイスレイヴ Xt-V,640,/Game/Character/weapon/Blueprint/wp00142/BP_WpOptionsType03.uasset,199,0,0,0,0,0,EWeaponAttackIntervalType::Press,EWeaponAttackType::Ranged,EWeaponAtkTaeget::None,0,0,0,EWeaponKind::Sub,EWeaponHoldType::One,EAttachType::Hand,0,ESideTrgAct::None,0,0,0,0,0,0.2,0,0,0,0,0.1,1,0,EDecBulletType::Bullet,EWeaponReloadType::EmptyReload,0,20,25,7.3,1,1,0,1,1,1,ECustomReloadType::BeamBuff,0,25000,0,130,130,130,130,0,0,1,-1,-1,-1,0,0,0,0,EBuddyWeaponType::None,0,EHoldWeaponType::OneHandGun,0.35,ERecoilMotionType::Satellite,ERecoilMoveTiming::None,ERecoilMovePower::None,EShotCharaEffect::None,None,EShakeType::None,1,1,0,0,0,0,0,0,0,0,0,0,0,0,0,0,0,0,0,0,0,0,EWeaponMaker::WeaponMaker001,EWeaponIcon::None,EWeaponInfoTriggerType::Single,EWeaponInfo::ReloadUp,EWeaponInfo::CriticalRangeUp,EWeaponInfo::None,EWeaponInfo::None,EWeaponInfo::None,EWeaponInfoScoreEvaluation::None,EWeaponInfoRank::C,EWeaponInfoRank::B,EWeaponInfoRank::C,EWeaponInfoRank::E,EWeaponInfoRank::E,EWeaponInfoRank::A,EWeaponInfoRank::None,EWeaponCategory::Special,EWeaponSlayerEnemyType::Enemy,0,0,0,0,0,0,0,0,0,EWeaponSizeInfo::Medium,開発：WXW　　型番：WXW-101A13\n飛行機能付きの自律型光学武器。\n四機のスレイヴと呼ばれる小型飛行砲台が\n周囲に展開され、自動的に射撃してくれる。,　分類：自動砲台　　　　　属性：ビーム　　 \n一定時間自身のリロード速度上昇と、　\nクリティカル範囲を拡大する効果がある。\n敵と接近時、攻撃と同時にビームを撃つ。,0
WPN_ShotGunType02,143,フォルツパレット,603,/Game/Character/weapon/Blueprint/wp00143/BP_WpShotGunType02.uasset,200,0,0,0,0,0,EWeaponAttackIntervalType::Press,EWeaponAttackType::Ranged,EWeaponAtkTaeget::Enemy,0,0,0,EWeaponKind::Sub,EWeaponHoldType::One,EAttachType::Hand,0,ESideTrgAct::None,0,0,0,0,0,0.35,0,0,0,0,0.1,1,0,EDecBulletType::Bullet,EWeaponReloadType::Reset,0,8,8,0,2,2,2,1,1,255,ECustomReloadType::Bullet,100,200,350,550,800,0,0,0,0,1,-1,-1,-1,0,0,0,0,EBuddyWeaponType::None,9,EHoldWeaponType::OneHandGun,0.1,ERecoilMotionType::Middle,ERecoilMoveTiming::None,ERecoilMovePower::None,EShotCharaEffect::None,None,EShakeType::ImpactDynamic,0.5,1,0,0,0,0,0,0,0,0,0,0,0,0,0,0,0,0,0,0,0,0,EWeaponMaker::WeaponMaker003,EWeaponIcon::None,EWeaponInfoTriggerType::Hold,EWeaponInfo::None,EWeaponInfo::None,EWeaponInfo::None,EWeaponInfo::None,EWeaponInfo::None,EWeaponInfoScoreEvaluation::None,EWeaponInfoRank::A,EWeaponInfoRank::A,EWeaponInfoRank::B_Plus,EWeaponInfoRank::D,EWeaponInfoRank::C,EWeaponInfoRank::C,EWeaponInfoRank::None,EWeaponCategory::ShootingShort,EWeaponSlayerEnemyType::Enemy,0,0,0,0,0,0,0,0,0,EWeaponSizeInfo::Medium,開発：MA-I　　型番：MA32BU\n\n拡散範囲を絞り、高い威力と連射性能を持つ散弾銃。近・中距離戦向き。,　分類：ショットガン　　　属性：実弾　　　 \n\n少し距離が長く、高威力の散弾銃。\n攻撃判定はやや狭い。,0
WPN_Wp00144,144,,0,/Game/Character/weapon/Blueprint/wp00000/BP_WpEmpty.uasset,0,0,0,0,0,0,EWeaponAttackIntervalType::None,EWeaponAttackType::None,EWeaponAtkTaeget::None,0,0,0,EWeaponKind::Main,EWeaponHoldType::One,EAttachType::Hand,0,ESideTrgAct::None,0,0,0,0,0,0.05,0,0,0,0,0.1,0,0,EDecBulletType::None,EWeaponReloadType::Reset,0,0,0,0,0,0,0,0,0,0,ECustomReloadType::None,0,0,0,0,0,0,0,0,0,0,-1,-1,-1,0,0,0,0,EBuddyWeaponType::None,0,EHoldWeaponType::None,0.35,ERecoilMotionType::Small,ERecoilMoveTiming::None,ERecoilMovePower::None,EShotCharaEffect::None,None,EShakeType::None,1,1,0,0,0,0,0,0,0,0,0,0,0,0,0,0,0,0,0,0,0,0,EWeaponMaker::None,EWeaponIcon::None,EWeaponInfoTriggerType::None,EWeaponInfo::None,EWeaponInfo::None,EWeaponInfo::None,EWeaponInfo::None,EWeaponInfo::None,EWeaponInfoScoreEvaluation::None,EWeaponInfoRank::None,EWeaponInfoRank::None,EWeaponInfoRank::None,EWeaponInfoRank::None,EWeaponInfoRank::None,EWeaponInfoRank::None,EWeaponInfoRank::None,EWeaponCategory::None,EWeaponSlayerEnemyType::None,0,0,0,0,0,0,0,0,0,EWeaponSizeInfo::Medium,空き枠,空き枠,0
WPN_Wp00145,145,,0,/Game/Character/weapon/Blueprint/wp00000/BP_WpEmpty.uasset,0,0,0,0,0,0,EWeaponAttackIntervalType::None,EWeaponAttackType::None,EWeaponAtkTaeget::None,0,0,0,EWeaponKind::Main,EWeaponHoldType::One,EAttachType::Hand,0,ESideTrgAct::None,0,0,0,0,0,0.05,0,0,0,0,0.1,0,0,EDecBulletType::None,EWeaponReloadType::Reset,0,0,0,0,0,0,0,0,0,0,ECustomReloadType::None,0,0,0,0,0,0,0,0,0,0,-1,-1,-1,0,0,0,0,EBuddyWeaponType::None,0,EHoldWeaponType::None,0.35,ERecoilMotionType::Small,ERecoilMoveTiming::None,ERecoilMovePower::None,EShotCharaEffect::None,None,EShakeType::None,1,1,0,0,0,0,0,0,0,0,0,0,0,0,0,0,0,0,0,0,0,0,EWeaponMaker::None,EWeaponIcon::None,EWeaponInfoTriggerType::None,EWeaponInfo::None,EWeaponInfo::None,EWeaponInfo::None,EWeaponInfo::None,EWeaponInfo::None,EWeaponInfoScoreEvaluation::None,EWeaponInfoRank::None,EWeaponInfoRank::None,EWeaponInfoRank::None,EWeaponInfoRank::None,EWeaponInfoRank::None,EWeaponInfoRank::None,EWeaponInfoRank::None,EWeaponCategory::None,EWeaponSlayerEnemyType::None,0,0,0,0,0,0,0,0,0,EWeaponSizeInfo::Medium,空き枠,空き枠,0
WPN_Wp00146,146,,0,/Game/Character/weapon/Blueprint/wp00000/BP_WpEmpty.uasset,0,0,0,0,0,0,EWeaponAttackIntervalType::None,EWeaponAttackType::None,EWeaponAtkTaeget::None,0,0,0,EWeaponKind::Main,EWeaponHoldType::One,EAttachType::Hand,0,ESideTrgAct::None,0,0,0,0,0,0.05,0,0,0,0,0.1,0,0,EDecBulletType::None,EWeaponReloadType::Reset,0,0,0,0,0,0,0,0,0,0,ECustomReloadType::None,0,0,0,0,0,0,0,0,0,0,-1,-1,-1,0,0,0,0,EBuddyWeaponType::None,0,EHoldWeaponType::None,0.35,ERecoilMotionType::Small,ERecoilMoveTiming::None,ERecoilMovePower::None,EShotCharaEffect::None,None,EShakeType::None,1,1,0,0,0,0,0,0,0,0,0,0,0,0,0,0,0,0,0,0,0,0,EWeaponMaker::None,EWeaponIcon::None,EWeaponInfoTriggerType::None,EWeaponInfo::None,EWeaponInfo::None,EWeaponInfo::None,EWeaponInfo::None,EWeaponInfo::None,EWeaponInfoScoreEvaluation::None,EWeaponInfoRank::None,EWeaponInfoRank::None,EWeaponInfoRank::None,EWeaponInfoRank::None,EWeaponInfoRank::None,EWeaponInfoRank::None,EWeaponInfoRank::None,EWeaponCategory::None,EWeaponSlayerEnemyType::None,0,0,0,0,0,0,0,0,0,EWeaponSizeInfo::Medium,空き枠,空き枠,0
WPN_Wp00147,147,,0,/Game/Character/weapon/Blueprint/wp00000/BP_WpEmpty.uasset,0,0,0,0,0,0,EWeaponAttackIntervalType::None,EWeaponAttackType::None,EWeaponAtkTaeget::None,0,0,0,EWeaponKind::Main,EWeaponHoldType::One,EAttachType::Hand,0,ESideTrgAct::None,0,0,0,0,0,0.05,0,0,0,0,0.1,0,0,EDecBulletType::None,EWeaponReloadType::Reset,0,0,0,0,0,0,0,0,0,0,ECustomReloadType::None,0,0,0,0,0,0,0,0,0,0,-1,-1,-1,0,0,0,0,EBuddyWeaponType::None,0,EHoldWeaponType::None,0.35,ERecoilMotionType::Small,ERecoilMoveTiming::None,ERecoilMovePower::None,EShotCharaEffect::None,None,EShakeType::None,1,1,0,0,0,0,0,0,0,0,0,0,0,0,0,0,0,0,0,0,0,0,EWeaponMaker::None,EWeaponIcon::None,EWeaponInfoTriggerType::None,EWeaponInfo::None,EWeaponInfo::None,EWeaponInfo::None,EWeaponInfo::None,EWeaponInfo::None,EWeaponInfoScoreEvaluation::None,EWeaponInfoRank::None,EWeaponInfoRank::None,EWeaponInfoRank::None,EWeaponInfoRank::None,EWeaponInfoRank::None,EWeaponInfoRank::None,EWeaponInfoRank::None,EWeaponCategory::None,EWeaponSlayerEnemyType::None,0,0,0,0,0,0,0,0,0,EWeaponSizeInfo::Medium,空き枠,空き枠,0
WPN_Wp00148,148,,0,/Game/Character/weapon/Blueprint/wp00000/BP_WpEmpty.uasset,0,0,0,0,0,0,EWeaponAttackIntervalType::None,EWeaponAttackType::None,EWeaponAtkTaeget::None,0,0,0,EWeaponKind::Main,EWeaponHoldType::One,EAttachType::Hand,0,ESideTrgAct::None,0,0,0,0,0,0.05,0,0,0,0,0.1,0,0,EDecBulletType::None,EWeaponReloadType::Reset,0,0,0,0,0,0,0,0,0,0,ECustomReloadType::None,0,0,0,0,0,0,0,0,0,0,-1,-1,-1,0,0,0,0,EBuddyWeaponType::None,0,EHoldWeaponType::None,0.35,ERecoilMotionType::Small,ERecoilMoveTiming::None,ERecoilMovePower::None,EShotCharaEffect::None,None,EShakeType::None,1,1,0,0,0,0,0,0,0,0,0,0,0,0,0,0,0,0,0,0,0,0,EWeaponMaker::None,EWeaponIcon::None,EWeaponInfoTriggerType::None,EWeaponInfo::None,EWeaponInfo::None,EWeaponInfo::None,EWeaponInfo::None,EWeaponInfo::None,EWeaponInfoScoreEvaluation::None,EWeaponInfoRank::None,EWeaponInfoRank::None,EWeaponInfoRank::None,EWeaponInfoRank::None,EWeaponInfoRank::None,EWeaponInfoRank::None,EWeaponInfoRank::None,EWeaponCategory::None,EWeaponSlayerEnemyType::None,0,0,0,0,0,0,0,0,0,EWeaponSizeInfo::Medium,空き枠,空き枠,0
WPN_Wp00149,149,,0,/Game/Character/weapon/Blueprint/wp00000/BP_WpEmpty.uasset,0,0,0,0,0,0,EWeaponAttackIntervalType::None,EWeaponAttackType::None,EWeaponAtkTaeget::None,0,0,0,EWeaponKind::Main,EWeaponHoldType::One,EAttachType::Hand,0,ESideTrgAct::None,0,0,0,0,0,0.05,0,0,0,0,0.1,0,0,EDecBulletType::None,EWeaponReloadType::Reset,0,0,0,0,0,0,0,0,0,0,ECustomReloadType::None,0,0,0,0,0,0,0,0,0,0,-1,-1,-1,0,0,0,0,EBuddyWeaponType::None,0,EHoldWeaponType::None,0.35,ERecoilMotionType::Small,ERecoilMoveTiming::None,ERecoilMovePower::None,EShotCharaEffect::None,None,EShakeType::None,1,1,0,0,0,0,0,0,0,0,0,0,0,0,0,0,0,0,0,0,0,0,EWeaponMaker::None,EWeaponIcon::None,EWeaponInfoTriggerType::None,EWeaponInfo::None,EWeaponInfo::None,EWeaponInfo::None,EWeaponInfo::None,EWeaponInfo::None,EWeaponInfoScoreEvaluation::None,EWeaponInfoRank::None,EWeaponInfoRank::None,EWeaponInfoRank::None,EWeaponInfoRank::None,EWeaponInfoRank::None,EWeaponInfoRank::None,EWeaponInfoRank::None,EWeaponCategory::None,EWeaponSlayerEnemyType::None,0,0,0,0,0,0,0,0,0,EWeaponSizeInfo::Medium,空き枠,空き枠,0
WPN_Wp00150,150,,0,/Game/Character/weapon/Blueprint/wp00000/BP_WpEmpty.uasset,0,0,0,0,0,0,EWeaponAttackIntervalType::None,EWeaponAttackType::None,EWeaponAtkTaeget::None,0,0,0,EWeaponKind::Main,EWeaponHoldType::One,EAttachType::Hand,0,ESideTrgAct::None,0,0,0,0,0,0.05,0,0,0,0,0.1,0,0,EDecBulletType::None,EWeaponReloadType::Reset,0,0,0,0,0,0,0,0,0,0,ECustomReloadType::None,0,0,0,0,0,0,0,0,0,0,-1,-1,-1,0,0,0,0,EBuddyWeaponType::None,0,EHoldWeaponType::None,0.35,ERecoilMotionType::Small,ERecoilMoveTiming::None,ERecoilMovePower::None,EShotCharaEffect::None,None,EShakeType::None,1,1,0,0,0,0,0,0,0,0,0,0,0,0,0,0,0,0,0,0,0,0,EWeaponMaker::None,EWeaponIcon::None,EWeaponInfoTriggerType::None,EWeaponInfo::None,EWeaponInfo::None,EWeaponInfo::None,EWeaponInfo::None,EWeaponInfo::None,EWeaponInfoScoreEvaluation::None,EWeaponInfoRank::None,EWeaponInfoRank::None,EWeaponInfoRank::None,EWeaponInfoRank::None,EWeaponInfoRank::None,EWeaponInfoRank::None,EWeaponInfoRank::None,EWeaponCategory::None,EWeaponSlayerEnemyType::None,0,0,0,0,0,0,0,0,0,EWeaponSizeInfo::Medium,空き枠,空き枠,0
WPN_Wp00151,151,,0,/Game/Character/weapon/Blueprint/wp00000/BP_WpEmpty.uasset,0,0,0,0,0,0,EWeaponAttackIntervalType::None,EWeaponAttackType::None,EWeaponAtkTaeget::None,0,0,0,EWeaponKind::Main,EWeaponHoldType::One,EAttachType::Hand,0,ESideTrgAct::None,0,0,0,0,0,0.05,0,0,0,0,0.1,0,0,EDecBulletType::None,EWeaponReloadType::Reset,0,0,0,0,0,0,0,0,0,0,ECustomReloadType::None,0,0,0,0,0,0,0,0,0,0,-1,-1,-1,0,0,0,0,EBuddyWeaponType::None,0,EHoldWeaponType::None,0.35,ERecoilMotionType::Small,ERecoilMoveTiming::None,ERecoilMovePower::None,EShotCharaEffect::None,None,EShakeType::None,1,1,0,0,0,0,0,0,0,0,0,0,0,0,0,0,0,0,0,0,0,0,EWeaponMaker::None,EWeaponIcon::None,EWeaponInfoTriggerType::None,EWeaponInfo::None,EWeaponInfo::None,EWeaponInfo::None,EWeaponInfo::None,EWeaponInfo::None,EWeaponInfoScoreEvaluation::None,EWeaponInfoRank::None,EWeaponInfoRank::None,EWeaponInfoRank::None,EWeaponInfoRank::None,EWeaponInfoRank::None,EWeaponInfoRank::None,EWeaponInfoRank::None,EWeaponCategory::None,EWeaponSlayerEnemyType::None,0,0,0,0,0,0,0,0,0,EWeaponSizeInfo::Medium,空き枠,空き枠,0
WPN_Wp00152,152,,0,/Game/Character/weapon/Blueprint/wp00000/BP_WpEmpty.uasset,0,0,0,0,0,0,EWeaponAttackIntervalType::None,EWeaponAttackType::None,EWeaponAtkTaeget::None,0,0,0,EWeaponKind::Main,EWeaponHoldType::One,EAttachType::Hand,0,ESideTrgAct::None,0,0,0,0,0,0.05,0,0,0,0,0.1,0,0,EDecBulletType::None,EWeaponReloadType::Reset,0,0,0,0,0,0,0,0,0,0,ECustomReloadType::None,0,0,0,0,0,0,0,0,0,0,-1,-1,-1,0,0,0,0,EBuddyWeaponType::None,0,EHoldWeaponType::None,0.35,ERecoilMotionType::Small,ERecoilMoveTiming::None,ERecoilMovePower::None,EShotCharaEffect::None,None,EShakeType::None,1,1,0,0,0,0,0,0,0,0,0,0,0,0,0,0,0,0,0,0,0,0,EWeaponMaker::None,EWeaponIcon::None,EWeaponInfoTriggerType::None,EWeaponInfo::None,EWeaponInfo::None,EWeaponInfo::None,EWeaponInfo::None,EWeaponInfo::None,EWeaponInfoScoreEvaluation::None,EWeaponInfoRank::None,EWeaponInfoRank::None,EWeaponInfoRank::None,EWeaponInfoRank::None,EWeaponInfoRank::None,EWeaponInfoRank::None,EWeaponInfoRank::None,EWeaponCategory::None,EWeaponSlayerEnemyType::None,0,0,0,0,0,0,0,0,0,EWeaponSizeInfo::Medium,空き枠,空き枠,0
WPN_Wp00153,153,,0,/Game/Character/weapon/Blueprint/wp00000/BP_WpEmpty.uasset,0,0,0,0,0,0,EWeaponAttackIntervalType::None,EWeaponAttackType::None,EWeaponAtkTaeget::None,0,0,0,EWeaponKind::Main,EWeaponHoldType::One,EAttachType::Hand,0,ESideTrgAct::None,0,0,0,0,0,0.05,0,0,0,0,0.1,0,0,EDecBulletType::None,EWeaponReloadType::Reset,0,0,0,0,0,0,0,0,0,0,ECustomReloadType::None,0,0,0,0,0,0,0,0,0,0,-1,-1,-1,0,0,0,0,EBuddyWeaponType::None,0,EHoldWeaponType::None,0.35,ERecoilMotionType::Small,ERecoilMoveTiming::None,ERecoilMovePower::None,EShotCharaEffect::None,None,EShakeType::None,1,1,0,0,0,0,0,0,0,0,0,0,0,0,0,0,0,0,0,0,0,0,EWeaponMaker::None,EWeaponIcon::None,EWeaponInfoTriggerType::None,EWeaponInfo::None,EWeaponInfo::None,EWeaponInfo::None,EWeaponInfo::None,EWeaponInfo::None,EWeaponInfoScoreEvaluation::None,EWeaponInfoRank::None,EWeaponInfoRank::None,EWeaponInfoRank::None,EWeaponInfoRank::None,EWeaponInfoRank::None,EWeaponInfoRank::None,EWeaponInfoRank::None,EWeaponCategory::None,EWeaponSlayerEnemyType::None,0,0,0,0,0,0,0,0,0,EWeaponSizeInfo::Medium,空き枠,空き枠,0
WPN_Wp00154,154,,0,/Game/Character/weapon/Blueprint/wp00000/BP_WpEmpty.uasset,0,0,0,0,0,0,EWeaponAttackIntervalType::None,EWeaponAttackType::None,EWeaponAtkTaeget::None,0,0,0,EWeaponKind::Main,EWeaponHoldType::One,EAttachType::Hand,0,ESideTrgAct::None,0,0,0,0,0,0.05,0,0,0,0,0.1,0,0,EDecBulletType::None,EWeaponReloadType::Reset,0,0,0,0,0,0,0,0,0,0,ECustomReloadType::None,0,0,0,0,0,0,0,0,0,0,-1,-1,-1,0,0,0,0,EBuddyWeaponType::None,0,EHoldWeaponType::None,0.35,ERecoilMotionType::Small,ERecoilMoveTiming::None,ERecoilMovePower::None,EShotCharaEffect::None,None,EShakeType::None,1,1,0,0,0,0,0,0,0,0,0,0,0,0,0,0,0,0,0,0,0,0,EWeaponMaker::None,EWeaponIcon::None,EWeaponInfoTriggerType::None,EWeaponInfo::None,EWeaponInfo::None,EWeaponInfo::None,EWeaponInfo::None,EWeaponInfo::None,EWeaponInfoScoreEvaluation::None,EWeaponInfoRank::None,EWeaponInfoRank::None,EWeaponInfoRank::None,EWeaponInfoRank::None,EWeaponInfoRank::None,EWeaponInfoRank::None,EWeaponInfoRank::None,EWeaponCategory::None,EWeaponSlayerEnemyType::None,0,0,0,0,0,0,0,0,0,EWeaponSizeInfo::Medium,空き枠,空き枠,0
WPN_Wp00155,155,,0,/Game/Character/weapon/Blueprint/wp00000/BP_WpEmpty.uasset,0,0,0,0,0,0,EWeaponAttackIntervalType::None,EWeaponAttackType::None,EWeaponAtkTaeget::None,0,0,0,EWeaponKind::Main,EWeaponHoldType::One,EAttachType::Hand,0,ESideTrgAct::None,0,0,0,0,0,0.05,0,0,0,0,0.1,0,0,EDecBulletType::None,EWeaponReloadType::Reset,0,0,0,0,0,0,0,0,0,0,ECustomReloadType::None,0,0,0,0,0,0,0,0,0,0,-1,-1,-1,0,0,0,0,EBuddyWeaponType::None,0,EHoldWeaponType::None,0.35,ERecoilMotionType::Small,ERecoilMoveTiming::None,ERecoilMovePower::None,EShotCharaEffect::None,None,EShakeType::None,1,1,0,0,0,0,0,0,0,0,0,0,0,0,0,0,0,0,0,0,0,0,EWeaponMaker::None,EWeaponIcon::None,EWeaponInfoTriggerType::None,EWeaponInfo::None,EWeaponInfo::None,EWeaponInfo::None,EWeaponInfo::None,EWeaponInfo::None,EWeaponInfoScoreEvaluation::None,EWeaponInfoRank::None,EWeaponInfoRank::None,EWeaponInfoRank::None,EWeaponInfoRank::None,EWeaponInfoRank::None,EWeaponInfoRank::None,EWeaponInfoRank::None,EWeaponCategory::None,EWeaponSlayerEnemyType::None,0,0,0,0,0,0,0,0,0,EWeaponSizeInfo::Medium,空き枠,空き枠,0
WPN_Wp00156,156,,0,/Game/Character/weapon/Blueprint/wp00000/BP_WpEmpty.uasset,0,0,0,0,0,0,EWeaponAttackIntervalType::None,EWeaponAttackType::None,EWeaponAtkTaeget::None,0,0,0,EWeaponKind::Main,EWeaponHoldType::One,EAttachType::Hand,0,ESideTrgAct::None,0,0,0,0,0,0.05,0,0,0,0,0.1,0,0,EDecBulletType::None,EWeaponReloadType::Reset,0,0,0,0,0,0,0,0,0,0,ECustomReloadType::None,0,0,0,0,0,0,0,0,0,0,-1,-1,-1,0,0,0,0,EBuddyWeaponType::None,0,EHoldWeaponType::None,0.35,ERecoilMotionType::Small,ERecoilMoveTiming::None,ERecoilMovePower::None,EShotCharaEffect::None,None,EShakeType::None,1,1,0,0,0,0,0,0,0,0,0,0,0,0,0,0,0,0,0,0,0,0,EWeaponMaker::None,EWeaponIcon::None,EWeaponInfoTriggerType::None,EWeaponInfo::None,EWeaponInfo::None,EWeaponInfo::None,EWeaponInfo::None,EWeaponInfo::None,EWeaponInfoScoreEvaluation::None,EWeaponInfoRank::None,EWeaponInfoRank::None,EWeaponInfoRank::None,EWeaponInfoRank::None,EWeaponInfoRank::None,EWeaponInfoRank::None,EWeaponInfoRank::None,EWeaponCategory::None,EWeaponSlayerEnemyType::None,0,0,0,0,0,0,0,0,0,EWeaponSizeInfo::Medium,空き枠,空き枠,0
WPN_Wp00157,157,,0,/Game/Character/weapon/Blueprint/wp00000/BP_WpEmpty.uasset,0,0,0,0,0,0,EWeaponAttackIntervalType::None,EWeaponAttackType::None,EWeaponAtkTaeget::None,0,0,0,EWeaponKind::Main,EWeaponHoldType::One,EAttachType::Hand,0,ESideTrgAct::None,0,0,0,0,0,0.05,0,0,0,0,0.1,0,0,EDecBulletType::None,EWeaponReloadType::Reset,0,0,0,0,0,0,0,0,0,0,ECustomReloadType::None,0,0,0,0,0,0,0,0,0,0,-1,-1,-1,0,0,0,0,EBuddyWeaponType::None,0,EHoldWeaponType::None,0.35,ERecoilMotionType::Small,ERecoilMoveTiming::None,ERecoilMovePower::None,EShotCharaEffect::None,None,EShakeType::None,1,1,0,0,0,0,0,0,0,0,0,0,0,0,0,0,0,0,0,0,0,0,EWeaponMaker::None,EWeaponIcon::None,EWeaponInfoTriggerType::None,EWeaponInfo::None,EWeaponInfo::None,EWeaponInfo::None,EWeaponInfo::None,EWeaponInfo::None,EWeaponInfoScoreEvaluation::None,EWeaponInfoRank::None,EWeaponInfoRank::None,EWeaponInfoRank::None,EWeaponInfoRank::None,EWeaponInfoRank::None,EWeaponInfoRank::None,EWeaponInfoRank::None,EWeaponCategory::None,EWeaponSlayerEnemyType::None,0,0,0,0,0,0,0,0,0,EWeaponSizeInfo::Medium,空き枠,空き枠,0
WPN_Wp00158,158,,0,/Game/Character/weapon/Blueprint/wp00000/BP_WpEmpty.uasset,0,0,0,0,0,0,EWeaponAttackIntervalType::None,EWeaponAttackType::None,EWeaponAtkTaeget::None,0,0,0,EWeaponKind::Main,EWeaponHoldType::One,EAttachType::Hand,0,ESideTrgAct::None,0,0,0,0,0,0.05,0,0,0,0,0.1,0,0,EDecBulletType::None,EWeaponReloadType::Reset,0,0,0,0,0,0,0,0,0,0,ECustomReloadType::None,0,0,0,0,0,0,0,0,0,0,-1,-1,-1,0,0,0,0,EBuddyWeaponType::None,0,EHoldWeaponType::None,0.35,ERecoilMotionType::Small,ERecoilMoveTiming::None,ERecoilMovePower::None,EShotCharaEffect::None,None,EShakeType::None,1,1,0,0,0,0,0,0,0,0,0,0,0,0,0,0,0,0,0,0,0,0,EWeaponMaker::None,EWeaponIcon::None,EWeaponInfoTriggerType::None,EWeaponInfo::None,EWeaponInfo::None,EWeaponInfo::None,EWeaponInfo::None,EWeaponInfo::None,EWeaponInfoScoreEvaluation::None,EWeaponInfoRank::None,EWeaponInfoRank::None,EWeaponInfoRank::None,EWeaponInfoRank::None,EWeaponInfoRank::None,EWeaponInfoRank::None,EWeaponInfoRank::None,EWeaponCategory::None,EWeaponSlayerEnemyType::None,0,0,0,0,0,0,0,0,0,EWeaponSizeInfo::Medium,空き枠,空き枠,0
WPN_Wp00159,159,,0,/Game/Character/weapon/Blueprint/wp00000/BP_WpEmpty.uasset,0,0,0,0,0,0,EWeaponAttackIntervalType::None,EWeaponAttackType::None,EWeaponAtkTaeget::None,0,0,0,EWeaponKind::Main,EWeaponHoldType::One,EAttachType::Hand,0,ESideTrgAct::None,0,0,0,0,0,0.05,0,0,0,0,0.1,0,0,EDecBulletType::None,EWeaponReloadType::Reset,0,0,0,0,0,0,0,0,0,0,ECustomReloadType::None,0,0,0,0,0,0,0,0,0,0,-1,-1,-1,0,0,0,0,EBuddyWeaponType::None,0,EHoldWeaponType::None,0.35,ERecoilMotionType::Small,ERecoilMoveTiming::None,ERecoilMovePower::None,EShotCharaEffect::None,None,EShakeType::None,1,1,0,0,0,0,0,0,0,0,0,0,0,0,0,0,0,0,0,0,0,0,EWeaponMaker::None,EWeaponIcon::None,EWeaponInfoTriggerType::None,EWeaponInfo::None,EWeaponInfo::None,EWeaponInfo::None,EWeaponInfo::None,EWeaponInfo::None,EWeaponInfoScoreEvaluation::None,EWeaponInfoRank::None,EWeaponInfoRank::None,EWeaponInfoRank::None,EWeaponInfoRank::None,EWeaponInfoRank::None,EWeaponInfoRank::None,EWeaponInfoRank::None,EWeaponCategory::None,EWeaponSlayerEnemyType::None,0,0,0,0,0,0,0,0,0,EWeaponSizeInfo::Medium,空き枠,空き枠,0
WPN_Wp00160,160,,0,/Game/Character/weapon/Blueprint/wp00000/BP_WpEmpty.uasset,0,0,0,0,0,0,EWeaponAttackIntervalType::None,EWeaponAttackType::None,EWeaponAtkTaeget::None,0,0,0,EWeaponKind::Main,EWeaponHoldType::One,EAttachType::Hand,0,ESideTrgAct::None,0,0,0,0,0,0.05,0,0,0,0,0.1,0,0,EDecBulletType::None,EWeaponReloadType::Reset,0,0,0,0,0,0,0,0,0,0,ECustomReloadType::None,0,0,0,0,0,0,0,0,0,0,-1,-1,-1,0,0,0,0,EBuddyWeaponType::None,0,EHoldWeaponType::None,0.35,ERecoilMotionType::Small,ERecoilMoveTiming::None,ERecoilMovePower::None,EShotCharaEffect::None,None,EShakeType::None,1,1,0,0,0,0,0,0,0,0,0,0,0,0,0,0,0,0,0,0,0,0,EWeaponMaker::None,EWeaponIcon::None,EWeaponInfoTriggerType::None,EWeaponInfo::None,EWeaponInfo::None,EWeaponInfo::None,EWeaponInfo::None,EWeaponInfo::None,EWeaponInfoScoreEvaluation::None,EWeaponInfoRank::None,EWeaponInfoRank::None,EWeaponInfoRank::None,EWeaponInfoRank::None,EWeaponInfoRank::None,EWeaponInfoRank::None,EWeaponInfoRank::None,EWeaponCategory::None,EWeaponSlayerEnemyType::None,0,0,0,0,0,0,0,0,0,EWeaponSizeInfo::Medium,空き枠,空き枠,0
WPN_Wp00161,161,,0,/Game/Character/weapon/Blueprint/wp00000/BP_WpEmpty.uasset,0,0,0,0,0,0,EWeaponAttackIntervalType::None,EWeaponAttackType::None,EWeaponAtkTaeget::None,0,0,0,EWeaponKind::Main,EWeaponHoldType::One,EAttachType::Hand,0,ESideTrgAct::None,0,0,0,0,0,0.05,0,0,0,0,0.1,0,0,EDecBulletType::None,EWeaponReloadType::Reset,0,0,0,0,0,0,0,0,0,0,ECustomReloadType::None,0,0,0,0,0,0,0,0,0,0,-1,-1,-1,0,0,0,0,EBuddyWeaponType::None,0,EHoldWeaponType::None,0.35,ERecoilMotionType::Small,ERecoilMoveTiming::None,ERecoilMovePower::None,EShotCharaEffect::None,None,EShakeType::None,1,1,0,0,0,0,0,0,0,0,0,0,0,0,0,0,0,0,0,0,0,0,EWeaponMaker::None,EWeaponIcon::None,EWeaponInfoTriggerType::None,EWeaponInfo::None,EWeaponInfo::None,EWeaponInfo::None,EWeaponInfo::None,EWeaponInfo::None,EWeaponInfoScoreEvaluation::None,EWeaponInfoRank::None,EWeaponInfoRank::None,EWeaponInfoRank::None,EWeaponInfoRank::None,EWeaponInfoRank::None,EWeaponInfoRank::None,EWeaponInfoRank::None,EWeaponCategory::None,EWeaponSlayerEnemyType::None,0,0,0,0,0,0,0,0,0,EWeaponSizeInfo::Medium,空き枠,空き枠,0
WPN_Wp00162,162,,0,/Game/Character/weapon/Blueprint/wp00000/BP_WpEmpty.uasset,0,0,0,0,0,0,EWeaponAttackIntervalType::None,EWeaponAttackType::None,EWeaponAtkTaeget::None,0,0,0,EWeaponKind::Main,EWeaponHoldType::One,EAttachType::Hand,0,ESideTrgAct::None,0,0,0,0,0,0.05,0,0,0,0,0.1,0,0,EDecBulletType::None,EWeaponReloadType::Reset,0,0,0,0,0,0,0,0,0,0,ECustomReloadType::None,0,0,0,0,0,0,0,0,0,0,-1,-1,-1,0,0,0,0,EBuddyWeaponType::None,0,EHoldWeaponType::None,0.35,ERecoilMotionType::Small,ERecoilMoveTiming::None,ERecoilMovePower::None,EShotCharaEffect::None,None,EShakeType::None,1,1,0,0,0,0,0,0,0,0,0,0,0,0,0,0,0,0,0,0,0,0,EWeaponMaker::None,EWeaponIcon::None,EWeaponInfoTriggerType::None,EWeaponInfo::None,EWeaponInfo::None,EWeaponInfo::None,EWeaponInfo::None,EWeaponInfo::None,EWeaponInfoScoreEvaluation::None,EWeaponInfoRank::None,EWeaponInfoRank::None,EWeaponInfoRank::None,EWeaponInfoRank::None,EWeaponInfoRank::None,EWeaponInfoRank::None,EWeaponInfoRank::None,EWeaponCategory::None,EWeaponSlayerEnemyType::None,0,0,0,0,0,0,0,0,0,EWeaponSizeInfo::Medium,空き枠,空き枠,0
WPN_Wp00163,163,,0,/Game/Character/weapon/Blueprint/wp00000/BP_WpEmpty.uasset,0,0,0,0,0,0,EWeaponAttackIntervalType::None,EWeaponAttackType::None,EWeaponAtkTaeget::None,0,0,0,EWeaponKind::Main,EWeaponHoldType::One,EAttachType::Hand,0,ESideTrgAct::None,0,0,0,0,0,0.05,0,0,0,0,0.1,0,0,EDecBulletType::None,EWeaponReloadType::Reset,0,0,0,0,0,0,0,0,0,0,ECustomReloadType::None,0,0,0,0,0,0,0,0,0,0,-1,-1,-1,0,0,0,0,EBuddyWeaponType::None,0,EHoldWeaponType::None,0.35,ERecoilMotionType::Small,ERecoilMoveTiming::None,ERecoilMovePower::None,EShotCharaEffect::None,None,EShakeType::None,1,1,0,0,0,0,0,0,0,0,0,0,0,0,0,0,0,0,0,0,0,0,EWeaponMaker::None,EWeaponIcon::None,EWeaponInfoTriggerType::None,EWeaponInfo::None,EWeaponInfo::None,EWeaponInfo::None,EWeaponInfo::None,EWeaponInfo::None,EWeaponInfoScoreEvaluation::None,EWeaponInfoRank::None,EWeaponInfoRank::None,EWeaponInfoRank::None,EWeaponInfoRank::None,EWeaponInfoRank::None,EWeaponInfoRank::None,EWeaponInfoRank::None,EWeaponCategory::None,EWeaponSlayerEnemyType::None,0,0,0,0,0,0,0,0,0,EWeaponSizeInfo::Medium,空き枠,空き枠,0
WPN_Wp00164,164,,0,/Game/Character/weapon/Blueprint/wp00000/BP_WpEmpty.uasset,0,0,0,0,0,0,EWeaponAttackIntervalType::None,EWeaponAttackType::None,EWeaponAtkTaeget::None,0,0,0,EWeaponKind::Main,EWeaponHoldType::One,EAttachType::Hand,0,ESideTrgAct::None,0,0,0,0,0,0.05,0,0,0,0,0.1,0,0,EDecBulletType::None,EWeaponReloadType::Reset,0,0,0,0,0,0,0,0,0,0,ECustomReloadType::None,0,0,0,0,0,0,0,0,0,0,-1,-1,-1,0,0,0,0,EBuddyWeaponType::None,0,EHoldWeaponType::None,0.35,ERecoilMotionType::Small,ERecoilMoveTiming::None,ERecoilMovePower::None,EShotCharaEffect::None,None,EShakeType::None,1,1,0,0,0,0,0,0,0,0,0,0,0,0,0,0,0,0,0,0,0,0,EWeaponMaker::None,EWeaponIcon::None,EWeaponInfoTriggerType::None,EWeaponInfo::None,EWeaponInfo::None,EWeaponInfo::None,EWeaponInfo::None,EWeaponInfo::None,EWeaponInfoScoreEvaluation::None,EWeaponInfoRank::None,EWeaponInfoRank::None,EWeaponInfoRank::None,EWeaponInfoRank::None,EWeaponInfoRank::None,EWeaponInfoRank::None,EWeaponInfoRank::None,EWeaponCategory::None,EWeaponSlayerEnemyType::None,0,0,0,0,0,0,0,0,0,EWeaponSizeInfo::Medium,空き枠,空き枠,0
WPN_Wp00165,165,,0,/Game/Character/weapon/Blueprint/wp00000/BP_WpEmpty.uasset,0,0,0,0,0,0,EWeaponAttackIntervalType::None,EWeaponAttackType::None,EWeaponAtkTaeget::None,0,0,0,EWeaponKind::Main,EWeaponHoldType::One,EAttachType::Hand,0,ESideTrgAct::None,0,0,0,0,0,0.05,0,0,0,0,0.1,0,0,EDecBulletType::None,EWeaponReloadType::Reset,0,0,0,0,0,0,0,0,0,0,ECustomReloadType::None,0,0,0,0,0,0,0,0,0,0,-1,-1,-1,0,0,0,0,EBuddyWeaponType::None,0,EHoldWeaponType::None,0.35,ERecoilMotionType::Small,ERecoilMoveTiming::None,ERecoilMovePower::None,EShotCharaEffect::None,None,EShakeType::None,1,1,0,0,0,0,0,0,0,0,0,0,0,0,0,0,0,0,0,0,0,0,EWeaponMaker::None,EWeaponIcon::None,EWeaponInfoTriggerType::None,EWeaponInfo::None,EWeaponInfo::None,EWeaponInfo::None,EWeaponInfo::None,EWeaponInfo::None,EWeaponInfoScoreEvaluation::None,EWeaponInfoRank::None,EWeaponInfoRank::None,EWeaponInfoRank::None,EWeaponInfoRank::None,EWeaponInfoRank::None,EWeaponInfoRank::None,EWeaponInfoRank::None,EWeaponCategory::None,EWeaponSlayerEnemyType::None,0,0,0,0,0,0,0,0,0,EWeaponSizeInfo::Medium,空き枠,空き枠,0
WPN_Wp00166,166,,0,/Game/Character/weapon/Blueprint/wp00000/BP_WpEmpty.uasset,0,0,0,0,0,0,EWeaponAttackIntervalType::None,EWeaponAttackType::None,EWeaponAtkTaeget::None,0,0,0,EWeaponKind::Main,EWeaponHoldType::One,EAttachType::Hand,0,ESideTrgAct::None,0,0,0,0,0,0.05,0,0,0,0,0.1,0,0,EDecBulletType::None,EWeaponReloadType::Reset,0,0,0,0,0,0,0,0,0,0,ECustomReloadType::None,0,0,0,0,0,0,0,0,0,0,-1,-1,-1,0,0,0,0,EBuddyWeaponType::None,0,EHoldWeaponType::None,0.35,ERecoilMotionType::Small,ERecoilMoveTiming::None,ERecoilMovePower::None,EShotCharaEffect::None,None,EShakeType::None,1,1,0,0,0,0,0,0,0,0,0,0,0,0,0,0,0,0,0,0,0,0,EWeaponMaker::None,EWeaponIcon::None,EWeaponInfoTriggerType::None,EWeaponInfo::None,EWeaponInfo::None,EWeaponInfo::None,EWeaponInfo::None,EWeaponInfo::None,EWeaponInfoScoreEvaluation::None,EWeaponInfoRank::None,EWeaponInfoRank::None,EWeaponInfoRank::None,EWeaponInfoRank::None,EWeaponInfoRank::None,EWeaponInfoRank::None,EWeaponInfoRank::None,EWeaponCategory::None,EWeaponSlayerEnemyType::None,0,0,0,0,0,0,0,0,0,EWeaponSizeInfo::Medium,空き枠,空き枠,0
WPN_Wp00167,167,,0,/Game/Character/weapon/Blueprint/wp00000/BP_WpEmpty.uasset,0,0,0,0,0,0,EWeaponAttackIntervalType::None,EWeaponAttackType::None,EWeaponAtkTaeget::None,0,0,0,EWeaponKind::Main,EWeaponHoldType::One,EAttachType::Hand,0,ESideTrgAct::None,0,0,0,0,0,0.05,0,0,0,0,0.1,0,0,EDecBulletType::None,EWeaponReloadType::Reset,0,0,0,0,0,0,0,0,0,0,ECustomReloadType::None,0,0,0,0,0,0,0,0,0,0,-1,-1,-1,0,0,0,0,EBuddyWeaponType::None,0,EHoldWeaponType::None,0.35,ERecoilMotionType::Small,ERecoilMoveTiming::None,ERecoilMovePower::None,EShotCharaEffect::None,None,EShakeType::None,1,1,0,0,0,0,0,0,0,0,0,0,0,0,0,0,0,0,0,0,0,0,EWeaponMaker::None,EWeaponIcon::None,EWeaponInfoTriggerType::None,EWeaponInfo::None,EWeaponInfo::None,EWeaponInfo::None,EWeaponInfo::None,EWeaponInfo::None,EWeaponInfoScoreEvaluation::None,EWeaponInfoRank::None,EWeaponInfoRank::None,EWeaponInfoRank::None,EWeaponInfoRank::None,EWeaponInfoRank::None,EWeaponInfoRank::None,EWeaponInfoRank::None,EWeaponCategory::None,EWeaponSlayerEnemyType::None,0,0,0,0,0,0,0,0,0,EWeaponSizeInfo::Medium,空き枠,空き枠,0
WPN_Wp00168,168,,0,/Game/Character/weapon/Blueprint/wp00000/BP_WpEmpty.uasset,0,0,0,0,0,0,EWeaponAttackIntervalType::None,EWeaponAttackType::None,EWeaponAtkTaeget::None,0,0,0,EWeaponKind::Main,EWeaponHoldType::One,EAttachType::Hand,0,ESideTrgAct::None,0,0,0,0,0,0.05,0,0,0,0,0.1,0,0,EDecBulletType::None,EWeaponReloadType::Reset,0,0,0,0,0,0,0,0,0,0,ECustomReloadType::None,0,0,0,0,0,0,0,0,0,0,-1,-1,-1,0,0,0,0,EBuddyWeaponType::None,0,EHoldWeaponType::None,0.35,ERecoilMotionType::Small,ERecoilMoveTiming::None,ERecoilMovePower::None,EShotCharaEffect::None,None,EShakeType::None,1,1,0,0,0,0,0,0,0,0,0,0,0,0,0,0,0,0,0,0,0,0,EWeaponMaker::None,EWeaponIcon::None,EWeaponInfoTriggerType::None,EWeaponInfo::None,EWeaponInfo::None,EWeaponInfo::None,EWeaponInfo::None,EWeaponInfo::None,EWeaponInfoScoreEvaluation::None,EWeaponInfoRank::None,EWeaponInfoRank::None,EWeaponInfoRank::None,EWeaponInfoRank::None,EWeaponInfoRank::None,EWeaponInfoRank::None,EWeaponInfoRank::None,EWeaponCategory::None,EWeaponSlayerEnemyType::None,0,0,0,0,0,0,0,0,0,EWeaponSizeInfo::Medium,空き枠,空き枠,0
WPN_Wp00169,169,,0,/Game/Character/weapon/Blueprint/wp00000/BP_WpEmpty.uasset,0,0,0,0,0,0,EWeaponAttackIntervalType::None,EWeaponAttackType::None,EWeaponAtkTaeget::None,0,0,0,EWeaponKind::Main,EWeaponHoldType::One,EAttachType::Hand,0,ESideTrgAct::None,0,0,0,0,0,0.05,0,0,0,0,0.1,0,0,EDecBulletType::None,EWeaponReloadType::Reset,0,0,0,0,0,0,0,0,0,0,ECustomReloadType::None,0,0,0,0,0,0,0,0,0,0,-1,-1,-1,0,0,0,0,EBuddyWeaponType::None,0,EHoldWeaponType::None,0.35,ERecoilMotionType::Small,ERecoilMoveTiming::None,ERecoilMovePower::None,EShotCharaEffect::None,None,EShakeType::None,1,1,0,0,0,0,0,0,0,0,0,0,0,0,0,0,0,0,0,0,0,0,EWeaponMaker::None,EWeaponIcon::None,EWeaponInfoTriggerType::None,EWeaponInfo::None,EWeaponInfo::None,EWeaponInfo::None,EWeaponInfo::None,EWeaponInfo::None,EWeaponInfoScoreEvaluation::None,EWeaponInfoRank::None,EWeaponInfoRank::None,EWeaponInfoRank::None,EWeaponInfoRank::None,EWeaponInfoRank::None,EWeaponInfoRank::None,EWeaponInfoRank::None,EWeaponCategory::None,EWeaponSlayerEnemyType::None,0,0,0,0,0,0,0,0,0,EWeaponSizeInfo::Medium,空き枠,空き枠,0
WPN_Wp00170,170,,0,/Game/Character/weapon/Blueprint/wp00000/BP_WpEmpty.uasset,0,0,0,0,0,0,EWeaponAttackIntervalType::None,EWeaponAttackType::None,EWeaponAtkTaeget::None,0,0,0,EWeaponKind::Main,EWeaponHoldType::One,EAttachType::Hand,0,ESideTrgAct::None,0,0,0,0,0,0.05,0,0,0,0,0.1,0,0,EDecBulletType::None,EWeaponReloadType::Reset,0,0,0,0,0,0,0,0,0,0,ECustomReloadType::None,0,0,0,0,0,0,0,0,0,0,-1,-1,-1,0,0,0,0,EBuddyWeaponType::None,0,EHoldWeaponType::None,0.35,ERecoilMotionType::Small,ERecoilMoveTiming::None,ERecoilMovePower::None,EShotCharaEffect::None,None,EShakeType::None,1,1,0,0,0,0,0,0,0,0,0,0,0,0,0,0,0,0,0,0,0,0,EWeaponMaker::None,EWeaponIcon::None,EWeaponInfoTriggerType::None,EWeaponInfo::None,EWeaponInfo::None,EWeaponInfo::None,EWeaponInfo::None,EWeaponInfo::None,EWeaponInfoScoreEvaluation::None,EWeaponInfoRank::None,EWeaponInfoRank::None,EWeaponInfoRank::None,EWeaponInfoRank::None,EWeaponInfoRank::None,EWeaponInfoRank::None,EWeaponInfoRank::None,EWeaponCategory::None,EWeaponSlayerEnemyType::None,0,0,0,0,0,0,0,0,0,EWeaponSizeInfo::Medium,空き枠,空き枠,0
WPN_Wp00171,171,,0,/Game/Character/weapon/Blueprint/wp00000/BP_WpEmpty.uasset,0,0,0,0,0,0,EWeaponAttackIntervalType::None,EWeaponAttackType::None,EWeaponAtkTaeget::None,0,0,0,EWeaponKind::Main,EWeaponHoldType::One,EAttachType::Hand,0,ESideTrgAct::None,0,0,0,0,0,0.05,0,0,0,0,0.1,0,0,EDecBulletType::None,EWeaponReloadType::Reset,0,0,0,0,0,0,0,0,0,0,ECustomReloadType::None,0,0,0,0,0,0,0,0,0,0,-1,-1,-1,0,0,0,0,EBuddyWeaponType::None,0,EHoldWeaponType::None,0.35,ERecoilMotionType::Small,ERecoilMoveTiming::None,ERecoilMovePower::None,EShotCharaEffect::None,None,EShakeType::None,1,1,0,0,0,0,0,0,0,0,0,0,0,0,0,0,0,0,0,0,0,0,EWeaponMaker::None,EWeaponIcon::None,EWeaponInfoTriggerType::None,EWeaponInfo::None,EWeaponInfo::None,EWeaponInfo::None,EWeaponInfo::None,EWeaponInfo::None,EWeaponInfoScoreEvaluation::None,EWeaponInfoRank::None,EWeaponInfoRank::None,EWeaponInfoRank::None,EWeaponInfoRank::None,EWeaponInfoRank::None,EWeaponInfoRank::None,EWeaponInfoRank::None,EWeaponCategory::None,EWeaponSlayerEnemyType::None,0,0,0,0,0,0,0,0,0,EWeaponSizeInfo::Medium,空き枠,空き枠,0
WPN_Wp00172,172,,0,/Game/Character/weapon/Blueprint/wp00000/BP_WpEmpty.uasset,0,0,0,0,0,0,EWeaponAttackIntervalType::None,EWeaponAttackType::None,EWeaponAtkTaeget::None,0,0,0,EWeaponKind::Main,EWeaponHoldType::One,EAttachType::Hand,0,ESideTrgAct::None,0,0,0,0,0,0.05,0,0,0,0,0.1,0,0,EDecBulletType::None,EWeaponReloadType::Reset,0,0,0,0,0,0,0,0,0,0,ECustomReloadType::None,0,0,0,0,0,0,0,0,0,0,-1,-1,-1,0,0,0,0,EBuddyWeaponType::None,0,EHoldWeaponType::None,0.35,ERecoilMotionType::Small,ERecoilMoveTiming::None,ERecoilMovePower::None,EShotCharaEffect::None,None,EShakeType::None,1,1,0,0,0,0,0,0,0,0,0,0,0,0,0,0,0,0,0,0,0,0,EWeaponMaker::None,EWeaponIcon::None,EWeaponInfoTriggerType::None,EWeaponInfo::None,EWeaponInfo::None,EWeaponInfo::None,EWeaponInfo::None,EWeaponInfo::None,EWeaponInfoScoreEvaluation::None,EWeaponInfoRank::None,EWeaponInfoRank::None,EWeaponInfoRank::None,EWeaponInfoRank::None,EWeaponInfoRank::None,EWeaponInfoRank::None,EWeaponInfoRank::None,EWeaponCategory::None,EWeaponSlayerEnemyType::None,0,0,0,0,0,0,0,0,0,EWeaponSizeInfo::Medium,空き枠,空き枠,0
WPN_Wp00173,173,,0,/Game/Character/weapon/Blueprint/wp00000/BP_WpEmpty.uasset,0,0,0,0,0,0,EWeaponAttackIntervalType::None,EWeaponAttackType::None,EWeaponAtkTaeget::None,0,0,0,EWeaponKind::Main,EWeaponHoldType::One,EAttachType::Hand,0,ESideTrgAct::None,0,0,0,0,0,0.05,0,0,0,0,0.1,0,0,EDecBulletType::None,EWeaponReloadType::Reset,0,0,0,0,0,0,0,0,0,0,ECustomReloadType::None,0,0,0,0,0,0,0,0,0,0,-1,-1,-1,0,0,0,0,EBuddyWeaponType::None,0,EHoldWeaponType::None,0.35,ERecoilMotionType::Small,ERecoilMoveTiming::None,ERecoilMovePower::None,EShotCharaEffect::None,None,EShakeType::None,1,1,0,0,0,0,0,0,0,0,0,0,0,0,0,0,0,0,0,0,0,0,EWeaponMaker::None,EWeaponIcon::None,EWeaponInfoTriggerType::None,EWeaponInfo::None,EWeaponInfo::None,EWeaponInfo::None,EWeaponInfo::None,EWeaponInfo::None,EWeaponInfoScoreEvaluation::None,EWeaponInfoRank::None,EWeaponInfoRank::None,EWeaponInfoRank::None,EWeaponInfoRank::None,EWeaponInfoRank::None,EWeaponInfoRank::None,EWeaponInfoRank::None,EWeaponCategory::None,EWeaponSlayerEnemyType::None,0,0,0,0,0,0,0,0,0,EWeaponSizeInfo::Medium,空き枠,空き枠,0
WPN_Wp00174,174,,0,/Game/Character/weapon/Blueprint/wp00000/BP_WpEmpty.uasset,0,0,0,0,0,0,EWeaponAttackIntervalType::None,EWeaponAttackType::None,EWeaponAtkTaeget::None,0,0,0,EWeaponKind::Main,EWeaponHoldType::One,EAttachType::Hand,0,ESideTrgAct::None,0,0,0,0,0,0.05,0,0,0,0,0.1,0,0,EDecBulletType::None,EWeaponReloadType::Reset,0,0,0,0,0,0,0,0,0,0,ECustomReloadType::None,0,0,0,0,0,0,0,0,0,0,-1,-1,-1,0,0,0,0,EBuddyWeaponType::None,0,EHoldWeaponType::None,0.35,ERecoilMotionType::Small,ERecoilMoveTiming::None,ERecoilMovePower::None,EShotCharaEffect::None,None,EShakeType::None,1,1,0,0,0,0,0,0,0,0,0,0,0,0,0,0,0,0,0,0,0,0,EWeaponMaker::None,EWeaponIcon::None,EWeaponInfoTriggerType::None,EWeaponInfo::None,EWeaponInfo::None,EWeaponInfo::None,EWeaponInfo::None,EWeaponInfo::None,EWeaponInfoScoreEvaluation::None,EWeaponInfoRank::None,EWeaponInfoRank::None,EWeaponInfoRank::None,EWeaponInfoRank::None,EWeaponInfoRank::None,EWeaponInfoRank::None,EWeaponInfoRank::None,EWeaponCategory::None,EWeaponSlayerEnemyType::None,0,0,0,0,0,0,0,0,0,EWeaponSizeInfo::Medium,空き枠,空き枠,0
WPN_Wp00175,175,,0,/Game/Character/weapon/Blueprint/wp00000/BP_WpEmpty.uasset,0,0,0,0,0,0,EWeaponAttackIntervalType::None,EWeaponAttackType::None,EWeaponAtkTaeget::None,0,0,0,EWeaponKind::Main,EWeaponHoldType::One,EAttachType::Hand,0,ESideTrgAct::None,0,0,0,0,0,0.05,0,0,0,0,0.1,0,0,EDecBulletType::None,EWeaponReloadType::Reset,0,0,0,0,0,0,0,0,0,0,ECustomReloadType::None,0,0,0,0,0,0,0,0,0,0,-1,-1,-1,0,0,0,0,EBuddyWeaponType::None,0,EHoldWeaponType::None,0.35,ERecoilMotionType::Small,ERecoilMoveTiming::None,ERecoilMovePower::None,EShotCharaEffect::None,None,EShakeType::None,1,1,0,0,0,0,0,0,0,0,0,0,0,0,0,0,0,0,0,0,0,0,EWeaponMaker::None,EWeaponIcon::None,EWeaponInfoTriggerType::None,EWeaponInfo::None,EWeaponInfo::None,EWeaponInfo::None,EWeaponInfo::None,EWeaponInfo::None,EWeaponInfoScoreEvaluation::None,EWeaponInfoRank::None,EWeaponInfoRank::None,EWeaponInfoRank::None,EWeaponInfoRank::None,EWeaponInfoRank::None,EWeaponInfoRank::None,EWeaponInfoRank::None,EWeaponCategory::None,EWeaponSlayerEnemyType::None,0,0,0,0,0,0,0,0,0,EWeaponSizeInfo::Medium,空き枠,空き枠,0
WPN_Wp00176,176,,0,/Game/Character/weapon/Blueprint/wp00000/BP_WpEmpty.uasset,0,0,0,0,0,0,EWeaponAttackIntervalType::None,EWeaponAttackType::None,EWeaponAtkTaeget::None,0,0,0,EWeaponKind::Main,EWeaponHoldType::One,EAttachType::Hand,0,ESideTrgAct::None,0,0,0,0,0,0.05,0,0,0,0,0.1,0,0,EDecBulletType::None,EWeaponReloadType::Reset,0,0,0,0,0,0,0,0,0,0,ECustomReloadType::None,0,0,0,0,0,0,0,0,0,0,-1,-1,-1,0,0,0,0,EBuddyWeaponType::None,0,EHoldWeaponType::None,0.35,ERecoilMotionType::Small,ERecoilMoveTiming::None,ERecoilMovePower::None,EShotCharaEffect::None,None,EShakeType::None,1,1,0,0,0,0,0,0,0,0,0,0,0,0,0,0,0,0,0,0,0,0,EWeaponMaker::None,EWeaponIcon::None,EWeaponInfoTriggerType::None,EWeaponInfo::None,EWeaponInfo::None,EWeaponInfo::None,EWeaponInfo::None,EWeaponInfo::None,EWeaponInfoScoreEvaluation::None,EWeaponInfoRank::None,EWeaponInfoRank::None,EWeaponInfoRank::None,EWeaponInfoRank::None,EWeaponInfoRank::None,EWeaponInfoRank::None,EWeaponInfoRank::None,EWeaponCategory::None,EWeaponSlayerEnemyType::None,0,0,0,0,0,0,0,0,0,EWeaponSizeInfo::Medium,空き枠,空き枠,0
WPN_Wp00177,177,,0,/Game/Character/weapon/Blueprint/wp00000/BP_WpEmpty.uasset,0,0,0,0,0,0,EWeaponAttackIntervalType::None,EWeaponAttackType::None,EWeaponAtkTaeget::None,0,0,0,EWeaponKind::Main,EWeaponHoldType::One,EAttachType::Hand,0,ESideTrgAct::None,0,0,0,0,0,0.05,0,0,0,0,0.1,0,0,EDecBulletType::None,EWeaponReloadType::Reset,0,0,0,0,0,0,0,0,0,0,ECustomReloadType::None,0,0,0,0,0,0,0,0,0,0,-1,-1,-1,0,0,0,0,EBuddyWeaponType::None,0,EHoldWeaponType::None,0.35,ERecoilMotionType::Small,ERecoilMoveTiming::None,ERecoilMovePower::None,EShotCharaEffect::None,None,EShakeType::None,1,1,0,0,0,0,0,0,0,0,0,0,0,0,0,0,0,0,0,0,0,0,EWeaponMaker::None,EWeaponIcon::None,EWeaponInfoTriggerType::None,EWeaponInfo::None,EWeaponInfo::None,EWeaponInfo::None,EWeaponInfo::None,EWeaponInfo::None,EWeaponInfoScoreEvaluation::None,EWeaponInfoRank::None,EWeaponInfoRank::None,EWeaponInfoRank::None,EWeaponInfoRank::None,EWeaponInfoRank::None,EWeaponInfoRank::None,EWeaponInfoRank::None,EWeaponCategory::None,EWeaponSlayerEnemyType::None,0,0,0,0,0,0,0,0,0,EWeaponSizeInfo::Medium,空き枠,空き枠,0
WPN_Wp00178,178,,0,/Game/Character/weapon/Blueprint/wp00000/BP_WpEmpty.uasset,0,0,0,0,0,0,EWeaponAttackIntervalType::None,EWeaponAttackType::None,EWeaponAtkTaeget::None,0,0,0,EWeaponKind::Main,EWeaponHoldType::One,EAttachType::Hand,0,ESideTrgAct::None,0,0,0,0,0,0.05,0,0,0,0,0.1,0,0,EDecBulletType::None,EWeaponReloadType::Reset,0,0,0,0,0,0,0,0,0,0,ECustomReloadType::None,0,0,0,0,0,0,0,0,0,0,-1,-1,-1,0,0,0,0,EBuddyWeaponType::None,0,EHoldWeaponType::None,0.35,ERecoilMotionType::Small,ERecoilMoveTiming::None,ERecoilMovePower::None,EShotCharaEffect::None,None,EShakeType::None,1,1,0,0,0,0,0,0,0,0,0,0,0,0,0,0,0,0,0,0,0,0,EWeaponMaker::None,EWeaponIcon::None,EWeaponInfoTriggerType::None,EWeaponInfo::None,EWeaponInfo::None,EWeaponInfo::None,EWeaponInfo::None,EWeaponInfo::None,EWeaponInfoScoreEvaluation::None,EWeaponInfoRank::None,EWeaponInfoRank::None,EWeaponInfoRank::None,EWeaponInfoRank::None,EWeaponInfoRank::None,EWeaponInfoRank::None,EWeaponInfoRank::None,EWeaponCategory::None,EWeaponSlayerEnemyType::None,0,0,0,0,0,0,0,0,0,EWeaponSizeInfo::Medium,空き枠,空き枠,0
WPN_Wp00179,179,,0,/Game/Character/weapon/Blueprint/wp00000/BP_WpEmpty.uasset,0,0,0,0,0,0,EWeaponAttackIntervalType::None,EWeaponAttackType::None,EWeaponAtkTaeget::None,0,0,0,EWeaponKind::Main,EWeaponHoldType::One,EAttachType::Hand,0,ESideTrgAct::None,0,0,0,0,0,0.05,0,0,0,0,0.1,0,0,EDecBulletType::None,EWeaponReloadType::Reset,0,0,0,0,0,0,0,0,0,0,ECustomReloadType::None,0,0,0,0,0,0,0,0,0,0,-1,-1,-1,0,0,0,0,EBuddyWeaponType::None,0,EHoldWeaponType::None,0.35,ERecoilMotionType::Small,ERecoilMoveTiming::None,ERecoilMovePower::None,EShotCharaEffect::None,None,EShakeType::None,1,1,0,0,0,0,0,0,0,0,0,0,0,0,0,0,0,0,0,0,0,0,EWeaponMaker::None,EWeaponIcon::None,EWeaponInfoTriggerType::None,EWeaponInfo::None,EWeaponInfo::None,EWeaponInfo::None,EWeaponInfo::None,EWeaponInfo::None,EWeaponInfoScoreEvaluation::None,EWeaponInfoRank::None,EWeaponInfoRank::None,EWeaponInfoRank::None,EWeaponInfoRank::None,EWeaponInfoRank::None,EWeaponInfoRank::None,EWeaponInfoRank::None,EWeaponCategory::None,EWeaponSlayerEnemyType::None,0,0,0,0,0,0,0,0,0,EWeaponSizeInfo::Medium,空き枠,空き枠,0
WPN_Wp00180,180,,0,/Game/Character/weapon/Blueprint/wp00000/BP_WpEmpty.uasset,0,0,0,0,0,0,EWeaponAttackIntervalType::None,EWeaponAttackType::None,EWeaponAtkTaeget::None,0,0,0,EWeaponKind::Main,EWeaponHoldType::One,EAttachType::Hand,0,ESideTrgAct::None,0,0,0,0,0,0.05,0,0,0,0,0.1,0,0,EDecBulletType::None,EWeaponReloadType::Reset,0,0,0,0,0,0,0,0,0,0,ECustomReloadType::None,0,0,0,0,0,0,0,0,0,0,-1,-1,-1,0,0,0,0,EBuddyWeaponType::None,0,EHoldWeaponType::None,0.35,ERecoilMotionType::Small,ERecoilMoveTiming::None,ERecoilMovePower::None,EShotCharaEffect::None,None,EShakeType::None,1,1,0,0,0,0,0,0,0,0,0,0,0,0,0,0,0,0,0,0,0,0,EWeaponMaker::None,EWeaponIcon::None,EWeaponInfoTriggerType::None,EWeaponInfo::None,EWeaponInfo::None,EWeaponInfo::None,EWeaponInfo::None,EWeaponInfo::None,EWeaponInfoScoreEvaluation::None,EWeaponInfoRank::None,EWeaponInfoRank::None,EWeaponInfoRank::None,EWeaponInfoRank::None,EWeaponInfoRank::None,EWeaponInfoRank::None,EWeaponInfoRank::None,EWeaponCategory::None,EWeaponSlayerEnemyType::None,0,0,0,0,0,0,0,0,0,EWeaponSizeInfo::Medium,空き枠,空き枠,0
WPN_Wp00181,181,,0,/Game/Character/weapon/Blueprint/wp00000/BP_WpEmpty.uasset,0,0,0,0,0,0,EWeaponAttackIntervalType::None,EWeaponAttackType::None,EWeaponAtkTaeget::None,0,0,0,EWeaponKind::Main,EWeaponHoldType::One,EAttachType::Hand,0,ESideTrgAct::None,0,0,0,0,0,0.05,0,0,0,0,0.1,0,0,EDecBulletType::None,EWeaponReloadType::Reset,0,0,0,0,0,0,0,0,0,0,ECustomReloadType::None,0,0,0,0,0,0,0,0,0,0,-1,-1,-1,0,0,0,0,EBuddyWeaponType::None,0,EHoldWeaponType::None,0.35,ERecoilMotionType::Small,ERecoilMoveTiming::None,ERecoilMovePower::None,EShotCharaEffect::None,None,EShakeType::None,1,1,0,0,0,0,0,0,0,0,0,0,0,0,0,0,0,0,0,0,0,0,EWeaponMaker::None,EWeaponIcon::None,EWeaponInfoTriggerType::None,EWeaponInfo::None,EWeaponInfo::None,EWeaponInfo::None,EWeaponInfo::None,EWeaponInfo::None,EWeaponInfoScoreEvaluation::None,EWeaponInfoRank::None,EWeaponInfoRank::None,EWeaponInfoRank::None,EWeaponInfoRank::None,EWeaponInfoRank::None,EWeaponInfoRank::None,EWeaponInfoRank::None,EWeaponCategory::None,EWeaponSlayerEnemyType::None,0,0,0,0,0,0,0,0,0,EWeaponSizeInfo::Medium,空き枠,空き枠,0
WPN_Wp00182,182,,0,/Game/Character/weapon/Blueprint/wp00000/BP_WpEmpty.uasset,0,0,0,0,0,0,EWeaponAttackIntervalType::None,EWeaponAttackType::None,EWeaponAtkTaeget::None,0,0,0,EWeaponKind::Main,EWeaponHoldType::One,EAttachType::Hand,0,ESideTrgAct::None,0,0,0,0,0,0.05,0,0,0,0,0.1,0,0,EDecBulletType::None,EWeaponReloadType::Reset,0,0,0,0,0,0,0,0,0,0,ECustomReloadType::None,0,0,0,0,0,0,0,0,0,0,-1,-1,-1,0,0,0,0,EBuddyWeaponType::None,0,EHoldWeaponType::None,0.35,ERecoilMotionType::Small,ERecoilMoveTiming::None,ERecoilMovePower::None,EShotCharaEffect::None,None,EShakeType::None,1,1,0,0,0,0,0,0,0,0,0,0,0,0,0,0,0,0,0,0,0,0,EWeaponMaker::None,EWeaponIcon::None,EWeaponInfoTriggerType::None,EWeaponInfo::None,EWeaponInfo::None,EWeaponInfo::None,EWeaponInfo::None,EWeaponInfo::None,EWeaponInfoScoreEvaluation::None,EWeaponInfoRank::None,EWeaponInfoRank::None,EWeaponInfoRank::None,EWeaponInfoRank::None,EWeaponInfoRank::None,EWeaponInfoRank::None,EWeaponInfoRank::None,EWeaponCategory::None,EWeaponSlayerEnemyType::None,0,0,0,0,0,0,0,0,0,EWeaponSizeInfo::Medium,空き枠,空き枠,0
WPN_Wp00183,183,,0,/Game/Character/weapon/Blueprint/wp00000/BP_WpEmpty.uasset,0,0,0,0,0,0,EWeaponAttackIntervalType::None,EWeaponAttackType::None,EWeaponAtkTaeget::None,0,0,0,EWeaponKind::Main,EWeaponHoldType::One,EAttachType::Hand,0,ESideTrgAct::None,0,0,0,0,0,0.05,0,0,0,0,0.1,0,0,EDecBulletType::None,EWeaponReloadType::Reset,0,0,0,0,0,0,0,0,0,0,ECustomReloadType::None,0,0,0,0,0,0,0,0,0,0,-1,-1,-1,0,0,0,0,EBuddyWeaponType::None,0,EHoldWeaponType::None,0.35,ERecoilMotionType::Small,ERecoilMoveTiming::None,ERecoilMovePower::None,EShotCharaEffect::None,None,EShakeType::None,1,1,0,0,0,0,0,0,0,0,0,0,0,0,0,0,0,0,0,0,0,0,EWeaponMaker::None,EWeaponIcon::None,EWeaponInfoTriggerType::None,EWeaponInfo::None,EWeaponInfo::None,EWeaponInfo::None,EWeaponInfo::None,EWeaponInfo::None,EWeaponInfoScoreEvaluation::None,EWeaponInfoRank::None,EWeaponInfoRank::None,EWeaponInfoRank::None,EWeaponInfoRank::None,EWeaponInfoRank::None,EWeaponInfoRank::None,EWeaponInfoRank::None,EWeaponCategory::None,EWeaponSlayerEnemyType::None,0,0,0,0,0,0,0,0,0,EWeaponSizeInfo::Medium,空き枠,空き枠,0
WPN_Wp00184,184,,0,/Game/Character/weapon/Blueprint/wp00000/BP_WpEmpty.uasset,0,0,0,0,0,0,EWeaponAttackIntervalType::None,EWeaponAttackType::None,EWeaponAtkTaeget::None,0,0,0,EWeaponKind::Main,EWeaponHoldType::One,EAttachType::Hand,0,ESideTrgAct::None,0,0,0,0,0,0.05,0,0,0,0,0.1,0,0,EDecBulletType::None,EWeaponReloadType::Reset,0,0,0,0,0,0,0,0,0,0,ECustomReloadType::None,0,0,0,0,0,0,0,0,0,0,-1,-1,-1,0,0,0,0,EBuddyWeaponType::None,0,EHoldWeaponType::None,0.35,ERecoilMotionType::Small,ERecoilMoveTiming::None,ERecoilMovePower::None,EShotCharaEffect::None,None,EShakeType::None,1,1,0,0,0,0,0,0,0,0,0,0,0,0,0,0,0,0,0,0,0,0,EWeaponMaker::None,EWeaponIcon::None,EWeaponInfoTriggerType::None,EWeaponInfo::None,EWeaponInfo::None,EWeaponInfo::None,EWeaponInfo::None,EWeaponInfo::None,EWeaponInfoScoreEvaluation::None,EWeaponInfoRank::None,EWeaponInfoRank::None,EWeaponInfoRank::None,EWeaponInfoRank::None,EWeaponInfoRank::None,EWeaponInfoRank::None,EWeaponInfoRank::None,EWeaponCategory::None,EWeaponSlayerEnemyType::None,0,0,0,0,0,0,0,0,0,EWeaponSizeInfo::Medium,空き枠,空き枠,0
WPN_Wp00185,185,,0,/Game/Character/weapon/Blueprint/wp00000/BP_WpEmpty.uasset,0,0,0,0,0,0,EWeaponAttackIntervalType::None,EWeaponAttackType::None,EWeaponAtkTaeget::None,0,0,0,EWeaponKind::Main,EWeaponHoldType::One,EAttachType::Hand,0,ESideTrgAct::None,0,0,0,0,0,0.05,0,0,0,0,0.1,0,0,EDecBulletType::None,EWeaponReloadType::Reset,0,0,0,0,0,0,0,0,0,0,ECustomReloadType::None,0,0,0,0,0,0,0,0,0,0,-1,-1,-1,0,0,0,0,EBuddyWeaponType::None,0,EHoldWeaponType::None,0.35,ERecoilMotionType::Small,ERecoilMoveTiming::None,ERecoilMovePower::None,EShotCharaEffect::None,None,EShakeType::None,1,1,0,0,0,0,0,0,0,0,0,0,0,0,0,0,0,0,0,0,0,0,EWeaponMaker::None,EWeaponIcon::None,EWeaponInfoTriggerType::None,EWeaponInfo::None,EWeaponInfo::None,EWeaponInfo::None,EWeaponInfo::None,EWeaponInfo::None,EWeaponInfoScoreEvaluation::None,EWeaponInfoRank::None,EWeaponInfoRank::None,EWeaponInfoRank::None,EWeaponInfoRank::None,EWeaponInfoRank::None,EWeaponInfoRank::None,EWeaponInfoRank::None,EWeaponCategory::None,EWeaponSlayerEnemyType::None,0,0,0,0,0,0,0,0,0,EWeaponSizeInfo::Medium,空き枠,空き枠,0
WPN_Wp00186,186,,0,/Game/Character/weapon/Blueprint/wp00000/BP_WpEmpty.uasset,0,0,0,0,0,0,EWeaponAttackIntervalType::None,EWeaponAttackType::None,EWeaponAtkTaeget::None,0,0,0,EWeaponKind::Main,EWeaponHoldType::One,EAttachType::Hand,0,ESideTrgAct::None,0,0,0,0,0,0.05,0,0,0,0,0.1,0,0,EDecBulletType::None,EWeaponReloadType::Reset,0,0,0,0,0,0,0,0,0,0,ECustomReloadType::None,0,0,0,0,0,0,0,0,0,0,-1,-1,-1,0,0,0,0,EBuddyWeaponType::None,0,EHoldWeaponType::None,0.35,ERecoilMotionType::Small,ERecoilMoveTiming::None,ERecoilMovePower::None,EShotCharaEffect::None,None,EShakeType::None,1,1,0,0,0,0,0,0,0,0,0,0,0,0,0,0,0,0,0,0,0,0,EWeaponMaker::None,EWeaponIcon::None,EWeaponInfoTriggerType::None,EWeaponInfo::None,EWeaponInfo::None,EWeaponInfo::None,EWeaponInfo::None,EWeaponInfo::None,EWeaponInfoScoreEvaluation::None,EWeaponInfoRank::None,EWeaponInfoRank::None,EWeaponInfoRank::None,EWeaponInfoRank::None,EWeaponInfoRank::None,EWeaponInfoRank::None,EWeaponInfoRank::None,EWeaponCategory::None,EWeaponSlayerEnemyType::None,0,0,0,0,0,0,0,0,0,EWeaponSizeInfo::Medium,空き枠,空き枠,0
WPN_Wp00187,187,,0,/Game/Character/weapon/Blueprint/wp00000/BP_WpEmpty.uasset,0,0,0,0,0,0,EWeaponAttackIntervalType::None,EWeaponAttackType::None,EWeaponAtkTaeget::None,0,0,0,EWeaponKind::Main,EWeaponHoldType::One,EAttachType::Hand,0,ESideTrgAct::None,0,0,0,0,0,0.05,0,0,0,0,0.1,0,0,EDecBulletType::None,EWeaponReloadType::Reset,0,0,0,0,0,0,0,0,0,0,ECustomReloadType::None,0,0,0,0,0,0,0,0,0,0,-1,-1,-1,0,0,0,0,EBuddyWeaponType::None,0,EHoldWeaponType::None,0.35,ERecoilMotionType::Small,ERecoilMoveTiming::None,ERecoilMovePower::None,EShotCharaEffect::None,None,EShakeType::None,1,1,0,0,0,0,0,0,0,0,0,0,0,0,0,0,0,0,0,0,0,0,EWeaponMaker::None,EWeaponIcon::None,EWeaponInfoTriggerType::None,EWeaponInfo::None,EWeaponInfo::None,EWeaponInfo::None,EWeaponInfo::None,EWeaponInfo::None,EWeaponInfoScoreEvaluation::None,EWeaponInfoRank::None,EWeaponInfoRank::None,EWeaponInfoRank::None,EWeaponInfoRank::None,EWeaponInfoRank::None,EWeaponInfoRank::None,EWeaponInfoRank::None,EWeaponCategory::None,EWeaponSlayerEnemyType::None,0,0,0,0,0,0,0,0,0,EWeaponSizeInfo::Medium,空き枠,空き枠,0
WPN_Wp00188,188,,0,/Game/Character/weapon/Blueprint/wp00000/BP_WpEmpty.uasset,0,0,0,0,0,0,EWeaponAttackIntervalType::None,EWeaponAttackType::None,EWeaponAtkTaeget::None,0,0,0,EWeaponKind::Main,EWeaponHoldType::One,EAttachType::Hand,0,ESideTrgAct::None,0,0,0,0,0,0.05,0,0,0,0,0.1,0,0,EDecBulletType::None,EWeaponReloadType::Reset,0,0,0,0,0,0,0,0,0,0,ECustomReloadType::None,0,0,0,0,0,0,0,0,0,0,-1,-1,-1,0,0,0,0,EBuddyWeaponType::None,0,EHoldWeaponType::None,0.35,ERecoilMotionType::Small,ERecoilMoveTiming::None,ERecoilMovePower::None,EShotCharaEffect::None,None,EShakeType::None,1,1,0,0,0,0,0,0,0,0,0,0,0,0,0,0,0,0,0,0,0,0,EWeaponMaker::None,EWeaponIcon::None,EWeaponInfoTriggerType::None,EWeaponInfo::None,EWeaponInfo::None,EWeaponInfo::None,EWeaponInfo::None,EWeaponInfo::None,EWeaponInfoScoreEvaluation::None,EWeaponInfoRank::None,EWeaponInfoRank::None,EWeaponInfoRank::None,EWeaponInfoRank::None,EWeaponInfoRank::None,EWeaponInfoRank::None,EWeaponInfoRank::None,EWeaponCategory::None,EWeaponSlayerEnemyType::None,0,0,0,0,0,0,0,0,0,EWeaponSizeInfo::Medium,空き枠,空き枠,0
WPN_Wp00189,189,,0,/Game/Character/weapon/Blueprint/wp00000/BP_WpEmpty.uasset,0,0,0,0,0,0,EWeaponAttackIntervalType::None,EWeaponAttackType::None,EWeaponAtkTaeget::None,0,0,0,EWeaponKind::Main,EWeaponHoldType::One,EAttachType::Hand,0,ESideTrgAct::None,0,0,0,0,0,0.05,0,0,0,0,0.1,0,0,EDecBulletType::None,EWeaponReloadType::Reset,0,0,0,0,0,0,0,0,0,0,ECustomReloadType::None,0,0,0,0,0,0,0,0,0,0,-1,-1,-1,0,0,0,0,EBuddyWeaponType::None,0,EHoldWeaponType::None,0.35,ERecoilMotionType::Small,ERecoilMoveTiming::None,ERecoilMovePower::None,EShotCharaEffect::None,None,EShakeType::None,1,1,0,0,0,0,0,0,0,0,0,0,0,0,0,0,0,0,0,0,0,0,EWeaponMaker::None,EWeaponIcon::None,EWeaponInfoTriggerType::None,EWeaponInfo::None,EWeaponInfo::None,EWeaponInfo::None,EWeaponInfo::None,EWeaponInfo::None,EWeaponInfoScoreEvaluation::None,EWeaponInfoRank::None,EWeaponInfoRank::None,EWeaponInfoRank::None,EWeaponInfoRank::None,EWeaponInfoRank::None,EWeaponInfoRank::None,EWeaponInfoRank::None,EWeaponCategory::None,EWeaponSlayerEnemyType::None,0,0,0,0,0,0,0,0,0,EWeaponSizeInfo::Medium,空き枠,空き枠,0
WPN_Wp00190,190,,0,/Game/Character/weapon/Blueprint/wp00000/BP_WpEmpty.uasset,0,0,0,0,0,0,EWeaponAttackIntervalType::None,EWeaponAttackType::None,EWeaponAtkTaeget::None,0,0,0,EWeaponKind::Main,EWeaponHoldType::One,EAttachType::Hand,0,ESideTrgAct::None,0,0,0,0,0,0.05,0,0,0,0,0.1,0,0,EDecBulletType::None,EWeaponReloadType::Reset,0,0,0,0,0,0,0,0,0,0,ECustomReloadType::None,0,0,0,0,0,0,0,0,0,0,-1,-1,-1,0,0,0,0,EBuddyWeaponType::None,0,EHoldWeaponType::None,0.35,ERecoilMotionType::Small,ERecoilMoveTiming::None,ERecoilMovePower::None,EShotCharaEffect::None,None,EShakeType::None,1,1,0,0,0,0,0,0,0,0,0,0,0,0,0,0,0,0,0,0,0,0,EWeaponMaker::None,EWeaponIcon::None,EWeaponInfoTriggerType::None,EWeaponInfo::None,EWeaponInfo::None,EWeaponInfo::None,EWeaponInfo::None,EWeaponInfo::None,EWeaponInfoScoreEvaluation::None,EWeaponInfoRank::None,EWeaponInfoRank::None,EWeaponInfoRank::None,EWeaponInfoRank::None,EWeaponInfoRank::None,EWeaponInfoRank::None,EWeaponInfoRank::None,EWeaponCategory::None,EWeaponSlayerEnemyType::None,0,0,0,0,0,0,0,0,0,EWeaponSizeInfo::Medium,空き枠,空き枠,0
WPN_Wp00191,191,,0,/Game/Character/weapon/Blueprint/wp00000/BP_WpEmpty.uasset,0,0,0,0,0,0,EWeaponAttackIntervalType::None,EWeaponAttackType::None,EWeaponAtkTaeget::None,0,0,0,EWeaponKind::Main,EWeaponHoldType::One,EAttachType::Hand,0,ESideTrgAct::None,0,0,0,0,0,0.05,0,0,0,0,0.1,0,0,EDecBulletType::None,EWeaponReloadType::Reset,0,0,0,0,0,0,0,0,0,0,ECustomReloadType::None,0,0,0,0,0,0,0,0,0,0,-1,-1,-1,0,0,0,0,EBuddyWeaponType::None,0,EHoldWeaponType::None,0.35,ERecoilMotionType::Small,ERecoilMoveTiming::None,ERecoilMovePower::None,EShotCharaEffect::None,None,EShakeType::None,1,1,0,0,0,0,0,0,0,0,0,0,0,0,0,0,0,0,0,0,0,0,EWeaponMaker::None,EWeaponIcon::None,EWeaponInfoTriggerType::None,EWeaponInfo::None,EWeaponInfo::None,EWeaponInfo::None,EWeaponInfo::None,EWeaponInfo::None,EWeaponInfoScoreEvaluation::None,EWeaponInfoRank::None,EWeaponInfoRank::None,EWeaponInfoRank::None,EWeaponInfoRank::None,EWeaponInfoRank::None,EWeaponInfoRank::None,EWeaponInfoRank::None,EWeaponCategory::None,EWeaponSlayerEnemyType::None,0,0,0,0,0,0,0,0,0,EWeaponSizeInfo::Medium,空き枠,空き枠,0
WPN_Wp00192,192,,0,/Game/Character/weapon/Blueprint/wp00000/BP_WpEmpty.uasset,0,0,0,0,0,0,EWeaponAttackIntervalType::None,EWeaponAttackType::None,EWeaponAtkTaeget::None,0,0,0,EWeaponKind::Main,EWeaponHoldType::One,EAttachType::Hand,0,ESideTrgAct::None,0,0,0,0,0,0.05,0,0,0,0,0.1,0,0,EDecBulletType::None,EWeaponReloadType::Reset,0,0,0,0,0,0,0,0,0,0,ECustomReloadType::None,0,0,0,0,0,0,0,0,0,0,-1,-1,-1,0,0,0,0,EBuddyWeaponType::None,0,EHoldWeaponType::None,0.35,ERecoilMotionType::Small,ERecoilMoveTiming::None,ERecoilMovePower::None,EShotCharaEffect::None,None,EShakeType::None,1,1,0,0,0,0,0,0,0,0,0,0,0,0,0,0,0,0,0,0,0,0,EWeaponMaker::None,EWeaponIcon::None,EWeaponInfoTriggerType::None,EWeaponInfo::None,EWeaponInfo::None,EWeaponInfo::None,EWeaponInfo::None,EWeaponInfo::None,EWeaponInfoScoreEvaluation::None,EWeaponInfoRank::None,EWeaponInfoRank::None,EWeaponInfoRank::None,EWeaponInfoRank::None,EWeaponInfoRank::None,EWeaponInfoRank::None,EWeaponInfoRank::None,EWeaponCategory::None,EWeaponSlayerEnemyType::None,0,0,0,0,0,0,0,0,0,EWeaponSizeInfo::Medium,空き枠,空き枠,0
WPN_Wp00193,193,,0,/Game/Character/weapon/Blueprint/wp00000/BP_WpEmpty.uasset,0,0,0,0,0,0,EWeaponAttackIntervalType::None,EWeaponAttackType::None,EWeaponAtkTaeget::None,0,0,0,EWeaponKind::Main,EWeaponHoldType::One,EAttachType::Hand,0,ESideTrgAct::None,0,0,0,0,0,0.05,0,0,0,0,0.1,0,0,EDecBulletType::None,EWeaponReloadType::Reset,0,0,0,0,0,0,0,0,0,0,ECustomReloadType::None,0,0,0,0,0,0,0,0,0,0,-1,-1,-1,0,0,0,0,EBuddyWeaponType::None,0,EHoldWeaponType::None,0.35,ERecoilMotionType::Small,ERecoilMoveTiming::None,ERecoilMovePower::None,EShotCharaEffect::None,None,EShakeType::None,1,1,0,0,0,0,0,0,0,0,0,0,0,0,0,0,0,0,0,0,0,0,EWeaponMaker::None,EWeaponIcon::None,EWeaponInfoTriggerType::None,EWeaponInfo::None,EWeaponInfo::None,EWeaponInfo::None,EWeaponInfo::None,EWeaponInfo::None,EWeaponInfoScoreEvaluation::None,EWeaponInfoRank::None,EWeaponInfoRank::None,EWeaponInfoRank::None,EWeaponInfoRank::None,EWeaponInfoRank::None,EWeaponInfoRank::None,EWeaponInfoRank::None,EWeaponCategory::None,EWeaponSlayerEnemyType::None,0,0,0,0,0,0,0,0,0,EWeaponSizeInfo::Medium,空き枠,空き枠,0
WPN_Wp00194,194,,0,/Game/Character/weapon/Blueprint/wp00000/BP_WpEmpty.uasset,0,0,0,0,0,0,EWeaponAttackIntervalType::None,EWeaponAttackType::None,EWeaponAtkTaeget::None,0,0,0,EWeaponKind::Main,EWeaponHoldType::One,EAttachType::Hand,0,ESideTrgAct::None,0,0,0,0,0,0.05,0,0,0,0,0.1,0,0,EDecBulletType::None,EWeaponReloadType::Reset,0,0,0,0,0,0,0,0,0,0,ECustomReloadType::None,0,0,0,0,0,0,0,0,0,0,-1,-1,-1,0,0,0,0,EBuddyWeaponType::None,0,EHoldWeaponType::None,0.35,ERecoilMotionType::Small,ERecoilMoveTiming::None,ERecoilMovePower::None,EShotCharaEffect::None,None,EShakeType::None,1,1,0,0,0,0,0,0,0,0,0,0,0,0,0,0,0,0,0,0,0,0,EWeaponMaker::None,EWeaponIcon::None,EWeaponInfoTriggerType::None,EWeaponInfo::None,EWeaponInfo::None,EWeaponInfo::None,EWeaponInfo::None,EWeaponInfo::None,EWeaponInfoScoreEvaluation::None,EWeaponInfoRank::None,EWeaponInfoRank::None,EWeaponInfoRank::None,EWeaponInfoRank::None,EWeaponInfoRank::None,EWeaponInfoRank::None,EWeaponInfoRank::None,EWeaponCategory::None,EWeaponSlayerEnemyType::None,0,0,0,0,0,0,0,0,0,EWeaponSizeInfo::Medium,空き枠,空き枠,0
WPN_Wp00195,195,,0,/Game/Character/weapon/Blueprint/wp00000/BP_WpEmpty.uasset,0,0,0,0,0,0,EWeaponAttackIntervalType::None,EWeaponAttackType::None,EWeaponAtkTaeget::None,0,0,0,EWeaponKind::Main,EWeaponHoldType::One,EAttachType::Hand,0,ESideTrgAct::None,0,0,0,0,0,0.05,0,0,0,0,0.1,0,0,EDecBulletType::None,EWeaponReloadType::Reset,0,0,0,0,0,0,0,0,0,0,ECustomReloadType::None,0,0,0,0,0,0,0,0,0,0,-1,-1,-1,0,0,0,0,EBuddyWeaponType::None,0,EHoldWeaponType::None,0.35,ERecoilMotionType::Small,ERecoilMoveTiming::None,ERecoilMovePower::None,EShotCharaEffect::None,None,EShakeType::None,1,1,0,0,0,0,0,0,0,0,0,0,0,0,0,0,0,0,0,0,0,0,EWeaponMaker::None,EWeaponIcon::None,EWeaponInfoTriggerType::None,EWeaponInfo::None,EWeaponInfo::None,EWeaponInfo::None,EWeaponInfo::None,EWeaponInfo::None,EWeaponInfoScoreEvaluation::None,EWeaponInfoRank::None,EWeaponInfoRank::None,EWeaponInfoRank::None,EWeaponInfoRank::None,EWeaponInfoRank::None,EWeaponInfoRank::None,EWeaponInfoRank::None,EWeaponCategory::None,EWeaponSlayerEnemyType::None,0,0,0,0,0,0,0,0,0,EWeaponSizeInfo::Medium,空き枠,空き枠,0
WPN_Wp00196,196,,0,/Game/Character/weapon/Blueprint/wp00000/BP_WpEmpty.uasset,0,0,0,0,0,0,EWeaponAttackIntervalType::None,EWeaponAttackType::None,EWeaponAtkTaeget::None,0,0,0,EWeaponKind::Main,EWeaponHoldType::One,EAttachType::Hand,0,ESideTrgAct::None,0,0,0,0,0,0.05,0,0,0,0,0.1,0,0,EDecBulletType::None,EWeaponReloadType::Reset,0,0,0,0,0,0,0,0,0,0,ECustomReloadType::None,0,0,0,0,0,0,0,0,0,0,-1,-1,-1,0,0,0,0,EBuddyWeaponType::None,0,EHoldWeaponType::None,0.35,ERecoilMotionType::Small,ERecoilMoveTiming::None,ERecoilMovePower::None,EShotCharaEffect::None,None,EShakeType::None,1,1,0,0,0,0,0,0,0,0,0,0,0,0,0,0,0,0,0,0,0,0,EWeaponMaker::None,EWeaponIcon::None,EWeaponInfoTriggerType::None,EWeaponInfo::None,EWeaponInfo::None,EWeaponInfo::None,EWeaponInfo::None,EWeaponInfo::None,EWeaponInfoScoreEvaluation::None,EWeaponInfoRank::None,EWeaponInfoRank::None,EWeaponInfoRank::None,EWeaponInfoRank::None,EWeaponInfoRank::None,EWeaponInfoRank::None,EWeaponInfoRank::None,EWeaponCategory::None,EWeaponSlayerEnemyType::None,0,0,0,0,0,0,0,0,0,EWeaponSizeInfo::Medium,空き枠,空き枠,0
WPN_Wp00197,197,,0,/Game/Character/weapon/Blueprint/wp00000/BP_WpEmpty.uasset,0,0,0,0,0,0,EWeaponAttackIntervalType::None,EWeaponAttackType::None,EWeaponAtkTaeget::None,0,0,0,EWeaponKind::Main,EWeaponHoldType::One,EAttachType::Hand,0,ESideTrgAct::None,0,0,0,0,0,0.05,0,0,0,0,0.1,0,0,EDecBulletType::None,EWeaponReloadType::Reset,0,0,0,0,0,0,0,0,0,0,ECustomReloadType::None,0,0,0,0,0,0,0,0,0,0,-1,-1,-1,0,0,0,0,EBuddyWeaponType::None,0,EHoldWeaponType::None,0.35,ERecoilMotionType::Small,ERecoilMoveTiming::None,ERecoilMovePower::None,EShotCharaEffect::None,None,EShakeType::None,1,1,0,0,0,0,0,0,0,0,0,0,0,0,0,0,0,0,0,0,0,0,EWeaponMaker::None,EWeaponIcon::None,EWeaponInfoTriggerType::None,EWeaponInfo::None,EWeaponInfo::None,EWeaponInfo::None,EWeaponInfo::None,EWeaponInfo::None,EWeaponInfoScoreEvaluation::None,EWeaponInfoRank::None,EWeaponInfoRank::None,EWeaponInfoRank::None,EWeaponInfoRank::None,EWeaponInfoRank::None,EWeaponInfoRank::None,EWeaponInfoRank::None,EWeaponCategory::None,EWeaponSlayerEnemyType::None,0,0,0,0,0,0,0,0,0,EWeaponSizeInfo::Medium,空き枠,空き枠,0
WPN_Wp00198,198,,0,/Game/Character/weapon/Blueprint/wp00000/BP_WpEmpty.uasset,0,0,0,0,0,0,EWeaponAttackIntervalType::None,EWeaponAttackType::None,EWeaponAtkTaeget::None,0,0,0,EWeaponKind::Main,EWeaponHoldType::One,EAttachType::Hand,0,ESideTrgAct::None,0,0,0,0,0,0.05,0,0,0,0,0.1,0,0,EDecBulletType::None,EWeaponReloadType::Reset,0,0,0,0,0,0,0,0,0,0,ECustomReloadType::None,0,0,0,0,0,0,0,0,0,0,-1,-1,-1,0,0,0,0,EBuddyWeaponType::None,0,EHoldWeaponType::None,0.35,ERecoilMotionType::Small,ERecoilMoveTiming::None,ERecoilMovePower::None,EShotCharaEffect::None,None,EShakeType::None,1,1,0,0,0,0,0,0,0,0,0,0,0,0,0,0,0,0,0,0,0,0,EWeaponMaker::None,EWeaponIcon::None,EWeaponInfoTriggerType::None,EWeaponInfo::None,EWeaponInfo::None,EWeaponInfo::None,EWeaponInfo::None,EWeaponInfo::None,EWeaponInfoScoreEvaluation::None,EWeaponInfoRank::None,EWeaponInfoRank::None,EWeaponInfoRank::None,EWeaponInfoRank::None,EWeaponInfoRank::None,EWeaponInfoRank::None,EWeaponInfoRank::None,EWeaponCategory::None,EWeaponSlayerEnemyType::None,0,0,0,0,0,0,0,0,0,EWeaponSizeInfo::Medium,空き枠,空き枠,0
WPN_Wp00199,199,,0,/Game/Character/weapon/Blueprint/wp00000/BP_WpEmpty.uasset,0,0,0,0,0,0,EWeaponAttackIntervalType::None,EWeaponAttackType::None,EWeaponAtkTaeget::None,0,0,0,EWeaponKind::Main,EWeaponHoldType::One,EAttachType::Hand,0,ESideTrgAct::None,0,0,0,0,0,0.05,0,0,0,0,0.1,0,0,EDecBulletType::None,EWeaponReloadType::Reset,0,0,0,0,0,0,0,0,0,0,ECustomReloadType::None,0,0,0,0,0,0,0,0,0,0,-1,-1,-1,0,0,0,0,EBuddyWeaponType::None,0,EHoldWeaponType::None,0.35,ERecoilMotionType::Small,ERecoilMoveTiming::None,ERecoilMovePower::None,EShotCharaEffect::None,None,EShakeType::None,1,1,0,0,0,0,0,0,0,0,0,0,0,0,0,0,0,0,0,0,0,0,EWeaponMaker::None,EWeaponIcon::None,EWeaponInfoTriggerType::None,EWeaponInfo::None,EWeaponInfo::None,EWeaponInfo::None,EWeaponInfo::None,EWeaponInfo::None,EWeaponInfoScoreEvaluation::None,EWeaponInfoRank::None,EWeaponInfoRank::None,EWeaponInfoRank::None,EWeaponInfoRank::None,EWeaponInfoRank::None,EWeaponInfoRank::None,EWeaponInfoRank::None,EWeaponCategory::None,EWeaponSlayerEnemyType::None,0,0,0,0,0,0,0,0,0,EWeaponSizeInfo::Medium,空き枠,空き枠,0
WPN_Wp00200,200,,0,/Game/Character/weapon/Blueprint/wp00000/BP_WpEmpty.uasset,0,0,0,0,0,0,EWeaponAttackIntervalType::None,EWeaponAttackType::None,EWeaponAtkTaeget::None,0,0,0,EWeaponKind::Main,EWeaponHoldType::One,EAttachType::Hand,0,ESideTrgAct::None,0,0,0,0,0,0.05,0,0,0,0,0.1,0,0,EDecBulletType::None,EWeaponReloadType::Reset,0,0,0,0,0,0,0,0,0,0,ECustomReloadType::None,0,0,0,0,0,0,0,0,0,0,-1,-1,-1,0,0,0,0,EBuddyWeaponType::None,0,EHoldWeaponType::None,0.35,ERecoilMotionType::Small,ERecoilMoveTiming::None,ERecoilMovePower::None,EShotCharaEffect::None,None,EShakeType::None,1,1,0,0,0,0,0,0,0,0,0,0,0,0,0,0,0,0,0,0,0,0,EWeaponMaker::None,EWeaponIcon::None,EWeaponInfoTriggerType::None,EWeaponInfo::None,EWeaponInfo::None,EWeaponInfo::None,EWeaponInfo::None,EWeaponInfo::None,EWeaponInfoScoreEvaluation::None,EWeaponInfoRank::None,EWeaponInfoRank::None,EWeaponInfoRank::None,EWeaponInfoRank::None,EWeaponInfoRank::None,EWeaponInfoRank::None,EWeaponInfoRank::None,EWeaponCategory::None,EWeaponSlayerEnemyType::None,0,0,0,0,0,0,0,0,0,EWeaponSizeInfo::Medium,空き枠,空き枠,0
WPN_HandGunType03,201,拳銃 雲雀,0,/Game/Character/weapon/Blueprint/wp00201/BP_WpHandGunType03.uasset,205,0,0,0,0,0,EWeaponAttackIntervalType::Press,EWeaponAttackType::Ranged,EWeaponAtkTaeget::Enemy,0,0,0,EWeaponKind::Sub,EWeaponHoldType::One,EAttachType::Hand,0,ESideTrgAct::None,0,0,0,0,0,0.16,0,0,0,0,0.1,1,0,EDecBulletType::Bullet,EWeaponReloadType::Reset,0,5.4,5.4,0,16,16,16,1,1,255,ECustomReloadType::Bullet,0,0,0,0,0,0,0,0,0,0,-1,-1,-1,0,0,0,0,EBuddyWeaponType::None,2,EHoldWeaponType::OneHandGun,0.1,ERecoilMotionType::RapidSmall,ERecoilMoveTiming::None,ERecoilMovePower::None,EShotCharaEffect::None,None,EShakeType::None,1,1,0,0,0,0,0,0,0,0,0,0,0,0,0,0,0,0,0,0,0,0,EWeaponMaker::WeaponMaker002,EWeaponIcon::None,EWeaponInfoTriggerType::Hold,EWeaponInfo::None,EWeaponInfo::None,EWeaponInfo::None,EWeaponInfo::None,EWeaponInfo::None,EWeaponInfoScoreEvaluation::None,EWeaponInfoRank::D,EWeaponInfoRank::C,EWeaponInfoRank::B,EWeaponInfoRank::C,EWeaponInfoRank::A,EWeaponInfoRank::A,EWeaponInfoRank::None,EWeaponCategory::ShootingShort,EWeaponSlayerEnemyType::Enemy,0,0,0,0,0,0,0,0,0,EWeaponSizeInfo::Medium,開発：殴重鋼匠 　型番：殴弐式\nこの独特なメーカー名は\n「なぐりじゅうこうしょう」と読む。\n武器名の読みは「けんじゅう　てんか」。,　分類：ハンドガン　　　　属性：実弾　　　 \n\n連射性能の高い実弾銃。,0
WPN_MultiRocketLauncher,202,多連装導弾 冥鎚,425,/Game/Character/weapon/Blueprint/wp00202/BP_WpMultiRocketLauncher.uasset,206,0,0,0,0,0,EWeaponAttackIntervalType::Press,EWeaponAttackType::Ranged,EWeaponAtkTaeget::Enemy,1,0,0,EWeaponKind::Main,EWeaponHoldType::One,EAttachType::Hand,0,ESideTrgAct::None,0,0,0,0,0.36,0.09,0,0.1,0,0,0.1,1,0,EDecBulletType::Bullet,EWeaponReloadType::Reset,0,12,12,0,30,30,30,1,5,5,ECustomReloadType::Bullet,0,0,0,0,0,0,0,0,0,1,-1,-1,-1,0,0,0,0,EBuddyWeaponType::None,15,EHoldWeaponType::OneHandGun,0.2,ERecoilMotionType::Rapid,ERecoilMoveTiming::None,ERecoilMovePower::None,EShotCharaEffect::None,None,EShakeType::RapidDynamic,1,1,0,0,0,0,0,0,0,0,0,0,0,0,0,0,0,0,0,0,0,0,EWeaponMaker::WeaponMaker002,EWeaponIcon::None,EWeaponInfoTriggerType::Hold,EWeaponInfo::None,EWeaponInfo::None,EWeaponInfo::None,EWeaponInfo::None,EWeaponInfo::None,EWeaponInfoScoreEvaluation::None,EWeaponInfoRank::B_Plus,EWeaponInfoRank::B,EWeaponInfoRank::D,EWeaponInfoRank::C,EWeaponInfoRank::B_Plus,EWeaponInfoRank::A,EWeaponInfoRank::None,EWeaponCategory::ShootingMiddle,EWeaponSlayerEnemyType::Enemy,0,0,0,0,0,0,0,0,0,EWeaponSizeInfo::Medium,開発：殴重鋼匠　型番：殴壱伍壱式\n大蛇よりも集中砲火に特化させた多連装導弾。\n読みは「たれんそうどうだん　めいつい」。,　分類：ミサイル　　　　　属性：実弾　　　 \n\n一度に多数の弾を発射し、\n一体の敵に向けて集中砲火。　,0
WPN_MultiRocketLauncherType02,203,多連装導弾 竜爪,0,/Game/Character/weapon/Blueprint/wp00203/BP_WpMultiRocketLauncherType02.uasset,207,0,0,0,0,0,EWeaponAttackIntervalType::Press,EWeaponAttackType::Ranged,EWeaponAtkTaeget::Enemy,1,0,0,EWeaponKind::Main,EWeaponHoldType::One,EAttachType::Hand,0,ESideTrgAct::None,0,0,0,0,1,0.05,0,0.05,0,0,0.1,1,0,EDecBulletType::Bullet,EWeaponReloadType::Reset,0,10,10,0,10,10,10,1,5,5,ECustomReloadType::Bullet,0,0,0,0,0,0,0,0,0,0,-1,-1,-1,0,0,0,0,EBuddyWeaponType::None,15,EHoldWeaponType::OneHandGun,0.2,ERecoilMotionType::Rapid,ERecoilMoveTiming::None,ERecoilMovePower::None,EShotCharaEffect::None,None,EShakeType::RapidDynamic,1,1,0,0,0,0,0,0,0,0,0,0,0,0,0,0,0,0,0,0,0,0,EWeaponMaker::WeaponMaker002,EWeaponIcon::None,EWeaponInfoTriggerType::Hold,EWeaponInfo::None,EWeaponInfo::None,EWeaponInfo::None,EWeaponInfo::None,EWeaponInfo::None,EWeaponInfoScoreEvaluation::None,EWeaponInfoRank::B_Plus,EWeaponInfoRank::A,EWeaponInfoRank::D,EWeaponInfoRank::C,EWeaponInfoRank::B_Plus,EWeaponInfoRank::A,EWeaponInfoRank::None,EWeaponCategory::ShootingMiddle,EWeaponSlayerEnemyType::Enemy,0,0,0,0,0,0,0,0,0,EWeaponSizeInfo::Medium,開発：殴重鋼匠　型番：殴壱伍式\n無数の大蛇（おろち）が獲物を狙うかのごと\nく、大量の弾を発射するミサイル。\n読みは「たれんそうどうだん　おろち」。,　分類：ミサイル　　　　　属性：実弾　　　 \n\n一度に多数の弾を発射する。\n複数の敵を同時に狙える。　,0
WPN_RocketLauncherType04,204,新・単装導弾01,0,/Game/Character/weapon/Blueprint/wp00204/BP_WpRocketLauncherType04.uasset,208,0,0,0,0,0,EWeaponAttackIntervalType::Press,EWeaponAttackType::Ranged,EWeaponAtkTaeget::Enemy,0,0,0,EWeaponKind::Sub,EWeaponHoldType::One,EAttachType::Hand,0,ESideTrgAct::None,0,0,0,0,0,0.75,0,0,0,0,0.1,1,0,EDecBulletType::Bullet,EWeaponReloadType::EmptyReload,0,9,9,0,5,5,5,1,1,255,ECustomReloadType::Bullet,0,0,0,0,0,0,0,0,0,0,-1,-1,-1,0,0,0,0,EBuddyWeaponType::None,28,EHoldWeaponType::OneHandGun,0.35,ERecoilMotionType::Middle,ERecoilMoveTiming::None,ERecoilMovePower::None,EShotCharaEffect::None,None,EShakeType::ImpactDynamic,0.5,1,0,0,0,0,0,0,0,0,0,0,0,0,0,0,0,0,0,0,0,0,EWeaponMaker::WeaponMaker002,EWeaponIcon::None,EWeaponInfoTriggerType::Hold,EWeaponInfo::None,EWeaponInfo::None,EWeaponInfo::None,EWeaponInfo::None,EWeaponInfo::None,EWeaponInfoScoreEvaluation::None,EWeaponInfoRank::C,EWeaponInfoRank::B,EWeaponInfoRank::D,EWeaponInfoRank::D,EWeaponInfoRank::A,EWeaponInfoRank::A,EWeaponInfoRank::None,EWeaponCategory::ShootingMiddle,EWeaponSlayerEnemyType::Enemy,0,0,0,0,0,0,0,0,0,EWeaponSizeInfo::Medium,開発：殴重鋼匠　　型番：殴壱式\nエア・リアルが放つ特殊な微弱電波を\n感知し、追跡する誘導ミサイル。\n読みは「たんそうどうだん　だげき」。,　分類：ミサイル　　　　　属性：実弾　　　 \n\n誘導性能の高いロケット弾を撃つ。,0
WPN_RocketLauncherType05,205,新・単装導弾02,0,/Game/Character/weapon/Blueprint/wp00205/BP_WpRocketLauncherType05.uasset,209,0,0,0,0,0,EWeaponAttackIntervalType::Press,EWeaponAttackType::Ranged,EWeaponAtkTaeget::Enemy,0,0,0,EWeaponKind::Sub,EWeaponHoldType::One,EAttachType::Hand,0,ESideTrgAct::None,0,0,0,0,0,0.75,0,0,0,0,0.1,1,0,EDecBulletType::Bullet,EWeaponReloadType::EmptyReload,0,9,9,0,5,5,5,1,1,255,ECustomReloadType::Bullet,0,0,0,0,0,0,0,0,0,0,-1,-1,-1,0,0,0,0,EBuddyWeaponType::None,28,EHoldWeaponType::OneHandGun,0.35,ERecoilMotionType::Middle,ERecoilMoveTiming::None,ERecoilMovePower::None,EShotCharaEffect::None,None,EShakeType::ImpactDynamic,0.5,1,0,0,0,0,0,0,0,0,0,0,0,0,0,0,0,0,0,0,0,0,EWeaponMaker::WeaponMaker002,EWeaponIcon::None,EWeaponInfoTriggerType::Hold,EWeaponInfo::None,EWeaponInfo::None,EWeaponInfo::None,EWeaponInfo::None,EWeaponInfo::None,EWeaponInfoScoreEvaluation::None,EWeaponInfoRank::C,EWeaponInfoRank::B,EWeaponInfoRank::D,EWeaponInfoRank::D,EWeaponInfoRank::A,EWeaponInfoRank::A,EWeaponInfoRank::None,EWeaponCategory::ShootingMiddle,EWeaponSlayerEnemyType::Enemy,0,0,0,0,0,0,0,0,0,EWeaponSizeInfo::Medium,開発：殴重鋼匠　　型番：殴壱式\nエア・リアルが放つ特殊な微弱電波を\n感知し、追跡する誘導ミサイル。\n読みは「たんそうどうだん　だげき」。,　分類：ミサイル　　　　　属性：実弾　　　 \n\n誘導性能の高いロケット弾を撃つ。,0
WPN_BeamHandGunType02,206,マーノムガン-AS,302,/Game/Character/weapon/Blueprint/wp00206/BP_WpBeamHandGunType02.uasset,210,0,0,0,0,0,EWeaponAttackIntervalType::Press,EWeaponAttackType::Ranged,EWeaponAtkTaeget::Enemy,0,0,0,EWeaponKind::Sub,EWeaponHoldType::One,EAttachType::Hand,0,ESideTrgAct::None,0,0,0,0,0,0.14,0,0,0,0,0.1,1,0,EDecBulletType::Bullet,EWeaponReloadType::Reset,0,2,2,2.7,5,20,20,1,1,255,ECustomReloadType::Beam,0,0,0,0,0,0,0,0,0,1,-1,-1,-1,0,0,0,0,EBuddyWeaponType::None,53,EHoldWeaponType::OneHandGun,0.2,ERecoilMotionType::Rapid,ERecoilMoveTiming::None,ERecoilMovePower::None,EShotCharaEffect::None,None,EShakeType::None,1,1,0,0,0,0,0,0,0,0,0,0,0,0,0,0,0,0,0,0,0,0,EWeaponMaker::WeaponMaker003,EWeaponIcon::None,EWeaponInfoTriggerType::Hold,EWeaponInfo::PowerUp,EWeaponInfo::None,EWeaponInfo::None,EWeaponInfo::None,EWeaponInfo::None,EWeaponInfoScoreEvaluation::None,EWeaponInfoRank::B_Plus,EWeaponInfoRank::B,EWeaponInfoRank::B_Plus,EWeaponInfoRank::C,EWeaponInfoRank::B_Plus,EWeaponInfoRank::B_Plus,EWeaponInfoRank::None,EWeaponCategory::ShootingMiddle,EWeaponSlayerEnemyType::Enemy,0,0,0,0,0,0,0,0,0,EWeaponSizeInfo::Medium,開発：MA-I　　型番：MA15BE2\n扱い易く連続して攻撃でき、\nさらに継続攻撃により攻撃力を上げる事ができる。,　分類：ハンドガン　　　　属性：ビーム　　 \n\n連射性能の高いビーム銃。\nARに対して当て続ける時のみ攻撃力上昇。,0
WPN_BeamHandGunType03,207,新・マーノムガン02,0,/Game/Character/weapon/Blueprint/wp00207/BP_WpBeamHandGunType03.uasset,211,0,0,0,0,0,EWeaponAttackIntervalType::Press,EWeaponAttackType::Ranged,EWeaponAtkTaeget::Enemy,0,0,0,EWeaponKind::Sub,EWeaponHoldType::One,EAttachType::Hand,0,ESideTrgAct::None,0,0,0,0,0,0.2,0,0,0,0,0.1,1,0,EDecBulletType::Bullet,EWeaponReloadType::Continuation,0,4,4,0,5,15,15,1,1,255,ECustomReloadType::Beam,0,0,0,0,0,0,0,0,0,0,-1,-1,-1,0,0,0,0,EBuddyWeaponType::None,53,EHoldWeaponType::OneHandGun,0.2,ERecoilMotionType::Rapid,ERecoilMoveTiming::None,ERecoilMovePower::None,EShotCharaEffect::None,None,EShakeType::None,1,1,0,0,0,0,0,0,0,0,0,0,0,0,0,0,0,0,0,0,0,0,EWeaponMaker::WeaponMaker003,EWeaponIcon::None,EWeaponInfoTriggerType::Hold,EWeaponInfo::None,EWeaponInfo::None,EWeaponInfo::None,EWeaponInfo::None,EWeaponInfo::None,EWeaponInfoScoreEvaluation::None,EWeaponInfoRank::D,EWeaponInfoRank::B,EWeaponInfoRank::B_Plus,EWeaponInfoRank::C,EWeaponInfoRank::A,EWeaponInfoRank::A,EWeaponInfoRank::None,EWeaponCategory::ShootingMiddle,EWeaponSlayerEnemyType::Enemy,0,0,0,0,0,0,0,0,0,EWeaponSizeInfo::Medium,開発：MA-I　　型番：MA15BE\n威力はそれほどでもないが、\n扱い易く連続して攻撃できるのが強み。,　分類：ハンドガン　　　　属性：ビーム　　 \n\n連射性能の高いビーム銃。\nリロード速度が早い。　　,0
WPN_IceLineBomb,208,ブリザルド,0,/Game/Character/weapon/Blueprint/wp00208/BP_WpIceLineBomb.uasset,212,0,0,0,0,0,EWeaponAttackIntervalType::Release,EWeaponAttackType::Throwing,EWeaponAtkTaeget::Enemy,0,0,0,EWeaponKind::Sub,EWeaponHoldType::One,EAttachType::Hand,0,ESideTrgAct::None,0,0,0,0,0,0.05,0,0,0,0,0.1,1,0,EDecBulletType::Bullet,EWeaponReloadType::Continuation,0,7.5,7.5,0,1,1,1,1,1,1,ECustomReloadType::BulletDebuff,3,6,2,100,2000,250,0,0,0,1,-1,-1,-1,0,0,0,0,EBuddyWeaponType::Ice,76,EHoldWeaponType::OneHandGun,0.1,ERecoilMotionType::Middle,ERecoilMoveTiming::None,ERecoilMovePower::None,EShotCharaEffect::None,None,EShakeType::None,1,1,0,0,0,0,0,0,0,0,0,0,0,0,0,0,0,0,0,0,0,0,EWeaponMaker::WeaponMaker001,EWeaponIcon::None,EWeaponInfoTriggerType::Release,EWeaponInfo::BadState_Freeze,EWeaponInfo::OneShotFlinch,EWeaponInfo::None,EWeaponInfo::None,EWeaponInfo::None,EWeaponInfoScoreEvaluation::None,EWeaponInfoRank::B_Plus,EWeaponInfoRank::B_Plus,EWeaponInfoRank::C,EWeaponInfoRank::E,EWeaponInfoRank::C,EWeaponInfoRank::C,EWeaponInfoRank::None,EWeaponCategory::Throw,EWeaponSlayerEnemyType::Enemy,0,0,0,0,0,0,0,0,0,EWeaponSizeInfo::Medium,？？？,？？？,0
WPN_InvincibleShield,209,デ・ファンス-Ae,0,/Game/Character/weapon/Blueprint/wp00209/BP_WpInvincibleShield.uasset,213,0,0,0,0,0,EWeaponAttackIntervalType::Toggle,EWeaponAttackType::Shield,EWeaponAtkTaeget::None,0,0,0,EWeaponKind::Sub,EWeaponHoldType::One,EAttachType::Wrist,0,ESideTrgAct::None,0,0,0,0,0,0.05,0,0,0,0,0.1,1,0,EDecBulletType::Energy,EWeaponReloadType::Reset,0,8,8,0,2000,4000,4000,1,1000,4000,ECustomReloadType::Buff,0,200,150,200,3500,0,0,0,0,1,-1,-1,-1,0,0,0,0,EBuddyWeaponType::None,91,EHoldWeaponType::OneHandGun,0.2,ERecoilMotionType::Shield,ERecoilMoveTiming::None,ERecoilMovePower::None,EShotCharaEffect::None,None,EShakeType::None,1,1,0,0,0,0,0,0,0,0,0,0,0,0,0,0,0,0,0,0,0,0,EWeaponMaker::WeaponMaker004,EWeaponIcon::None,EWeaponInfoTriggerType::Hold,EWeaponInfo::Shield,EWeaponInfo::None,EWeaponInfo::None,EWeaponInfo::None,EWeaponInfo::None,EWeaponInfoScoreEvaluation::None,EWeaponInfoRank::None,EWeaponInfoRank::None,EWeaponInfoRank::None,EWeaponInfoRank::A_Plus,EWeaponInfoRank::D,EWeaponInfoRank::A,EWeaponInfoRank::B,EWeaponCategory::Special,EWeaponSlayerEnemyType::Owner,0,0,0,0,0,0,0,0,0,EWeaponSizeInfo::Medium,？？？,？？？,0
WPN_BlizzardGunType02,210,フリージグストーン,0,/Game/Character/weapon/Blueprint/wp00210/BP_WpBlizzardGunType02.uasset,214,0,0,0,0,0,EWeaponAttackIntervalType::Press,EWeaponAttackType::Ranged,EWeaponAtkTaeget::Enemy,0,0,0,EWeaponKind::Main,EWeaponHoldType::One,EAttachType::Hand,0,ESideTrgAct::None,0,0,0,0,0,0.72,0,0.1,0,0,0.1,1,0,EDecBulletType::Bullet,EWeaponReloadType::Reset,0,10,10,0,3,3,3,1,1,2,ECustomReloadType::Debuff,0,0,0,0,0,0,0,0,0,0,-1,-1,-1,0,0,0,0,EBuddyWeaponType::Ice,25,EHoldWeaponType::OneHandGun,0.2,ERecoilMotionType::Small,ERecoilMoveTiming::None,ERecoilMovePower::None,EShotCharaEffect::None,None,EShakeType::None,1,1,0,0,0,0,0,0,0,0,0,0,0,0,0,0,0,0,0,0,0,0,EWeaponMaker::None,EWeaponIcon::None,EWeaponInfoTriggerType::Hold,EWeaponInfo::BadState_Freeze,EWeaponInfo::None,EWeaponInfo::None,EWeaponInfo::None,EWeaponInfo::None,EWeaponInfoScoreEvaluation::None,EWeaponInfoRank::B,EWeaponInfoRank::B,EWeaponInfoRank::B,EWeaponInfoRank::A,EWeaponInfoRank::B,EWeaponInfoRank::B,EWeaponInfoRank::None,EWeaponCategory::ShootingMiddle,EWeaponSlayerEnemyType::Enemy,0,0,0,0,0,0,0,0,0,EWeaponSizeInfo::Medium,？？？,？？？,0
WPN_BlizzardGunType03,211,フリージグミスト,0,/Game/Character/weapon/Blueprint/wp00211/BP_WpBlizzardGunType03.uasset,215,0,0,0,0,0,EWeaponAttackIntervalType::Press,EWeaponAttackType::Ranged,EWeaponAtkTaeget::Enemy,0,0,0,EWeaponKind::Sub,EWeaponHoldType::One,EAttachType::Hand,0,ESideTrgAct::None,0,0,0,0,0,0.05,0,0.1,0,0,0.1,1,0,EDecBulletType::Bullet,EWeaponReloadType::Continuation,0,3.2,3.2,0,20,60,60,1,10,255,ECustomReloadType::Debuff,0,0,0,0,0,0,0,0,0,0,-1,-1,-1,0,0,0,0,EBuddyWeaponType::Ice,99,EHoldWeaponType::OneHandGun,0.1,ERecoilMotionType::Small,ERecoilMoveTiming::None,ERecoilMovePower::None,EShotCharaEffect::None,None,EShakeType::None,1,1,0,0,0,0,0,0,0,0,0,0,0,0,0,0,0,0,0,0,0,0,EWeaponMaker::None,EWeaponIcon::None,EWeaponInfoTriggerType::Hold,EWeaponInfo::BadState_Freeze,EWeaponInfo::None,EWeaponInfo::None,EWeaponInfo::None,EWeaponInfo::None,EWeaponInfoScoreEvaluation::None,EWeaponInfoRank::D,EWeaponInfoRank::D,EWeaponInfoRank::C,EWeaponInfoRank::A_Plus,EWeaponInfoRank::A,EWeaponInfoRank::B,EWeaponInfoRank::None,EWeaponCategory::ShootingShort,EWeaponSlayerEnemyType::Enemy,0,0,0,0,0,0,0,0,0,EWeaponSizeInfo::Medium,？？？,？？？,0
WPN_OptionsShieldType02,212,シールドヴァイト-U,0,/Game/Character/weapon/Blueprint/wp00212/BP_WpOptionsShieldType02.uasset,216,0,0,0,0,0,EWeaponAttackIntervalType::Trigger,EWeaponAttackType::Ranged,EWeaponAtkTaeget::Friend,0,0,0,EWeaponKind::Sub,EWeaponHoldType::One,EAttachType::Hand,0,ESideTrgAct::None,0,0,0,0,0.5,1,0,0,0,0,0.1,1,0,EDecBulletType::Bullet,EWeaponReloadType::EmptyReload,0,12,12,0,1,1,0,1,1,1,ECustomReloadType::Buff,0,0,0,0,0,0,0,0,0,1,-1,-1,-1,0,0,0,0,EBuddyWeaponType::Support,97,EHoldWeaponType::OneHandGun,0.15,ERecoilMotionType::Small,ERecoilMoveTiming::None,ERecoilMovePower::None,EShotCharaEffect::None,None,EShakeType::None,1,1,0,0,0,0,0,0,0,0,0,0,0,0,0,0,0,0,0,0,0,0,EWeaponMaker::WeaponMaker003,EWeaponIcon::None,EWeaponInfoTriggerType::Single,EWeaponInfo::Shield,EWeaponInfo::None,EWeaponInfo::None,EWeaponInfo::None,EWeaponInfo::None,EWeaponInfoScoreEvaluation::None,EWeaponInfoRank::None,EWeaponInfoRank::None,EWeaponInfoRank::E,EWeaponInfoRank::E,EWeaponInfoRank::C,EWeaponInfoRank::B,EWeaponInfoRank::C,EWeaponCategory::Special,EWeaponSlayerEnemyType::Friend,0,0,0,0,0,0,0,0,0,EWeaponSizeInfo::Medium,？？？,？？？,0
WPN_ShotGunType03,213,エジラパレット,0,/Game/Character/weapon/Blueprint/wp00213/BP_WpShotGunType03.uasset,217,0,0,0,0,0,EWeaponAttackIntervalType::Press,EWeaponAttackType::Ranged,EWeaponAtkTaeget::Enemy,0,0,0,EWeaponKind::Sub,EWeaponHoldType::One,EAttachType::Hand,0,ESideTrgAct::None,0,0,0,0,0,1,0,0,0,0,0.1,1,0,EDecBulletType::Bullet,EWeaponReloadType::Reset,0,10,10,0,3,3,3,1,1,255,ECustomReloadType::Bullet,100,200,350,550,800,0,0,0,0,1,-1,-1,-1,0,0,0,0,EBuddyWeaponType::None,9,EHoldWeaponType::OneHandGun,0.1,ERecoilMotionType::Middle,ERecoilMoveTiming::None,ERecoilMovePower::None,EShotCharaEffect::None,None,EShakeType::ImpactDynamic,0.5,1,0,0,0,0,0,0,0,0,0,0,0,0,0,0,0,0,0,0,0,0,EWeaponMaker::WeaponMaker003,EWeaponIcon::None,EWeaponInfoTriggerType::Single,EWeaponInfo::None,EWeaponInfo::None,EWeaponInfo::None,EWeaponInfo::None,EWeaponInfo::None,EWeaponInfoScoreEvaluation::None,EWeaponInfoRank::C,EWeaponInfoRank::C,EWeaponInfoRank::B_Plus,EWeaponInfoRank::D,EWeaponInfoRank::B_Plus,EWeaponInfoRank::B,EWeaponInfoRank::None,EWeaponCategory::ShootingShort,EWeaponSlayerEnemyType::Enemy,0,0,0,0,0,0,0,0,0,EWeaponSizeInfo::Medium,？？？,？？？,0
WPN_BigShield,214,デ・ファンス-Gr,0,/Game/Character/weapon/Blueprint/wp00214/BP_WpBigShield.uasset,222,0,0,0,0,0,EWeaponAttackIntervalType::Toggle,EWeaponAttackType::Shield,EWeaponAtkTaeget::None,0,0,0,EWeaponKind::Sub,EWeaponHoldType::One,EAttachType::Wrist,0,ESideTrgAct::None,0,0,0,0,0,0.05,0,0.36,0,0,0.1,1,0,EDecBulletType::Energy,EWeaponReloadType::Reset,0,8,8,0,400,800,800,0,0,0,ECustomReloadType::Buff,800,2000,150,200,3500,0,0,0,0,1,-1,-1,-1,0,0,0,0,EBuddyWeaponType::None,91,EHoldWeaponType::OneHandGun,0.2,ERecoilMotionType::Shield,ERecoilMoveTiming::None,ERecoilMovePower::None,EShotCharaEffect::None,None,EShakeType::None,1,1,0,0,0,0,0,0,0,0,0,0,0,0,0,0,0,0,0,0,0,0,EWeaponMaker::WeaponMaker004,EWeaponIcon::None,EWeaponInfoTriggerType::Hold,EWeaponInfo::Shield,EWeaponInfo::None,EWeaponInfo::None,EWeaponInfo::None,EWeaponInfo::None,EWeaponInfoScoreEvaluation::None,EWeaponInfoRank::None,EWeaponInfoRank::None,EWeaponInfoRank::None,EWeaponInfoRank::A_Plus,EWeaponInfoRank::D,EWeaponInfoRank::A,EWeaponInfoRank::B,EWeaponCategory::Special,EWeaponSlayerEnemyType::Owner,0,0,0,0,0,0,0,0,0,EWeaponSizeInfo::Medium,？？？,？？？,0
WPN_BeamRifleType05,215,グレイン-ET,0,/Game/Character/weapon/Blueprint/wp00215/BP_WpBeamRifleType05.uasset,223,0,0,0,0,0,EWeaponAttackIntervalType::Press,EWeaponAttackType::Ranged,EWeaponAtkTaeget::Enemy,0,0,0,EWeaponKind::Main,EWeaponHoldType::One,EAttachType::Hand,0,ESideTrgAct::None,0,0,0,0,0.72,0.18,0,0,0,0,0.1,1,0,EDecBulletType::Bullet,EWeaponReloadType::Continuation,0,4.5,4.5,0,3,9,9,1,3,3,ECustomReloadType::Beam,0,0,0,0,0,0,0,0,0,1,-1,-1,-1,0,0,0,0,EBuddyWeaponType::None,4,EHoldWeaponType::OneHandGun,0.2,ERecoilMotionType::Small,ERecoilMoveTiming::None,ERecoilMovePower::None,EShotCharaEffect::None,None,EShakeType::ImpactStatic,0.1,1,0,0,0,0,0,0,0,0,0,0,0,0,0,0,0,0,0,0,0,0,EWeaponMaker::WeaponMaker003,EWeaponIcon::None,EWeaponInfoTriggerType::Hold,EWeaponInfo::None,EWeaponInfo::None,EWeaponInfo::None,EWeaponInfo::None,EWeaponInfo::None,EWeaponInfoScoreEvaluation::None,EWeaponInfoRank::B,EWeaponInfoRank::B,EWeaponInfoRank::B_Plus,EWeaponInfoRank::C,EWeaponInfoRank::B_Plus,EWeaponInfoRank::A,EWeaponInfoRank::None,EWeaponCategory::ShootingMiddle,EWeaponSlayerEnemyType::Enemy,0,0,0,0,0,0,0,0,0,EWeaponSizeInfo::Medium,？？？,？？？,0
WPN_SentryGunType04,216,ターレットGT,0,/Game/Character/weapon/Blueprint/wp00216/BP_WpSentryGunType04.uasset,224,0,0,0,0,0,EWeaponAttackIntervalType::Release,EWeaponAttackType::Throwing,EWeaponAtkTaeget::None,0,0,0,EWeaponKind::Sub,EWeaponHoldType::One,EAttachType::Hand,0,ESideTrgAct::None,0,0,0,0,0.5,0.05,0,0,0,0,0.1,1,0,EDecBulletType::Bullet,EWeaponReloadType::EmptyReload,0,16,16,0,1,1,1,1,1,1,ECustomReloadType::Beam,70,15000,15,0,0,0,0,0,0,1,-1,-1,-1,0,0,0,0,EBuddyWeaponType::Throw,71,EHoldWeaponType::OneHandGun,0.2,ERecoilMotionType::Middle,ERecoilMoveTiming::None,ERecoilMovePower::None,EShotCharaEffect::None,None,EShakeType::None,1,1,0,0,0,0,0,0,0,0,0,0,0,0,0,0,0,0,0,0,0,0,EWeaponMaker::WeaponMaker001,EWeaponIcon::None,EWeaponInfoTriggerType::Release,EWeaponInfo::None,EWeaponInfo::None,EWeaponInfo::None,EWeaponInfo::None,EWeaponInfo::None,EWeaponInfoScoreEvaluation::Medium,EWeaponInfoRank::C,EWeaponInfoRank::C,EWeaponInfoRank::B,EWeaponInfoRank::E,EWeaponInfoRank::D,EWeaponInfoRank::A,EWeaponInfoRank::None,EWeaponCategory::Throw,EWeaponSlayerEnemyType::Enemy,0,0,0,0,0,0,0,0,0,EWeaponSizeInfo::Medium,？？？,？？？,0
WPN_LaserType02,217,ラゼル-Gr,0,/Game/Character/weapon/Blueprint/wp00217/BP_WpLaserType02.uasset,225,0,0,0,0,0,EWeaponAttackIntervalType::Toggle,EWeaponAttackType::WholeBody,EWeaponAtkTaeget::Enemy,0,0,0,EWeaponKind::Main,EWeaponHoldType::Both,EAttachType::Hand,0,ESideTrgAct::None,0,0,0,0,0,0.05,0,0.9,0,0.215,0.1,1,0,EDecBulletType::Energy,EWeaponReloadType::Reset,0,9,9,0,1000,3000,0,1,1000,3000,ECustomReloadType::Beam,0,0,0,0,0,0,0,0,0,1,-1,2,-1,0,0,0,0,EBuddyWeaponType::BigWeapon,44,EHoldWeaponType::BothRifles,0.4,ERecoilMotionType::Continue,ERecoilMoveTiming::First,ERecoilMovePower::Weak,EShotCharaEffect::Dark,AttackWholeCenter,EShakeType::RapidRandom,0.75,1,0,0,0,0,0,0,0,0,0,0,0,0,0,0,0,0,0,0,0,0,EWeaponMaker::WeaponMaker003,EWeaponIcon::None,EWeaponInfoTriggerType::Hold,EWeaponInfo::OneShotFlinch,EWeaponInfo::None,EWeaponInfo::None,EWeaponInfo::None,EWeaponInfo::None,EWeaponInfoScoreEvaluation::None,EWeaponInfoRank::A,EWeaponInfoRank::A_Plus,EWeaponInfoRank::A,EWeaponInfoRank::A_Plus,EWeaponInfoRank::B_Plus,EWeaponInfoRank::C,EWeaponInfoRank::None,EWeaponCategory::ShootingLong,EWeaponSlayerEnemyType::Enemy,0,0,0,0,0,0,0,0,0,EWeaponSizeInfo::Large,？？？,？？？,0
WPN_TrapBomb,218,トラップ・ボム,0,/Game/Character/weapon/Blueprint/wp00218/BP_WpTrapBomb.uasset,226,0,0,0,0,0,EWeaponAttackIntervalType::Release,EWeaponAttackType::Throwing,EWeaponAtkTaeget::None,0,0,0,EWeaponKind::Sub,EWeaponHoldType::One,EAttachType::Hand,0,ESideTrgAct::None,0,0,0,0,0,0.3,0,0,0,0,0.1,0.5,0,EDecBulletType::Bullet,EWeaponReloadType::Reset,0,12,12,0,2,2,2,1,1,1,ECustomReloadType::Bullet,1,0,0,0,0,0,0,0,0,1,-1,-1,-1,0,0,0,0,EBuddyWeaponType::Throw,72,EHoldWeaponType::OneHandGun,0.1,ERecoilMotionType::Small,ERecoilMoveTiming::None,ERecoilMovePower::None,EShotCharaEffect::None,None,EShakeType::None,1,1,0,0,0,0,0,0,0,0,0,0,0,0,0,0,0,0,0,0,0,0,EWeaponMaker::WeaponMaker004,EWeaponIcon::None,EWeaponInfoTriggerType::Release,EWeaponInfo::OneShotDown,EWeaponInfo::None,EWeaponInfo::None,EWeaponInfo::None,EWeaponInfo::None,EWeaponInfoScoreEvaluation::Small,EWeaponInfoRank::B_Plus,EWeaponInfoRank::B_Plus,EWeaponInfoRank::C,EWeaponInfoRank::D,EWeaponInfoRank::B_Plus,EWeaponInfoRank::C,EWeaponInfoRank::None,EWeaponCategory::Throw,EWeaponSlayerEnemyType::Enemy,0,0,0,0,0,0,0,0,0,EWeaponSizeInfo::Medium,？？？,？？？,0
WPN_HandGatlingGun,219,機関銃 軍神,0,/Game/Character/weapon/Blueprint/wp00219/BP_WpHandGatlingGun.uasset,227,228,0,0,0,0,EWeaponAttackIntervalType::Press,EWeaponAttackType::Ranged,EWeaponAtkTaeget::Enemy,0,0,0,EWeaponKind::Main,EWeaponHoldType::One,EAttachType::Hand,0,ESideTrgAct::None,0,0,0,0,0,0.075,0,0.15,0,0,0.1,1,0,EDecBulletType::Bullet,EWeaponReloadType::Reset,0,12,12,0,80,80,80,1,5,255,ECustomReloadType::Bullet,0,0,0,0,0,0,0,0,0,1,-1,-1,-1,0,0,0,0,EBuddyWeaponType::BigWeapon,20,EHoldWeaponType::OneHandGun,0.2,ERecoilMotionType::Rapid,ERecoilMoveTiming::None,ERecoilMovePower::None,EShotCharaEffect::None,None,EShakeType::RapidDynamic,1,1,0,0,0,0,0,0,0,0,0,0,0,0,0,0,0,0,0,0,0,0,EWeaponMaker::WeaponMaker002,EWeaponIcon::None,EWeaponInfoTriggerType::Hold,EWeaponInfo::None,EWeaponInfo::None,EWeaponInfo::None,EWeaponInfo::None,EWeaponInfo::None,EWeaponInfoScoreEvaluation::None,EWeaponInfoRank::A,EWeaponInfoRank::B,EWeaponInfoRank::A,EWeaponInfoRank::A_Plus,EWeaponInfoRank::D,EWeaponInfoRank::B,EWeaponInfoRank::None,EWeaponCategory::ShootingMiddle,EWeaponSlayerEnemyType::Enemy,0,0,0,0,0,0,0,0,0,EWeaponSizeInfo::Large,？？？,？？？,0
WPN_HandGunType04,220,2on2ハンドガン,0,/Game/Character/weapon/Blueprint/wp00220/BP_WpHandGunType04.uasset,229,0,0,0,0,0,EWeaponAttackIntervalType::Press,EWeaponAttackType::Ranged,EWeaponAtkTaeget::Enemy,0,0,0,EWeaponKind::Sub,EWeaponHoldType::One,EAttachType::Hand,0,ESideTrgAct::None,0,0,0,0,0,0.6,0,0,0,0,0.1,1,0,EDecBulletType::Bullet,EWeaponReloadType::Reset,0,6,6,0,8,8,8,1,1,255,ECustomReloadType::Bullet,0,0,0,0,0,0,0,0,0,1,-1,-1,-1,0,0,0,0,EBuddyWeaponType::None,2,EHoldWeaponType::OneHandGun,0.1,ERecoilMotionType::RapidSmall,ERecoilMoveTiming::None,ERecoilMovePower::None,EShotCharaEffect::None,None,EShakeType::None,1,1,0,0,0,0,0,0,0,0,0,0,0,0,0,0,0,0,0,0,0,0,EWeaponMaker::WeaponMaker002,EWeaponIcon::None,EWeaponInfoTriggerType::Hold,EWeaponInfo::None,EWeaponInfo::None,EWeaponInfo::None,EWeaponInfo::None,EWeaponInfo::None,EWeaponInfoScoreEvaluation::None,EWeaponInfoRank::D,EWeaponInfoRank::C,EWeaponInfoRank::B,EWeaponInfoRank::C,EWeaponInfoRank::A,EWeaponInfoRank::A,EWeaponInfoRank::None,EWeaponCategory::ShootingMiddle,EWeaponSlayerEnemyType::Enemy,0,0,0,0,0,0,0,0,0,EWeaponSizeInfo::Medium,？？？,？？？,0
WPN_Wp00221,221,,0,/Game/Character/weapon/Blueprint/wp00000/BP_WpEmpty.uasset,0,0,0,0,0,0,EWeaponAttackIntervalType::None,EWeaponAttackType::None,EWeaponAtkTaeget::None,0,0,0,EWeaponKind::Main,EWeaponHoldType::One,EAttachType::Hand,0,ESideTrgAct::None,0,0,0,0,0,0.05,0,0,0,0,0.1,0,0,EDecBulletType::None,EWeaponReloadType::Reset,0,0,0,0,0,0,0,0,0,0,ECustomReloadType::None,0,0,0,0,0,0,0,0,0,0,-1,-1,-1,0,0,0,0,EBuddyWeaponType::None,0,EHoldWeaponType::None,0.35,ERecoilMotionType::Small,ERecoilMoveTiming::None,ERecoilMovePower::None,EShotCharaEffect::None,None,EShakeType::None,1,1,0,0,0,0,0,0,0,0,0,0,0,0,0,0,0,0,0,0,0,0,EWeaponMaker::None,EWeaponIcon::None,EWeaponInfoTriggerType::None,EWeaponInfo::None,EWeaponInfo::None,EWeaponInfo::None,EWeaponInfo::None,EWeaponInfo::None,EWeaponInfoScoreEvaluation::None,EWeaponInfoRank::None,EWeaponInfoRank::None,EWeaponInfoRank::None,EWeaponInfoRank::None,EWeaponInfoRank::None,EWeaponInfoRank::None,EWeaponInfoRank::None,EWeaponCategory::None,EWeaponSlayerEnemyType::None,0,0,0,0,0,0,0,0,0,EWeaponSizeInfo::Medium,空き枠,空き枠,0
WPN_Wp00222,222,,0,/Game/Character/weapon/Blueprint/wp00000/BP_WpEmpty.uasset,0,0,0,0,0,0,EWeaponAttackIntervalType::None,EWeaponAttackType::None,EWeaponAtkTaeget::None,0,0,0,EWeaponKind::Main,EWeaponHoldType::One,EAttachType::Hand,0,ESideTrgAct::None,0,0,0,0,0,0.05,0,0,0,0,0.1,0,0,EDecBulletType::None,EWeaponReloadType::Reset,0,0,0,0,0,0,0,0,0,0,ECustomReloadType::None,0,0,0,0,0,0,0,0,0,0,-1,-1,-1,0,0,0,0,EBuddyWeaponType::None,0,EHoldWeaponType::None,0.35,ERecoilMotionType::Small,ERecoilMoveTiming::None,ERecoilMovePower::None,EShotCharaEffect::None,None,EShakeType::None,1,1,0,0,0,0,0,0,0,0,0,0,0,0,0,0,0,0,0,0,0,0,EWeaponMaker::None,EWeaponIcon::None,EWeaponInfoTriggerType::None,EWeaponInfo::None,EWeaponInfo::None,EWeaponInfo::None,EWeaponInfo::None,EWeaponInfo::None,EWeaponInfoScoreEvaluation::None,EWeaponInfoRank::None,EWeaponInfoRank::None,EWeaponInfoRank::None,EWeaponInfoRank::None,EWeaponInfoRank::None,EWeaponInfoRank::None,EWeaponInfoRank::None,EWeaponCategory::None,EWeaponSlayerEnemyType::None,0,0,0,0,0,0,0,0,0,EWeaponSizeInfo::Medium,空き枠,空き枠,0
WPN_Wp00223,223,,0,/Game/Character/weapon/Blueprint/wp00000/BP_WpEmpty.uasset,0,0,0,0,0,0,EWeaponAttackIntervalType::None,EWeaponAttackType::None,EWeaponAtkTaeget::None,0,0,0,EWeaponKind::Main,EWeaponHoldType::One,EAttachType::Hand,0,ESideTrgAct::None,0,0,0,0,0,0.05,0,0,0,0,0.1,0,0,EDecBulletType::None,EWeaponReloadType::Reset,0,0,0,0,0,0,0,0,0,0,ECustomReloadType::None,0,0,0,0,0,0,0,0,0,0,-1,-1,-1,0,0,0,0,EBuddyWeaponType::None,0,EHoldWeaponType::None,0.35,ERecoilMotionType::Small,ERecoilMoveTiming::None,ERecoilMovePower::None,EShotCharaEffect::None,None,EShakeType::None,1,1,0,0,0,0,0,0,0,0,0,0,0,0,0,0,0,0,0,0,0,0,EWeaponMaker::None,EWeaponIcon::None,EWeaponInfoTriggerType::None,EWeaponInfo::None,EWeaponInfo::None,EWeaponInfo::None,EWeaponInfo::None,EWeaponInfo::None,EWeaponInfoScoreEvaluation::None,EWeaponInfoRank::None,EWeaponInfoRank::None,EWeaponInfoRank::None,EWeaponInfoRank::None,EWeaponInfoRank::None,EWeaponInfoRank::None,EWeaponInfoRank::None,EWeaponCategory::None,EWeaponSlayerEnemyType::None,0,0,0,0,0,0,0,0,0,EWeaponSizeInfo::Medium,空き枠,空き枠,0
WPN_Wp00224,224,,0,/Game/Character/weapon/Blueprint/wp00000/BP_WpEmpty.uasset,0,0,0,0,0,0,EWeaponAttackIntervalType::None,EWeaponAttackType::None,EWeaponAtkTaeget::None,0,0,0,EWeaponKind::Main,EWeaponHoldType::One,EAttachType::Hand,0,ESideTrgAct::None,0,0,0,0,0,0.05,0,0,0,0,0.1,0,0,EDecBulletType::None,EWeaponReloadType::Reset,0,0,0,0,0,0,0,0,0,0,ECustomReloadType::None,0,0,0,0,0,0,0,0,0,0,-1,-1,-1,0,0,0,0,EBuddyWeaponType::None,0,EHoldWeaponType::None,0.35,ERecoilMotionType::Small,ERecoilMoveTiming::None,ERecoilMovePower::None,EShotCharaEffect::None,None,EShakeType::None,1,1,0,0,0,0,0,0,0,0,0,0,0,0,0,0,0,0,0,0,0,0,EWeaponMaker::None,EWeaponIcon::None,EWeaponInfoTriggerType::None,EWeaponInfo::None,EWeaponInfo::None,EWeaponInfo::None,EWeaponInfo::None,EWeaponInfo::None,EWeaponInfoScoreEvaluation::None,EWeaponInfoRank::None,EWeaponInfoRank::None,EWeaponInfoRank::None,EWeaponInfoRank::None,EWeaponInfoRank::None,EWeaponInfoRank::None,EWeaponInfoRank::None,EWeaponCategory::None,EWeaponSlayerEnemyType::None,0,0,0,0,0,0,0,0,0,EWeaponSizeInfo::Medium,空き枠,空き枠,0
WPN_Wp00225,225,,0,/Game/Character/weapon/Blueprint/wp00000/BP_WpEmpty.uasset,0,0,0,0,0,0,EWeaponAttackIntervalType::None,EWeaponAttackType::None,EWeaponAtkTaeget::None,0,0,0,EWeaponKind::Main,EWeaponHoldType::One,EAttachType::Hand,0,ESideTrgAct::None,0,0,0,0,0,0.05,0,0,0,0,0.1,0,0,EDecBulletType::None,EWeaponReloadType::Reset,0,0,0,0,0,0,0,0,0,0,ECustomReloadType::None,0,0,0,0,0,0,0,0,0,0,-1,-1,-1,0,0,0,0,EBuddyWeaponType::None,0,EHoldWeaponType::None,0.35,ERecoilMotionType::Small,ERecoilMoveTiming::None,ERecoilMovePower::None,EShotCharaEffect::None,None,EShakeType::None,1,1,0,0,0,0,0,0,0,0,0,0,0,0,0,0,0,0,0,0,0,0,EWeaponMaker::None,EWeaponIcon::None,EWeaponInfoTriggerType::None,EWeaponInfo::None,EWeaponInfo::None,EWeaponInfo::None,EWeaponInfo::None,EWeaponInfo::None,EWeaponInfoScoreEvaluation::None,EWeaponInfoRank::None,EWeaponInfoRank::None,EWeaponInfoRank::None,EWeaponInfoRank::None,EWeaponInfoRank::None,EWeaponInfoRank::None,EWeaponInfoRank::None,EWeaponCategory::None,EWeaponSlayerEnemyType::None,0,0,0,0,0,0,0,0,0,EWeaponSizeInfo::Medium,空き枠,空き枠,0
WPN_Wp00226,226,,0,/Game/Character/weapon/Blueprint/wp00000/BP_WpEmpty.uasset,0,0,0,0,0,0,EWeaponAttackIntervalType::None,EWeaponAttackType::None,EWeaponAtkTaeget::None,0,0,0,EWeaponKind::Main,EWeaponHoldType::One,EAttachType::Hand,0,ESideTrgAct::None,0,0,0,0,0,0.05,0,0,0,0,0.1,0,0,EDecBulletType::None,EWeaponReloadType::Reset,0,0,0,0,0,0,0,0,0,0,ECustomReloadType::None,0,0,0,0,0,0,0,0,0,0,-1,-1,-1,0,0,0,0,EBuddyWeaponType::None,0,EHoldWeaponType::None,0.35,ERecoilMotionType::Small,ERecoilMoveTiming::None,ERecoilMovePower::None,EShotCharaEffect::None,None,EShakeType::None,1,1,0,0,0,0,0,0,0,0,0,0,0,0,0,0,0,0,0,0,0,0,EWeaponMaker::None,EWeaponIcon::None,EWeaponInfoTriggerType::None,EWeaponInfo::None,EWeaponInfo::None,EWeaponInfo::None,EWeaponInfo::None,EWeaponInfo::None,EWeaponInfoScoreEvaluation::None,EWeaponInfoRank::None,EWeaponInfoRank::None,EWeaponInfoRank::None,EWeaponInfoRank::None,EWeaponInfoRank::None,EWeaponInfoRank::None,EWeaponInfoRank::None,EWeaponCategory::None,EWeaponSlayerEnemyType::None,0,0,0,0,0,0,0,0,0,EWeaponSizeInfo::Medium,空き枠,空き枠,0
WPN_Wp00227,227,,0,/Game/Character/weapon/Blueprint/wp00000/BP_WpEmpty.uasset,0,0,0,0,0,0,EWeaponAttackIntervalType::None,EWeaponAttackType::None,EWeaponAtkTaeget::None,0,0,0,EWeaponKind::Main,EWeaponHoldType::One,EAttachType::Hand,0,ESideTrgAct::None,0,0,0,0,0,0.05,0,0,0,0,0.1,0,0,EDecBulletType::None,EWeaponReloadType::Reset,0,0,0,0,0,0,0,0,0,0,ECustomReloadType::None,0,0,0,0,0,0,0,0,0,0,-1,-1,-1,0,0,0,0,EBuddyWeaponType::None,0,EHoldWeaponType::None,0.35,ERecoilMotionType::Small,ERecoilMoveTiming::None,ERecoilMovePower::None,EShotCharaEffect::None,None,EShakeType::None,1,1,0,0,0,0,0,0,0,0,0,0,0,0,0,0,0,0,0,0,0,0,EWeaponMaker::None,EWeaponIcon::None,EWeaponInfoTriggerType::None,EWeaponInfo::None,EWeaponInfo::None,EWeaponInfo::None,EWeaponInfo::None,EWeaponInfo::None,EWeaponInfoScoreEvaluation::None,EWeaponInfoRank::None,EWeaponInfoRank::None,EWeaponInfoRank::None,EWeaponInfoRank::None,EWeaponInfoRank::None,EWeaponInfoRank::None,EWeaponInfoRank::None,EWeaponCategory::None,EWeaponSlayerEnemyType::None,0,0,0,0,0,0,0,0,0,EWeaponSizeInfo::Medium,空き枠,空き枠,0
WPN_Wp00228,228,,0,/Game/Character/weapon/Blueprint/wp00000/BP_WpEmpty.uasset,0,0,0,0,0,0,EWeaponAttackIntervalType::None,EWeaponAttackType::None,EWeaponAtkTaeget::None,0,0,0,EWeaponKind::Main,EWeaponHoldType::One,EAttachType::Hand,0,ESideTrgAct::None,0,0,0,0,0,0.05,0,0,0,0,0.1,0,0,EDecBulletType::None,EWeaponReloadType::Reset,0,0,0,0,0,0,0,0,0,0,ECustomReloadType::None,0,0,0,0,0,0,0,0,0,0,-1,-1,-1,0,0,0,0,EBuddyWeaponType::None,0,EHoldWeaponType::None,0.35,ERecoilMotionType::Small,ERecoilMoveTiming::None,ERecoilMovePower::None,EShotCharaEffect::None,None,EShakeType::None,1,1,0,0,0,0,0,0,0,0,0,0,0,0,0,0,0,0,0,0,0,0,EWeaponMaker::None,EWeaponIcon::None,EWeaponInfoTriggerType::None,EWeaponInfo::None,EWeaponInfo::None,EWeaponInfo::None,EWeaponInfo::None,EWeaponInfo::None,EWeaponInfoScoreEvaluation::None,EWeaponInfoRank::None,EWeaponInfoRank::None,EWeaponInfoRank::None,EWeaponInfoRank::None,EWeaponInfoRank::None,EWeaponInfoRank::None,EWeaponInfoRank::None,EWeaponCategory::None,EWeaponSlayerEnemyType::None,0,0,0,0,0,0,0,0,0,EWeaponSizeInfo::Medium,空き枠,空き枠,0
WPN_Wp00229,229,,0,/Game/Character/weapon/Blueprint/wp00000/BP_WpEmpty.uasset,0,0,0,0,0,0,EWeaponAttackIntervalType::None,EWeaponAttackType::None,EWeaponAtkTaeget::None,0,0,0,EWeaponKind::Main,EWeaponHoldType::One,EAttachType::Hand,0,ESideTrgAct::None,0,0,0,0,0,0.05,0,0,0,0,0.1,0,0,EDecBulletType::None,EWeaponReloadType::Reset,0,0,0,0,0,0,0,0,0,0,ECustomReloadType::None,0,0,0,0,0,0,0,0,0,0,-1,-1,-1,0,0,0,0,EBuddyWeaponType::None,0,EHoldWeaponType::None,0.35,ERecoilMotionType::Small,ERecoilMoveTiming::None,ERecoilMovePower::None,EShotCharaEffect::None,None,EShakeType::None,1,1,0,0,0,0,0,0,0,0,0,0,0,0,0,0,0,0,0,0,0,0,EWeaponMaker::None,EWeaponIcon::None,EWeaponInfoTriggerType::None,EWeaponInfo::None,EWeaponInfo::None,EWeaponInfo::None,EWeaponInfo::None,EWeaponInfo::None,EWeaponInfoScoreEvaluation::None,EWeaponInfoRank::None,EWeaponInfoRank::None,EWeaponInfoRank::None,EWeaponInfoRank::None,EWeaponInfoRank::None,EWeaponInfoRank::None,EWeaponInfoRank::None,EWeaponCategory::None,EWeaponSlayerEnemyType::None,0,0,0,0,0,0,0,0,0,EWeaponSizeInfo::Medium,空き枠,空き枠,0
WPN_Wp00230,230,,0,/Game/Character/weapon/Blueprint/wp00000/BP_WpEmpty.uasset,0,0,0,0,0,0,EWeaponAttackIntervalType::None,EWeaponAttackType::None,EWeaponAtkTaeget::None,0,0,0,EWeaponKind::Main,EWeaponHoldType::One,EAttachType::Hand,0,ESideTrgAct::None,0,0,0,0,0,0.05,0,0,0,0,0.1,0,0,EDecBulletType::None,EWeaponReloadType::Reset,0,0,0,0,0,0,0,0,0,0,ECustomReloadType::None,0,0,0,0,0,0,0,0,0,0,-1,-1,-1,0,0,0,0,EBuddyWeaponType::None,0,EHoldWeaponType::None,0.35,ERecoilMotionType::Small,ERecoilMoveTiming::None,ERecoilMovePower::None,EShotCharaEffect::None,None,EShakeType::None,1,1,0,0,0,0,0,0,0,0,0,0,0,0,0,0,0,0,0,0,0,0,EWeaponMaker::None,EWeaponIcon::None,EWeaponInfoTriggerType::None,EWeaponInfo::None,EWeaponInfo::None,EWeaponInfo::None,EWeaponInfo::None,EWeaponInfo::None,EWeaponInfoScoreEvaluation::None,EWeaponInfoRank::None,EWeaponInfoRank::None,EWeaponInfoRank::None,EWeaponInfoRank::None,EWeaponInfoRank::None,EWeaponInfoRank::None,EWeaponInfoRank::None,EWeaponCategory::None,EWeaponSlayerEnemyType::None,0,0,0,0,0,0,0,0,0,EWeaponSizeInfo::Medium,空き枠,空き枠,0
WPN_Wp00231,231,,0,/Game/Character/weapon/Blueprint/wp00000/BP_WpEmpty.uasset,0,0,0,0,0,0,EWeaponAttackIntervalType::None,EWeaponAttackType::None,EWeaponAtkTaeget::None,0,0,0,EWeaponKind::Main,EWeaponHoldType::One,EAttachType::Hand,0,ESideTrgAct::None,0,0,0,0,0,0.05,0,0,0,0,0.1,0,0,EDecBulletType::None,EWeaponReloadType::Reset,0,0,0,0,0,0,0,0,0,0,ECustomReloadType::None,0,0,0,0,0,0,0,0,0,0,-1,-1,-1,0,0,0,0,EBuddyWeaponType::None,0,EHoldWeaponType::None,0.35,ERecoilMotionType::Small,ERecoilMoveTiming::None,ERecoilMovePower::None,EShotCharaEffect::None,None,EShakeType::None,1,1,0,0,0,0,0,0,0,0,0,0,0,0,0,0,0,0,0,0,0,0,EWeaponMaker::None,EWeaponIcon::None,EWeaponInfoTriggerType::None,EWeaponInfo::None,EWeaponInfo::None,EWeaponInfo::None,EWeaponInfo::None,EWeaponInfo::None,EWeaponInfoScoreEvaluation::None,EWeaponInfoRank::None,EWeaponInfoRank::None,EWeaponInfoRank::None,EWeaponInfoRank::None,EWeaponInfoRank::None,EWeaponInfoRank::None,EWeaponInfoRank::None,EWeaponCategory::None,EWeaponSlayerEnemyType::None,0,0,0,0,0,0,0,0,0,EWeaponSizeInfo::Medium,空き枠,空き枠,0
WPN_Wp00232,232,,0,/Game/Character/weapon/Blueprint/wp00000/BP_WpEmpty.uasset,0,0,0,0,0,0,EWeaponAttackIntervalType::None,EWeaponAttackType::None,EWeaponAtkTaeget::None,0,0,0,EWeaponKind::Main,EWeaponHoldType::One,EAttachType::Hand,0,ESideTrgAct::None,0,0,0,0,0,0.05,0,0,0,0,0.1,0,0,EDecBulletType::None,EWeaponReloadType::Reset,0,0,0,0,0,0,0,0,0,0,ECustomReloadType::None,0,0,0,0,0,0,0,0,0,0,-1,-1,-1,0,0,0,0,EBuddyWeaponType::None,0,EHoldWeaponType::None,0.35,ERecoilMotionType::Small,ERecoilMoveTiming::None,ERecoilMovePower::None,EShotCharaEffect::None,None,EShakeType::None,1,1,0,0,0,0,0,0,0,0,0,0,0,0,0,0,0,0,0,0,0,0,EWeaponMaker::None,EWeaponIcon::None,EWeaponInfoTriggerType::None,EWeaponInfo::None,EWeaponInfo::None,EWeaponInfo::None,EWeaponInfo::None,EWeaponInfo::None,EWeaponInfoScoreEvaluation::None,EWeaponInfoRank::None,EWeaponInfoRank::None,EWeaponInfoRank::None,EWeaponInfoRank::None,EWeaponInfoRank::None,EWeaponInfoRank::None,EWeaponInfoRank::None,EWeaponCategory::None,EWeaponSlayerEnemyType::None,0,0,0,0,0,0,0,0,0,EWeaponSizeInfo::Medium,空き枠,空き枠,0
WPN_Wp00233,233,,0,/Game/Character/weapon/Blueprint/wp00000/BP_WpEmpty.uasset,0,0,0,0,0,0,EWeaponAttackIntervalType::None,EWeaponAttackType::None,EWeaponAtkTaeget::None,0,0,0,EWeaponKind::Main,EWeaponHoldType::One,EAttachType::Hand,0,ESideTrgAct::None,0,0,0,0,0,0.05,0,0,0,0,0.1,0,0,EDecBulletType::None,EWeaponReloadType::Reset,0,0,0,0,0,0,0,0,0,0,ECustomReloadType::None,0,0,0,0,0,0,0,0,0,0,-1,-1,-1,0,0,0,0,EBuddyWeaponType::None,0,EHoldWeaponType::None,0.35,ERecoilMotionType::Small,ERecoilMoveTiming::None,ERecoilMovePower::None,EShotCharaEffect::None,None,EShakeType::None,1,1,0,0,0,0,0,0,0,0,0,0,0,0,0,0,0,0,0,0,0,0,EWeaponMaker::None,EWeaponIcon::None,EWeaponInfoTriggerType::None,EWeaponInfo::None,EWeaponInfo::None,EWeaponInfo::None,EWeaponInfo::None,EWeaponInfo::None,EWeaponInfoScoreEvaluation::None,EWeaponInfoRank::None,EWeaponInfoRank::None,EWeaponInfoRank::None,EWeaponInfoRank::None,EWeaponInfoRank::None,EWeaponInfoRank::None,EWeaponInfoRank::None,EWeaponCategory::None,EWeaponSlayerEnemyType::None,0,0,0,0,0,0,0,0,0,EWeaponSizeInfo::Medium,空き枠,空き枠,0
WPN_Wp00234,234,,0,/Game/Character/weapon/Blueprint/wp00000/BP_WpEmpty.uasset,0,0,0,0,0,0,EWeaponAttackIntervalType::None,EWeaponAttackType::None,EWeaponAtkTaeget::None,0,0,0,EWeaponKind::Main,EWeaponHoldType::One,EAttachType::Hand,0,ESideTrgAct::None,0,0,0,0,0,0.05,0,0,0,0,0.1,0,0,EDecBulletType::None,EWeaponReloadType::Reset,0,0,0,0,0,0,0,0,0,0,ECustomReloadType::None,0,0,0,0,0,0,0,0,0,0,-1,-1,-1,0,0,0,0,EBuddyWeaponType::None,0,EHoldWeaponType::None,0.35,ERecoilMotionType::Small,ERecoilMoveTiming::None,ERecoilMovePower::None,EShotCharaEffect::None,None,EShakeType::None,1,1,0,0,0,0,0,0,0,0,0,0,0,0,0,0,0,0,0,0,0,0,EWeaponMaker::None,EWeaponIcon::None,EWeaponInfoTriggerType::None,EWeaponInfo::None,EWeaponInfo::None,EWeaponInfo::None,EWeaponInfo::None,EWeaponInfo::None,EWeaponInfoScoreEvaluation::None,EWeaponInfoRank::None,EWeaponInfoRank::None,EWeaponInfoRank::None,EWeaponInfoRank::None,EWeaponInfoRank::None,EWeaponInfoRank::None,EWeaponInfoRank::None,EWeaponCategory::None,EWeaponSlayerEnemyType::None,0,0,0,0,0,0,0,0,0,EWeaponSizeInfo::Medium,空き枠,空き枠,0
WPN_Wp00235,235,,0,/Game/Character/weapon/Blueprint/wp00000/BP_WpEmpty.uasset,0,0,0,0,0,0,EWeaponAttackIntervalType::None,EWeaponAttackType::None,EWeaponAtkTaeget::None,0,0,0,EWeaponKind::Main,EWeaponHoldType::One,EAttachType::Hand,0,ESideTrgAct::None,0,0,0,0,0,0.05,0,0,0,0,0.1,0,0,EDecBulletType::None,EWeaponReloadType::Reset,0,0,0,0,0,0,0,0,0,0,ECustomReloadType::None,0,0,0,0,0,0,0,0,0,0,-1,-1,-1,0,0,0,0,EBuddyWeaponType::None,0,EHoldWeaponType::None,0.35,ERecoilMotionType::Small,ERecoilMoveTiming::None,ERecoilMovePower::None,EShotCharaEffect::None,None,EShakeType::None,1,1,0,0,0,0,0,0,0,0,0,0,0,0,0,0,0,0,0,0,0,0,EWeaponMaker::None,EWeaponIcon::None,EWeaponInfoTriggerType::None,EWeaponInfo::None,EWeaponInfo::None,EWeaponInfo::None,EWeaponInfo::None,EWeaponInfo::None,EWeaponInfoScoreEvaluation::None,EWeaponInfoRank::None,EWeaponInfoRank::None,EWeaponInfoRank::None,EWeaponInfoRank::None,EWeaponInfoRank::None,EWeaponInfoRank::None,EWeaponInfoRank::None,EWeaponCategory::None,EWeaponSlayerEnemyType::None,0,0,0,0,0,0,0,0,0,EWeaponSizeInfo::Medium,空き枠,空き枠,0
WPN_Wp00236,236,,0,/Game/Character/weapon/Blueprint/wp00000/BP_WpEmpty.uasset,0,0,0,0,0,0,EWeaponAttackIntervalType::None,EWeaponAttackType::None,EWeaponAtkTaeget::None,0,0,0,EWeaponKind::Main,EWeaponHoldType::One,EAttachType::Hand,0,ESideTrgAct::None,0,0,0,0,0,0.05,0,0,0,0,0.1,0,0,EDecBulletType::None,EWeaponReloadType::Reset,0,0,0,0,0,0,0,0,0,0,ECustomReloadType::None,0,0,0,0,0,0,0,0,0,0,-1,-1,-1,0,0,0,0,EBuddyWeaponType::None,0,EHoldWeaponType::None,0.35,ERecoilMotionType::Small,ERecoilMoveTiming::None,ERecoilMovePower::None,EShotCharaEffect::None,None,EShakeType::None,1,1,0,0,0,0,0,0,0,0,0,0,0,0,0,0,0,0,0,0,0,0,EWeaponMaker::None,EWeaponIcon::None,EWeaponInfoTriggerType::None,EWeaponInfo::None,EWeaponInfo::None,EWeaponInfo::None,EWeaponInfo::None,EWeaponInfo::None,EWeaponInfoScoreEvaluation::None,EWeaponInfoRank::None,EWeaponInfoRank::None,EWeaponInfoRank::None,EWeaponInfoRank::None,EWeaponInfoRank::None,EWeaponInfoRank::None,EWeaponInfoRank::None,EWeaponCategory::None,EWeaponSlayerEnemyType::None,0,0,0,0,0,0,0,0,0,EWeaponSizeInfo::Medium,空き枠,空き枠,0
WPN_Wp00237,237,,0,/Game/Character/weapon/Blueprint/wp00000/BP_WpEmpty.uasset,0,0,0,0,0,0,EWeaponAttackIntervalType::None,EWeaponAttackType::None,EWeaponAtkTaeget::None,0,0,0,EWeaponKind::Main,EWeaponHoldType::One,EAttachType::Hand,0,ESideTrgAct::None,0,0,0,0,0,0.05,0,0,0,0,0.1,0,0,EDecBulletType::None,EWeaponReloadType::Reset,0,0,0,0,0,0,0,0,0,0,ECustomReloadType::None,0,0,0,0,0,0,0,0,0,0,-1,-1,-1,0,0,0,0,EBuddyWeaponType::None,0,EHoldWeaponType::None,0.35,ERecoilMotionType::Small,ERecoilMoveTiming::None,ERecoilMovePower::None,EShotCharaEffect::None,None,EShakeType::None,1,1,0,0,0,0,0,0,0,0,0,0,0,0,0,0,0,0,0,0,0,0,EWeaponMaker::None,EWeaponIcon::None,EWeaponInfoTriggerType::None,EWeaponInfo::None,EWeaponInfo::None,EWeaponInfo::None,EWeaponInfo::None,EWeaponInfo::None,EWeaponInfoScoreEvaluation::None,EWeaponInfoRank::None,EWeaponInfoRank::None,EWeaponInfoRank::None,EWeaponInfoRank::None,EWeaponInfoRank::None,EWeaponInfoRank::None,EWeaponInfoRank::None,EWeaponCategory::None,EWeaponSlayerEnemyType::None,0,0,0,0,0,0,0,0,0,EWeaponSizeInfo::Medium,空き枠,空き枠,0
WPN_Wp00238,238,,0,/Game/Character/weapon/Blueprint/wp00000/BP_WpEmpty.uasset,0,0,0,0,0,0,EWeaponAttackIntervalType::None,EWeaponAttackType::None,EWeaponAtkTaeget::None,0,0,0,EWeaponKind::Main,EWeaponHoldType::One,EAttachType::Hand,0,ESideTrgAct::None,0,0,0,0,0,0.05,0,0,0,0,0.1,0,0,EDecBulletType::None,EWeaponReloadType::Reset,0,0,0,0,0,0,0,0,0,0,ECustomReloadType::None,0,0,0,0,0,0,0,0,0,0,-1,-1,-1,0,0,0,0,EBuddyWeaponType::None,0,EHoldWeaponType::None,0.35,ERecoilMotionType::Small,ERecoilMoveTiming::None,ERecoilMovePower::None,EShotCharaEffect::None,None,EShakeType::None,1,1,0,0,0,0,0,0,0,0,0,0,0,0,0,0,0,0,0,0,0,0,EWeaponMaker::None,EWeaponIcon::None,EWeaponInfoTriggerType::None,EWeaponInfo::None,EWeaponInfo::None,EWeaponInfo::None,EWeaponInfo::None,EWeaponInfo::None,EWeaponInfoScoreEvaluation::None,EWeaponInfoRank::None,EWeaponInfoRank::None,EWeaponInfoRank::None,EWeaponInfoRank::None,EWeaponInfoRank::None,EWeaponInfoRank::None,EWeaponInfoRank::None,EWeaponCategory::None,EWeaponSlayerEnemyType::None,0,0,0,0,0,0,0,0,0,EWeaponSizeInfo::Medium,空き枠,空き枠,0
WPN_Wp00239,239,,0,/Game/Character/weapon/Blueprint/wp00000/BP_WpEmpty.uasset,0,0,0,0,0,0,EWeaponAttackIntervalType::None,EWeaponAttackType::None,EWeaponAtkTaeget::None,0,0,0,EWeaponKind::Main,EWeaponHoldType::One,EAttachType::Hand,0,ESideTrgAct::None,0,0,0,0,0,0.05,0,0,0,0,0.1,0,0,EDecBulletType::None,EWeaponReloadType::Reset,0,0,0,0,0,0,0,0,0,0,ECustomReloadType::None,0,0,0,0,0,0,0,0,0,0,-1,-1,-1,0,0,0,0,EBuddyWeaponType::None,0,EHoldWeaponType::None,0.35,ERecoilMotionType::Small,ERecoilMoveTiming::None,ERecoilMovePower::None,EShotCharaEffect::None,None,EShakeType::None,1,1,0,0,0,0,0,0,0,0,0,0,0,0,0,0,0,0,0,0,0,0,EWeaponMaker::None,EWeaponIcon::None,EWeaponInfoTriggerType::None,EWeaponInfo::None,EWeaponInfo::None,EWeaponInfo::None,EWeaponInfo::None,EWeaponInfo::None,EWeaponInfoScoreEvaluation::None,EWeaponInfoRank::None,EWeaponInfoRank::None,EWeaponInfoRank::None,EWeaponInfoRank::None,EWeaponInfoRank::None,EWeaponInfoRank::None,EWeaponInfoRank::None,EWeaponCategory::None,EWeaponSlayerEnemyType::None,0,0,0,0,0,0,0,0,0,EWeaponSizeInfo::Medium,空き枠,空き枠,0
WPN_Wp00240,240,,0,/Game/Character/weapon/Blueprint/wp00000/BP_WpEmpty.uasset,0,0,0,0,0,0,EWeaponAttackIntervalType::None,EWeaponAttackType::None,EWeaponAtkTaeget::None,0,0,0,EWeaponKind::Main,EWeaponHoldType::One,EAttachType::Hand,0,ESideTrgAct::None,0,0,0,0,0,0.05,0,0,0,0,0.1,0,0,EDecBulletType::None,EWeaponReloadType::Reset,0,0,0,0,0,0,0,0,0,0,ECustomReloadType::None,0,0,0,0,0,0,0,0,0,0,-1,-1,-1,0,0,0,0,EBuddyWeaponType::None,0,EHoldWeaponType::None,0.35,ERecoilMotionType::Small,ERecoilMoveTiming::None,ERecoilMovePower::None,EShotCharaEffect::None,None,EShakeType::None,1,1,0,0,0,0,0,0,0,0,0,0,0,0,0,0,0,0,0,0,0,0,EWeaponMaker::None,EWeaponIcon::None,EWeaponInfoTriggerType::None,EWeaponInfo::None,EWeaponInfo::None,EWeaponInfo::None,EWeaponInfo::None,EWeaponInfo::None,EWeaponInfoScoreEvaluation::None,EWeaponInfoRank::None,EWeaponInfoRank::None,EWeaponInfoRank::None,EWeaponInfoRank::None,EWeaponInfoRank::None,EWeaponInfoRank::None,EWeaponInfoRank::None,EWeaponCategory::None,EWeaponSlayerEnemyType::None,0,0,0,0,0,0,0,0,0,EWeaponSizeInfo::Medium,空き枠,空き枠,0
WPN_Wp00241,241,,0,/Game/Character/weapon/Blueprint/wp00000/BP_WpEmpty.uasset,0,0,0,0,0,0,EWeaponAttackIntervalType::None,EWeaponAttackType::None,EWeaponAtkTaeget::None,0,0,0,EWeaponKind::Main,EWeaponHoldType::One,EAttachType::Hand,0,ESideTrgAct::None,0,0,0,0,0,0.05,0,0,0,0,0.1,0,0,EDecBulletType::None,EWeaponReloadType::Reset,0,0,0,0,0,0,0,0,0,0,ECustomReloadType::None,0,0,0,0,0,0,0,0,0,0,-1,-1,-1,0,0,0,0,EBuddyWeaponType::None,0,EHoldWeaponType::None,0.35,ERecoilMotionType::Small,ERecoilMoveTiming::None,ERecoilMovePower::None,EShotCharaEffect::None,None,EShakeType::None,1,1,0,0,0,0,0,0,0,0,0,0,0,0,0,0,0,0,0,0,0,0,EWeaponMaker::None,EWeaponIcon::None,EWeaponInfoTriggerType::None,EWeaponInfo::None,EWeaponInfo::None,EWeaponInfo::None,EWeaponInfo::None,EWeaponInfo::None,EWeaponInfoScoreEvaluation::None,EWeaponInfoRank::None,EWeaponInfoRank::None,EWeaponInfoRank::None,EWeaponInfoRank::None,EWeaponInfoRank::None,EWeaponInfoRank::None,EWeaponInfoRank::None,EWeaponCategory::None,EWeaponSlayerEnemyType::None,0,0,0,0,0,0,0,0,0,EWeaponSizeInfo::Medium,空き枠,空き枠,0
WPN_Wp00242,242,,0,/Game/Character/weapon/Blueprint/wp00000/BP_WpEmpty.uasset,0,0,0,0,0,0,EWeaponAttackIntervalType::None,EWeaponAttackType::None,EWeaponAtkTaeget::None,0,0,0,EWeaponKind::Main,EWeaponHoldType::One,EAttachType::Hand,0,ESideTrgAct::None,0,0,0,0,0,0.05,0,0,0,0,0.1,0,0,EDecBulletType::None,EWeaponReloadType::Reset,0,0,0,0,0,0,0,0,0,0,ECustomReloadType::None,0,0,0,0,0,0,0,0,0,0,-1,-1,-1,0,0,0,0,EBuddyWeaponType::None,0,EHoldWeaponType::None,0.35,ERecoilMotionType::Small,ERecoilMoveTiming::None,ERecoilMovePower::None,EShotCharaEffect::None,None,EShakeType::None,1,1,0,0,0,0,0,0,0,0,0,0,0,0,0,0,0,0,0,0,0,0,EWeaponMaker::None,EWeaponIcon::None,EWeaponInfoTriggerType::None,EWeaponInfo::None,EWeaponInfo::None,EWeaponInfo::None,EWeaponInfo::None,EWeaponInfo::None,EWeaponInfoScoreEvaluation::None,EWeaponInfoRank::None,EWeaponInfoRank::None,EWeaponInfoRank::None,EWeaponInfoRank::None,EWeaponInfoRank::None,EWeaponInfoRank::None,EWeaponInfoRank::None,EWeaponCategory::None,EWeaponSlayerEnemyType::None,0,0,0,0,0,0,0,0,0,EWeaponSizeInfo::Medium,空き枠,空き枠,0
WPN_Wp00243,243,,0,/Game/Character/weapon/Blueprint/wp00000/BP_WpEmpty.uasset,0,0,0,0,0,0,EWeaponAttackIntervalType::None,EWeaponAttackType::None,EWeaponAtkTaeget::None,0,0,0,EWeaponKind::Main,EWeaponHoldType::One,EAttachType::Hand,0,ESideTrgAct::None,0,0,0,0,0,0.05,0,0,0,0,0.1,0,0,EDecBulletType::None,EWeaponReloadType::Reset,0,0,0,0,0,0,0,0,0,0,ECustomReloadType::None,0,0,0,0,0,0,0,0,0,0,-1,-1,-1,0,0,0,0,EBuddyWeaponType::None,0,EHoldWeaponType::None,0.35,ERecoilMotionType::Small,ERecoilMoveTiming::None,ERecoilMovePower::None,EShotCharaEffect::None,None,EShakeType::None,1,1,0,0,0,0,0,0,0,0,0,0,0,0,0,0,0,0,0,0,0,0,EWeaponMaker::None,EWeaponIcon::None,EWeaponInfoTriggerType::None,EWeaponInfo::None,EWeaponInfo::None,EWeaponInfo::None,EWeaponInfo::None,EWeaponInfo::None,EWeaponInfoScoreEvaluation::None,EWeaponInfoRank::None,EWeaponInfoRank::None,EWeaponInfoRank::None,EWeaponInfoRank::None,EWeaponInfoRank::None,EWeaponInfoRank::None,EWeaponInfoRank::None,EWeaponCategory::None,EWeaponSlayerEnemyType::None,0,0,0,0,0,0,0,0,0,EWeaponSizeInfo::Medium,空き枠,空き枠,0
WPN_Wp00244,244,,0,/Game/Character/weapon/Blueprint/wp00000/BP_WpEmpty.uasset,0,0,0,0,0,0,EWeaponAttackIntervalType::None,EWeaponAttackType::None,EWeaponAtkTaeget::None,0,0,0,EWeaponKind::Main,EWeaponHoldType::One,EAttachType::Hand,0,ESideTrgAct::None,0,0,0,0,0,0.05,0,0,0,0,0.1,0,0,EDecBulletType::None,EWeaponReloadType::Reset,0,0,0,0,0,0,0,0,0,0,ECustomReloadType::None,0,0,0,0,0,0,0,0,0,0,-1,-1,-1,0,0,0,0,EBuddyWeaponType::None,0,EHoldWeaponType::None,0.35,ERecoilMotionType::Small,ERecoilMoveTiming::None,ERecoilMovePower::None,EShotCharaEffect::None,None,EShakeType::None,1,1,0,0,0,0,0,0,0,0,0,0,0,0,0,0,0,0,0,0,0,0,EWeaponMaker::None,EWeaponIcon::None,EWeaponInfoTriggerType::None,EWeaponInfo::None,EWeaponInfo::None,EWeaponInfo::None,EWeaponInfo::None,EWeaponInfo::None,EWeaponInfoScoreEvaluation::None,EWeaponInfoRank::None,EWeaponInfoRank::None,EWeaponInfoRank::None,EWeaponInfoRank::None,EWeaponInfoRank::None,EWeaponInfoRank::None,EWeaponInfoRank::None,EWeaponCategory::None,EWeaponSlayerEnemyType::None,0,0,0,0,0,0,0,0,0,EWeaponSizeInfo::Medium,空き枠,空き枠,0
WPN_Wp00245,245,,0,/Game/Character/weapon/Blueprint/wp00000/BP_WpEmpty.uasset,0,0,0,0,0,0,EWeaponAttackIntervalType::None,EWeaponAttackType::None,EWeaponAtkTaeget::None,0,0,0,EWeaponKind::Main,EWeaponHoldType::One,EAttachType::Hand,0,ESideTrgAct::None,0,0,0,0,0,0.05,0,0,0,0,0.1,0,0,EDecBulletType::None,EWeaponReloadType::Reset,0,0,0,0,0,0,0,0,0,0,ECustomReloadType::None,0,0,0,0,0,0,0,0,0,0,-1,-1,-1,0,0,0,0,EBuddyWeaponType::None,0,EHoldWeaponType::None,0.35,ERecoilMotionType::Small,ERecoilMoveTiming::None,ERecoilMovePower::None,EShotCharaEffect::None,None,EShakeType::None,1,1,0,0,0,0,0,0,0,0,0,0,0,0,0,0,0,0,0,0,0,0,EWeaponMaker::None,EWeaponIcon::None,EWeaponInfoTriggerType::None,EWeaponInfo::None,EWeaponInfo::None,EWeaponInfo::None,EWeaponInfo::None,EWeaponInfo::None,EWeaponInfoScoreEvaluation::None,EWeaponInfoRank::None,EWeaponInfoRank::None,EWeaponInfoRank::None,EWeaponInfoRank::None,EWeaponInfoRank::None,EWeaponInfoRank::None,EWeaponInfoRank::None,EWeaponCategory::None,EWeaponSlayerEnemyType::None,0,0,0,0,0,0,0,0,0,EWeaponSizeInfo::Medium,空き枠,空き枠,0
WPN_Wp00246,246,,0,/Game/Character/weapon/Blueprint/wp00000/BP_WpEmpty.uasset,0,0,0,0,0,0,EWeaponAttackIntervalType::None,EWeaponAttackType::None,EWeaponAtkTaeget::None,0,0,0,EWeaponKind::Main,EWeaponHoldType::One,EAttachType::Hand,0,ESideTrgAct::None,0,0,0,0,0,0.05,0,0,0,0,0.1,0,0,EDecBulletType::None,EWeaponReloadType::Reset,0,0,0,0,0,0,0,0,0,0,ECustomReloadType::None,0,0,0,0,0,0,0,0,0,0,-1,-1,-1,0,0,0,0,EBuddyWeaponType::None,0,EHoldWeaponType::None,0.35,ERecoilMotionType::Small,ERecoilMoveTiming::None,ERecoilMovePower::None,EShotCharaEffect::None,None,EShakeType::None,1,1,0,0,0,0,0,0,0,0,0,0,0,0,0,0,0,0,0,0,0,0,EWeaponMaker::None,EWeaponIcon::None,EWeaponInfoTriggerType::None,EWeaponInfo::None,EWeaponInfo::None,EWeaponInfo::None,EWeaponInfo::None,EWeaponInfo::None,EWeaponInfoScoreEvaluation::None,EWeaponInfoRank::None,EWeaponInfoRank::None,EWeaponInfoRank::None,EWeaponInfoRank::None,EWeaponInfoRank::None,EWeaponInfoRank::None,EWeaponInfoRank::None,EWeaponCategory::None,EWeaponSlayerEnemyType::None,0,0,0,0,0,0,0,0,0,EWeaponSizeInfo::Medium,空き枠,空き枠,0
WPN_Wp00247,247,,0,/Game/Character/weapon/Blueprint/wp00000/BP_WpEmpty.uasset,0,0,0,0,0,0,EWeaponAttackIntervalType::None,EWeaponAttackType::None,EWeaponAtkTaeget::None,0,0,0,EWeaponKind::Main,EWeaponHoldType::One,EAttachType::Hand,0,ESideTrgAct::None,0,0,0,0,0,0.05,0,0,0,0,0.1,0,0,EDecBulletType::None,EWeaponReloadType::Reset,0,0,0,0,0,0,0,0,0,0,ECustomReloadType::None,0,0,0,0,0,0,0,0,0,0,-1,-1,-1,0,0,0,0,EBuddyWeaponType::None,0,EHoldWeaponType::None,0.35,ERecoilMotionType::Small,ERecoilMoveTiming::None,ERecoilMovePower::None,EShotCharaEffect::None,None,EShakeType::None,1,1,0,0,0,0,0,0,0,0,0,0,0,0,0,0,0,0,0,0,0,0,EWeaponMaker::None,EWeaponIcon::None,EWeaponInfoTriggerType::None,EWeaponInfo::None,EWeaponInfo::None,EWeaponInfo::None,EWeaponInfo::None,EWeaponInfo::None,EWeaponInfoScoreEvaluation::None,EWeaponInfoRank::None,EWeaponInfoRank::None,EWeaponInfoRank::None,EWeaponInfoRank::None,EWeaponInfoRank::None,EWeaponInfoRank::None,EWeaponInfoRank::None,EWeaponCategory::None,EWeaponSlayerEnemyType::None,0,0,0,0,0,0,0,0,0,EWeaponSizeInfo::Medium,空き枠,空き枠,0
WPN_Wp00248,248,,0,/Game/Character/weapon/Blueprint/wp00000/BP_WpEmpty.uasset,0,0,0,0,0,0,EWeaponAttackIntervalType::None,EWeaponAttackType::None,EWeaponAtkTaeget::None,0,0,0,EWeaponKind::Main,EWeaponHoldType::One,EAttachType::Hand,0,ESideTrgAct::None,0,0,0,0,0,0.05,0,0,0,0,0.1,0,0,EDecBulletType::None,EWeaponReloadType::Reset,0,0,0,0,0,0,0,0,0,0,ECustomReloadType::None,0,0,0,0,0,0,0,0,0,0,-1,-1,-1,0,0,0,0,EBuddyWeaponType::None,0,EHoldWeaponType::None,0.35,ERecoilMotionType::Small,ERecoilMoveTiming::None,ERecoilMovePower::None,EShotCharaEffect::None,None,EShakeType::None,1,1,0,0,0,0,0,0,0,0,0,0,0,0,0,0,0,0,0,0,0,0,EWeaponMaker::None,EWeaponIcon::None,EWeaponInfoTriggerType::None,EWeaponInfo::None,EWeaponInfo::None,EWeaponInfo::None,EWeaponInfo::None,EWeaponInfo::None,EWeaponInfoScoreEvaluation::None,EWeaponInfoRank::None,EWeaponInfoRank::None,EWeaponInfoRank::None,EWeaponInfoRank::None,EWeaponInfoRank::None,EWeaponInfoRank::None,EWeaponInfoRank::None,EWeaponCategory::None,EWeaponSlayerEnemyType::None,0,0,0,0,0,0,0,0,0,EWeaponSizeInfo::Medium,空き枠,空き枠,0
WPN_Wp00249,249,,0,/Game/Character/weapon/Blueprint/wp00000/BP_WpEmpty.uasset,0,0,0,0,0,0,EWeaponAttackIntervalType::None,EWeaponAttackType::None,EWeaponAtkTaeget::None,0,0,0,EWeaponKind::Main,EWeaponHoldType::One,EAttachType::Hand,0,ESideTrgAct::None,0,0,0,0,0,0.05,0,0,0,0,0.1,0,0,EDecBulletType::None,EWeaponReloadType::Reset,0,0,0,0,0,0,0,0,0,0,ECustomReloadType::None,0,0,0,0,0,0,0,0,0,0,-1,-1,-1,0,0,0,0,EBuddyWeaponType::None,0,EHoldWeaponType::None,0.35,ERecoilMotionType::Small,ERecoilMoveTiming::None,ERecoilMovePower::None,EShotCharaEffect::None,None,EShakeType::None,1,1,0,0,0,0,0,0,0,0,0,0,0,0,0,0,0,0,0,0,0,0,EWeaponMaker::None,EWeaponIcon::None,EWeaponInfoTriggerType::None,EWeaponInfo::None,EWeaponInfo::None,EWeaponInfo::None,EWeaponInfo::None,EWeaponInfo::None,EWeaponInfoScoreEvaluation::None,EWeaponInfoRank::None,EWeaponInfoRank::None,EWeaponInfoRank::None,EWeaponInfoRank::None,EWeaponInfoRank::None,EWeaponInfoRank::None,EWeaponInfoRank::None,EWeaponCategory::None,EWeaponSlayerEnemyType::None,0,0,0,0,0,0,0,0,0,EWeaponSizeInfo::Medium,空き枠,空き枠,0
WPN_Weapon_Fin,250,ここまで(識別用),0,/Game/Character/weapon/Blueprint/wp00000/BP_WpEmpty.uasset,0,0,0,0,0,0,EWeaponAttackIntervalType::None,EWeaponAttackType::None,EWeaponAtkTaeget::None,0,0,0,EWeaponKind::Main,EWeaponHoldType::One,EAttachType::Hand,0,ESideTrgAct::None,0,0,0,0,0,0.05,0,0,0,0,0.1,1,0,EDecBulletType::None,EWeaponReloadType::EmptyReload,0,0,0,0,0,0,0,0,0,0,ECustomReloadType::None,0,0,0,0,0,0,0,0,0,0,-1,-1,-1,0,0,0,0,EBuddyWeaponType::None,0,EHoldWeaponType::None,0.35,ERecoilMotionType::Small,ERecoilMoveTiming::None,ERecoilMovePower::None,EShotCharaEffect::None,None,EShakeType::None,1,1,0,0,0,0,0,0,0,0,0,0,0,0,0,0,0,0,0,0,0,0,EWeaponMaker::None,EWeaponIcon::None,EWeaponInfoTriggerType::None,EWeaponInfo::None,EWeaponInfo::None,EWeaponInfo::None,EWeaponInfo::None,EWeaponInfo::None,EWeaponInfoScoreEvaluation::None,EWeaponInfoRank::A_Plus,EWeaponInfoRank::A_Plus,EWeaponInfoRank::A_Plus,EWeaponInfoRank::A_Plus,EWeaponInfoRank::A_Plus,EWeaponInfoRank::A_Plus,EWeaponInfoRank::A_Plus,EWeaponCategory::None,EWeaponSlayerEnemyType::None,0,0,0,0,0,0,0,0,0,EWeaponSizeInfo::Medium,ここに武器の説明を記入する,ここに武器の説明を記入する,0
TmpData_WPN_Options,251,レイスレイヴ Xt-S 付与パラメーター設定,0,/Game/Character/weapon/Blueprint/wp00000/BP_WpEmpty.uasset,0,0,0,0,0,0,EWeaponAttackIntervalType::None,EWeaponAttackType::None,EWeaponAtkTaeget::None,0,0,0,EWeaponKind::Main,EWeaponHoldType::One,EAttachType::Hand,0,ESideTrgAct::None,0,0,0,0,0,0.05,0,0,0,0,0.1,0,0,EDecBulletType::None,EWeaponReloadType::Reset,0,0,0,0,0,0,0,0,0,0,ECustomReloadType::None,115,0,100,100,0,0,0,0,0,0,-1,-1,-1,0,0,0,0,EBuddyWeaponType::None,0,EHoldWeaponType::None,0.35,ERecoilMotionType::Small,ERecoilMoveTiming::None,ERecoilMovePower::None,EShotCharaEffect::None,None,EShakeType::None,1,1,0,0,0,0,0,0,0,0,0,0,0,0,0,0,0,0,0,0,0,0,EWeaponMaker::None,EWeaponIcon::None,EWeaponInfoTriggerType::None,EWeaponInfo::None,EWeaponInfo::None,EWeaponInfo::None,EWeaponInfo::None,EWeaponInfo::None,EWeaponInfoScoreEvaluation::None,EWeaponInfoRank::None,EWeaponInfoRank::None,EWeaponInfoRank::None,EWeaponInfoRank::None,EWeaponInfoRank::None,EWeaponInfoRank::None,EWeaponInfoRank::None,EWeaponCategory::None,EWeaponSlayerEnemyType::None,0,0,0,0,0,0,0,0,0,EWeaponSizeInfo::Medium,空き枠,空き枠,0
TmpData_WPN_OptionsType02,252,レイスレイヴ Xt-A 付与パラメーター設定,0,/Game/Character/weapon/Blueprint/wp00000/BP_WpEmpty.uasset,0,0,0,0,0,0,EWeaponAttackIntervalType::None,EWeaponAttackType::None,EWeaponAtkTaeget::None,0,0,0,EWeaponKind::Main,EWeaponHoldType::One,EAttachType::Hand,0,ESideTrgAct::None,0,0,0,0,0,0.05,0,0,0,0,0.1,0,0,EDecBulletType::None,EWeaponReloadType::Reset,0,0,0,0,0,0,0,0,0,0,ECustomReloadType::None,120,0,70,100,0,30,60,90,0,0,-1,-1,-1,0,0,0,0,EBuddyWeaponType::None,0,EHoldWeaponType::None,0.35,ERecoilMotionType::Small,ERecoilMoveTiming::None,ERecoilMovePower::None,EShotCharaEffect::None,None,EShakeType::None,1,1,0,0,0,0,0,0,0,0,0,0,0,0,0,0,0,0,0,0,0,0,EWeaponMaker::None,EWeaponIcon::None,EWeaponInfoTriggerType::None,EWeaponInfo::None,EWeaponInfo::None,EWeaponInfo::None,EWeaponInfo::None,EWeaponInfo::None,EWeaponInfoScoreEvaluation::None,EWeaponInfoRank::None,EWeaponInfoRank::None,EWeaponInfoRank::None,EWeaponInfoRank::None,EWeaponInfoRank::None,EWeaponInfoRank::None,EWeaponInfoRank::None,EWeaponCategory::None,EWeaponSlayerEnemyType::None,0,0,0,0,0,0,0,0,0,EWeaponSizeInfo::Medium,空き枠,空き枠,0
TmpData_WPN_OptionsType03,253,レイスレイヴ Xt-V 付与パラメーター設定,0,/Game/Character/weapon/Blueprint/wp00000/BP_WpEmpty.uasset,0,0,0,0,0,0,EWeaponAttackIntervalType::None,EWeaponAttackType::None,EWeaponAtkTaeget::None,0,0,0,EWeaponKind::Main,EWeaponHoldType::One,EAttachType::Hand,0,ESideTrgAct::None,0,0,0,0,0,0.05,0,0,0,0,0.1,0,0,EDecBulletType::None,EWeaponReloadType::Reset,0,0,0,0,0,0,0,0,0,0,ECustomReloadType::None,150,0,100,170,0,0,0,0,0,0,-1,-1,-1,0,0,0,0,EBuddyWeaponType::None,0,EHoldWeaponType::None,0.35,ERecoilMotionType::Small,ERecoilMoveTiming::None,ERecoilMovePower::None,EShotCharaEffect::None,None,EShakeType::None,1,1,0,0,0,0,0,0,0,0,0,0,0,0,0,0,0,0,0,0,0,0,EWeaponMaker::None,EWeaponIcon::None,EWeaponInfoTriggerType::None,EWeaponInfo::None,EWeaponInfo::None,EWeaponInfo::None,EWeaponInfo::None,EWeaponInfo::None,EWeaponInfoScoreEvaluation::None,EWeaponInfoRank::None,EWeaponInfoRank::None,EWeaponInfoRank::None,EWeaponInfoRank::None,EWeaponInfoRank::None,EWeaponInfoRank::None,EWeaponInfoRank::None,EWeaponCategory::None,EWeaponSlayerEnemyType::None,0,0,0,0,0,0,0,0,0,EWeaponSizeInfo::Medium,空き枠,空き枠,0
TmpData_Skill_WPN_Options,254,スキル:レイスレイヴ 付与パラメーター設定,0,/Game/Character/weapon/Blueprint/wp00000/BP_WpEmpty.uasset,0,0,0,0,0,0,EWeaponAttackIntervalType::None,EWeaponAttackType::None,EWeaponAtkTaeget::None,0,0,0,EWeaponKind::Main,EWeaponHoldType::One,EAttachType::Hand,0,ESideTrgAct::None,0,0,0,0,0,0.05,0,0,0,0,0.1,0,0,EDecBulletType::None,EWeaponReloadType::Reset,0,0,0,0,0,0,0,0,0,0,ECustomReloadType::None,100,0,100,100,0,0,0,0,0,0,-1,-1,-1,0,0,0,0,EBuddyWeaponType::None,0,EHoldWeaponType::None,0.35,ERecoilMotionType::Small,ERecoilMoveTiming::None,ERecoilMovePower::None,EShotCharaEffect::None,None,EShakeType::None,1,1,0,0,0,0,0,0,0,0,0,0,0,0,0,0,0,0,0,0,0,0,EWeaponMaker::None,EWeaponIcon::None,EWeaponInfoTriggerType::None,EWeaponInfo::None,EWeaponInfo::None,EWeaponInfo::None,EWeaponInfo::None,EWeaponInfo::None,EWeaponInfoScoreEvaluation::None,EWeaponInfoRank::None,EWeaponInfoRank::None,EWeaponInfoRank::None,EWeaponInfoRank::None,EWeaponInfoRank::None,EWeaponInfoRank::None,EWeaponInfoRank::None,EWeaponCategory::None,EWeaponSlayerEnemyType::None,0,0,0,0,0,0,0,0,0,EWeaponSizeInfo::Medium,空き枠,空き枠,0
Sub_WPN_Weapon,10000,サブ武器判別用枠(ここより↓はサブ武器),0,/Game/Character/weapon/Blueprint/wp00000/BP_WpEmpty.uasset,0,0,0,0,0,0,EWeaponAttackIntervalType::None,EWeaponAttackType::None,EWeaponAtkTaeget::None,0,0,0,EWeaponKind::Main,EWeaponHoldType::One,EAttachType::Hand,0,ESideTrgAct::None,0,0,0,0,0,0.05,0,0,0,0,0.1,1,0,EDecBulletType::None,EWeaponReloadType::EmptyReload,0,0,0,0,0,0,0,0,0,0,ECustomReloadType::None,0,0,0,0,0,0,0,0,0,0,-1,-1,-1,0,0,0,0,EBuddyWeaponType::None,0,EHoldWeaponType::None,0.35,ERecoilMotionType::Small,ERecoilMoveTiming::None,ERecoilMovePower::None,EShotCharaEffect::None,None,EShakeType::None,1,1,0,0,0,0,0,0,0,0,0,0,0,0,0,0,0,0,0,0,0,0,EWeaponMaker::None,EWeaponIcon::None,EWeaponInfoTriggerType::None,EWeaponInfo::None,EWeaponInfo::None,EWeaponInfo::None,EWeaponInfo::None,EWeaponInfo::None,EWeaponInfoScoreEvaluation::None,EWeaponInfoRank::A_Plus,EWeaponInfoRank::A_Plus,EWeaponInfoRank::A_Plus,EWeaponInfoRank::A_Plus,EWeaponInfoRank::A_Plus,EWeaponInfoRank::A_Plus,EWeaponInfoRank::A_Plus,EWeaponCategory::None,EWeaponSlayerEnemyType::None,0,0,0,0,0,0,0,0,0,EWeaponSizeInfo::Medium,ここに武器の説明を記入する,ここに武器の説明を記入する,0
Sub_WPN_GatlingGun_Type02,10001,デ・ディヴァルガン,0,/Game/Character/weapon/Blueprint/wp00017/BP_WpGatlingGunType02Sub.uasset,31,0,0,0,0,0,EWeaponAttackIntervalType::Toggle,EWeaponAttackType::WholeBody,EWeaponAtkTaeget::None,0,0,0,EWeaponKind::Sub,EWeaponHoldType::Both,EAttachType::Hand,0,ESideTrgAct::None,0,0,0,0,0,0.05,0,0,0,0,0.1,1,0,EDecBulletType::Energy,EWeaponReloadType::Reset,0,0.1,0.1,0,5,500,500,0,0,0,ECustomReloadType::None,0,0,1200,250,5000,0,0,0,0,1,-1,-1,-1,0,0,0,0,EBuddyWeaponType::None,17,EHoldWeaponType::BothRifles,0.6,ERecoilMotionType::None,ERecoilMoveTiming::None,ERecoilMovePower::None,EShotCharaEffect::None,AttackWholeCenter,EShakeType::RapidDynamic,1,1,0,0,0,0,0,0,0,0,0,0,0,0,0,0,0,0,0,0,0,0,EWeaponMaker::WeaponMaker004,EWeaponIcon::None,EWeaponInfoTriggerType::Hold,EWeaponInfo::Shield,EWeaponInfo::None,EWeaponInfo::None,EWeaponInfo::None,EWeaponInfo::None,EWeaponInfoScoreEvaluation::None,EWeaponInfoRank::None,EWeaponInfoRank::None,EWeaponInfoRank::E,EWeaponInfoRank::E,EWeaponInfoRank::D,EWeaponInfoRank::A,EWeaponInfoRank::B,EWeaponCategory::Special,EWeaponSlayerEnemyType::Owner,0,0,0,0,0,0,0,0,0,EWeaponSizeInfo::Medium,サブ武装(カスタマイズ時選択禁止),サブ武装(カスタマイズ時選択禁止),0
Sub_WPN_ReverseGun,10002,,0,/Game/Character/weapon/Blueprint/wp00021/BP_WpReverseGun_Sub.uasset,37,0,0,0,0,0,EWeaponAttackIntervalType::Toggle,EWeaponAttackType::Shield,EWeaponAtkTaeget::None,0,0,0,EWeaponKind::Sub,EWeaponHoldType::Both,EAttachType::Wrist,0,ESideTrgAct::None,0,0,0,0,0,0.05,0,0,0,0,0.1,1,0,EDecBulletType::Energy,EWeaponReloadType::Reset,0,0,0,0,1,500,500,0,0,0,ECustomReloadType::None,500,2000,700,250,2000,0,0,0,0,0,-1,-1,-1,0,0,0,0,EBuddyWeaponType::None,21,EHoldWeaponType::OneHandGun,0.2,ERecoilMotionType::Shield,ERecoilMoveTiming::None,ERecoilMovePower::None,EShotCharaEffect::None,None,EShakeType::None,1,1,0,0,0,0,0,0,0,0,0,0,0,0,0,0,0,0,0,0,0,0,EWeaponMaker::None,EWeaponIcon::None,EWeaponInfoTriggerType::None,EWeaponInfo::None,EWeaponInfo::None,EWeaponInfo::None,EWeaponInfo::None,EWeaponInfo::None,EWeaponInfoScoreEvaluation::None,EWeaponInfoRank::A_Plus,EWeaponInfoRank::A_Plus,EWeaponInfoRank::A_Plus,EWeaponInfoRank::A_Plus,EWeaponInfoRank::A_Plus,EWeaponInfoRank::A_Plus,EWeaponInfoRank::A_Plus,EWeaponCategory::Special,EWeaponSlayerEnemyType::None,0,0,0,0,0,0,0,0,0,EWeaponSizeInfo::Medium,没武器(選択禁止),没武器(選択禁止),0
Sub_WPN_IceGun,10003,アイスランガー,0,/Game/Character/weapon/Blueprint/wp00025/BP_WpIceGunSub.uasset,42,0,0,0,0,0,EWeaponAttackIntervalType::Release,EWeaponAttackType::Throwing,EWeaponAtkTaeget::None,0,0,0,EWeaponKind::Sub,EWeaponHoldType::Both,EAttachType::Hand,0,ESideTrgAct::None,0,0,0,0,0,0.05,0,0,0,0,0.1,1,0,EDecBulletType::Bullet,EWeaponReloadType::EmptyReload,0,10,10,0,1,1,1,1,1,1,ECustomReloadType::Bullet,50,50,0,0,0,0,0,0,0,0,-1,-1,-1,0,0,0,0,EBuddyWeaponType::Throw,25,EHoldWeaponType::BothRifles,0.4,ERecoilMotionType::Middle,ERecoilMoveTiming::None,ERecoilMovePower::None,EShotCharaEffect::None,None,EShakeType::None,1,1,0,0,0,0,0,0,0,0,0,0,0,0,0,0,0,0,0,0,0,0,EWeaponMaker::None,EWeaponIcon::None,EWeaponInfoTriggerType::Release,EWeaponInfo::None,EWeaponInfo::None,EWeaponInfo::None,EWeaponInfo::None,EWeaponInfo::None,EWeaponInfoScoreEvaluation::Medium,EWeaponInfoRank::None,EWeaponInfoRank::None,EWeaponInfoRank::C,EWeaponInfoRank::A_Plus,EWeaponInfoRank::C,EWeaponInfoRank::B,EWeaponInfoRank::None,EWeaponCategory::Throw,EWeaponSlayerEnemyType::None,0,0,0,0,0,0,0,0,0,EWeaponSizeInfo::Medium,サブ武装(カスタマイズ時選択禁止),サブ武装(カスタマイズ時選択禁止),0
Sub_WPN_BothBeamRifle_Main1_Left,10004,O.G. メテオライト,0,/Game/Character/weapon/Blueprint/wp00029/BP_WpBothBeamRifleMain1Left.uasset,47,0,0,0,0,0,EWeaponAttackIntervalType::Press,EWeaponAttackType::Ranged,EWeaponAtkTaeget::Enemy,0,0,0,EWeaponKind::Sub,EWeaponHoldType::Both,EAttachType::Hand,0,ESideTrgAct::None,0,0,0,0,0,0.75,0,0.2,0,0,0.1,1,0,EDecBulletType::Bullet,EWeaponReloadType::Continuation,0,4.5,4.5,0,1,1,1,1,1,255,ECustomReloadType::Beam,0,0,0,0,0,0,0,0,0,0,-1,-1,-1,0,0,0,0,EBuddyWeaponType::BigWeapon,29,EHoldWeaponType::OneHoldGun,0.2,ERecoilMotionType::Small,ERecoilMoveTiming::None,ERecoilMovePower::None,EShotCharaEffect::None,None,EShakeType::ImpactDynamic,0.1,1,0,0,0,0,0,0,0,0,0,0,0,0,0,0,0,0,0,0,0,0,EWeaponMaker::WeaponMaker001,EWeaponIcon::None,EWeaponInfoTriggerType::Single,EWeaponInfo::OneShotFlinch,EWeaponInfo::None,EWeaponInfo::None,EWeaponInfo::None,EWeaponInfo::None,EWeaponInfoScoreEvaluation::None,EWeaponInfoRank::B_Plus,EWeaponInfoRank::B_Plus,EWeaponInfoRank::B_Plus,EWeaponInfoRank::A_Plus,EWeaponInfoRank::A,EWeaponInfoRank::A,EWeaponInfoRank::None,EWeaponCategory::ShootingMiddle,EWeaponSlayerEnemyType::Enemy,0,0,0,0,0,0,0,0,0,EWeaponSizeInfo::Medium,サブ武装(カスタマイズ時選択禁止),サブ武装(カスタマイズ時選択禁止),0
Sub_WPN_BothBeamRifle_Main2_Right,10005,O.G. メテオライト,0,/Game/Character/weapon/Blueprint/wp00029/BP_WpBothBeamRifleMain2Right.uasset,48,0,0,0,0,0,EWeaponAttackIntervalType::Release,EWeaponAttackType::Ranged,EWeaponAtkTaeget::Enemy,0,0,0,EWeaponKind::Main,EWeaponHoldType::Both,EAttachType::Hand,0,ESideTrgAct::AttackSubWeapon,10006,0,0,0,0,1,0,0.4,0,0,0.1,1,0,EDecBulletType::Bullet,EWeaponReloadType::Continuation,0,18,13.5,0,1,1,0,1,1,1,ECustomReloadType::Beam,0,0,0,0,0,0,0,0,0,0,-1,1,-1,0,0,0,0,EBuddyWeaponType::BigWeapon,29,EHoldWeaponType::BothRifles,0.3,ERecoilMotionType::Back,ERecoilMoveTiming::First,ERecoilMovePower::Weak,EShotCharaEffect::None,None,EShakeType::ImpactDynamic,0.3,1,0,0,0,0,0,0,0,0,0,0,0,0,0,0,0,0,0,0,0,0,EWeaponMaker::WeaponMaker001,EWeaponIcon::None,EWeaponInfoTriggerType::Release,EWeaponInfo::OneShotDown,EWeaponInfo::None,EWeaponInfo::None,EWeaponInfo::None,EWeaponInfo::None,EWeaponInfoScoreEvaluation::None,EWeaponInfoRank::A,EWeaponInfoRank::A,EWeaponInfoRank::C,EWeaponInfoRank::A_Plus,EWeaponInfoRank::C,EWeaponInfoRank::C,EWeaponInfoRank::None,EWeaponCategory::ShootingMiddle,EWeaponSlayerEnemyType::Enemy,0,0,0,0,0,0,0,0,0,EWeaponSizeInfo::Large,開発：WXW　　型番：WXW-77A09\nオーバー・ギアと呼ばれる究極武器。\n二丁の銃の組み合わせにより多彩な攻撃が可能だが、\n使いこなすには熟練が必要。,　分類：スーパーマグナム　属性：ビーム　　 \n(1st)左右攻撃：大型のビーム。 　　　\n(2nd)左攻撃：攻撃範囲の広い誘導弾。　　\n(2nd)右攻撃：高威力で広範囲の弾。,0
Sub_WPN_BothBeamRifle_Main2_Left,10006,O.G. メテオライト,0,/Game/Character/weapon/Blueprint/wp00029/BP_WpBothBeamRifleMain2Left.uasset,49,0,0,0,0,0,EWeaponAttackIntervalType::Release,EWeaponAttackType::Ranged,EWeaponAtkTaeget::Enemy,10,0,0,EWeaponKind::Sub,EWeaponHoldType::Both,EAttachType::Hand,0,ESideTrgAct::None,0,0,0,0,0,0.08,0,0.1,0,0,0.1,1,0,EDecBulletType::Bullet,EWeaponReloadType::Continuation,0,15,7.5,0,10,10,0,1,10,10,ECustomReloadType::Beam,0,0,0,0,0,0,0,0,0,0,-1,2,-1,0,0,0,0,EBuddyWeaponType::BigWeapon,29,EHoldWeaponType::BothRifles,0.3,ERecoilMotionType::Rapid,ERecoilMoveTiming::None,ERecoilMovePower::None,EShotCharaEffect::None,None,EShakeType::DampedDynamic,1,1,0,0,0,0,0,0,0,0,0,0,0,0,0,0,0,0,0,0,0,0,EWeaponMaker::WeaponMaker001,EWeaponIcon::None,EWeaponInfoTriggerType::Release,EWeaponInfo::OneShotFlinch,EWeaponInfo::MultiLock,EWeaponInfo::None,EWeaponInfo::None,EWeaponInfo::None,EWeaponInfoScoreEvaluation::None,EWeaponInfoRank::B,EWeaponInfoRank::B,EWeaponInfoRank::C,EWeaponInfoRank::A_Plus,EWeaponInfoRank::C,EWeaponInfoRank::B,EWeaponInfoRank::None,EWeaponCategory::ShootingMiddle,EWeaponSlayerEnemyType::Enemy,0,0,0,0,0,0,0,0,0,EWeaponSizeInfo::Large,サブ武装(カスタマイズ時選択禁止),サブ武装(カスタマイズ時選択禁止),0
Sub_WPN_BothHandsRocketLauncher,10007,単装導弾 双撃,0,/Game/Character/weapon/Blueprint/wp00031/BP_WpBothHandsRocketLauncher_Sub.uasset,52,0,0,0,0,0,EWeaponAttackIntervalType::Press,EWeaponAttackType::Ranged,EWeaponAtkTaeget::Enemy,0,0,0,EWeaponKind::Sub,EWeaponHoldType::Both,EAttachType::Hand,0,ESideTrgAct::None,0,0,0,0,0,0.9,0,0.1,0,0,0.1,1,0,EDecBulletType::Bullet,EWeaponReloadType::Reset,0,14,14,0,2,2,2,1,1,255,ECustomReloadType::Bullet,0,0,0,0,0,0,0,0,0,0,-1,-1,-1,0,0,0,0,EBuddyWeaponType::None,31,EHoldWeaponType::OneHandGun,0.3,ERecoilMotionType::Small,ERecoilMoveTiming::None,ERecoilMovePower::None,EShotCharaEffect::None,None,EShakeType::ImpactDynamic,0.3,1,0,0,0,0,0,0,0,0,0,0,0,0,0,0,0,0,0,0,0,0,EWeaponMaker::None,EWeaponIcon::None,EWeaponInfoTriggerType::Hold,EWeaponInfo::None,EWeaponInfo::None,EWeaponInfo::None,EWeaponInfo::None,EWeaponInfo::None,EWeaponInfoScoreEvaluation::None,EWeaponInfoRank::B_Plus,EWeaponInfoRank::B_Plus,EWeaponInfoRank::D,EWeaponInfoRank::A_Plus,EWeaponInfoRank::C,EWeaponInfoRank::B,EWeaponInfoRank::None,EWeaponCategory::ShootingMiddle,EWeaponSlayerEnemyType::Enemy,0,0,0,0,0,0,0,0,0,EWeaponSizeInfo::Medium,サブ武装(カスタマイズ時選択禁止),サブ武装(カスタマイズ時選択禁止),0
Sub_WPN_GatlingGunAndRocketLauncher,10008,デモリッシュ,0,/Game/Character/weapon/Blueprint/wp00032/BP_WpGatlingGunAndRocketLauncher_Sub.uasset,53,0,0,0,0,0,EWeaponAttackIntervalType::Press,EWeaponAttackType::WholeBody,EWeaponAtkTaeget::Enemy,0,0,0,EWeaponKind::Sub,EWeaponHoldType::Both,EAttachType::Hand,0,ESideTrgAct::None,0,0,0,0,0.3,0.7,0,0,0,0,0.1,1,0,EDecBulletType::Bullet,EWeaponReloadType::Continuation,0,4.5,4.5,0,1,4,4,1,1,255,ECustomReloadType::Bullet,1000,1500,0,0,0,0,0,0,0,0,-1,0.9,-1,0,0,0,0,EBuddyWeaponType::None,32,EHoldWeaponType::BothRifles,0.3,ERecoilMotionType::Small,ERecoilMoveTiming::None,ERecoilMovePower::None,EShotCharaEffect::None,AttackWholeCenterFast,EShakeType::RapidDynamic,1,1,0,0,0,0,0,0,0,0,0,0,0,0,0,0,0,0,0,0,0,0,EWeaponMaker::None,EWeaponIcon::None,EWeaponInfoTriggerType::Hold,EWeaponInfo::None,EWeaponInfo::None,EWeaponInfo::None,EWeaponInfo::None,EWeaponInfo::None,EWeaponInfoScoreEvaluation::None,EWeaponInfoRank::B,EWeaponInfoRank::A,EWeaponInfoRank::C,EWeaponInfoRank::A_Plus,EWeaponInfoRank::E,EWeaponInfoRank::C,EWeaponInfoRank::None,EWeaponCategory::ShootingMiddle,EWeaponSlayerEnemyType::Enemy,0,0,0,0,0,0,0,0,0,EWeaponSizeInfo::Medium,サブ武装(カスタマイズ時選択禁止),サブ武装(カスタマイズ時選択禁止),0
Sub_WPN_Cannon,10009,爆撃砲 龍星,0,/Game/Character/weapon/Blueprint/wp00033/BP_WpCannonSub.uasset,57,0,0,0,0,0,EWeaponAttackIntervalType::Release,EWeaponAttackType::WholeBody,EWeaponAtkTaeget::Enemy,0,0,0,EWeaponKind::Sub,EWeaponHoldType::Both,EAttachType::Hand,0,ESideTrgAct::None,0,0,0,0,0.25,0.35,0,0.2,0,0.3,0.1,1,0,EDecBulletType::Bullet,EWeaponReloadType::Reset,0,5,5,0,1,3,3,1,1,1,ECustomReloadType::Bullet,500000,0,0,0,0,0,0,0,0,1,125,0.9,-1,0,0,0,0,EBuddyWeaponType::BigWeapon,33,EHoldWeaponType::BothRifles,0.4,ERecoilMotionType::Middle,ERecoilMoveTiming::First,ERecoilMovePower::Weak,EShotCharaEffect::None,AttackWholeCenterNoLock,EShakeType::ImpactDynamic,1,1,0,0,0,0,0,0,0,0,0,0,0,0,0,0,0,0,0,0,0,0,EWeaponMaker::WeaponMaker002,EWeaponIcon::None,EWeaponInfoTriggerType::Release,EWeaponInfo::OneShotFlinch,EWeaponInfo::None,EWeaponInfo::None,EWeaponInfo::None,EWeaponInfo::None,EWeaponInfoScoreEvaluation::None,EWeaponInfoRank::B,EWeaponInfoRank::B_Plus,EWeaponInfoRank::B,EWeaponInfoRank::A_Plus,EWeaponInfoRank::C,EWeaponInfoRank::D,EWeaponInfoRank::None,EWeaponCategory::ShootingLong,EWeaponSlayerEnemyType::Enemy,0,0,0,0,0,0,0,0,0,EWeaponSizeInfo::Medium,サブ武装(カスタマイズ時選択禁止),サブ武装(カスタマイズ時選択禁止),0
Sub_WPN_BoundBubble,10010,跳射爆弾 泡沫,0,/Game/Character/weapon/Blueprint/wp00048/BP_WpBoundBubble_Sub.uasset,70,0,0,0,0,0,EWeaponAttackIntervalType::Press,EWeaponAttackType::Ranged,EWeaponAtkTaeget::Enemy,0,0,0,EWeaponKind::Sub,EWeaponHoldType::Both,EAttachType::Hand,0,ESideTrgAct::None,0,0,0,0,0.2,0.8,0,0.05,0,0,0.1,1,0,EDecBulletType::Bullet,EWeaponReloadType::EmptyReload,0,9.5,9.5,0,2,2,2,1,1,999,ECustomReloadType::Bullet,4200,0,0,0,0,0,0,0,0,0,-1,-1,-1,0,0,0,0,EBuddyWeaponType::None,48,EHoldWeaponType::BothRifles,0.45,ERecoilMotionType::Small,ERecoilMoveTiming::None,ERecoilMovePower::None,EShotCharaEffect::None,None,EShakeType::ImpactDynamic,0.3,1,0,0,0,0,0,0,0,0,0,0,0,0,0,0,0,0,0,0,0,0,EWeaponMaker::WeaponMaker002,EWeaponIcon::None,EWeaponInfoTriggerType::Hold,EWeaponInfo::OneShotFlinch,EWeaponInfo::None,EWeaponInfo::None,EWeaponInfo::None,EWeaponInfo::None,EWeaponInfoScoreEvaluation::None,EWeaponInfoRank::B,EWeaponInfoRank::C,EWeaponInfoRank::C,EWeaponInfoRank::A_Plus,EWeaponInfoRank::B_Plus,EWeaponInfoRank::A,EWeaponInfoRank::None,EWeaponCategory::ShootingMiddle,EWeaponSlayerEnemyType::Enemy,0,0,0,0,0,0,0,0,0,EWeaponSizeInfo::Medium,サブ武装(カスタマイズ時選択禁止),サブ武装(カスタマイズ時選択禁止),0
Sub_WPN_BeamSickle,10011,ファイアサイス,0,/Game/Character/weapon/Blueprint/wp00063/BP_WpBeamSickleSub.uasset,86,0,0,0,0,0,EWeaponAttackIntervalType::Trigger,EWeaponAttackType::Grapple,EWeaponAtkTaeget::Enemy,0,0,0,EWeaponKind::Sub,EWeaponHoldType::Both,EAttachType::Hand,0,ESideTrgAct::None,0,0,0,0,0.1,0.05,0,0,0,0,0.1,1,0,EDecBulletType::Grap,EWeaponReloadType::EmptyReload,0,3,3,0,1,1,1,1,1,1,ECustomReloadType::Grap,0,0,0,0,0,0,0,0,0,1,-1,-1,-1,0,0,0,0,EBuddyWeaponType::Slash,63,EHoldWeaponType::BothRifles,0.2,ERecoilMotionType::None,ERecoilMoveTiming::None,ERecoilMovePower::None,EShotCharaEffect::None,None,EShakeType::ImpactDynamic,1,1,0,0,0,0,0,0,0,0,0,0,0,0,0,0,0,0,0,0,0,0,EWeaponMaker::None,EWeaponIcon::None,EWeaponInfoTriggerType::Single,EWeaponInfo::OneShotDown,EWeaponInfo::None,EWeaponInfo::None,EWeaponInfo::None,EWeaponInfo::None,EWeaponInfoScoreEvaluation::None,EWeaponInfoRank::B,EWeaponInfoRank::B_Plus,EWeaponInfoRank::None,EWeaponInfoRank::A_Plus,EWeaponInfoRank::B_Plus,EWeaponInfoRank::B_Plus,EWeaponInfoRank::None,EWeaponCategory::GrapShort,EWeaponSlayerEnemyType::Enemy,0,0,0,0,0,0,0,0,0,EWeaponSizeInfo::Medium,サブ武装(カスタマイズ時選択禁止),サブ武装(カスタマイズ時選択禁止),0
Sub_WPN_DoubleRocketPunch,10012,飛翔拳 双天,0,/Game/Character/weapon/Blueprint/wp00065/BP_WpDoubleRocketPunchSub.uasset,91,0,0,0,0,0,EWeaponAttackIntervalType::Trigger,EWeaponAttackType::Ranged,EWeaponAtkTaeget::Enemy,0,0,0,EWeaponKind::Sub,EWeaponHoldType::Both,EAttachType::Wrist,0,ESideTrgAct::None,0,0,0,0,0.5,1,0,0,0,0,0.1,1,0,EDecBulletType::Bullet,EWeaponReloadType::EmptyReload,0,9,9,0,1,1,1,1,1,1,ECustomReloadType::Bullet,0,0,0,0,0,0,0,0,0,1,-1,-1,-1,0,0,0,0,EBuddyWeaponType::None,65,EHoldWeaponType::OneHandGun,0.25,ERecoilMotionType::RocketPunchRecoil,ERecoilMoveTiming::None,ERecoilMovePower::None,EShotCharaEffect::None,None,EShakeType::ImpactStatic,2,1,0,0,0,0,0,0,0,0,0,0,0,0,0,0,0,0,0,0,0,0,EWeaponMaker::WeaponMaker002,EWeaponIcon::None,EWeaponInfoTriggerType::Single,EWeaponInfo::OneShotFlinch,EWeaponInfo::None,EWeaponInfo::None,EWeaponInfo::None,EWeaponInfo::None,EWeaponInfoScoreEvaluation::None,EWeaponInfoRank::B_Plus,EWeaponInfoRank::D,EWeaponInfoRank::C,EWeaponInfoRank::A_Plus,EWeaponInfoRank::C,EWeaponInfoRank::C,EWeaponInfoRank::None,EWeaponCategory::ShootingShort,EWeaponSlayerEnemyType::Enemy,0,0,0,0,0,0,0,0,0,EWeaponSizeInfo::Medium,サブ武装(カスタマイズ時選択禁止),サブ武装(カスタマイズ時選択禁止),0
Sub_WPN_TwinSword,10013,ブレードジップ,0,/Game/Character/weapon/Blueprint/wp00067/BP_WpTwinSword_Sub.uasset,98,0,0,0,0,0,EWeaponAttackIntervalType::Trigger,EWeaponAttackType::Grapple,EWeaponAtkTaeget::Enemy,0,0,0,EWeaponKind::Sub,EWeaponHoldType::Both,EAttachType::Hand,0,ESideTrgAct::None,0,0,0,0,1,0.05,0,0,0,0,0.1,1,0,EDecBulletType::Grap,EWeaponReloadType::EmptyReload,0,4.5,4.5,0,1,1,1,1,1,1,ECustomReloadType::Grap,0,0,0,0,0,0,0,0,0,1,-1,-1,-1,0,0,0,0,EBuddyWeaponType::Slash,67,EHoldWeaponType::OneHandGun,0.3,ERecoilMotionType::None,ERecoilMoveTiming::None,ERecoilMovePower::None,EShotCharaEffect::None,None,EShakeType::RapidStatic,3,1,0,0,0,0,0,0,0,0,0,0,0,0,0,0,0,0,0,0,0,0,EWeaponMaker::None,EWeaponIcon::None,EWeaponInfoTriggerType::Single,EWeaponInfo::OneShotDown,EWeaponInfo::None,EWeaponInfo::None,EWeaponInfo::None,EWeaponInfo::None,EWeaponInfoScoreEvaluation::None,EWeaponInfoRank::C,EWeaponInfoRank::C,EWeaponInfoRank::None,EWeaponInfoRank::A_Plus,EWeaponInfoRank::B_Plus,EWeaponInfoRank::C,EWeaponInfoRank::None,EWeaponCategory::GrapShort,EWeaponSlayerEnemyType::Enemy,0,0,0,0,0,0,0,0,0,EWeaponSizeInfo::Medium,サブ武装(カスタマイズ時選択禁止),サブ武装(カスタマイズ時選択禁止),0
Sub_WPN_LargeSword,10014,大刃 水薙,0,/Game/Character/weapon/Blueprint/wp00068/BP_WpLargeSword_Sub.uasset,0,0,0,0,0,0,EWeaponAttackIntervalType::Trigger,EWeaponAttackType::Grapple,EWeaponAtkTaeget::None,0,0,0,EWeaponKind::Sub,EWeaponHoldType::Both,EAttachType::Hand,0,ESideTrgAct::None,0,0,0,0,0,0.05,0,0,0,0,0.1,1,0,EDecBulletType::Grap,EWeaponReloadType::EmptyReload,0,18,18,8,1,1,0,1,1,1,ECustomReloadType::Buff,800,130,0,0,0,0,0,0,0,0,-1,-1,-1,0,0,0,0,EBuddyWeaponType::None,68,EHoldWeaponType::OneHandGun,0.35,ERecoilMotionType::Small,ERecoilMoveTiming::None,ERecoilMovePower::None,EShotCharaEffect::None,None,EShakeType::DampedDynamic,3,1,0,0,0,0,0,0,0,0,0,0,0,0,0,0,0,0,0,0,0,0,EWeaponMaker::WeaponMaker002,EWeaponIcon::None,EWeaponInfoTriggerType::Single,EWeaponInfo::PowerUp,EWeaponInfo::None,EWeaponInfo::None,EWeaponInfo::None,EWeaponInfo::None,EWeaponInfoScoreEvaluation::None,EWeaponInfoRank::None,EWeaponInfoRank::None,EWeaponInfoRank::None,EWeaponInfoRank::A_Plus,EWeaponInfoRank::D,EWeaponInfoRank::A,EWeaponInfoRank::None,EWeaponCategory::Special,EWeaponSlayerEnemyType::Owner,0,0,0,0,0,0,0,0,0,EWeaponSizeInfo::Medium,サブ武装(カスタマイズ時選択禁止),サブ武装(カスタマイズ時選択禁止),0
Sub_WPN_HammerCanon,10015,ブラックスミス,0,/Game/Character/weapon/Blueprint/wp00069/BP_WpHammerSub.uasset,106,0,0,0,0,0,EWeaponAttackIntervalType::Trigger,EWeaponAttackType::Grapple,EWeaponAtkTaeget::Enemy,0,0,0,EWeaponKind::Sub,EWeaponHoldType::Both,EAttachType::Hand,0,ESideTrgAct::None,0,0,0,0,0.5,0.05,0,0,0,0,0.1,1,0,EDecBulletType::Grap,EWeaponReloadType::EmptyReload,0,3,3,0,1,1,1,1,1,1,ECustomReloadType::Grap,0,0,0,0,0,0,0,0,0,1,-1,-1,-1,0,0,0,0,EBuddyWeaponType::Slash,69,EHoldWeaponType::BothRifles,0.4,ERecoilMotionType::None,ERecoilMoveTiming::None,ERecoilMovePower::None,EShotCharaEffect::None,None,EShakeType::ImpactDynamic,7,1.2,0,0,0,0,0,0,0,0,0,0,0,0,0,0,0,0,0,0,0,0,EWeaponMaker::None,EWeaponIcon::None,EWeaponInfoTriggerType::Single,EWeaponInfo::OneShotDown,EWeaponInfo::None,EWeaponInfo::None,EWeaponInfo::None,EWeaponInfo::None,EWeaponInfoScoreEvaluation::None,EWeaponInfoRank::A_Plus,EWeaponInfoRank::B_Plus,EWeaponInfoRank::None,EWeaponInfoRank::A_Plus,EWeaponInfoRank::B_Plus,EWeaponInfoRank::D,EWeaponInfoRank::None,EWeaponCategory::GrapShort,EWeaponSlayerEnemyType::Enemy,0,0,0,0,0,0,0,0,0,EWeaponSizeInfo::Medium,サブ武装(カスタマイズ時選択禁止),サブ武装(カスタマイズ時選択禁止),0
Sub_WPN_LargeBeamSaber,10016,O.G. ティターン,0,/Game/Character/weapon/Blueprint/wp00070/BP_WpLargeBeamSaberSub.uasset,110,0,0,0,0,0,EWeaponAttackIntervalType::Trigger,EWeaponAttackType::Grapple,EWeaponAtkTaeget::Enemy,0,0,0,EWeaponKind::Sub,EWeaponHoldType::Both,EAttachType::Hand,0,ESideTrgAct::None,0,0,0,0,1,0.05,0,0,0,0,0.1,1,0,EDecBulletType::Grap,EWeaponReloadType::EmptyReload,0,6,6,0,1,1,1,1,1,1,ECustomReloadType::Grap,0,0,0,0,0,0,0,0,0,0,-1,-1,-1,0,0,0,0,EBuddyWeaponType::BigWeapon,70,EHoldWeaponType::BothRifles,0.3,ERecoilMotionType::None,ERecoilMoveTiming::None,ERecoilMovePower::None,EShotCharaEffect::None,None,EShakeType::ImpactDynamic,1,1,0,0,0,0,0,0,0,0,0,0,0,0,0,0,0,0,0,0,0,0,EWeaponMaker::None,EWeaponIcon::None,EWeaponInfoTriggerType::Single,EWeaponInfo::OneShotDown,EWeaponInfo::None,EWeaponInfo::None,EWeaponInfo::None,EWeaponInfo::None,EWeaponInfoScoreEvaluation::None,EWeaponInfoRank::A,EWeaponInfoRank::A,EWeaponInfoRank::None,EWeaponInfoRank::A_Plus,EWeaponInfoRank::B,EWeaponInfoRank::B,EWeaponInfoRank::None,EWeaponCategory::GrapMiddle,EWeaponSlayerEnemyType::Enemy,0,0,0,0,0,0,0,0,0,EWeaponSizeInfo::Medium,サブ武装(カスタマイズ時選択禁止),サブ武装(カスタマイズ時選択禁止),0
Sub_WPN_OptionsShield,10017,シールドヴァイト,0,/Game/Character/weapon/Blueprint/wp00097/BP_WpOptionsShieldSub.uasset,135,0,0,0,0,0,EWeaponAttackIntervalType::Trigger,EWeaponAttackType::Ranged,EWeaponAtkTaeget::None,0,0,0,EWeaponKind::Sub,EWeaponHoldType::Both,EAttachType::Hand,0,ESideTrgAct::None,0,0,0,0,0.5,0.05,0,0,0,0,0.1,1,0,EDecBulletType::Bullet,EWeaponReloadType::EmptyReload,0,14,11,0,1,1,0,1,1,1,ECustomReloadType::Buff,0,0,0,0,0,0,0,0,0,1,-1,-1,-1,0,0,0,0,EBuddyWeaponType::None,97,EHoldWeaponType::Funnel,0.15,ERecoilMotionType::Small,ERecoilMoveTiming::None,ERecoilMovePower::None,EShotCharaEffect::None,None,EShakeType::None,1,1,0,0,0,0,0,0,0,0,0,0,0,0,0,0,0,0,0,0,0,0,EWeaponMaker::None,EWeaponIcon::None,EWeaponInfoTriggerType::Single,EWeaponInfo::Shield,EWeaponInfo::None,EWeaponInfo::None,EWeaponInfo::None,EWeaponInfo::None,EWeaponInfoScoreEvaluation::Small,EWeaponInfoRank::None,EWeaponInfoRank::None,EWeaponInfoRank::None,EWeaponInfoRank::A_Plus,EWeaponInfoRank::C,EWeaponInfoRank::A,EWeaponInfoRank::B,EWeaponCategory::Special,EWeaponSlayerEnemyType::Owner,0,0,0,0,0,0,0,0,0,EWeaponSizeInfo::Medium,サブ武装(カスタマイズ時選択禁止),サブ武装(カスタマイズ時選択禁止),0
Sub_WPN_MobTransfer,10018,,0,/Game/Character/weapon/Blueprint/wp00098/BP_WpMobTransferSub.uasset,136,0,0,0,0,0,EWeaponAttackIntervalType::Trigger,EWeaponAttackType::Etc,EWeaponAtkTaeget::None,0,0,0,EWeaponKind::Sub,EWeaponHoldType::Both,EAttachType::Hand,0,ESideTrgAct::None,0,0,0,0,0,0.05,0,0,0,0,0.1,1,0,EDecBulletType::Bullet,EWeaponReloadType::EmptyReload,0,10,0,0,1,1,1,1,1,1,ECustomReloadType::None,9,1,0,0,0,0,0,0,0,0,-1,-1,-1,0,0,0,0,EBuddyWeaponType::None,98,EHoldWeaponType::Funnel,0.35,ERecoilMotionType::Small,ERecoilMoveTiming::None,ERecoilMovePower::None,EShotCharaEffect::None,None,EShakeType::None,1,1,0,0,0,0,0,0,0,0,0,0,0,0,0,0,0,0,0,0,0,0,EWeaponMaker::None,EWeaponIcon::None,EWeaponInfoTriggerType::None,EWeaponInfo::None,EWeaponInfo::None,EWeaponInfo::None,EWeaponInfo::None,EWeaponInfo::None,EWeaponInfoScoreEvaluation::None,EWeaponInfoRank::A_Plus,EWeaponInfoRank::A_Plus,EWeaponInfoRank::A_Plus,EWeaponInfoRank::A_Plus,EWeaponInfoRank::A_Plus,EWeaponInfoRank::A_Plus,EWeaponInfoRank::A_Plus,EWeaponCategory::Special,EWeaponSlayerEnemyType::None,0,0,0,0,0,0,0,0,0,EWeaponSizeInfo::Medium,没武器(選択禁止),没武器(選択禁止),0
Sub_WPN_BlizzardGun,10019,,0,/Game/Character/weapon/Blueprint/wp00099/BP_WpBlizzardGunSub.uasset,138,0,0,0,0,0,EWeaponAttackIntervalType::Press,EWeaponAttackType::Ranged,EWeaponAtkTaeget::Enemy,0,0,0,EWeaponKind::Sub,EWeaponHoldType::Both,EAttachType::Hand,0,ESideTrgAct::None,0,0,0,0,0,0.05,0,0.25,0,0,0.1,1,0,EDecBulletType::Bullet,EWeaponReloadType::Continuation,0,2.5,2.5,2.5,10,70,70,1,10,255,ECustomReloadType::Debuff,0,0,0,0,0,0,0,0,0,0,-1,-1,-1,0,0,0,0,EBuddyWeaponType::Ice,99,EHoldWeaponType::BothRifles,0.35,ERecoilMotionType::Small,ERecoilMoveTiming::None,ERecoilMovePower::None,EShotCharaEffect::None,None,EShakeType::None,1,1,0,0,0,0,0,0,0,0,0,0,0,0,0,0,0,0,0,0,0,0,EWeaponMaker::None,EWeaponIcon::None,EWeaponInfoTriggerType::Hold,EWeaponInfo::BadState_Freeze,EWeaponInfo::None,EWeaponInfo::None,EWeaponInfo::None,EWeaponInfo::None,EWeaponInfoScoreEvaluation::None,EWeaponInfoRank::D,EWeaponInfoRank::D,EWeaponInfoRank::C,EWeaponInfoRank::A_Plus,EWeaponInfoRank::A,EWeaponInfoRank::B,EWeaponInfoRank::None,EWeaponCategory::ShootingShort,EWeaponSlayerEnemyType::Enemy,0,0,0,0,0,0,0,0,0,EWeaponSizeInfo::Medium,サブ武装(カスタマイズ時選択禁止),サブ武装(カスタマイズ時選択禁止),0
Sub_WPN_BeamSickleType02,10020,ブラストサイス,0,/Game/Character/weapon/Blueprint/wp00132/BP_WpBeamSickleType02Sub.uasset,182,0,0,0,0,0,EWeaponAttackIntervalType::Trigger,EWeaponAttackType::Grapple,EWeaponAtkTaeget::Enemy,0,0,0,EWeaponKind::Sub,EWeaponHoldType::Both,EAttachType::Hand,0,ESideTrgAct::None,0,0,0,0,0.1,0.05,0,0,0,0,0.1,1,0,EDecBulletType::Grap,EWeaponReloadType::EmptyReload,0,3,3,0,1,1,1,1,1,1,ECustomReloadType::Grap,0,0,0,0,0,0,0,0,0,0,-1,-1,-1,0,0,0,0,EBuddyWeaponType::Slash,132,EHoldWeaponType::BothRifles,0.3,ERecoilMotionType::Continue,ERecoilMoveTiming::None,ERecoilMovePower::None,EShotCharaEffect::None,None,EShakeType::DampedDynamic,3,1,0,0,0,0,0,0,0,0,0,0,0,0,0,0,0,0,0,0,0,0,EWeaponMaker::None,EWeaponIcon::None,EWeaponInfoTriggerType::Single,EWeaponInfo::OneShotDown,EWeaponInfo::None,EWeaponInfo::None,EWeaponInfo::None,EWeaponInfo::None,EWeaponInfoScoreEvaluation::None,EWeaponInfoRank::B,EWeaponInfoRank::B_Plus,EWeaponInfoRank::None,EWeaponInfoRank::A_Plus,EWeaponInfoRank::B_Plus,EWeaponInfoRank::B_Plus,EWeaponInfoRank::None,EWeaponCategory::GrapShort,EWeaponSlayerEnemyType::Enemy,0,0,0,0,0,0,0,0,0,EWeaponSizeInfo::Medium,サブ武装(カスタマイズ時選択禁止),サブ武装(カスタマイズ時選択禁止),0
Sub_WPN_ChargeSpreadLaser,10021,ブルームブラスター,0,/Game/Character/weapon/Blueprint/wp00057/BP_WpChargeSpreadLaserSub.uasset,77,0,0,0,0,0,EWeaponAttackIntervalType::Toggle,EWeaponAttackType::WholeBody,EWeaponAtkTaeget::None,0,0,0,EWeaponKind::Sub,EWeaponHoldType::Both,EAttachType::Hand,0,ESideTrgAct::None,0,0,0,0,0,0.05,0,0.25,0,1.6,0.1,1,0,EDecBulletType::Bullet,EWeaponReloadType::EmptyReload,0,10,7.5,2,1,1,1,1,1,1,ECustomReloadType::Beam,480,1,5,10,50,10,50,10,50,0,125,2,-1,0,0,0,0,EBuddyWeaponType::BigWeapon,57,EHoldWeaponType::BothRifles,0.25,ERecoilMotionType::Continue,ERecoilMoveTiming::First,ERecoilMovePower::Medium,EShotCharaEffect::Dark,AttackWholeCenterSpread,EShakeType::DampedDynamic,1,1,0,0,0,0,0,0,0,0,0,0,0,0,0,0,0,0,0,0,0,0,EWeaponMaker::WeaponMaker001,EWeaponIcon::None,EWeaponInfoTriggerType::Single,EWeaponInfo::OneShotDown,EWeaponInfo::None,EWeaponInfo::None,EWeaponInfo::None,EWeaponInfo::None,EWeaponInfoScoreEvaluation::None,EWeaponInfoRank::A,EWeaponInfoRank::A_Plus,EWeaponInfoRank::A_Plus,EWeaponInfoRank::E,EWeaponInfoRank::C,EWeaponInfoRank::B,EWeaponInfoRank::None,EWeaponCategory::ShootingShort,EWeaponSlayerEnemyType::Enemy,0,0,0,0,0,0,0,0,0,EWeaponSizeInfo::Large,サブ武装(カスタマイズ時選択禁止),サブ武装(カスタマイズ時選択禁止),0
Sub_WPN_Wp00022,10022,,0,/Game/Character/weapon/Blueprint/wp00000/BP_WpEmpty.uasset,0,0,0,0,0,0,EWeaponAttackIntervalType::None,EWeaponAttackType::None,EWeaponAtkTaeget::None,0,0,0,EWeaponKind::Main,EWeaponHoldType::One,EAttachType::Hand,0,ESideTrgAct::None,0,0,0,0,0,0.05,0,0,0,0,0.1,0,0,EDecBulletType::None,EWeaponReloadType::Reset,0,0,0,0,0,0,0,0,0,0,ECustomReloadType::None,0,0,0,0,0,0,0,0,0,0,-1,-1,-1,0,0,0,0,EBuddyWeaponType::None,0,EHoldWeaponType::None,0.35,ERecoilMotionType::Small,ERecoilMoveTiming::None,ERecoilMovePower::None,EShotCharaEffect::None,None,EShakeType::None,1,1,0,0,0,0,0,0,0,0,0,0,0,0,0,0,0,0,0,0,0,0,EWeaponMaker::None,EWeaponIcon::None,EWeaponInfoTriggerType::None,EWeaponInfo::None,EWeaponInfo::None,EWeaponInfo::None,EWeaponInfo::None,EWeaponInfo::None,EWeaponInfoScoreEvaluation::None,EWeaponInfoRank::None,EWeaponInfoRank::None,EWeaponInfoRank::None,EWeaponInfoRank::None,EWeaponInfoRank::None,EWeaponInfoRank::None,EWeaponInfoRank::None,EWeaponCategory::None,EWeaponSlayerEnemyType::None,0,0,0,0,0,0,0,0,0,EWeaponSizeInfo::Medium,空き枠,空き枠,0
Sub_WPN_Wp00023,10023,,0,/Game/Character/weapon/Blueprint/wp00000/BP_WpEmpty.uasset,0,0,0,0,0,0,EWeaponAttackIntervalType::None,EWeaponAttackType::None,EWeaponAtkTaeget::None,0,0,0,EWeaponKind::Main,EWeaponHoldType::One,EAttachType::Hand,0,ESideTrgAct::None,0,0,0,0,0,0.05,0,0,0,0,0.1,0,0,EDecBulletType::None,EWeaponReloadType::Reset,0,0,0,0,0,0,0,0,0,0,ECustomReloadType::None,0,0,0,0,0,0,0,0,0,0,-1,-1,-1,0,0,0,0,EBuddyWeaponType::None,0,EHoldWeaponType::None,0.35,ERecoilMotionType::Small,ERecoilMoveTiming::None,ERecoilMovePower::None,EShotCharaEffect::None,None,EShakeType::None,1,1,0,0,0,0,0,0,0,0,0,0,0,0,0,0,0,0,0,0,0,0,EWeaponMaker::None,EWeaponIcon::None,EWeaponInfoTriggerType::None,EWeaponInfo::None,EWeaponInfo::None,EWeaponInfo::None,EWeaponInfo::None,EWeaponInfo::None,EWeaponInfoScoreEvaluation::None,EWeaponInfoRank::None,EWeaponInfoRank::None,EWeaponInfoRank::None,EWeaponInfoRank::None,EWeaponInfoRank::None,EWeaponInfoRank::None,EWeaponInfoRank::None,EWeaponCategory::None,EWeaponSlayerEnemyType::None,0,0,0,0,0,0,0,0,0,EWeaponSizeInfo::Medium,空き枠,空き枠,0
Sub_WPN_Wp00024,10024,,0,/Game/Character/weapon/Blueprint/wp00000/BP_WpEmpty.uasset,0,0,0,0,0,0,EWeaponAttackIntervalType::None,EWeaponAttackType::None,EWeaponAtkTaeget::None,0,0,0,EWeaponKind::Main,EWeaponHoldType::One,EAttachType::Hand,0,ESideTrgAct::None,0,0,0,0,0,0.05,0,0,0,0,0.1,0,0,EDecBulletType::None,EWeaponReloadType::Reset,0,0,0,0,0,0,0,0,0,0,ECustomReloadType::None,0,0,0,0,0,0,0,0,0,0,-1,-1,-1,0,0,0,0,EBuddyWeaponType::None,0,EHoldWeaponType::None,0.35,ERecoilMotionType::Small,ERecoilMoveTiming::None,ERecoilMovePower::None,EShotCharaEffect::None,None,EShakeType::None,1,1,0,0,0,0,0,0,0,0,0,0,0,0,0,0,0,0,0,0,0,0,EWeaponMaker::None,EWeaponIcon::None,EWeaponInfoTriggerType::None,EWeaponInfo::None,EWeaponInfo::None,EWeaponInfo::None,EWeaponInfo::None,EWeaponInfo::None,EWeaponInfoScoreEvaluation::None,EWeaponInfoRank::None,EWeaponInfoRank::None,EWeaponInfoRank::None,EWeaponInfoRank::None,EWeaponInfoRank::None,EWeaponInfoRank::None,EWeaponInfoRank::None,EWeaponCategory::None,EWeaponSlayerEnemyType::None,0,0,0,0,0,0,0,0,0,EWeaponSizeInfo::Medium,空き枠,空き枠,0
Sub_WPN_Wp00025,10025,,0,/Game/Character/weapon/Blueprint/wp00000/BP_WpEmpty.uasset,0,0,0,0,0,0,EWeaponAttackIntervalType::None,EWeaponAttackType::None,EWeaponAtkTaeget::None,0,0,0,EWeaponKind::Main,EWeaponHoldType::One,EAttachType::Hand,0,ESideTrgAct::None,0,0,0,0,0,0.05,0,0,0,0,0.1,0,0,EDecBulletType::None,EWeaponReloadType::Reset,0,0,0,0,0,0,0,0,0,0,ECustomReloadType::None,0,0,0,0,0,0,0,0,0,0,-1,-1,-1,0,0,0,0,EBuddyWeaponType::None,0,EHoldWeaponType::None,0.35,ERecoilMotionType::Small,ERecoilMoveTiming::None,ERecoilMovePower::None,EShotCharaEffect::None,None,EShakeType::None,1,1,0,0,0,0,0,0,0,0,0,0,0,0,0,0,0,0,0,0,0,0,EWeaponMaker::None,EWeaponIcon::None,EWeaponInfoTriggerType::None,EWeaponInfo::None,EWeaponInfo::None,EWeaponInfo::None,EWeaponInfo::None,EWeaponInfo::None,EWeaponInfoScoreEvaluation::None,EWeaponInfoRank::None,EWeaponInfoRank::None,EWeaponInfoRank::None,EWeaponInfoRank::None,EWeaponInfoRank::None,EWeaponInfoRank::None,EWeaponInfoRank::None,EWeaponCategory::None,EWeaponSlayerEnemyType::None,0,0,0,0,0,0,0,0,0,EWeaponSizeInfo::Medium,空き枠,空き枠,0
Sub_WPN_Wp00026,10026,,0,/Game/Character/weapon/Blueprint/wp00000/BP_WpEmpty.uasset,0,0,0,0,0,0,EWeaponAttackIntervalType::None,EWeaponAttackType::None,EWeaponAtkTaeget::None,0,0,0,EWeaponKind::Main,EWeaponHoldType::One,EAttachType::Hand,0,ESideTrgAct::None,0,0,0,0,0,0.05,0,0,0,0,0.1,0,0,EDecBulletType::None,EWeaponReloadType::Reset,0,0,0,0,0,0,0,0,0,0,ECustomReloadType::None,0,0,0,0,0,0,0,0,0,0,-1,-1,-1,0,0,0,0,EBuddyWeaponType::None,0,EHoldWeaponType::None,0.35,ERecoilMotionType::Small,ERecoilMoveTiming::None,ERecoilMovePower::None,EShotCharaEffect::None,None,EShakeType::None,1,1,0,0,0,0,0,0,0,0,0,0,0,0,0,0,0,0,0,0,0,0,EWeaponMaker::None,EWeaponIcon::None,EWeaponInfoTriggerType::None,EWeaponInfo::None,EWeaponInfo::None,EWeaponInfo::None,EWeaponInfo::None,EWeaponInfo::None,EWeaponInfoScoreEvaluation::None,EWeaponInfoRank::None,EWeaponInfoRank::None,EWeaponInfoRank::None,EWeaponInfoRank::None,EWeaponInfoRank::None,EWeaponInfoRank::None,EWeaponInfoRank::None,EWeaponCategory::None,EWeaponSlayerEnemyType::None,0,0,0,0,0,0,0,0,0,EWeaponSizeInfo::Medium,空き枠,空き枠,0
Sub_WPN_Wp00027,10027,,0,/Game/Character/weapon/Blueprint/wp00000/BP_WpEmpty.uasset,0,0,0,0,0,0,EWeaponAttackIntervalType::None,EWeaponAttackType::None,EWeaponAtkTaeget::None,0,0,0,EWeaponKind::Main,EWeaponHoldType::One,EAttachType::Hand,0,ESideTrgAct::None,0,0,0,0,0,0.05,0,0,0,0,0.1,0,0,EDecBulletType::None,EWeaponReloadType::Reset,0,0,0,0,0,0,0,0,0,0,ECustomReloadType::None,0,0,0,0,0,0,0,0,0,0,-1,-1,-1,0,0,0,0,EBuddyWeaponType::None,0,EHoldWeaponType::None,0.35,ERecoilMotionType::Small,ERecoilMoveTiming::None,ERecoilMovePower::None,EShotCharaEffect::None,None,EShakeType::None,1,1,0,0,0,0,0,0,0,0,0,0,0,0,0,0,0,0,0,0,0,0,EWeaponMaker::None,EWeaponIcon::None,EWeaponInfoTriggerType::None,EWeaponInfo::None,EWeaponInfo::None,EWeaponInfo::None,EWeaponInfo::None,EWeaponInfo::None,EWeaponInfoScoreEvaluation::None,EWeaponInfoRank::None,EWeaponInfoRank::None,EWeaponInfoRank::None,EWeaponInfoRank::None,EWeaponInfoRank::None,EWeaponInfoRank::None,EWeaponInfoRank::None,EWeaponCategory::None,EWeaponSlayerEnemyType::None,0,0,0,0,0,0,0,0,0,EWeaponSizeInfo::Medium,空き枠,空き枠,0
Sub_WPN_Wp00028,10028,,0,/Game/Character/weapon/Blueprint/wp00000/BP_WpEmpty.uasset,0,0,0,0,0,0,EWeaponAttackIntervalType::None,EWeaponAttackType::None,EWeaponAtkTaeget::None,0,0,0,EWeaponKind::Main,EWeaponHoldType::One,EAttachType::Hand,0,ESideTrgAct::None,0,0,0,0,0,0.05,0,0,0,0,0.1,0,0,EDecBulletType::None,EWeaponReloadType::Reset,0,0,0,0,0,0,0,0,0,0,ECustomReloadType::None,0,0,0,0,0,0,0,0,0,0,-1,-1,-1,0,0,0,0,EBuddyWeaponType::None,0,EHoldWeaponType::None,0.35,ERecoilMotionType::Small,ERecoilMoveTiming::None,ERecoilMovePower::None,EShotCharaEffect::None,None,EShakeType::None,1,1,0,0,0,0,0,0,0,0,0,0,0,0,0,0,0,0,0,0,0,0,EWeaponMaker::None,EWeaponIcon::None,EWeaponInfoTriggerType::None,EWeaponInfo::None,EWeaponInfo::None,EWeaponInfo::None,EWeaponInfo::None,EWeaponInfo::None,EWeaponInfoScoreEvaluation::None,EWeaponInfoRank::None,EWeaponInfoRank::None,EWeaponInfoRank::None,EWeaponInfoRank::None,EWeaponInfoRank::None,EWeaponInfoRank::None,EWeaponInfoRank::None,EWeaponCategory::None,EWeaponSlayerEnemyType::None,0,0,0,0,0,0,0,0,0,EWeaponSizeInfo::Medium,空き枠,空き枠,0
Sub_WPN_Wp00029,10029,,0,/Game/Character/weapon/Blueprint/wp00000/BP_WpEmpty.uasset,0,0,0,0,0,0,EWeaponAttackIntervalType::None,EWeaponAttackType::None,EWeaponAtkTaeget::None,0,0,0,EWeaponKind::Main,EWeaponHoldType::One,EAttachType::Hand,0,ESideTrgAct::None,0,0,0,0,0,0.05,0,0,0,0,0.1,0,0,EDecBulletType::None,EWeaponReloadType::Reset,0,0,0,0,0,0,0,0,0,0,ECustomReloadType::None,0,0,0,0,0,0,0,0,0,0,-1,-1,-1,0,0,0,0,EBuddyWeaponType::None,0,EHoldWeaponType::None,0.35,ERecoilMotionType::Small,ERecoilMoveTiming::None,ERecoilMovePower::None,EShotCharaEffect::None,None,EShakeType::None,1,1,0,0,0,0,0,0,0,0,0,0,0,0,0,0,0,0,0,0,0,0,EWeaponMaker::None,EWeaponIcon::None,EWeaponInfoTriggerType::None,EWeaponInfo::None,EWeaponInfo::None,EWeaponInfo::None,EWeaponInfo::None,EWeaponInfo::None,EWeaponInfoScoreEvaluation::None,EWeaponInfoRank::None,EWeaponInfoRank::None,EWeaponInfoRank::None,EWeaponInfoRank::None,EWeaponInfoRank::None,EWeaponInfoRank::None,EWeaponInfoRank::None,EWeaponCategory::None,EWeaponSlayerEnemyType::None,0,0,0,0,0,0,0,0,0,EWeaponSizeInfo::Medium,空き枠,空き枠,0
Sub_WPN_Wp00030,10030,,0,/Game/Character/weapon/Blueprint/wp00000/BP_WpEmpty.uasset,0,0,0,0,0,0,EWeaponAttackIntervalType::None,EWeaponAttackType::None,EWeaponAtkTaeget::None,0,0,0,EWeaponKind::Main,EWeaponHoldType::One,EAttachType::Hand,0,ESideTrgAct::None,0,0,0,0,0,0.05,0,0,0,0,0.1,0,0,EDecBulletType::None,EWeaponReloadType::Reset,0,0,0,0,0,0,0,0,0,0,ECustomReloadType::None,0,0,0,0,0,0,0,0,0,0,-1,-1,-1,0,0,0,0,EBuddyWeaponType::None,0,EHoldWeaponType::None,0.35,ERecoilMotionType::Small,ERecoilMoveTiming::None,ERecoilMovePower::None,EShotCharaEffect::None,None,EShakeType::None,1,1,0,0,0,0,0,0,0,0,0,0,0,0,0,0,0,0,0,0,0,0,EWeaponMaker::None,EWeaponIcon::None,EWeaponInfoTriggerType::None,EWeaponInfo::None,EWeaponInfo::None,EWeaponInfo::None,EWeaponInfo::None,EWeaponInfo::None,EWeaponInfoScoreEvaluation::None,EWeaponInfoRank::None,EWeaponInfoRank::None,EWeaponInfoRank::None,EWeaponInfoRank::None,EWeaponInfoRank::None,EWeaponInfoRank::None,EWeaponInfoRank::None,EWeaponCategory::None,EWeaponSlayerEnemyType::None,0,0,0,0,0,0,0,0,0,EWeaponSizeInfo::Medium,空き枠,空き枠,0
Sub_WPN_Wp00031,10031,,0,/Game/Character/weapon/Blueprint/wp00000/BP_WpEmpty.uasset,0,0,0,0,0,0,EWeaponAttackIntervalType::None,EWeaponAttackType::None,EWeaponAtkTaeget::None,0,0,0,EWeaponKind::Main,EWeaponHoldType::One,EAttachType::Hand,0,ESideTrgAct::None,0,0,0,0,0,0.05,0,0,0,0,0.1,0,0,EDecBulletType::None,EWeaponReloadType::Reset,0,0,0,0,0,0,0,0,0,0,ECustomReloadType::None,0,0,0,0,0,0,0,0,0,0,-1,-1,-1,0,0,0,0,EBuddyWeaponType::None,0,EHoldWeaponType::None,0.35,ERecoilMotionType::Small,ERecoilMoveTiming::None,ERecoilMovePower::None,EShotCharaEffect::None,None,EShakeType::None,1,1,0,0,0,0,0,0,0,0,0,0,0,0,0,0,0,0,0,0,0,0,EWeaponMaker::None,EWeaponIcon::None,EWeaponInfoTriggerType::None,EWeaponInfo::None,EWeaponInfo::None,EWeaponInfo::None,EWeaponInfo::None,EWeaponInfo::None,EWeaponInfoScoreEvaluation::None,EWeaponInfoRank::None,EWeaponInfoRank::None,EWeaponInfoRank::None,EWeaponInfoRank::None,EWeaponInfoRank::None,EWeaponInfoRank::None,EWeaponInfoRank::None,EWeaponCategory::None,EWeaponSlayerEnemyType::None,0,0,0,0,0,0,0,0,0,EWeaponSizeInfo::Medium,空き枠,空き枠,0
Sub_WPN_Wp00032,10032,,0,/Game/Character/weapon/Blueprint/wp00000/BP_WpEmpty.uasset,0,0,0,0,0,0,EWeaponAttackIntervalType::None,EWeaponAttackType::None,EWeaponAtkTaeget::None,0,0,0,EWeaponKind::Main,EWeaponHoldType::One,EAttachType::Hand,0,ESideTrgAct::None,0,0,0,0,0,0.05,0,0,0,0,0.1,0,0,EDecBulletType::None,EWeaponReloadType::Reset,0,0,0,0,0,0,0,0,0,0,ECustomReloadType::None,0,0,0,0,0,0,0,0,0,0,-1,-1,-1,0,0,0,0,EBuddyWeaponType::None,0,EHoldWeaponType::None,0.35,ERecoilMotionType::Small,ERecoilMoveTiming::None,ERecoilMovePower::None,EShotCharaEffect::None,None,EShakeType::None,1,1,0,0,0,0,0,0,0,0,0,0,0,0,0,0,0,0,0,0,0,0,EWeaponMaker::None,EWeaponIcon::None,EWeaponInfoTriggerType::None,EWeaponInfo::None,EWeaponInfo::None,EWeaponInfo::None,EWeaponInfo::None,EWeaponInfo::None,EWeaponInfoScoreEvaluation::None,EWeaponInfoRank::None,EWeaponInfoRank::None,EWeaponInfoRank::None,EWeaponInfoRank::None,EWeaponInfoRank::None,EWeaponInfoRank::None,EWeaponInfoRank::None,EWeaponCategory::None,EWeaponSlayerEnemyType::None,0,0,0,0,0,0,0,0,0,EWeaponSizeInfo::Medium,空き枠,空き枠,0
Sub_WPN_Wp00033,10033,,0,/Game/Character/weapon/Blueprint/wp00000/BP_WpEmpty.uasset,0,0,0,0,0,0,EWeaponAttackIntervalType::None,EWeaponAttackType::None,EWeaponAtkTaeget::None,0,0,0,EWeaponKind::Main,EWeaponHoldType::One,EAttachType::Hand,0,ESideTrgAct::None,0,0,0,0,0,0.05,0,0,0,0,0.1,0,0,EDecBulletType::None,EWeaponReloadType::Reset,0,0,0,0,0,0,0,0,0,0,ECustomReloadType::None,0,0,0,0,0,0,0,0,0,0,-1,-1,-1,0,0,0,0,EBuddyWeaponType::None,0,EHoldWeaponType::None,0.35,ERecoilMotionType::Small,ERecoilMoveTiming::None,ERecoilMovePower::None,EShotCharaEffect::None,None,EShakeType::None,1,1,0,0,0,0,0,0,0,0,0,0,0,0,0,0,0,0,0,0,0,0,EWeaponMaker::None,EWeaponIcon::None,EWeaponInfoTriggerType::None,EWeaponInfo::None,EWeaponInfo::None,EWeaponInfo::None,EWeaponInfo::None,EWeaponInfo::None,EWeaponInfoScoreEvaluation::None,EWeaponInfoRank::None,EWeaponInfoRank::None,EWeaponInfoRank::None,EWeaponInfoRank::None,EWeaponInfoRank::None,EWeaponInfoRank::None,EWeaponInfoRank::None,EWeaponCategory::None,EWeaponSlayerEnemyType::None,0,0,0,0,0,0,0,0,0,EWeaponSizeInfo::Medium,空き枠,空き枠,0
Sub_WPN_Wp00034,10034,,0,/Game/Character/weapon/Blueprint/wp00000/BP_WpEmpty.uasset,0,0,0,0,0,0,EWeaponAttackIntervalType::None,EWeaponAttackType::None,EWeaponAtkTaeget::None,0,0,0,EWeaponKind::Main,EWeaponHoldType::One,EAttachType::Hand,0,ESideTrgAct::None,0,0,0,0,0,0.05,0,0,0,0,0.1,0,0,EDecBulletType::None,EWeaponReloadType::Reset,0,0,0,0,0,0,0,0,0,0,ECustomReloadType::None,0,0,0,0,0,0,0,0,0,0,-1,-1,-1,0,0,0,0,EBuddyWeaponType::None,0,EHoldWeaponType::None,0.35,ERecoilMotionType::Small,ERecoilMoveTiming::None,ERecoilMovePower::None,EShotCharaEffect::None,None,EShakeType::None,1,1,0,0,0,0,0,0,0,0,0,0,0,0,0,0,0,0,0,0,0,0,EWeaponMaker::None,EWeaponIcon::None,EWeaponInfoTriggerType::None,EWeaponInfo::None,EWeaponInfo::None,EWeaponInfo::None,EWeaponInfo::None,EWeaponInfo::None,EWeaponInfoScoreEvaluation::None,EWeaponInfoRank::None,EWeaponInfoRank::None,EWeaponInfoRank::None,EWeaponInfoRank::None,EWeaponInfoRank::None,EWeaponInfoRank::None,EWeaponInfoRank::None,EWeaponCategory::None,EWeaponSlayerEnemyType::None,0,0,0,0,0,0,0,0,0,EWeaponSizeInfo::Medium,空き枠,空き枠,0
Sub_WPN_Wp00035,10035,,0,/Game/Character/weapon/Blueprint/wp00000/BP_WpEmpty.uasset,0,0,0,0,0,0,EWeaponAttackIntervalType::None,EWeaponAttackType::None,EWeaponAtkTaeget::None,0,0,0,EWeaponKind::Main,EWeaponHoldType::One,EAttachType::Hand,0,ESideTrgAct::None,0,0,0,0,0,0.05,0,0,0,0,0.1,0,0,EDecBulletType::None,EWeaponReloadType::Reset,0,0,0,0,0,0,0,0,0,0,ECustomReloadType::None,0,0,0,0,0,0,0,0,0,0,-1,-1,-1,0,0,0,0,EBuddyWeaponType::None,0,EHoldWeaponType::None,0.35,ERecoilMotionType::Small,ERecoilMoveTiming::None,ERecoilMovePower::None,EShotCharaEffect::None,None,EShakeType::None,1,1,0,0,0,0,0,0,0,0,0,0,0,0,0,0,0,0,0,0,0,0,EWeaponMaker::None,EWeaponIcon::None,EWeaponInfoTriggerType::None,EWeaponInfo::None,EWeaponInfo::None,EWeaponInfo::None,EWeaponInfo::None,EWeaponInfo::None,EWeaponInfoScoreEvaluation::None,EWeaponInfoRank::None,EWeaponInfoRank::None,EWeaponInfoRank::None,EWeaponInfoRank::None,EWeaponInfoRank::None,EWeaponInfoRank::None,EWeaponInfoRank::None,EWeaponCategory::None,EWeaponSlayerEnemyType::None,0,0,0,0,0,0,0,0,0,EWeaponSizeInfo::Medium,空き枠,空き枠,0
Sub_WPN_Wp00036,10036,,0,/Game/Character/weapon/Blueprint/wp00000/BP_WpEmpty.uasset,0,0,0,0,0,0,EWeaponAttackIntervalType::None,EWeaponAttackType::None,EWeaponAtkTaeget::None,0,0,0,EWeaponKind::Main,EWeaponHoldType::One,EAttachType::Hand,0,ESideTrgAct::None,0,0,0,0,0,0.05,0,0,0,0,0.1,0,0,EDecBulletType::None,EWeaponReloadType::Reset,0,0,0,0,0,0,0,0,0,0,ECustomReloadType::None,0,0,0,0,0,0,0,0,0,0,-1,-1,-1,0,0,0,0,EBuddyWeaponType::None,0,EHoldWeaponType::None,0.35,ERecoilMotionType::Small,ERecoilMoveTiming::None,ERecoilMovePower::None,EShotCharaEffect::None,None,EShakeType::None,1,1,0,0,0,0,0,0,0,0,0,0,0,0,0,0,0,0,0,0,0,0,EWeaponMaker::None,EWeaponIcon::None,EWeaponInfoTriggerType::None,EWeaponInfo::None,EWeaponInfo::None,EWeaponInfo::None,EWeaponInfo::None,EWeaponInfo::None,EWeaponInfoScoreEvaluation::None,EWeaponInfoRank::None,EWeaponInfoRank::None,EWeaponInfoRank::None,EWeaponInfoRank::None,EWeaponInfoRank::None,EWeaponInfoRank::None,EWeaponInfoRank::None,EWeaponCategory::None,EWeaponSlayerEnemyType::None,0,0,0,0,0,0,0,0,0,EWeaponSizeInfo::Medium,空き枠,空き枠,0
Sub_WPN_Wp00037,10037,,0,/Game/Character/weapon/Blueprint/wp00000/BP_WpEmpty.uasset,0,0,0,0,0,0,EWeaponAttackIntervalType::None,EWeaponAttackType::None,EWeaponAtkTaeget::None,0,0,0,EWeaponKind::Main,EWeaponHoldType::One,EAttachType::Hand,0,ESideTrgAct::None,0,0,0,0,0,0.05,0,0,0,0,0.1,0,0,EDecBulletType::None,EWeaponReloadType::Reset,0,0,0,0,0,0,0,0,0,0,ECustomReloadType::None,0,0,0,0,0,0,0,0,0,0,-1,-1,-1,0,0,0,0,EBuddyWeaponType::None,0,EHoldWeaponType::None,0.35,ERecoilMotionType::Small,ERecoilMoveTiming::None,ERecoilMovePower::None,EShotCharaEffect::None,None,EShakeType::None,1,1,0,0,0,0,0,0,0,0,0,0,0,0,0,0,0,0,0,0,0,0,EWeaponMaker::None,EWeaponIcon::None,EWeaponInfoTriggerType::None,EWeaponInfo::None,EWeaponInfo::None,EWeaponInfo::None,EWeaponInfo::None,EWeaponInfo::None,EWeaponInfoScoreEvaluation::None,EWeaponInfoRank::None,EWeaponInfoRank::None,EWeaponInfoRank::None,EWeaponInfoRank::None,EWeaponInfoRank::None,EWeaponInfoRank::None,EWeaponInfoRank::None,EWeaponCategory::None,EWeaponSlayerEnemyType::None,0,0,0,0,0,0,0,0,0,EWeaponSizeInfo::Medium,空き枠,空き枠,0
Sub_WPN_Wp00038,10038,,0,/Game/Character/weapon/Blueprint/wp00000/BP_WpEmpty.uasset,0,0,0,0,0,0,EWeaponAttackIntervalType::None,EWeaponAttackType::None,EWeaponAtkTaeget::None,0,0,0,EWeaponKind::Main,EWeaponHoldType::One,EAttachType::Hand,0,ESideTrgAct::None,0,0,0,0,0,0.05,0,0,0,0,0.1,0,0,EDecBulletType::None,EWeaponReloadType::Reset,0,0,0,0,0,0,0,0,0,0,ECustomReloadType::None,0,0,0,0,0,0,0,0,0,0,-1,-1,-1,0,0,0,0,EBuddyWeaponType::None,0,EHoldWeaponType::None,0.35,ERecoilMotionType::Small,ERecoilMoveTiming::None,ERecoilMovePower::None,EShotCharaEffect::None,None,EShakeType::None,1,1,0,0,0,0,0,0,0,0,0,0,0,0,0,0,0,0,0,0,0,0,EWeaponMaker::None,EWeaponIcon::None,EWeaponInfoTriggerType::None,EWeaponInfo::None,EWeaponInfo::None,EWeaponInfo::None,EWeaponInfo::None,EWeaponInfo::None,EWeaponInfoScoreEvaluation::None,EWeaponInfoRank::None,EWeaponInfoRank::None,EWeaponInfoRank::None,EWeaponInfoRank::None,EWeaponInfoRank::None,EWeaponInfoRank::None,EWeaponInfoRank::None,EWeaponCategory::None,EWeaponSlayerEnemyType::None,0,0,0,0,0,0,0,0,0,EWeaponSizeInfo::Medium,空き枠,空き枠,0
Sub_WPN_Wp00039,10039,,0,/Game/Character/weapon/Blueprint/wp00000/BP_WpEmpty.uasset,0,0,0,0,0,0,EWeaponAttackIntervalType::None,EWeaponAttackType::None,EWeaponAtkTaeget::None,0,0,0,EWeaponKind::Main,EWeaponHoldType::One,EAttachType::Hand,0,ESideTrgAct::None,0,0,0,0,0,0.05,0,0,0,0,0.1,0,0,EDecBulletType::None,EWeaponReloadType::Reset,0,0,0,0,0,0,0,0,0,0,ECustomReloadType::None,0,0,0,0,0,0,0,0,0,0,-1,-1,-1,0,0,0,0,EBuddyWeaponType::None,0,EHoldWeaponType::None,0.35,ERecoilMotionType::Small,ERecoilMoveTiming::None,ERecoilMovePower::None,EShotCharaEffect::None,None,EShakeType::None,1,1,0,0,0,0,0,0,0,0,0,0,0,0,0,0,0,0,0,0,0,0,EWeaponMaker::None,EWeaponIcon::None,EWeaponInfoTriggerType::None,EWeaponInfo::None,EWeaponInfo::None,EWeaponInfo::None,EWeaponInfo::None,EWeaponInfo::None,EWeaponInfoScoreEvaluation::None,EWeaponInfoRank::None,EWeaponInfoRank::None,EWeaponInfoRank::None,EWeaponInfoRank::None,EWeaponInfoRank::None,EWeaponInfoRank::None,EWeaponInfoRank::None,EWeaponCategory::None,EWeaponSlayerEnemyType::None,0,0,0,0,0,0,0,0,0,EWeaponSizeInfo::Medium,空き枠,空き枠,0
Sub_WPN_Wp00040,10040,,0,/Game/Character/weapon/Blueprint/wp00000/BP_WpEmpty.uasset,0,0,0,0,0,0,EWeaponAttackIntervalType::None,EWeaponAttackType::None,EWeaponAtkTaeget::None,0,0,0,EWeaponKind::Main,EWeaponHoldType::One,EAttachType::Hand,0,ESideTrgAct::None,0,0,0,0,0,0.05,0,0,0,0,0.1,0,0,EDecBulletType::None,EWeaponReloadType::Reset,0,0,0,0,0,0,0,0,0,0,ECustomReloadType::None,0,0,0,0,0,0,0,0,0,0,-1,-1,-1,0,0,0,0,EBuddyWeaponType::None,0,EHoldWeaponType::None,0.35,ERecoilMotionType::Small,ERecoilMoveTiming::None,ERecoilMovePower::None,EShotCharaEffect::None,None,EShakeType::None,1,1,0,0,0,0,0,0,0,0,0,0,0,0,0,0,0,0,0,0,0,0,EWeaponMaker::None,EWeaponIcon::None,EWeaponInfoTriggerType::None,EWeaponInfo::None,EWeaponInfo::None,EWeaponInfo::None,EWeaponInfo::None,EWeaponInfo::None,EWeaponInfoScoreEvaluation::None,EWeaponInfoRank::None,EWeaponInfoRank::None,EWeaponInfoRank::None,EWeaponInfoRank::None,EWeaponInfoRank::None,EWeaponInfoRank::None,EWeaponInfoRank::None,EWeaponCategory::None,EWeaponSlayerEnemyType::None,0,0,0,0,0,0,0,0,0,EWeaponSizeInfo::Medium,空き枠,空き枠,0
Sub_WPN_Wp00041,10041,,0,/Game/Character/weapon/Blueprint/wp00000/BP_WpEmpty.uasset,0,0,0,0,0,0,EWeaponAttackIntervalType::None,EWeaponAttackType::None,EWeaponAtkTaeget::None,0,0,0,EWeaponKind::Main,EWeaponHoldType::One,EAttachType::Hand,0,ESideTrgAct::None,0,0,0,0,0,0.05,0,0,0,0,0.1,0,0,EDecBulletType::None,EWeaponReloadType::Reset,0,0,0,0,0,0,0,0,0,0,ECustomReloadType::None,0,0,0,0,0,0,0,0,0,0,-1,-1,-1,0,0,0,0,EBuddyWeaponType::None,0,EHoldWeaponType::None,0.35,ERecoilMotionType::Small,ERecoilMoveTiming::None,ERecoilMovePower::None,EShotCharaEffect::None,None,EShakeType::None,1,1,0,0,0,0,0,0,0,0,0,0,0,0,0,0,0,0,0,0,0,0,EWeaponMaker::None,EWeaponIcon::None,EWeaponInfoTriggerType::None,EWeaponInfo::None,EWeaponInfo::None,EWeaponInfo::None,EWeaponInfo::None,EWeaponInfo::None,EWeaponInfoScoreEvaluation::None,EWeaponInfoRank::None,EWeaponInfoRank::None,EWeaponInfoRank::None,EWeaponInfoRank::None,EWeaponInfoRank::None,EWeaponInfoRank::None,EWeaponInfoRank::None,EWeaponCategory::None,EWeaponSlayerEnemyType::None,0,0,0,0,0,0,0,0,0,EWeaponSizeInfo::Medium,空き枠,空き枠,0
Sub_WPN_Wp00042,10042,,0,/Game/Character/weapon/Blueprint/wp00000/BP_WpEmpty.uasset,0,0,0,0,0,0,EWeaponAttackIntervalType::None,EWeaponAttackType::None,EWeaponAtkTaeget::None,0,0,0,EWeaponKind::Main,EWeaponHoldType::One,EAttachType::Hand,0,ESideTrgAct::None,0,0,0,0,0,0.05,0,0,0,0,0.1,0,0,EDecBulletType::None,EWeaponReloadType::Reset,0,0,0,0,0,0,0,0,0,0,ECustomReloadType::None,0,0,0,0,0,0,0,0,0,0,-1,-1,-1,0,0,0,0,EBuddyWeaponType::None,0,EHoldWeaponType::None,0.35,ERecoilMotionType::Small,ERecoilMoveTiming::None,ERecoilMovePower::None,EShotCharaEffect::None,None,EShakeType::None,1,1,0,0,0,0,0,0,0,0,0,0,0,0,0,0,0,0,0,0,0,0,EWeaponMaker::None,EWeaponIcon::None,EWeaponInfoTriggerType::None,EWeaponInfo::None,EWeaponInfo::None,EWeaponInfo::None,EWeaponInfo::None,EWeaponInfo::None,EWeaponInfoScoreEvaluation::None,EWeaponInfoRank::None,EWeaponInfoRank::None,EWeaponInfoRank::None,EWeaponInfoRank::None,EWeaponInfoRank::None,EWeaponInfoRank::None,EWeaponInfoRank::None,EWeaponCategory::None,EWeaponSlayerEnemyType::None,0,0,0,0,0,0,0,0,0,EWeaponSizeInfo::Medium,空き枠,空き枠,0
Sub_WPN_Wp00043,10043,,0,/Game/Character/weapon/Blueprint/wp00000/BP_WpEmpty.uasset,0,0,0,0,0,0,EWeaponAttackIntervalType::None,EWeaponAttackType::None,EWeaponAtkTaeget::None,0,0,0,EWeaponKind::Main,EWeaponHoldType::One,EAttachType::Hand,0,ESideTrgAct::None,0,0,0,0,0,0.05,0,0,0,0,0.1,0,0,EDecBulletType::None,EWeaponReloadType::Reset,0,0,0,0,0,0,0,0,0,0,ECustomReloadType::None,0,0,0,0,0,0,0,0,0,0,-1,-1,-1,0,0,0,0,EBuddyWeaponType::None,0,EHoldWeaponType::None,0.35,ERecoilMotionType::Small,ERecoilMoveTiming::None,ERecoilMovePower::None,EShotCharaEffect::None,None,EShakeType::None,1,1,0,0,0,0,0,0,0,0,0,0,0,0,0,0,0,0,0,0,0,0,EWeaponMaker::None,EWeaponIcon::None,EWeaponInfoTriggerType::None,EWeaponInfo::None,EWeaponInfo::None,EWeaponInfo::None,EWeaponInfo::None,EWeaponInfo::None,EWeaponInfoScoreEvaluation::None,EWeaponInfoRank::None,EWeaponInfoRank::None,EWeaponInfoRank::None,EWeaponInfoRank::None,EWeaponInfoRank::None,EWeaponInfoRank::None,EWeaponInfoRank::None,EWeaponCategory::None,EWeaponSlayerEnemyType::None,0,0,0,0,0,0,0,0,0,EWeaponSizeInfo::Medium,空き枠,空き枠,0
Sub_WPN_Wp00044,10044,,0,/Game/Character/weapon/Blueprint/wp00000/BP_WpEmpty.uasset,0,0,0,0,0,0,EWeaponAttackIntervalType::None,EWeaponAttackType::None,EWeaponAtkTaeget::None,0,0,0,EWeaponKind::Main,EWeaponHoldType::One,EAttachType::Hand,0,ESideTrgAct::None,0,0,0,0,0,0.05,0,0,0,0,0.1,0,0,EDecBulletType::None,EWeaponReloadType::Reset,0,0,0,0,0,0,0,0,0,0,ECustomReloadType::None,0,0,0,0,0,0,0,0,0,0,-1,-1,-1,0,0,0,0,EBuddyWeaponType::None,0,EHoldWeaponType::None,0.35,ERecoilMotionType::Small,ERecoilMoveTiming::None,ERecoilMovePower::None,EShotCharaEffect::None,None,EShakeType::None,1,1,0,0,0,0,0,0,0,0,0,0,0,0,0,0,0,0,0,0,0,0,EWeaponMaker::None,EWeaponIcon::None,EWeaponInfoTriggerType::None,EWeaponInfo::None,EWeaponInfo::None,EWeaponInfo::None,EWeaponInfo::None,EWeaponInfo::None,EWeaponInfoScoreEvaluation::None,EWeaponInfoRank::None,EWeaponInfoRank::None,EWeaponInfoRank::None,EWeaponInfoRank::None,EWeaponInfoRank::None,EWeaponInfoRank::None,EWeaponInfoRank::None,EWeaponCategory::None,EWeaponSlayerEnemyType::None,0,0,0,0,0,0,0,0,0,EWeaponSizeInfo::Medium,空き枠,空き枠,0
Sub_WPN_Wp00045,10045,,0,/Game/Character/weapon/Blueprint/wp00000/BP_WpEmpty.uasset,0,0,0,0,0,0,EWeaponAttackIntervalType::None,EWeaponAttackType::None,EWeaponAtkTaeget::None,0,0,0,EWeaponKind::Main,EWeaponHoldType::One,EAttachType::Hand,0,ESideTrgAct::None,0,0,0,0,0,0.05,0,0,0,0,0.1,0,0,EDecBulletType::None,EWeaponReloadType::Reset,0,0,0,0,0,0,0,0,0,0,ECustomReloadType::None,0,0,0,0,0,0,0,0,0,0,-1,-1,-1,0,0,0,0,EBuddyWeaponType::None,0,EHoldWeaponType::None,0.35,ERecoilMotionType::Small,ERecoilMoveTiming::None,ERecoilMovePower::None,EShotCharaEffect::None,None,EShakeType::None,1,1,0,0,0,0,0,0,0,0,0,0,0,0,0,0,0,0,0,0,0,0,EWeaponMaker::None,EWeaponIcon::None,EWeaponInfoTriggerType::None,EWeaponInfo::None,EWeaponInfo::None,EWeaponInfo::None,EWeaponInfo::None,EWeaponInfo::None,EWeaponInfoScoreEvaluation::None,EWeaponInfoRank::None,EWeaponInfoRank::None,EWeaponInfoRank::None,EWeaponInfoRank::None,EWeaponInfoRank::None,EWeaponInfoRank::None,EWeaponInfoRank::None,EWeaponCategory::None,EWeaponSlayerEnemyType::None,0,0,0,0,0,0,0,0,0,EWeaponSizeInfo::Medium,空き枠,空き枠,0
Sub_WPN_Wp00046,10046,,0,/Game/Character/weapon/Blueprint/wp00000/BP_WpEmpty.uasset,0,0,0,0,0,0,EWeaponAttackIntervalType::None,EWeaponAttackType::None,EWeaponAtkTaeget::None,0,0,0,EWeaponKind::Main,EWeaponHoldType::One,EAttachType::Hand,0,ESideTrgAct::None,0,0,0,0,0,0.05,0,0,0,0,0.1,0,0,EDecBulletType::None,EWeaponReloadType::Reset,0,0,0,0,0,0,0,0,0,0,ECustomReloadType::None,0,0,0,0,0,0,0,0,0,0,-1,-1,-1,0,0,0,0,EBuddyWeaponType::None,0,EHoldWeaponType::None,0.35,ERecoilMotionType::Small,ERecoilMoveTiming::None,ERecoilMovePower::None,EShotCharaEffect::None,None,EShakeType::None,1,1,0,0,0,0,0,0,0,0,0,0,0,0,0,0,0,0,0,0,0,0,EWeaponMaker::None,EWeaponIcon::None,EWeaponInfoTriggerType::None,EWeaponInfo::None,EWeaponInfo::None,EWeaponInfo::None,EWeaponInfo::None,EWeaponInfo::None,EWeaponInfoScoreEvaluation::None,EWeaponInfoRank::None,EWeaponInfoRank::None,EWeaponInfoRank::None,EWeaponInfoRank::None,EWeaponInfoRank::None,EWeaponInfoRank::None,EWeaponInfoRank::None,EWeaponCategory::None,EWeaponSlayerEnemyType::None,0,0,0,0,0,0,0,0,0,EWeaponSizeInfo::Medium,空き枠,空き枠,0
Sub_WPN_Wp00047,10047,,0,/Game/Character/weapon/Blueprint/wp00000/BP_WpEmpty.uasset,0,0,0,0,0,0,EWeaponAttackIntervalType::None,EWeaponAttackType::None,EWeaponAtkTaeget::None,0,0,0,EWeaponKind::Main,EWeaponHoldType::One,EAttachType::Hand,0,ESideTrgAct::None,0,0,0,0,0,0.05,0,0,0,0,0.1,0,0,EDecBulletType::None,EWeaponReloadType::Reset,0,0,0,0,0,0,0,0,0,0,ECustomReloadType::None,0,0,0,0,0,0,0,0,0,0,-1,-1,-1,0,0,0,0,EBuddyWeaponType::None,0,EHoldWeaponType::None,0.35,ERecoilMotionType::Small,ERecoilMoveTiming::None,ERecoilMovePower::None,EShotCharaEffect::None,None,EShakeType::None,1,1,0,0,0,0,0,0,0,0,0,0,0,0,0,0,0,0,0,0,0,0,EWeaponMaker::None,EWeaponIcon::None,EWeaponInfoTriggerType::None,EWeaponInfo::None,EWeaponInfo::None,EWeaponInfo::None,EWeaponInfo::None,EWeaponInfo::None,EWeaponInfoScoreEvaluation::None,EWeaponInfoRank::None,EWeaponInfoRank::None,EWeaponInfoRank::None,EWeaponInfoRank::None,EWeaponInfoRank::None,EWeaponInfoRank::None,EWeaponInfoRank::None,EWeaponCategory::None,EWeaponSlayerEnemyType::None,0,0,0,0,0,0,0,0,0,EWeaponSizeInfo::Medium,空き枠,空き枠,0
Sub_WPN_Wp00048,10048,,0,/Game/Character/weapon/Blueprint/wp00000/BP_WpEmpty.uasset,0,0,0,0,0,0,EWeaponAttackIntervalType::None,EWeaponAttackType::None,EWeaponAtkTaeget::None,0,0,0,EWeaponKind::Main,EWeaponHoldType::One,EAttachType::Hand,0,ESideTrgAct::None,0,0,0,0,0,0.05,0,0,0,0,0.1,0,0,EDecBulletType::None,EWeaponReloadType::Reset,0,0,0,0,0,0,0,0,0,0,ECustomReloadType::None,0,0,0,0,0,0,0,0,0,0,-1,-1,-1,0,0,0,0,EBuddyWeaponType::None,0,EHoldWeaponType::None,0.35,ERecoilMotionType::Small,ERecoilMoveTiming::None,ERecoilMovePower::None,EShotCharaEffect::None,None,EShakeType::None,1,1,0,0,0,0,0,0,0,0,0,0,0,0,0,0,0,0,0,0,0,0,EWeaponMaker::None,EWeaponIcon::None,EWeaponInfoTriggerType::None,EWeaponInfo::None,EWeaponInfo::None,EWeaponInfo::None,EWeaponInfo::None,EWeaponInfo::None,EWeaponInfoScoreEvaluation::None,EWeaponInfoRank::None,EWeaponInfoRank::None,EWeaponInfoRank::None,EWeaponInfoRank::None,EWeaponInfoRank::None,EWeaponInfoRank::None,EWeaponInfoRank::None,EWeaponCategory::None,EWeaponSlayerEnemyType::None,0,0,0,0,0,0,0,0,0,EWeaponSizeInfo::Medium,空き枠,空き枠,0
Sub_WPN_Wp00049,10049,,0,/Game/Character/weapon/Blueprint/wp00000/BP_WpEmpty.uasset,0,0,0,0,0,0,EWeaponAttackIntervalType::None,EWeaponAttackType::None,EWeaponAtkTaeget::None,0,0,0,EWeaponKind::Main,EWeaponHoldType::One,EAttachType::Hand,0,ESideTrgAct::None,0,0,0,0,0,0.05,0,0,0,0,0.1,0,0,EDecBulletType::None,EWeaponReloadType::Reset,0,0,0,0,0,0,0,0,0,0,ECustomReloadType::None,0,0,0,0,0,0,0,0,0,0,-1,-1,-1,0,0,0,0,EBuddyWeaponType::None,0,EHoldWeaponType::None,0.35,ERecoilMotionType::Small,ERecoilMoveTiming::None,ERecoilMovePower::None,EShotCharaEffect::None,None,EShakeType::None,1,1,0,0,0,0,0,0,0,0,0,0,0,0,0,0,0,0,0,0,0,0,EWeaponMaker::None,EWeaponIcon::None,EWeaponInfoTriggerType::None,EWeaponInfo::None,EWeaponInfo::None,EWeaponInfo::None,EWeaponInfo::None,EWeaponInfo::None,EWeaponInfoScoreEvaluation::None,EWeaponInfoRank::None,EWeaponInfoRank::None,EWeaponInfoRank::None,EWeaponInfoRank::None,EWeaponInfoRank::None,EWeaponInfoRank::None,EWeaponInfoRank::None,EWeaponCategory::None,EWeaponSlayerEnemyType::None,0,0,0,0,0,0,0,0,0,EWeaponSizeInfo::Medium,空き枠,空き枠,0
Sub_WPN_Wp00050,10050,,0,/Game/Character/weapon/Blueprint/wp00000/BP_WpEmpty.uasset,0,0,0,0,0,0,EWeaponAttackIntervalType::None,EWeaponAttackType::None,EWeaponAtkTaeget::None,0,0,0,EWeaponKind::Main,EWeaponHoldType::One,EAttachType::Hand,0,ESideTrgAct::None,0,0,0,0,0,0.05,0,0,0,0,0.1,0,0,EDecBulletType::None,EWeaponReloadType::Reset,0,0,0,0,0,0,0,0,0,0,ECustomReloadType::None,0,0,0,0,0,0,0,0,0,0,-1,-1,-1,0,0,0,0,EBuddyWeaponType::None,0,EHoldWeaponType::None,0.35,ERecoilMotionType::Small,ERecoilMoveTiming::None,ERecoilMovePower::None,EShotCharaEffect::None,None,EShakeType::None,1,1,0,0,0,0,0,0,0,0,0,0,0,0,0,0,0,0,0,0,0,0,EWeaponMaker::None,EWeaponIcon::None,EWeaponInfoTriggerType::None,EWeaponInfo::None,EWeaponInfo::None,EWeaponInfo::None,EWeaponInfo::None,EWeaponInfo::None,EWeaponInfoScoreEvaluation::None,EWeaponInfoRank::None,EWeaponInfoRank::None,EWeaponInfoRank::None,EWeaponInfoRank::None,EWeaponInfoRank::None,EWeaponInfoRank::None,EWeaponInfoRank::None,EWeaponCategory::None,EWeaponSlayerEnemyType::None,0,0,0,0,0,0,0,0,0,EWeaponSizeInfo::Medium,空き枠,空き枠,0
Sub_WPN_Wp00051,10051,,0,/Game/Character/weapon/Blueprint/wp00000/BP_WpEmpty.uasset,0,0,0,0,0,0,EWeaponAttackIntervalType::None,EWeaponAttackType::None,EWeaponAtkTaeget::None,0,0,0,EWeaponKind::Main,EWeaponHoldType::One,EAttachType::Hand,0,ESideTrgAct::None,0,0,0,0,0,0.05,0,0,0,0,0.1,0,0,EDecBulletType::None,EWeaponReloadType::Reset,0,0,0,0,0,0,0,0,0,0,ECustomReloadType::None,0,0,0,0,0,0,0,0,0,0,-1,-1,-1,0,0,0,0,EBuddyWeaponType::None,0,EHoldWeaponType::None,0.35,ERecoilMotionType::Small,ERecoilMoveTiming::None,ERecoilMovePower::None,EShotCharaEffect::None,None,EShakeType::None,1,1,0,0,0,0,0,0,0,0,0,0,0,0,0,0,0,0,0,0,0,0,EWeaponMaker::None,EWeaponIcon::None,EWeaponInfoTriggerType::None,EWeaponInfo::None,EWeaponInfo::None,EWeaponInfo::None,EWeaponInfo::None,EWeaponInfo::None,EWeaponInfoScoreEvaluation::None,EWeaponInfoRank::None,EWeaponInfoRank::None,EWeaponInfoRank::None,EWeaponInfoRank::None,EWeaponInfoRank::None,EWeaponInfoRank::None,EWeaponInfoRank::None,EWeaponCategory::None,EWeaponSlayerEnemyType::None,0,0,0,0,0,0,0,0,0,EWeaponSizeInfo::Medium,空き枠,空き枠,0
Sub_WPN_Wp00052,10052,,0,/Game/Character/weapon/Blueprint/wp00000/BP_WpEmpty.uasset,0,0,0,0,0,0,EWeaponAttackIntervalType::None,EWeaponAttackType::None,EWeaponAtkTaeget::None,0,0,0,EWeaponKind::Main,EWeaponHoldType::One,EAttachType::Hand,0,ESideTrgAct::None,0,0,0,0,0,0.05,0,0,0,0,0.1,0,0,EDecBulletType::None,EWeaponReloadType::Reset,0,0,0,0,0,0,0,0,0,0,ECustomReloadType::None,0,0,0,0,0,0,0,0,0,0,-1,-1,-1,0,0,0,0,EBuddyWeaponType::None,0,EHoldWeaponType::None,0.35,ERecoilMotionType::Small,ERecoilMoveTiming::None,ERecoilMovePower::None,EShotCharaEffect::None,None,EShakeType::None,1,1,0,0,0,0,0,0,0,0,0,0,0,0,0,0,0,0,0,0,0,0,EWeaponMaker::None,EWeaponIcon::None,EWeaponInfoTriggerType::None,EWeaponInfo::None,EWeaponInfo::None,EWeaponInfo::None,EWeaponInfo::None,EWeaponInfo::None,EWeaponInfoScoreEvaluation::None,EWeaponInfoRank::None,EWeaponInfoRank::None,EWeaponInfoRank::None,EWeaponInfoRank::None,EWeaponInfoRank::None,EWeaponInfoRank::None,EWeaponInfoRank::None,EWeaponCategory::None,EWeaponSlayerEnemyType::None,0,0,0,0,0,0,0,0,0,EWeaponSizeInfo::Medium,空き枠,空き枠,0
Sub_WPN_Wp00053,10053,,0,/Game/Character/weapon/Blueprint/wp00000/BP_WpEmpty.uasset,0,0,0,0,0,0,EWeaponAttackIntervalType::None,EWeaponAttackType::None,EWeaponAtkTaeget::None,0,0,0,EWeaponKind::Main,EWeaponHoldType::One,EAttachType::Hand,0,ESideTrgAct::None,0,0,0,0,0,0.05,0,0,0,0,0.1,0,0,EDecBulletType::None,EWeaponReloadType::Reset,0,0,0,0,0,0,0,0,0,0,ECustomReloadType::None,0,0,0,0,0,0,0,0,0,0,-1,-1,-1,0,0,0,0,EBuddyWeaponType::None,0,EHoldWeaponType::None,0.35,ERecoilMotionType::Small,ERecoilMoveTiming::None,ERecoilMovePower::None,EShotCharaEffect::None,None,EShakeType::None,1,1,0,0,0,0,0,0,0,0,0,0,0,0,0,0,0,0,0,0,0,0,EWeaponMaker::None,EWeaponIcon::None,EWeaponInfoTriggerType::None,EWeaponInfo::None,EWeaponInfo::None,EWeaponInfo::None,EWeaponInfo::None,EWeaponInfo::None,EWeaponInfoScoreEvaluation::None,EWeaponInfoRank::None,EWeaponInfoRank::None,EWeaponInfoRank::None,EWeaponInfoRank::None,EWeaponInfoRank::None,EWeaponInfoRank::None,EWeaponInfoRank::None,EWeaponCategory::None,EWeaponSlayerEnemyType::None,0,0,0,0,0,0,0,0,0,EWeaponSizeInfo::Medium,空き枠,空き枠,0
Sub_WPN_Wp00054,10054,,0,/Game/Character/weapon/Blueprint/wp00000/BP_WpEmpty.uasset,0,0,0,0,0,0,EWeaponAttackIntervalType::None,EWeaponAttackType::None,EWeaponAtkTaeget::None,0,0,0,EWeaponKind::Main,EWeaponHoldType::One,EAttachType::Hand,0,ESideTrgAct::None,0,0,0,0,0,0.05,0,0,0,0,0.1,0,0,EDecBulletType::None,EWeaponReloadType::Reset,0,0,0,0,0,0,0,0,0,0,ECustomReloadType::None,0,0,0,0,0,0,0,0,0,0,-1,-1,-1,0,0,0,0,EBuddyWeaponType::None,0,EHoldWeaponType::None,0.35,ERecoilMotionType::Small,ERecoilMoveTiming::None,ERecoilMovePower::None,EShotCharaEffect::None,None,EShakeType::None,1,1,0,0,0,0,0,0,0,0,0,0,0,0,0,0,0,0,0,0,0,0,EWeaponMaker::None,EWeaponIcon::None,EWeaponInfoTriggerType::None,EWeaponInfo::None,EWeaponInfo::None,EWeaponInfo::None,EWeaponInfo::None,EWeaponInfo::None,EWeaponInfoScoreEvaluation::None,EWeaponInfoRank::None,EWeaponInfoRank::None,EWeaponInfoRank::None,EWeaponInfoRank::None,EWeaponInfoRank::None,EWeaponInfoRank::None,EWeaponInfoRank::None,EWeaponCategory::None,EWeaponSlayerEnemyType::None,0,0,0,0,0,0,0,0,0,EWeaponSizeInfo::Medium,空き枠,空き枠,0
Sub_WPN_Wp00055,10055,,0,/Game/Character/weapon/Blueprint/wp00000/BP_WpEmpty.uasset,0,0,0,0,0,0,EWeaponAttackIntervalType::None,EWeaponAttackType::None,EWeaponAtkTaeget::None,0,0,0,EWeaponKind::Main,EWeaponHoldType::One,EAttachType::Hand,0,ESideTrgAct::None,0,0,0,0,0,0.05,0,0,0,0,0.1,0,0,EDecBulletType::None,EWeaponReloadType::Reset,0,0,0,0,0,0,0,0,0,0,ECustomReloadType::None,0,0,0,0,0,0,0,0,0,0,-1,-1,-1,0,0,0,0,EBuddyWeaponType::None,0,EHoldWeaponType::None,0.35,ERecoilMotionType::Small,ERecoilMoveTiming::None,ERecoilMovePower::None,EShotCharaEffect::None,None,EShakeType::None,1,1,0,0,0,0,0,0,0,0,0,0,0,0,0,0,0,0,0,0,0,0,EWeaponMaker::None,EWeaponIcon::None,EWeaponInfoTriggerType::None,EWeaponInfo::None,EWeaponInfo::None,EWeaponInfo::None,EWeaponInfo::None,EWeaponInfo::None,EWeaponInfoScoreEvaluation::None,EWeaponInfoRank::None,EWeaponInfoRank::None,EWeaponInfoRank::None,EWeaponInfoRank::None,EWeaponInfoRank::None,EWeaponInfoRank::None,EWeaponInfoRank::None,EWeaponCategory::None,EWeaponSlayerEnemyType::None,0,0,0,0,0,0,0,0,0,EWeaponSizeInfo::Medium,空き枠,空き枠,0
Sub_WPN_Wp00056,10056,,0,/Game/Character/weapon/Blueprint/wp00000/BP_WpEmpty.uasset,0,0,0,0,0,0,EWeaponAttackIntervalType::None,EWeaponAttackType::None,EWeaponAtkTaeget::None,0,0,0,EWeaponKind::Main,EWeaponHoldType::One,EAttachType::Hand,0,ESideTrgAct::None,0,0,0,0,0,0.05,0,0,0,0,0.1,0,0,EDecBulletType::None,EWeaponReloadType::Reset,0,0,0,0,0,0,0,0,0,0,ECustomReloadType::None,0,0,0,0,0,0,0,0,0,0,-1,-1,-1,0,0,0,0,EBuddyWeaponType::None,0,EHoldWeaponType::None,0.35,ERecoilMotionType::Small,ERecoilMoveTiming::None,ERecoilMovePower::None,EShotCharaEffect::None,None,EShakeType::None,1,1,0,0,0,0,0,0,0,0,0,0,0,0,0,0,0,0,0,0,0,0,EWeaponMaker::None,EWeaponIcon::None,EWeaponInfoTriggerType::None,EWeaponInfo::None,EWeaponInfo::None,EWeaponInfo::None,EWeaponInfo::None,EWeaponInfo::None,EWeaponInfoScoreEvaluation::None,EWeaponInfoRank::None,EWeaponInfoRank::None,EWeaponInfoRank::None,EWeaponInfoRank::None,EWeaponInfoRank::None,EWeaponInfoRank::None,EWeaponInfoRank::None,EWeaponCategory::None,EWeaponSlayerEnemyType::None,0,0,0,0,0,0,0,0,0,EWeaponSizeInfo::Medium,空き枠,空き枠,0
Sub_WPN_Wp00057,10057,,0,/Game/Character/weapon/Blueprint/wp00000/BP_WpEmpty.uasset,0,0,0,0,0,0,EWeaponAttackIntervalType::None,EWeaponAttackType::None,EWeaponAtkTaeget::None,0,0,0,EWeaponKind::Main,EWeaponHoldType::One,EAttachType::Hand,0,ESideTrgAct::None,0,0,0,0,0,0.05,0,0,0,0,0.1,0,0,EDecBulletType::None,EWeaponReloadType::Reset,0,0,0,0,0,0,0,0,0,0,ECustomReloadType::None,0,0,0,0,0,0,0,0,0,0,-1,-1,-1,0,0,0,0,EBuddyWeaponType::None,0,EHoldWeaponType::None,0.35,ERecoilMotionType::Small,ERecoilMoveTiming::None,ERecoilMovePower::None,EShotCharaEffect::None,None,EShakeType::None,1,1,0,0,0,0,0,0,0,0,0,0,0,0,0,0,0,0,0,0,0,0,EWeaponMaker::None,EWeaponIcon::None,EWeaponInfoTriggerType::None,EWeaponInfo::None,EWeaponInfo::None,EWeaponInfo::None,EWeaponInfo::None,EWeaponInfo::None,EWeaponInfoScoreEvaluation::None,EWeaponInfoRank::None,EWeaponInfoRank::None,EWeaponInfoRank::None,EWeaponInfoRank::None,EWeaponInfoRank::None,EWeaponInfoRank::None,EWeaponInfoRank::None,EWeaponCategory::None,EWeaponSlayerEnemyType::None,0,0,0,0,0,0,0,0,0,EWeaponSizeInfo::Medium,空き枠,空き枠,0
Sub_WPN_Wp00058,10058,,0,/Game/Character/weapon/Blueprint/wp00000/BP_WpEmpty.uasset,0,0,0,0,0,0,EWeaponAttackIntervalType::None,EWeaponAttackType::None,EWeaponAtkTaeget::None,0,0,0,EWeaponKind::Main,EWeaponHoldType::One,EAttachType::Hand,0,ESideTrgAct::None,0,0,0,0,0,0.05,0,0,0,0,0.1,0,0,EDecBulletType::None,EWeaponReloadType::Reset,0,0,0,0,0,0,0,0,0,0,ECustomReloadType::None,0,0,0,0,0,0,0,0,0,0,-1,-1,-1,0,0,0,0,EBuddyWeaponType::None,0,EHoldWeaponType::None,0.35,ERecoilMotionType::Small,ERecoilMoveTiming::None,ERecoilMovePower::None,EShotCharaEffect::None,None,EShakeType::None,1,1,0,0,0,0,0,0,0,0,0,0,0,0,0,0,0,0,0,0,0,0,EWeaponMaker::None,EWeaponIcon::None,EWeaponInfoTriggerType::None,EWeaponInfo::None,EWeaponInfo::None,EWeaponInfo::None,EWeaponInfo::None,EWeaponInfo::None,EWeaponInfoScoreEvaluation::None,EWeaponInfoRank::None,EWeaponInfoRank::None,EWeaponInfoRank::None,EWeaponInfoRank::None,EWeaponInfoRank::None,EWeaponInfoRank::None,EWeaponInfoRank::None,EWeaponCategory::None,EWeaponSlayerEnemyType::None,0,0,0,0,0,0,0,0,0,EWeaponSizeInfo::Medium,空き枠,空き枠,0
Sub_WPN_Wp00059,10059,,0,/Game/Character/weapon/Blueprint/wp00000/BP_WpEmpty.uasset,0,0,0,0,0,0,EWeaponAttackIntervalType::None,EWeaponAttackType::None,EWeaponAtkTaeget::None,0,0,0,EWeaponKind::Main,EWeaponHoldType::One,EAttachType::Hand,0,ESideTrgAct::None,0,0,0,0,0,0.05,0,0,0,0,0.1,0,0,EDecBulletType::None,EWeaponReloadType::Reset,0,0,0,0,0,0,0,0,0,0,ECustomReloadType::None,0,0,0,0,0,0,0,0,0,0,-1,-1,-1,0,0,0,0,EBuddyWeaponType::None,0,EHoldWeaponType::None,0.35,ERecoilMotionType::Small,ERecoilMoveTiming::None,ERecoilMovePower::None,EShotCharaEffect::None,None,EShakeType::None,1,1,0,0,0,0,0,0,0,0,0,0,0,0,0,0,0,0,0,0,0,0,EWeaponMaker::None,EWeaponIcon::None,EWeaponInfoTriggerType::None,EWeaponInfo::None,EWeaponInfo::None,EWeaponInfo::None,EWeaponInfo::None,EWeaponInfo::None,EWeaponInfoScoreEvaluation::None,EWeaponInfoRank::None,EWeaponInfoRank::None,EWeaponInfoRank::None,EWeaponInfoRank::None,EWeaponInfoRank::None,EWeaponInfoRank::None,EWeaponInfoRank::None,EWeaponCategory::None,EWeaponSlayerEnemyType::None,0,0,0,0,0,0,0,0,0,EWeaponSizeInfo::Medium,空き枠,空き枠,0
Sub_WPN_Wp00060,10060,,0,/Game/Character/weapon/Blueprint/wp00000/BP_WpEmpty.uasset,0,0,0,0,0,0,EWeaponAttackIntervalType::None,EWeaponAttackType::None,EWeaponAtkTaeget::None,0,0,0,EWeaponKind::Main,EWeaponHoldType::One,EAttachType::Hand,0,ESideTrgAct::None,0,0,0,0,0,0.05,0,0,0,0,0.1,0,0,EDecBulletType::None,EWeaponReloadType::Reset,0,0,0,0,0,0,0,0,0,0,ECustomReloadType::None,0,0,0,0,0,0,0,0,0,0,-1,-1,-1,0,0,0,0,EBuddyWeaponType::None,0,EHoldWeaponType::None,0.35,ERecoilMotionType::Small,ERecoilMoveTiming::None,ERecoilMovePower::None,EShotCharaEffect::None,None,EShakeType::None,1,1,0,0,0,0,0,0,0,0,0,0,0,0,0,0,0,0,0,0,0,0,EWeaponMaker::None,EWeaponIcon::None,EWeaponInfoTriggerType::None,EWeaponInfo::None,EWeaponInfo::None,EWeaponInfo::None,EWeaponInfo::None,EWeaponInfo::None,EWeaponInfoScoreEvaluation::None,EWeaponInfoRank::None,EWeaponInfoRank::None,EWeaponInfoRank::None,EWeaponInfoRank::None,EWeaponInfoRank::None,EWeaponInfoRank::None,EWeaponInfoRank::None,EWeaponCategory::None,EWeaponSlayerEnemyType::None,0,0,0,0,0,0,0,0,0,EWeaponSizeInfo::Medium,空き枠,空き枠,0
Sub_WPN_Wp00061,10061,,0,/Game/Character/weapon/Blueprint/wp00000/BP_WpEmpty.uasset,0,0,0,0,0,0,EWeaponAttackIntervalType::None,EWeaponAttackType::None,EWeaponAtkTaeget::None,0,0,0,EWeaponKind::Main,EWeaponHoldType::One,EAttachType::Hand,0,ESideTrgAct::None,0,0,0,0,0,0.05,0,0,0,0,0.1,0,0,EDecBulletType::None,EWeaponReloadType::Reset,0,0,0,0,0,0,0,0,0,0,ECustomReloadType::None,0,0,0,0,0,0,0,0,0,0,-1,-1,-1,0,0,0,0,EBuddyWeaponType::None,0,EHoldWeaponType::None,0.35,ERecoilMotionType::Small,ERecoilMoveTiming::None,ERecoilMovePower::None,EShotCharaEffect::None,None,EShakeType::None,1,1,0,0,0,0,0,0,0,0,0,0,0,0,0,0,0,0,0,0,0,0,EWeaponMaker::None,EWeaponIcon::None,EWeaponInfoTriggerType::None,EWeaponInfo::None,EWeaponInfo::None,EWeaponInfo::None,EWeaponInfo::None,EWeaponInfo::None,EWeaponInfoScoreEvaluation::None,EWeaponInfoRank::None,EWeaponInfoRank::None,EWeaponInfoRank::None,EWeaponInfoRank::None,EWeaponInfoRank::None,EWeaponInfoRank::None,EWeaponInfoRank::None,EWeaponCategory::None,EWeaponSlayerEnemyType::None,0,0,0,0,0,0,0,0,0,EWeaponSizeInfo::Medium,空き枠,空き枠,0
Sub_WPN_Wp00062,10062,,0,/Game/Character/weapon/Blueprint/wp00000/BP_WpEmpty.uasset,0,0,0,0,0,0,EWeaponAttackIntervalType::None,EWeaponAttackType::None,EWeaponAtkTaeget::None,0,0,0,EWeaponKind::Main,EWeaponHoldType::One,EAttachType::Hand,0,ESideTrgAct::None,0,0,0,0,0,0.05,0,0,0,0,0.1,0,0,EDecBulletType::None,EWeaponReloadType::Reset,0,0,0,0,0,0,0,0,0,0,ECustomReloadType::None,0,0,0,0,0,0,0,0,0,0,-1,-1,-1,0,0,0,0,EBuddyWeaponType::None,0,EHoldWeaponType::None,0.35,ERecoilMotionType::Small,ERecoilMoveTiming::None,ERecoilMovePower::None,EShotCharaEffect::None,None,EShakeType::None,1,1,0,0,0,0,0,0,0,0,0,0,0,0,0,0,0,0,0,0,0,0,EWeaponMaker::None,EWeaponIcon::None,EWeaponInfoTriggerType::None,EWeaponInfo::None,EWeaponInfo::None,EWeaponInfo::None,EWeaponInfo::None,EWeaponInfo::None,EWeaponInfoScoreEvaluation::None,EWeaponInfoRank::None,EWeaponInfoRank::None,EWeaponInfoRank::None,EWeaponInfoRank::None,EWeaponInfoRank::None,EWeaponInfoRank::None,EWeaponInfoRank::None,EWeaponCategory::None,EWeaponSlayerEnemyType::None,0,0,0,0,0,0,0,0,0,EWeaponSizeInfo::Medium,空き枠,空き枠,0
Sub_WPN_Wp00063,10063,,0,/Game/Character/weapon/Blueprint/wp00000/BP_WpEmpty.uasset,0,0,0,0,0,0,EWeaponAttackIntervalType::None,EWeaponAttackType::None,EWeaponAtkTaeget::None,0,0,0,EWeaponKind::Main,EWeaponHoldType::One,EAttachType::Hand,0,ESideTrgAct::None,0,0,0,0,0,0.05,0,0,0,0,0.1,0,0,EDecBulletType::None,EWeaponReloadType::Reset,0,0,0,0,0,0,0,0,0,0,ECustomReloadType::None,0,0,0,0,0,0,0,0,0,0,-1,-1,-1,0,0,0,0,EBuddyWeaponType::None,0,EHoldWeaponType::None,0.35,ERecoilMotionType::Small,ERecoilMoveTiming::None,ERecoilMovePower::None,EShotCharaEffect::None,None,EShakeType::None,1,1,0,0,0,0,0,0,0,0,0,0,0,0,0,0,0,0,0,0,0,0,EWeaponMaker::None,EWeaponIcon::None,EWeaponInfoTriggerType::None,EWeaponInfo::None,EWeaponInfo::None,EWeaponInfo::None,EWeaponInfo::None,EWeaponInfo::None,EWeaponInfoScoreEvaluation::None,EWeaponInfoRank::None,EWeaponInfoRank::None,EWeaponInfoRank::None,EWeaponInfoRank::None,EWeaponInfoRank::None,EWeaponInfoRank::None,EWeaponInfoRank::None,EWeaponCategory::None,EWeaponSlayerEnemyType::None,0,0,0,0,0,0,0,0,0,EWeaponSizeInfo::Medium,空き枠,空き枠,0
Sub_WPN_Wp00064,10064,,0,/Game/Character/weapon/Blueprint/wp00000/BP_WpEmpty.uasset,0,0,0,0,0,0,EWeaponAttackIntervalType::None,EWeaponAttackType::None,EWeaponAtkTaeget::None,0,0,0,EWeaponKind::Main,EWeaponHoldType::One,EAttachType::Hand,0,ESideTrgAct::None,0,0,0,0,0,0.05,0,0,0,0,0.1,0,0,EDecBulletType::None,EWeaponReloadType::Reset,0,0,0,0,0,0,0,0,0,0,ECustomReloadType::None,0,0,0,0,0,0,0,0,0,0,-1,-1,-1,0,0,0,0,EBuddyWeaponType::None,0,EHoldWeaponType::None,0.35,ERecoilMotionType::Small,ERecoilMoveTiming::None,ERecoilMovePower::None,EShotCharaEffect::None,None,EShakeType::None,1,1,0,0,0,0,0,0,0,0,0,0,0,0,0,0,0,0,0,0,0,0,EWeaponMaker::None,EWeaponIcon::None,EWeaponInfoTriggerType::None,EWeaponInfo::None,EWeaponInfo::None,EWeaponInfo::None,EWeaponInfo::None,EWeaponInfo::None,EWeaponInfoScoreEvaluation::None,EWeaponInfoRank::None,EWeaponInfoRank::None,EWeaponInfoRank::None,EWeaponInfoRank::None,EWeaponInfoRank::None,EWeaponInfoRank::None,EWeaponInfoRank::None,EWeaponCategory::None,EWeaponSlayerEnemyType::None,0,0,0,0,0,0,0,0,0,EWeaponSizeInfo::Medium,空き枠,空き枠,0
Sub_WPN_Wp00065,10065,,0,/Game/Character/weapon/Blueprint/wp00000/BP_WpEmpty.uasset,0,0,0,0,0,0,EWeaponAttackIntervalType::None,EWeaponAttackType::None,EWeaponAtkTaeget::None,0,0,0,EWeaponKind::Main,EWeaponHoldType::One,EAttachType::Hand,0,ESideTrgAct::None,0,0,0,0,0,0.05,0,0,0,0,0.1,0,0,EDecBulletType::None,EWeaponReloadType::Reset,0,0,0,0,0,0,0,0,0,0,ECustomReloadType::None,0,0,0,0,0,0,0,0,0,0,-1,-1,-1,0,0,0,0,EBuddyWeaponType::None,0,EHoldWeaponType::None,0.35,ERecoilMotionType::Small,ERecoilMoveTiming::None,ERecoilMovePower::None,EShotCharaEffect::None,None,EShakeType::None,1,1,0,0,0,0,0,0,0,0,0,0,0,0,0,0,0,0,0,0,0,0,EWeaponMaker::None,EWeaponIcon::None,EWeaponInfoTriggerType::None,EWeaponInfo::None,EWeaponInfo::None,EWeaponInfo::None,EWeaponInfo::None,EWeaponInfo::None,EWeaponInfoScoreEvaluation::None,EWeaponInfoRank::None,EWeaponInfoRank::None,EWeaponInfoRank::None,EWeaponInfoRank::None,EWeaponInfoRank::None,EWeaponInfoRank::None,EWeaponInfoRank::None,EWeaponCategory::None,EWeaponSlayerEnemyType::None,0,0,0,0,0,0,0,0,0,EWeaponSizeInfo::Medium,空き枠,空き枠,0
Sub_WPN_Wp00066,10066,,0,/Game/Character/weapon/Blueprint/wp00000/BP_WpEmpty.uasset,0,0,0,0,0,0,EWeaponAttackIntervalType::None,EWeaponAttackType::None,EWeaponAtkTaeget::None,0,0,0,EWeaponKind::Main,EWeaponHoldType::One,EAttachType::Hand,0,ESideTrgAct::None,0,0,0,0,0,0.05,0,0,0,0,0.1,0,0,EDecBulletType::None,EWeaponReloadType::Reset,0,0,0,0,0,0,0,0,0,0,ECustomReloadType::None,0,0,0,0,0,0,0,0,0,0,-1,-1,-1,0,0,0,0,EBuddyWeaponType::None,0,EHoldWeaponType::None,0.35,ERecoilMotionType::Small,ERecoilMoveTiming::None,ERecoilMovePower::None,EShotCharaEffect::None,None,EShakeType::None,1,1,0,0,0,0,0,0,0,0,0,0,0,0,0,0,0,0,0,0,0,0,EWeaponMaker::None,EWeaponIcon::None,EWeaponInfoTriggerType::None,EWeaponInfo::None,EWeaponInfo::None,EWeaponInfo::None,EWeaponInfo::None,EWeaponInfo::None,EWeaponInfoScoreEvaluation::None,EWeaponInfoRank::None,EWeaponInfoRank::None,EWeaponInfoRank::None,EWeaponInfoRank::None,EWeaponInfoRank::None,EWeaponInfoRank::None,EWeaponInfoRank::None,EWeaponCategory::None,EWeaponSlayerEnemyType::None,0,0,0,0,0,0,0,0,0,EWeaponSizeInfo::Medium,空き枠,空き枠,0
Sub_WPN_Wp00067,10067,,0,/Game/Character/weapon/Blueprint/wp00000/BP_WpEmpty.uasset,0,0,0,0,0,0,EWeaponAttackIntervalType::None,EWeaponAttackType::None,EWeaponAtkTaeget::None,0,0,0,EWeaponKind::Main,EWeaponHoldType::One,EAttachType::Hand,0,ESideTrgAct::None,0,0,0,0,0,0.05,0,0,0,0,0.1,0,0,EDecBulletType::None,EWeaponReloadType::Reset,0,0,0,0,0,0,0,0,0,0,ECustomReloadType::None,0,0,0,0,0,0,0,0,0,0,-1,-1,-1,0,0,0,0,EBuddyWeaponType::None,0,EHoldWeaponType::None,0.35,ERecoilMotionType::Small,ERecoilMoveTiming::None,ERecoilMovePower::None,EShotCharaEffect::None,None,EShakeType::None,1,1,0,0,0,0,0,0,0,0,0,0,0,0,0,0,0,0,0,0,0,0,EWeaponMaker::None,EWeaponIcon::None,EWeaponInfoTriggerType::None,EWeaponInfo::None,EWeaponInfo::None,EWeaponInfo::None,EWeaponInfo::None,EWeaponInfo::None,EWeaponInfoScoreEvaluation::None,EWeaponInfoRank::None,EWeaponInfoRank::None,EWeaponInfoRank::None,EWeaponInfoRank::None,EWeaponInfoRank::None,EWeaponInfoRank::None,EWeaponInfoRank::None,EWeaponCategory::None,EWeaponSlayerEnemyType::None,0,0,0,0,0,0,0,0,0,EWeaponSizeInfo::Medium,空き枠,空き枠,0
Sub_WPN_Wp00068,10068,,0,/Game/Character/weapon/Blueprint/wp00000/BP_WpEmpty.uasset,0,0,0,0,0,0,EWeaponAttackIntervalType::None,EWeaponAttackType::None,EWeaponAtkTaeget::None,0,0,0,EWeaponKind::Main,EWeaponHoldType::One,EAttachType::Hand,0,ESideTrgAct::None,0,0,0,0,0,0.05,0,0,0,0,0.1,0,0,EDecBulletType::None,EWeaponReloadType::Reset,0,0,0,0,0,0,0,0,0,0,ECustomReloadType::None,0,0,0,0,0,0,0,0,0,0,-1,-1,-1,0,0,0,0,EBuddyWeaponType::None,0,EHoldWeaponType::None,0.35,ERecoilMotionType::Small,ERecoilMoveTiming::None,ERecoilMovePower::None,EShotCharaEffect::None,None,EShakeType::None,1,1,0,0,0,0,0,0,0,0,0,0,0,0,0,0,0,0,0,0,0,0,EWeaponMaker::None,EWeaponIcon::None,EWeaponInfoTriggerType::None,EWeaponInfo::None,EWeaponInfo::None,EWeaponInfo::None,EWeaponInfo::None,EWeaponInfo::None,EWeaponInfoScoreEvaluation::None,EWeaponInfoRank::None,EWeaponInfoRank::None,EWeaponInfoRank::None,EWeaponInfoRank::None,EWeaponInfoRank::None,EWeaponInfoRank::None,EWeaponInfoRank::None,EWeaponCategory::None,EWeaponSlayerEnemyType::None,0,0,0,0,0,0,0,0,0,EWeaponSizeInfo::Medium,空き枠,空き枠,0
Sub_WPN_Wp00069,10069,,0,/Game/Character/weapon/Blueprint/wp00000/BP_WpEmpty.uasset,0,0,0,0,0,0,EWeaponAttackIntervalType::None,EWeaponAttackType::None,EWeaponAtkTaeget::None,0,0,0,EWeaponKind::Main,EWeaponHoldType::One,EAttachType::Hand,0,ESideTrgAct::None,0,0,0,0,0,0.05,0,0,0,0,0.1,0,0,EDecBulletType::None,EWeaponReloadType::Reset,0,0,0,0,0,0,0,0,0,0,ECustomReloadType::None,0,0,0,0,0,0,0,0,0,0,-1,-1,-1,0,0,0,0,EBuddyWeaponType::None,0,EHoldWeaponType::None,0.35,ERecoilMotionType::Small,ERecoilMoveTiming::None,ERecoilMovePower::None,EShotCharaEffect::None,None,EShakeType::None,1,1,0,0,0,0,0,0,0,0,0,0,0,0,0,0,0,0,0,0,0,0,EWeaponMaker::None,EWeaponIcon::None,EWeaponInfoTriggerType::None,EWeaponInfo::None,EWeaponInfo::None,EWeaponInfo::None,EWeaponInfo::None,EWeaponInfo::None,EWeaponInfoScoreEvaluation::None,EWeaponInfoRank::None,EWeaponInfoRank::None,EWeaponInfoRank::None,EWeaponInfoRank::None,EWeaponInfoRank::None,EWeaponInfoRank::None,EWeaponInfoRank::None,EWeaponCategory::None,EWeaponSlayerEnemyType::None,0,0,0,0,0,0,0,0,0,EWeaponSizeInfo::Medium,空き枠,空き枠,0
Sub_WPN_Wp00070,10070,,0,/Game/Character/weapon/Blueprint/wp00000/BP_WpEmpty.uasset,0,0,0,0,0,0,EWeaponAttackIntervalType::None,EWeaponAttackType::None,EWeaponAtkTaeget::None,0,0,0,EWeaponKind::Main,EWeaponHoldType::One,EAttachType::Hand,0,ESideTrgAct::None,0,0,0,0,0,0.05,0,0,0,0,0.1,0,0,EDecBulletType::None,EWeaponReloadType::Reset,0,0,0,0,0,0,0,0,0,0,ECustomReloadType::None,0,0,0,0,0,0,0,0,0,0,-1,-1,-1,0,0,0,0,EBuddyWeaponType::None,0,EHoldWeaponType::None,0.35,ERecoilMotionType::Small,ERecoilMoveTiming::None,ERecoilMovePower::None,EShotCharaEffect::None,None,EShakeType::None,1,1,0,0,0,0,0,0,0,0,0,0,0,0,0,0,0,0,0,0,0,0,EWeaponMaker::None,EWeaponIcon::None,EWeaponInfoTriggerType::None,EWeaponInfo::None,EWeaponInfo::None,EWeaponInfo::None,EWeaponInfo::None,EWeaponInfo::None,EWeaponInfoScoreEvaluation::None,EWeaponInfoRank::None,EWeaponInfoRank::None,EWeaponInfoRank::None,EWeaponInfoRank::None,EWeaponInfoRank::None,EWeaponInfoRank::None,EWeaponInfoRank::None,EWeaponCategory::None,EWeaponSlayerEnemyType::None,0,0,0,0,0,0,0,0,0,EWeaponSizeInfo::Medium,空き枠,空き枠,0
Sub_WPN_Wp00071,10071,,0,/Game/Character/weapon/Blueprint/wp00000/BP_WpEmpty.uasset,0,0,0,0,0,0,EWeaponAttackIntervalType::None,EWeaponAttackType::None,EWeaponAtkTaeget::None,0,0,0,EWeaponKind::Main,EWeaponHoldType::One,EAttachType::Hand,0,ESideTrgAct::None,0,0,0,0,0,0.05,0,0,0,0,0.1,0,0,EDecBulletType::None,EWeaponReloadType::Reset,0,0,0,0,0,0,0,0,0,0,ECustomReloadType::None,0,0,0,0,0,0,0,0,0,0,-1,-1,-1,0,0,0,0,EBuddyWeaponType::None,0,EHoldWeaponType::None,0.35,ERecoilMotionType::Small,ERecoilMoveTiming::None,ERecoilMovePower::None,EShotCharaEffect::None,None,EShakeType::None,1,1,0,0,0,0,0,0,0,0,0,0,0,0,0,0,0,0,0,0,0,0,EWeaponMaker::None,EWeaponIcon::None,EWeaponInfoTriggerType::None,EWeaponInfo::None,EWeaponInfo::None,EWeaponInfo::None,EWeaponInfo::None,EWeaponInfo::None,EWeaponInfoScoreEvaluation::None,EWeaponInfoRank::None,EWeaponInfoRank::None,EWeaponInfoRank::None,EWeaponInfoRank::None,EWeaponInfoRank::None,EWeaponInfoRank::None,EWeaponInfoRank::None,EWeaponCategory::None,EWeaponSlayerEnemyType::None,0,0,0,0,0,0,0,0,0,EWeaponSizeInfo::Medium,空き枠,空き枠,0
Sub_WPN_Wp00072,10072,,0,/Game/Character/weapon/Blueprint/wp00000/BP_WpEmpty.uasset,0,0,0,0,0,0,EWeaponAttackIntervalType::None,EWeaponAttackType::None,EWeaponAtkTaeget::None,0,0,0,EWeaponKind::Main,EWeaponHoldType::One,EAttachType::Hand,0,ESideTrgAct::None,0,0,0,0,0,0.05,0,0,0,0,0.1,0,0,EDecBulletType::None,EWeaponReloadType::Reset,0,0,0,0,0,0,0,0,0,0,ECustomReloadType::None,0,0,0,0,0,0,0,0,0,0,-1,-1,-1,0,0,0,0,EBuddyWeaponType::None,0,EHoldWeaponType::None,0.35,ERecoilMotionType::Small,ERecoilMoveTiming::None,ERecoilMovePower::None,EShotCharaEffect::None,None,EShakeType::None,1,1,0,0,0,0,0,0,0,0,0,0,0,0,0,0,0,0,0,0,0,0,EWeaponMaker::None,EWeaponIcon::None,EWeaponInfoTriggerType::None,EWeaponInfo::None,EWeaponInfo::None,EWeaponInfo::None,EWeaponInfo::None,EWeaponInfo::None,EWeaponInfoScoreEvaluation::None,EWeaponInfoRank::None,EWeaponInfoRank::None,EWeaponInfoRank::None,EWeaponInfoRank::None,EWeaponInfoRank::None,EWeaponInfoRank::None,EWeaponInfoRank::None,EWeaponCategory::None,EWeaponSlayerEnemyType::None,0,0,0,0,0,0,0,0,0,EWeaponSizeInfo::Medium,空き枠,空き枠,0
Sub_WPN_Wp00073,10073,,0,/Game/Character/weapon/Blueprint/wp00000/BP_WpEmpty.uasset,0,0,0,0,0,0,EWeaponAttackIntervalType::None,EWeaponAttackType::None,EWeaponAtkTaeget::None,0,0,0,EWeaponKind::Main,EWeaponHoldType::One,EAttachType::Hand,0,ESideTrgAct::None,0,0,0,0,0,0.05,0,0,0,0,0.1,0,0,EDecBulletType::None,EWeaponReloadType::Reset,0,0,0,0,0,0,0,0,0,0,ECustomReloadType::None,0,0,0,0,0,0,0,0,0,0,-1,-1,-1,0,0,0,0,EBuddyWeaponType::None,0,EHoldWeaponType::None,0.35,ERecoilMotionType::Small,ERecoilMoveTiming::None,ERecoilMovePower::None,EShotCharaEffect::None,None,EShakeType::None,1,1,0,0,0,0,0,0,0,0,0,0,0,0,0,0,0,0,0,0,0,0,EWeaponMaker::None,EWeaponIcon::None,EWeaponInfoTriggerType::None,EWeaponInfo::None,EWeaponInfo::None,EWeaponInfo::None,EWeaponInfo::None,EWeaponInfo::None,EWeaponInfoScoreEvaluation::None,EWeaponInfoRank::None,EWeaponInfoRank::None,EWeaponInfoRank::None,EWeaponInfoRank::None,EWeaponInfoRank::None,EWeaponInfoRank::None,EWeaponInfoRank::None,EWeaponCategory::None,EWeaponSlayerEnemyType::None,0,0,0,0,0,0,0,0,0,EWeaponSizeInfo::Medium,空き枠,空き枠,0
Sub_WPN_Wp00074,10074,,0,/Game/Character/weapon/Blueprint/wp00000/BP_WpEmpty.uasset,0,0,0,0,0,0,EWeaponAttackIntervalType::None,EWeaponAttackType::None,EWeaponAtkTaeget::None,0,0,0,EWeaponKind::Main,EWeaponHoldType::One,EAttachType::Hand,0,ESideTrgAct::None,0,0,0,0,0,0.05,0,0,0,0,0.1,0,0,EDecBulletType::None,EWeaponReloadType::Reset,0,0,0,0,0,0,0,0,0,0,ECustomReloadType::None,0,0,0,0,0,0,0,0,0,0,-1,-1,-1,0,0,0,0,EBuddyWeaponType::None,0,EHoldWeaponType::None,0.35,ERecoilMotionType::Small,ERecoilMoveTiming::None,ERecoilMovePower::None,EShotCharaEffect::None,None,EShakeType::None,1,1,0,0,0,0,0,0,0,0,0,0,0,0,0,0,0,0,0,0,0,0,EWeaponMaker::None,EWeaponIcon::None,EWeaponInfoTriggerType::None,EWeaponInfo::None,EWeaponInfo::None,EWeaponInfo::None,EWeaponInfo::None,EWeaponInfo::None,EWeaponInfoScoreEvaluation::None,EWeaponInfoRank::None,EWeaponInfoRank::None,EWeaponInfoRank::None,EWeaponInfoRank::None,EWeaponInfoRank::None,EWeaponInfoRank::None,EWeaponInfoRank::None,EWeaponCategory::None,EWeaponSlayerEnemyType::None,0,0,0,0,0,0,0,0,0,EWeaponSizeInfo::Medium,空き枠,空き枠,0
Sub_WPN_Wp00075,10075,,0,/Game/Character/weapon/Blueprint/wp00000/BP_WpEmpty.uasset,0,0,0,0,0,0,EWeaponAttackIntervalType::None,EWeaponAttackType::None,EWeaponAtkTaeget::None,0,0,0,EWeaponKind::Main,EWeaponHoldType::One,EAttachType::Hand,0,ESideTrgAct::None,0,0,0,0,0,0.05,0,0,0,0,0.1,0,0,EDecBulletType::None,EWeaponReloadType::Reset,0,0,0,0,0,0,0,0,0,0,ECustomReloadType::None,0,0,0,0,0,0,0,0,0,0,-1,-1,-1,0,0,0,0,EBuddyWeaponType::None,0,EHoldWeaponType::None,0.35,ERecoilMotionType::Small,ERecoilMoveTiming::None,ERecoilMovePower::None,EShotCharaEffect::None,None,EShakeType::None,1,1,0,0,0,0,0,0,0,0,0,0,0,0,0,0,0,0,0,0,0,0,EWeaponMaker::None,EWeaponIcon::None,EWeaponInfoTriggerType::None,EWeaponInfo::None,EWeaponInfo::None,EWeaponInfo::None,EWeaponInfo::None,EWeaponInfo::None,EWeaponInfoScoreEvaluation::None,EWeaponInfoRank::None,EWeaponInfoRank::None,EWeaponInfoRank::None,EWeaponInfoRank::None,EWeaponInfoRank::None,EWeaponInfoRank::None,EWeaponInfoRank::None,EWeaponCategory::None,EWeaponSlayerEnemyType::None,0,0,0,0,0,0,0,0,0,EWeaponSizeInfo::Medium,空き枠,空き枠,0
Sub_WPN_Wp00076,10076,,0,/Game/Character/weapon/Blueprint/wp00000/BP_WpEmpty.uasset,0,0,0,0,0,0,EWeaponAttackIntervalType::None,EWeaponAttackType::None,EWeaponAtkTaeget::None,0,0,0,EWeaponKind::Main,EWeaponHoldType::One,EAttachType::Hand,0,ESideTrgAct::None,0,0,0,0,0,0.05,0,0,0,0,0.1,0,0,EDecBulletType::None,EWeaponReloadType::Reset,0,0,0,0,0,0,0,0,0,0,ECustomReloadType::None,0,0,0,0,0,0,0,0,0,0,-1,-1,-1,0,0,0,0,EBuddyWeaponType::None,0,EHoldWeaponType::None,0.35,ERecoilMotionType::Small,ERecoilMoveTiming::None,ERecoilMovePower::None,EShotCharaEffect::None,None,EShakeType::None,1,1,0,0,0,0,0,0,0,0,0,0,0,0,0,0,0,0,0,0,0,0,EWeaponMaker::None,EWeaponIcon::None,EWeaponInfoTriggerType::None,EWeaponInfo::None,EWeaponInfo::None,EWeaponInfo::None,EWeaponInfo::None,EWeaponInfo::None,EWeaponInfoScoreEvaluation::None,EWeaponInfoRank::None,EWeaponInfoRank::None,EWeaponInfoRank::None,EWeaponInfoRank::None,EWeaponInfoRank::None,EWeaponInfoRank::None,EWeaponInfoRank::None,EWeaponCategory::None,EWeaponSlayerEnemyType::None,0,0,0,0,0,0,0,0,0,EWeaponSizeInfo::Medium,空き枠,空き枠,0
Sub_WPN_Wp00077,10077,,0,/Game/Character/weapon/Blueprint/wp00000/BP_WpEmpty.uasset,0,0,0,0,0,0,EWeaponAttackIntervalType::None,EWeaponAttackType::None,EWeaponAtkTaeget::None,0,0,0,EWeaponKind::Main,EWeaponHoldType::One,EAttachType::Hand,0,ESideTrgAct::None,0,0,0,0,0,0.05,0,0,0,0,0.1,0,0,EDecBulletType::None,EWeaponReloadType::Reset,0,0,0,0,0,0,0,0,0,0,ECustomReloadType::None,0,0,0,0,0,0,0,0,0,0,-1,-1,-1,0,0,0,0,EBuddyWeaponType::None,0,EHoldWeaponType::None,0.35,ERecoilMotionType::Small,ERecoilMoveTiming::None,ERecoilMovePower::None,EShotCharaEffect::None,None,EShakeType::None,1,1,0,0,0,0,0,0,0,0,0,0,0,0,0,0,0,0,0,0,0,0,EWeaponMaker::None,EWeaponIcon::None,EWeaponInfoTriggerType::None,EWeaponInfo::None,EWeaponInfo::None,EWeaponInfo::None,EWeaponInfo::None,EWeaponInfo::None,EWeaponInfoScoreEvaluation::None,EWeaponInfoRank::None,EWeaponInfoRank::None,EWeaponInfoRank::None,EWeaponInfoRank::None,EWeaponInfoRank::None,EWeaponInfoRank::None,EWeaponInfoRank::None,EWeaponCategory::None,EWeaponSlayerEnemyType::None,0,0,0,0,0,0,0,0,0,EWeaponSizeInfo::Medium,空き枠,空き枠,0
Sub_WPN_Wp00078,10078,,0,/Game/Character/weapon/Blueprint/wp00000/BP_WpEmpty.uasset,0,0,0,0,0,0,EWeaponAttackIntervalType::None,EWeaponAttackType::None,EWeaponAtkTaeget::None,0,0,0,EWeaponKind::Main,EWeaponHoldType::One,EAttachType::Hand,0,ESideTrgAct::None,0,0,0,0,0,0.05,0,0,0,0,0.1,0,0,EDecBulletType::None,EWeaponReloadType::Reset,0,0,0,0,0,0,0,0,0,0,ECustomReloadType::None,0,0,0,0,0,0,0,0,0,0,-1,-1,-1,0,0,0,0,EBuddyWeaponType::None,0,EHoldWeaponType::None,0.35,ERecoilMotionType::Small,ERecoilMoveTiming::None,ERecoilMovePower::None,EShotCharaEffect::None,None,EShakeType::None,1,1,0,0,0,0,0,0,0,0,0,0,0,0,0,0,0,0,0,0,0,0,EWeaponMaker::None,EWeaponIcon::None,EWeaponInfoTriggerType::None,EWeaponInfo::None,EWeaponInfo::None,EWeaponInfo::None,EWeaponInfo::None,EWeaponInfo::None,EWeaponInfoScoreEvaluation::None,EWeaponInfoRank::None,EWeaponInfoRank::None,EWeaponInfoRank::None,EWeaponInfoRank::None,EWeaponInfoRank::None,EWeaponInfoRank::None,EWeaponInfoRank::None,EWeaponCategory::None,EWeaponSlayerEnemyType::None,0,0,0,0,0,0,0,0,0,EWeaponSizeInfo::Medium,空き枠,空き枠,0
Sub_WPN_Wp00079,10079,,0,/Game/Character/weapon/Blueprint/wp00000/BP_WpEmpty.uasset,0,0,0,0,0,0,EWeaponAttackIntervalType::None,EWeaponAttackType::None,EWeaponAtkTaeget::None,0,0,0,EWeaponKind::Main,EWeaponHoldType::One,EAttachType::Hand,0,ESideTrgAct::None,0,0,0,0,0,0.05,0,0,0,0,0.1,0,0,EDecBulletType::None,EWeaponReloadType::Reset,0,0,0,0,0,0,0,0,0,0,ECustomReloadType::None,0,0,0,0,0,0,0,0,0,0,-1,-1,-1,0,0,0,0,EBuddyWeaponType::None,0,EHoldWeaponType::None,0.35,ERecoilMotionType::Small,ERecoilMoveTiming::None,ERecoilMovePower::None,EShotCharaEffect::None,None,EShakeType::None,1,1,0,0,0,0,0,0,0,0,0,0,0,0,0,0,0,0,0,0,0,0,EWeaponMaker::None,EWeaponIcon::None,EWeaponInfoTriggerType::None,EWeaponInfo::None,EWeaponInfo::None,EWeaponInfo::None,EWeaponInfo::None,EWeaponInfo::None,EWeaponInfoScoreEvaluation::None,EWeaponInfoRank::None,EWeaponInfoRank::None,EWeaponInfoRank::None,EWeaponInfoRank::None,EWeaponInfoRank::None,EWeaponInfoRank::None,EWeaponInfoRank::None,EWeaponCategory::None,EWeaponSlayerEnemyType::None,0,0,0,0,0,0,0,0,0,EWeaponSizeInfo::Medium,空き枠,空き枠,0
Sub_WPN_Wp00080,10080,,0,/Game/Character/weapon/Blueprint/wp00000/BP_WpEmpty.uasset,0,0,0,0,0,0,EWeaponAttackIntervalType::None,EWeaponAttackType::None,EWeaponAtkTaeget::None,0,0,0,EWeaponKind::Main,EWeaponHoldType::One,EAttachType::Hand,0,ESideTrgAct::None,0,0,0,0,0,0.05,0,0,0,0,0.1,0,0,EDecBulletType::None,EWeaponReloadType::Reset,0,0,0,0,0,0,0,0,0,0,ECustomReloadType::None,0,0,0,0,0,0,0,0,0,0,-1,-1,-1,0,0,0,0,EBuddyWeaponType::None,0,EHoldWeaponType::None,0.35,ERecoilMotionType::Small,ERecoilMoveTiming::None,ERecoilMovePower::None,EShotCharaEffect::None,None,EShakeType::None,1,1,0,0,0,0,0,0,0,0,0,0,0,0,0,0,0,0,0,0,0,0,EWeaponMaker::None,EWeaponIcon::None,EWeaponInfoTriggerType::None,EWeaponInfo::None,EWeaponInfo::None,EWeaponInfo::None,EWeaponInfo::None,EWeaponInfo::None,EWeaponInfoScoreEvaluation::None,EWeaponInfoRank::None,EWeaponInfoRank::None,EWeaponInfoRank::None,EWeaponInfoRank::None,EWeaponInfoRank::None,EWeaponInfoRank::None,EWeaponInfoRank::None,EWeaponCategory::None,EWeaponSlayerEnemyType::None,0,0,0,0,0,0,0,0,0,EWeaponSizeInfo::Medium,空き枠,空き枠,0
Sub_WPN_Wp00081,10081,,0,/Game/Character/weapon/Blueprint/wp00000/BP_WpEmpty.uasset,0,0,0,0,0,0,EWeaponAttackIntervalType::None,EWeaponAttackType::None,EWeaponAtkTaeget::None,0,0,0,EWeaponKind::Main,EWeaponHoldType::One,EAttachType::Hand,0,ESideTrgAct::None,0,0,0,0,0,0.05,0,0,0,0,0.1,0,0,EDecBulletType::None,EWeaponReloadType::Reset,0,0,0,0,0,0,0,0,0,0,ECustomReloadType::None,0,0,0,0,0,0,0,0,0,0,-1,-1,-1,0,0,0,0,EBuddyWeaponType::None,0,EHoldWeaponType::None,0.35,ERecoilMotionType::Small,ERecoilMoveTiming::None,ERecoilMovePower::None,EShotCharaEffect::None,None,EShakeType::None,1,1,0,0,0,0,0,0,0,0,0,0,0,0,0,0,0,0,0,0,0,0,EWeaponMaker::None,EWeaponIcon::None,EWeaponInfoTriggerType::None,EWeaponInfo::None,EWeaponInfo::None,EWeaponInfo::None,EWeaponInfo::None,EWeaponInfo::None,EWeaponInfoScoreEvaluation::None,EWeaponInfoRank::None,EWeaponInfoRank::None,EWeaponInfoRank::None,EWeaponInfoRank::None,EWeaponInfoRank::None,EWeaponInfoRank::None,EWeaponInfoRank::None,EWeaponCategory::None,EWeaponSlayerEnemyType::None,0,0,0,0,0,0,0,0,0,EWeaponSizeInfo::Medium,空き枠,空き枠,0
Sub_WPN_Wp00082,10082,,0,/Game/Character/weapon/Blueprint/wp00000/BP_WpEmpty.uasset,0,0,0,0,0,0,EWeaponAttackIntervalType::None,EWeaponAttackType::None,EWeaponAtkTaeget::None,0,0,0,EWeaponKind::Main,EWeaponHoldType::One,EAttachType::Hand,0,ESideTrgAct::None,0,0,0,0,0,0.05,0,0,0,0,0.1,0,0,EDecBulletType::None,EWeaponReloadType::Reset,0,0,0,0,0,0,0,0,0,0,ECustomReloadType::None,0,0,0,0,0,0,0,0,0,0,-1,-1,-1,0,0,0,0,EBuddyWeaponType::None,0,EHoldWeaponType::None,0.35,ERecoilMotionType::Small,ERecoilMoveTiming::None,ERecoilMovePower::None,EShotCharaEffect::None,None,EShakeType::None,1,1,0,0,0,0,0,0,0,0,0,0,0,0,0,0,0,0,0,0,0,0,EWeaponMaker::None,EWeaponIcon::None,EWeaponInfoTriggerType::None,EWeaponInfo::None,EWeaponInfo::None,EWeaponInfo::None,EWeaponInfo::None,EWeaponInfo::None,EWeaponInfoScoreEvaluation::None,EWeaponInfoRank::None,EWeaponInfoRank::None,EWeaponInfoRank::None,EWeaponInfoRank::None,EWeaponInfoRank::None,EWeaponInfoRank::None,EWeaponInfoRank::None,EWeaponCategory::None,EWeaponSlayerEnemyType::None,0,0,0,0,0,0,0,0,0,EWeaponSizeInfo::Medium,空き枠,空き枠,0
Sub_WPN_Wp00083,10083,,0,/Game/Character/weapon/Blueprint/wp00000/BP_WpEmpty.uasset,0,0,0,0,0,0,EWeaponAttackIntervalType::None,EWeaponAttackType::None,EWeaponAtkTaeget::None,0,0,0,EWeaponKind::Main,EWeaponHoldType::One,EAttachType::Hand,0,ESideTrgAct::None,0,0,0,0,0,0.05,0,0,0,0,0.1,0,0,EDecBulletType::None,EWeaponReloadType::Reset,0,0,0,0,0,0,0,0,0,0,ECustomReloadType::None,0,0,0,0,0,0,0,0,0,0,-1,-1,-1,0,0,0,0,EBuddyWeaponType::None,0,EHoldWeaponType::None,0.35,ERecoilMotionType::Small,ERecoilMoveTiming::None,ERecoilMovePower::None,EShotCharaEffect::None,None,EShakeType::None,1,1,0,0,0,0,0,0,0,0,0,0,0,0,0,0,0,0,0,0,0,0,EWeaponMaker::None,EWeaponIcon::None,EWeaponInfoTriggerType::None,EWeaponInfo::None,EWeaponInfo::None,EWeaponInfo::None,EWeaponInfo::None,EWeaponInfo::None,EWeaponInfoScoreEvaluation::None,EWeaponInfoRank::None,EWeaponInfoRank::None,EWeaponInfoRank::None,EWeaponInfoRank::None,EWeaponInfoRank::None,EWeaponInfoRank::None,EWeaponInfoRank::None,EWeaponCategory::None,EWeaponSlayerEnemyType::None,0,0,0,0,0,0,0,0,0,EWeaponSizeInfo::Medium,空き枠,空き枠,0
Sub_WPN_Wp00084,10084,,0,/Game/Character/weapon/Blueprint/wp00000/BP_WpEmpty.uasset,0,0,0,0,0,0,EWeaponAttackIntervalType::None,EWeaponAttackType::None,EWeaponAtkTaeget::None,0,0,0,EWeaponKind::Main,EWeaponHoldType::One,EAttachType::Hand,0,ESideTrgAct::None,0,0,0,0,0,0.05,0,0,0,0,0.1,0,0,EDecBulletType::None,EWeaponReloadType::Reset,0,0,0,0,0,0,0,0,0,0,ECustomReloadType::None,0,0,0,0,0,0,0,0,0,0,-1,-1,-1,0,0,0,0,EBuddyWeaponType::None,0,EHoldWeaponType::None,0.35,ERecoilMotionType::Small,ERecoilMoveTiming::None,ERecoilMovePower::None,EShotCharaEffect::None,None,EShakeType::None,1,1,0,0,0,0,0,0,0,0,0,0,0,0,0,0,0,0,0,0,0,0,EWeaponMaker::None,EWeaponIcon::None,EWeaponInfoTriggerType::None,EWeaponInfo::None,EWeaponInfo::None,EWeaponInfo::None,EWeaponInfo::None,EWeaponInfo::None,EWeaponInfoScoreEvaluation::None,EWeaponInfoRank::None,EWeaponInfoRank::None,EWeaponInfoRank::None,EWeaponInfoRank::None,EWeaponInfoRank::None,EWeaponInfoRank::None,EWeaponInfoRank::None,EWeaponCategory::None,EWeaponSlayerEnemyType::None,0,0,0,0,0,0,0,0,0,EWeaponSizeInfo::Medium,空き枠,空き枠,0
Sub_WPN_Wp00085,10085,,0,/Game/Character/weapon/Blueprint/wp00000/BP_WpEmpty.uasset,0,0,0,0,0,0,EWeaponAttackIntervalType::None,EWeaponAttackType::None,EWeaponAtkTaeget::None,0,0,0,EWeaponKind::Main,EWeaponHoldType::One,EAttachType::Hand,0,ESideTrgAct::None,0,0,0,0,0,0.05,0,0,0,0,0.1,0,0,EDecBulletType::None,EWeaponReloadType::Reset,0,0,0,0,0,0,0,0,0,0,ECustomReloadType::None,0,0,0,0,0,0,0,0,0,0,-1,-1,-1,0,0,0,0,EBuddyWeaponType::None,0,EHoldWeaponType::None,0.35,ERecoilMotionType::Small,ERecoilMoveTiming::None,ERecoilMovePower::None,EShotCharaEffect::None,None,EShakeType::None,1,1,0,0,0,0,0,0,0,0,0,0,0,0,0,0,0,0,0,0,0,0,EWeaponMaker::None,EWeaponIcon::None,EWeaponInfoTriggerType::None,EWeaponInfo::None,EWeaponInfo::None,EWeaponInfo::None,EWeaponInfo::None,EWeaponInfo::None,EWeaponInfoScoreEvaluation::None,EWeaponInfoRank::None,EWeaponInfoRank::None,EWeaponInfoRank::None,EWeaponInfoRank::None,EWeaponInfoRank::None,EWeaponInfoRank::None,EWeaponInfoRank::None,EWeaponCategory::None,EWeaponSlayerEnemyType::None,0,0,0,0,0,0,0,0,0,EWeaponSizeInfo::Medium,空き枠,空き枠,0
Sub_WPN_Wp00086,10086,,0,/Game/Character/weapon/Blueprint/wp00000/BP_WpEmpty.uasset,0,0,0,0,0,0,EWeaponAttackIntervalType::None,EWeaponAttackType::None,EWeaponAtkTaeget::None,0,0,0,EWeaponKind::Main,EWeaponHoldType::One,EAttachType::Hand,0,ESideTrgAct::None,0,0,0,0,0,0.05,0,0,0,0,0.1,0,0,EDecBulletType::None,EWeaponReloadType::Reset,0,0,0,0,0,0,0,0,0,0,ECustomReloadType::None,0,0,0,0,0,0,0,0,0,0,-1,-1,-1,0,0,0,0,EBuddyWeaponType::None,0,EHoldWeaponType::None,0.35,ERecoilMotionType::Small,ERecoilMoveTiming::None,ERecoilMovePower::None,EShotCharaEffect::None,None,EShakeType::None,1,1,0,0,0,0,0,0,0,0,0,0,0,0,0,0,0,0,0,0,0,0,EWeaponMaker::None,EWeaponIcon::None,EWeaponInfoTriggerType::None,EWeaponInfo::None,EWeaponInfo::None,EWeaponInfo::None,EWeaponInfo::None,EWeaponInfo::None,EWeaponInfoScoreEvaluation::None,EWeaponInfoRank::None,EWeaponInfoRank::None,EWeaponInfoRank::None,EWeaponInfoRank::None,EWeaponInfoRank::None,EWeaponInfoRank::None,EWeaponInfoRank::None,EWeaponCategory::None,EWeaponSlayerEnemyType::None,0,0,0,0,0,0,0,0,0,EWeaponSizeInfo::Medium,空き枠,空き枠,0
Sub_WPN_Wp00087,10087,,0,/Game/Character/weapon/Blueprint/wp00000/BP_WpEmpty.uasset,0,0,0,0,0,0,EWeaponAttackIntervalType::None,EWeaponAttackType::None,EWeaponAtkTaeget::None,0,0,0,EWeaponKind::Main,EWeaponHoldType::One,EAttachType::Hand,0,ESideTrgAct::None,0,0,0,0,0,0.05,0,0,0,0,0.1,0,0,EDecBulletType::None,EWeaponReloadType::Reset,0,0,0,0,0,0,0,0,0,0,ECustomReloadType::None,0,0,0,0,0,0,0,0,0,0,-1,-1,-1,0,0,0,0,EBuddyWeaponType::None,0,EHoldWeaponType::None,0.35,ERecoilMotionType::Small,ERecoilMoveTiming::None,ERecoilMovePower::None,EShotCharaEffect::None,None,EShakeType::None,1,1,0,0,0,0,0,0,0,0,0,0,0,0,0,0,0,0,0,0,0,0,EWeaponMaker::None,EWeaponIcon::None,EWeaponInfoTriggerType::None,EWeaponInfo::None,EWeaponInfo::None,EWeaponInfo::None,EWeaponInfo::None,EWeaponInfo::None,EWeaponInfoScoreEvaluation::None,EWeaponInfoRank::None,EWeaponInfoRank::None,EWeaponInfoRank::None,EWeaponInfoRank::None,EWeaponInfoRank::None,EWeaponInfoRank::None,EWeaponInfoRank::None,EWeaponCategory::None,EWeaponSlayerEnemyType::None,0,0,0,0,0,0,0,0,0,EWeaponSizeInfo::Medium,空き枠,空き枠,0
Sub_WPN_Wp00088,10088,,0,/Game/Character/weapon/Blueprint/wp00000/BP_WpEmpty.uasset,0,0,0,0,0,0,EWeaponAttackIntervalType::None,EWeaponAttackType::None,EWeaponAtkTaeget::None,0,0,0,EWeaponKind::Main,EWeaponHoldType::One,EAttachType::Hand,0,ESideTrgAct::None,0,0,0,0,0,0.05,0,0,0,0,0.1,0,0,EDecBulletType::None,EWeaponReloadType::Reset,0,0,0,0,0,0,0,0,0,0,ECustomReloadType::None,0,0,0,0,0,0,0,0,0,0,-1,-1,-1,0,0,0,0,EBuddyWeaponType::None,0,EHoldWeaponType::None,0.35,ERecoilMotionType::Small,ERecoilMoveTiming::None,ERecoilMovePower::None,EShotCharaEffect::None,None,EShakeType::None,1,1,0,0,0,0,0,0,0,0,0,0,0,0,0,0,0,0,0,0,0,0,EWeaponMaker::None,EWeaponIcon::None,EWeaponInfoTriggerType::None,EWeaponInfo::None,EWeaponInfo::None,EWeaponInfo::None,EWeaponInfo::None,EWeaponInfo::None,EWeaponInfoScoreEvaluation::None,EWeaponInfoRank::None,EWeaponInfoRank::None,EWeaponInfoRank::None,EWeaponInfoRank::None,EWeaponInfoRank::None,EWeaponInfoRank::None,EWeaponInfoRank::None,EWeaponCategory::None,EWeaponSlayerEnemyType::None,0,0,0,0,0,0,0,0,0,EWeaponSizeInfo::Medium,空き枠,空き枠,0
Sub_WPN_Wp00089,10089,,0,/Game/Character/weapon/Blueprint/wp00000/BP_WpEmpty.uasset,0,0,0,0,0,0,EWeaponAttackIntervalType::None,EWeaponAttackType::None,EWeaponAtkTaeget::None,0,0,0,EWeaponKind::Main,EWeaponHoldType::One,EAttachType::Hand,0,ESideTrgAct::None,0,0,0,0,0,0.05,0,0,0,0,0.1,0,0,EDecBulletType::None,EWeaponReloadType::Reset,0,0,0,0,0,0,0,0,0,0,ECustomReloadType::None,0,0,0,0,0,0,0,0,0,0,-1,-1,-1,0,0,0,0,EBuddyWeaponType::None,0,EHoldWeaponType::None,0.35,ERecoilMotionType::Small,ERecoilMoveTiming::None,ERecoilMovePower::None,EShotCharaEffect::None,None,EShakeType::None,1,1,0,0,0,0,0,0,0,0,0,0,0,0,0,0,0,0,0,0,0,0,EWeaponMaker::None,EWeaponIcon::None,EWeaponInfoTriggerType::None,EWeaponInfo::None,EWeaponInfo::None,EWeaponInfo::None,EWeaponInfo::None,EWeaponInfo::None,EWeaponInfoScoreEvaluation::None,EWeaponInfoRank::None,EWeaponInfoRank::None,EWeaponInfoRank::None,EWeaponInfoRank::None,EWeaponInfoRank::None,EWeaponInfoRank::None,EWeaponInfoRank::None,EWeaponCategory::None,EWeaponSlayerEnemyType::None,0,0,0,0,0,0,0,0,0,EWeaponSizeInfo::Medium,空き枠,空き枠,0
Sub_WPN_Wp00090,10090,,0,/Game/Character/weapon/Blueprint/wp00000/BP_WpEmpty.uasset,0,0,0,0,0,0,EWeaponAttackIntervalType::None,EWeaponAttackType::None,EWeaponAtkTaeget::None,0,0,0,EWeaponKind::Main,EWeaponHoldType::One,EAttachType::Hand,0,ESideTrgAct::None,0,0,0,0,0,0.05,0,0,0,0,0.1,0,0,EDecBulletType::None,EWeaponReloadType::Reset,0,0,0,0,0,0,0,0,0,0,ECustomReloadType::None,0,0,0,0,0,0,0,0,0,0,-1,-1,-1,0,0,0,0,EBuddyWeaponType::None,0,EHoldWeaponType::None,0.35,ERecoilMotionType::Small,ERecoilMoveTiming::None,ERecoilMovePower::None,EShotCharaEffect::None,None,EShakeType::None,1,1,0,0,0,0,0,0,0,0,0,0,0,0,0,0,0,0,0,0,0,0,EWeaponMaker::None,EWeaponIcon::None,EWeaponInfoTriggerType::None,EWeaponInfo::None,EWeaponInfo::None,EWeaponInfo::None,EWeaponInfo::None,EWeaponInfo::None,EWeaponInfoScoreEvaluation::None,EWeaponInfoRank::None,EWeaponInfoRank::None,EWeaponInfoRank::None,EWeaponInfoRank::None,EWeaponInfoRank::None,EWeaponInfoRank::None,EWeaponInfoRank::None,EWeaponCategory::None,EWeaponSlayerEnemyType::None,0,0,0,0,0,0,0,0,0,EWeaponSizeInfo::Medium,空き枠,空き枠,0
Sub_WPN_Wp00091,10091,,0,/Game/Character/weapon/Blueprint/wp00000/BP_WpEmpty.uasset,0,0,0,0,0,0,EWeaponAttackIntervalType::None,EWeaponAttackType::None,EWeaponAtkTaeget::None,0,0,0,EWeaponKind::Main,EWeaponHoldType::One,EAttachType::Hand,0,ESideTrgAct::None,0,0,0,0,0,0.05,0,0,0,0,0.1,0,0,EDecBulletType::None,EWeaponReloadType::Reset,0,0,0,0,0,0,0,0,0,0,ECustomReloadType::None,0,0,0,0,0,0,0,0,0,0,-1,-1,-1,0,0,0,0,EBuddyWeaponType::None,0,EHoldWeaponType::None,0.35,ERecoilMotionType::Small,ERecoilMoveTiming::None,ERecoilMovePower::None,EShotCharaEffect::None,None,EShakeType::None,1,1,0,0,0,0,0,0,0,0,0,0,0,0,0,0,0,0,0,0,0,0,EWeaponMaker::None,EWeaponIcon::None,EWeaponInfoTriggerType::None,EWeaponInfo::None,EWeaponInfo::None,EWeaponInfo::None,EWeaponInfo::None,EWeaponInfo::None,EWeaponInfoScoreEvaluation::None,EWeaponInfoRank::None,EWeaponInfoRank::None,EWeaponInfoRank::None,EWeaponInfoRank::None,EWeaponInfoRank::None,EWeaponInfoRank::None,EWeaponInfoRank::None,EWeaponCategory::None,EWeaponSlayerEnemyType::None,0,0,0,0,0,0,0,0,0,EWeaponSizeInfo::Medium,空き枠,空き枠,0
Sub_WPN_Wp00092,10092,,0,/Game/Character/weapon/Blueprint/wp00000/BP_WpEmpty.uasset,0,0,0,0,0,0,EWeaponAttackIntervalType::None,EWeaponAttackType::None,EWeaponAtkTaeget::None,0,0,0,EWeaponKind::Main,EWeaponHoldType::One,EAttachType::Hand,0,ESideTrgAct::None,0,0,0,0,0,0.05,0,0,0,0,0.1,0,0,EDecBulletType::None,EWeaponReloadType::Reset,0,0,0,0,0,0,0,0,0,0,ECustomReloadType::None,0,0,0,0,0,0,0,0,0,0,-1,-1,-1,0,0,0,0,EBuddyWeaponType::None,0,EHoldWeaponType::None,0.35,ERecoilMotionType::Small,ERecoilMoveTiming::None,ERecoilMovePower::None,EShotCharaEffect::None,None,EShakeType::None,1,1,0,0,0,0,0,0,0,0,0,0,0,0,0,0,0,0,0,0,0,0,EWeaponMaker::None,EWeaponIcon::None,EWeaponInfoTriggerType::None,EWeaponInfo::None,EWeaponInfo::None,EWeaponInfo::None,EWeaponInfo::None,EWeaponInfo::None,EWeaponInfoScoreEvaluation::None,EWeaponInfoRank::None,EWeaponInfoRank::None,EWeaponInfoRank::None,EWeaponInfoRank::None,EWeaponInfoRank::None,EWeaponInfoRank::None,EWeaponInfoRank::None,EWeaponCategory::None,EWeaponSlayerEnemyType::None,0,0,0,0,0,0,0,0,0,EWeaponSizeInfo::Medium,空き枠,空き枠,0
Sub_WPN_Wp00093,10093,,0,/Game/Character/weapon/Blueprint/wp00000/BP_WpEmpty.uasset,0,0,0,0,0,0,EWeaponAttackIntervalType::None,EWeaponAttackType::None,EWeaponAtkTaeget::None,0,0,0,EWeaponKind::Main,EWeaponHoldType::One,EAttachType::Hand,0,ESideTrgAct::None,0,0,0,0,0,0.05,0,0,0,0,0.1,0,0,EDecBulletType::None,EWeaponReloadType::Reset,0,0,0,0,0,0,0,0,0,0,ECustomReloadType::None,0,0,0,0,0,0,0,0,0,0,-1,-1,-1,0,0,0,0,EBuddyWeaponType::None,0,EHoldWeaponType::None,0.35,ERecoilMotionType::Small,ERecoilMoveTiming::None,ERecoilMovePower::None,EShotCharaEffect::None,None,EShakeType::None,1,1,0,0,0,0,0,0,0,0,0,0,0,0,0,0,0,0,0,0,0,0,EWeaponMaker::None,EWeaponIcon::None,EWeaponInfoTriggerType::None,EWeaponInfo::None,EWeaponInfo::None,EWeaponInfo::None,EWeaponInfo::None,EWeaponInfo::None,EWeaponInfoScoreEvaluation::None,EWeaponInfoRank::None,EWeaponInfoRank::None,EWeaponInfoRank::None,EWeaponInfoRank::None,EWeaponInfoRank::None,EWeaponInfoRank::None,EWeaponInfoRank::None,EWeaponCategory::None,EWeaponSlayerEnemyType::None,0,0,0,0,0,0,0,0,0,EWeaponSizeInfo::Medium,空き枠,空き枠,0
Sub_WPN_Wp00094,10094,,0,/Game/Character/weapon/Blueprint/wp00000/BP_WpEmpty.uasset,0,0,0,0,0,0,EWeaponAttackIntervalType::None,EWeaponAttackType::None,EWeaponAtkTaeget::None,0,0,0,EWeaponKind::Main,EWeaponHoldType::One,EAttachType::Hand,0,ESideTrgAct::None,0,0,0,0,0,0.05,0,0,0,0,0.1,0,0,EDecBulletType::None,EWeaponReloadType::Reset,0,0,0,0,0,0,0,0,0,0,ECustomReloadType::None,0,0,0,0,0,0,0,0,0,0,-1,-1,-1,0,0,0,0,EBuddyWeaponType::None,0,EHoldWeaponType::None,0.35,ERecoilMotionType::Small,ERecoilMoveTiming::None,ERecoilMovePower::None,EShotCharaEffect::None,None,EShakeType::None,1,1,0,0,0,0,0,0,0,0,0,0,0,0,0,0,0,0,0,0,0,0,EWeaponMaker::None,EWeaponIcon::None,EWeaponInfoTriggerType::None,EWeaponInfo::None,EWeaponInfo::None,EWeaponInfo::None,EWeaponInfo::None,EWeaponInfo::None,EWeaponInfoScoreEvaluation::None,EWeaponInfoRank::None,EWeaponInfoRank::None,EWeaponInfoRank::None,EWeaponInfoRank::None,EWeaponInfoRank::None,EWeaponInfoRank::None,EWeaponInfoRank::None,EWeaponCategory::None,EWeaponSlayerEnemyType::None,0,0,0,0,0,0,0,0,0,EWeaponSizeInfo::Medium,空き枠,空き枠,0
Sub_WPN_Wp00095,10095,,0,/Game/Character/weapon/Blueprint/wp00000/BP_WpEmpty.uasset,0,0,0,0,0,0,EWeaponAttackIntervalType::None,EWeaponAttackType::None,EWeaponAtkTaeget::None,0,0,0,EWeaponKind::Main,EWeaponHoldType::One,EAttachType::Hand,0,ESideTrgAct::None,0,0,0,0,0,0.05,0,0,0,0,0.1,0,0,EDecBulletType::None,EWeaponReloadType::Reset,0,0,0,0,0,0,0,0,0,0,ECustomReloadType::None,0,0,0,0,0,0,0,0,0,0,-1,-1,-1,0,0,0,0,EBuddyWeaponType::None,0,EHoldWeaponType::None,0.35,ERecoilMotionType::Small,ERecoilMoveTiming::None,ERecoilMovePower::None,EShotCharaEffect::None,None,EShakeType::None,1,1,0,0,0,0,0,0,0,0,0,0,0,0,0,0,0,0,0,0,0,0,EWeaponMaker::None,EWeaponIcon::None,EWeaponInfoTriggerType::None,EWeaponInfo::None,EWeaponInfo::None,EWeaponInfo::None,EWeaponInfo::None,EWeaponInfo::None,EWeaponInfoScoreEvaluation::None,EWeaponInfoRank::None,EWeaponInfoRank::None,EWeaponInfoRank::None,EWeaponInfoRank::None,EWeaponInfoRank::None,EWeaponInfoRank::None,EWeaponInfoRank::None,EWeaponCategory::None,EWeaponSlayerEnemyType::None,0,0,0,0,0,0,0,0,0,EWeaponSizeInfo::Medium,空き枠,空き枠,0
Sub_WPN_Wp00096,10096,,0,/Game/Character/weapon/Blueprint/wp00000/BP_WpEmpty.uasset,0,0,0,0,0,0,EWeaponAttackIntervalType::None,EWeaponAttackType::None,EWeaponAtkTaeget::None,0,0,0,EWeaponKind::Main,EWeaponHoldType::One,EAttachType::Hand,0,ESideTrgAct::None,0,0,0,0,0,0.05,0,0,0,0,0.1,0,0,EDecBulletType::None,EWeaponReloadType::Reset,0,0,0,0,0,0,0,0,0,0,ECustomReloadType::None,0,0,0,0,0,0,0,0,0,0,-1,-1,-1,0,0,0,0,EBuddyWeaponType::None,0,EHoldWeaponType::None,0.35,ERecoilMotionType::Small,ERecoilMoveTiming::None,ERecoilMovePower::None,EShotCharaEffect::None,None,EShakeType::None,1,1,0,0,0,0,0,0,0,0,0,0,0,0,0,0,0,0,0,0,0,0,EWeaponMaker::None,EWeaponIcon::None,EWeaponInfoTriggerType::None,EWeaponInfo::None,EWeaponInfo::None,EWeaponInfo::None,EWeaponInfo::None,EWeaponInfo::None,EWeaponInfoScoreEvaluation::None,EWeaponInfoRank::None,EWeaponInfoRank::None,EWeaponInfoRank::None,EWeaponInfoRank::None,EWeaponInfoRank::None,EWeaponInfoRank::None,EWeaponInfoRank::None,EWeaponCategory::None,EWeaponSlayerEnemyType::None,0,0,0,0,0,0,0,0,0,EWeaponSizeInfo::Medium,空き枠,空き枠,0
Sub_WPN_Wp00097,10097,,0,/Game/Character/weapon/Blueprint/wp00000/BP_WpEmpty.uasset,0,0,0,0,0,0,EWeaponAttackIntervalType::None,EWeaponAttackType::None,EWeaponAtkTaeget::None,0,0,0,EWeaponKind::Main,EWeaponHoldType::One,EAttachType::Hand,0,ESideTrgAct::None,0,0,0,0,0,0.05,0,0,0,0,0.1,0,0,EDecBulletType::None,EWeaponReloadType::Reset,0,0,0,0,0,0,0,0,0,0,ECustomReloadType::None,0,0,0,0,0,0,0,0,0,0,-1,-1,-1,0,0,0,0,EBuddyWeaponType::None,0,EHoldWeaponType::None,0.35,ERecoilMotionType::Small,ERecoilMoveTiming::None,ERecoilMovePower::None,EShotCharaEffect::None,None,EShakeType::None,1,1,0,0,0,0,0,0,0,0,0,0,0,0,0,0,0,0,0,0,0,0,EWeaponMaker::None,EWeaponIcon::None,EWeaponInfoTriggerType::None,EWeaponInfo::None,EWeaponInfo::None,EWeaponInfo::None,EWeaponInfo::None,EWeaponInfo::None,EWeaponInfoScoreEvaluation::None,EWeaponInfoRank::None,EWeaponInfoRank::None,EWeaponInfoRank::None,EWeaponInfoRank::None,EWeaponInfoRank::None,EWeaponInfoRank::None,EWeaponInfoRank::None,EWeaponCategory::None,EWeaponSlayerEnemyType::None,0,0,0,0,0,0,0,0,0,EWeaponSizeInfo::Medium,空き枠,空き枠,0
Sub_WPN_Wp00098,10098,,0,/Game/Character/weapon/Blueprint/wp00000/BP_WpEmpty.uasset,0,0,0,0,0,0,EWeaponAttackIntervalType::None,EWeaponAttackType::None,EWeaponAtkTaeget::None,0,0,0,EWeaponKind::Main,EWeaponHoldType::One,EAttachType::Hand,0,ESideTrgAct::None,0,0,0,0,0,0.05,0,0,0,0,0.1,0,0,EDecBulletType::None,EWeaponReloadType::Reset,0,0,0,0,0,0,0,0,0,0,ECustomReloadType::None,0,0,0,0,0,0,0,0,0,0,-1,-1,-1,0,0,0,0,EBuddyWeaponType::None,0,EHoldWeaponType::None,0.35,ERecoilMotionType::Small,ERecoilMoveTiming::None,ERecoilMovePower::None,EShotCharaEffect::None,None,EShakeType::None,1,1,0,0,0,0,0,0,0,0,0,0,0,0,0,0,0,0,0,0,0,0,EWeaponMaker::None,EWeaponIcon::None,EWeaponInfoTriggerType::None,EWeaponInfo::None,EWeaponInfo::None,EWeaponInfo::None,EWeaponInfo::None,EWeaponInfo::None,EWeaponInfoScoreEvaluation::None,EWeaponInfoRank::None,EWeaponInfoRank::None,EWeaponInfoRank::None,EWeaponInfoRank::None,EWeaponInfoRank::None,EWeaponInfoRank::None,EWeaponInfoRank::None,EWeaponCategory::None,EWeaponSlayerEnemyType::None,0,0,0,0,0,0,0,0,0,EWeaponSizeInfo::Medium,空き枠,空き枠,0
Sub_WPN_Wp00099,10099,,0,/Game/Character/weapon/Blueprint/wp00000/BP_WpEmpty.uasset,0,0,0,0,0,0,EWeaponAttackIntervalType::None,EWeaponAttackType::None,EWeaponAtkTaeget::None,0,0,0,EWeaponKind::Main,EWeaponHoldType::One,EAttachType::Hand,0,ESideTrgAct::None,0,0,0,0,0,0.05,0,0,0,0,0.1,0,0,EDecBulletType::None,EWeaponReloadType::Reset,0,0,0,0,0,0,0,0,0,0,ECustomReloadType::None,0,0,0,0,0,0,0,0,0,0,-1,-1,-1,0,0,0,0,EBuddyWeaponType::None,0,EHoldWeaponType::None,0.35,ERecoilMotionType::Small,ERecoilMoveTiming::None,ERecoilMovePower::None,EShotCharaEffect::None,None,EShakeType::None,1,1,0,0,0,0,0,0,0,0,0,0,0,0,0,0,0,0,0,0,0,0,EWeaponMaker::None,EWeaponIcon::None,EWeaponInfoTriggerType::None,EWeaponInfo::None,EWeaponInfo::None,EWeaponInfo::None,EWeaponInfo::None,EWeaponInfo::None,EWeaponInfoScoreEvaluation::None,EWeaponInfoRank::None,EWeaponInfoRank::None,EWeaponInfoRank::None,EWeaponInfoRank::None,EWeaponInfoRank::None,EWeaponInfoRank::None,EWeaponInfoRank::None,EWeaponCategory::None,EWeaponSlayerEnemyType::None,0,0,0,0,0,0,0,0,0,EWeaponSizeInfo::Medium,空き枠,空き枠,0
Sub_WPN_Wp00100,10100,,0,/Game/Character/weapon/Blueprint/wp00000/BP_WpEmpty.uasset,0,0,0,0,0,0,EWeaponAttackIntervalType::None,EWeaponAttackType::None,EWeaponAtkTaeget::None,0,0,0,EWeaponKind::Main,EWeaponHoldType::One,EAttachType::Hand,0,ESideTrgAct::None,0,0,0,0,0,0.05,0,0,0,0,0.1,0,0,EDecBulletType::None,EWeaponReloadType::Reset,0,0,0,0,0,0,0,0,0,0,ECustomReloadType::None,0,0,0,0,0,0,0,0,0,0,-1,-1,-1,0,0,0,0,EBuddyWeaponType::None,0,EHoldWeaponType::None,0.35,ERecoilMotionType::Small,ERecoilMoveTiming::None,ERecoilMovePower::None,EShotCharaEffect::None,None,EShakeType::None,1,1,0,0,0,0,0,0,0,0,0,0,0,0,0,0,0,0,0,0,0,0,EWeaponMaker::None,EWeaponIcon::None,EWeaponInfoTriggerType::None,EWeaponInfo::None,EWeaponInfo::None,EWeaponInfo::None,EWeaponInfo::None,EWeaponInfo::None,EWeaponInfoScoreEvaluation::None,EWeaponInfoRank::None,EWeaponInfoRank::None,EWeaponInfoRank::None,EWeaponInfoRank::None,EWeaponInfoRank::None,EWeaponInfoRank::None,EWeaponInfoRank::None,EWeaponCategory::None,EWeaponSlayerEnemyType::None,0,0,0,0,0,0,0,0,0,EWeaponSizeInfo::Medium,空き枠,空き枠,0
Sub_WPN_Wp00101,10101,,0,/Game/Character/weapon/Blueprint/wp00000/BP_WpEmpty.uasset,0,0,0,0,0,0,EWeaponAttackIntervalType::None,EWeaponAttackType::None,EWeaponAtkTaeget::None,0,0,0,EWeaponKind::Main,EWeaponHoldType::One,EAttachType::Hand,0,ESideTrgAct::None,0,0,0,0,0,0.05,0,0,0,0,0.1,0,0,EDecBulletType::None,EWeaponReloadType::Reset,0,0,0,0,0,0,0,0,0,0,ECustomReloadType::None,0,0,0,0,0,0,0,0,0,0,-1,-1,-1,0,0,0,0,EBuddyWeaponType::None,0,EHoldWeaponType::None,0.35,ERecoilMotionType::Small,ERecoilMoveTiming::None,ERecoilMovePower::None,EShotCharaEffect::None,None,EShakeType::None,1,1,0,0,0,0,0,0,0,0,0,0,0,0,0,0,0,0,0,0,0,0,EWeaponMaker::None,EWeaponIcon::None,EWeaponInfoTriggerType::None,EWeaponInfo::None,EWeaponInfo::None,EWeaponInfo::None,EWeaponInfo::None,EWeaponInfo::None,EWeaponInfoScoreEvaluation::None,EWeaponInfoRank::None,EWeaponInfoRank::None,EWeaponInfoRank::None,EWeaponInfoRank::None,EWeaponInfoRank::None,EWeaponInfoRank::None,EWeaponInfoRank::None,EWeaponCategory::None,EWeaponSlayerEnemyType::None,0,0,0,0,0,0,0,0,0,EWeaponSizeInfo::Medium,空き枠,空き枠,0
Sub_WPN_Wp00102,10102,,0,/Game/Character/weapon/Blueprint/wp00000/BP_WpEmpty.uasset,0,0,0,0,0,0,EWeaponAttackIntervalType::None,EWeaponAttackType::None,EWeaponAtkTaeget::None,0,0,0,EWeaponKind::Main,EWeaponHoldType::One,EAttachType::Hand,0,ESideTrgAct::None,0,0,0,0,0,0.05,0,0,0,0,0.1,0,0,EDecBulletType::None,EWeaponReloadType::Reset,0,0,0,0,0,0,0,0,0,0,ECustomReloadType::None,0,0,0,0,0,0,0,0,0,0,-1,-1,-1,0,0,0,0,EBuddyWeaponType::None,0,EHoldWeaponType::None,0.35,ERecoilMotionType::Small,ERecoilMoveTiming::None,ERecoilMovePower::None,EShotCharaEffect::None,None,EShakeType::None,1,1,0,0,0,0,0,0,0,0,0,0,0,0,0,0,0,0,0,0,0,0,EWeaponMaker::None,EWeaponIcon::None,EWeaponInfoTriggerType::None,EWeaponInfo::None,EWeaponInfo::None,EWeaponInfo::None,EWeaponInfo::None,EWeaponInfo::None,EWeaponInfoScoreEvaluation::None,EWeaponInfoRank::None,EWeaponInfoRank::None,EWeaponInfoRank::None,EWeaponInfoRank::None,EWeaponInfoRank::None,EWeaponInfoRank::None,EWeaponInfoRank::None,EWeaponCategory::None,EWeaponSlayerEnemyType::None,0,0,0,0,0,0,0,0,0,EWeaponSizeInfo::Medium,空き枠,空き枠,0
Sub_WPN_Wp00103,10103,,0,/Game/Character/weapon/Blueprint/wp00000/BP_WpEmpty.uasset,0,0,0,0,0,0,EWeaponAttackIntervalType::None,EWeaponAttackType::None,EWeaponAtkTaeget::None,0,0,0,EWeaponKind::Main,EWeaponHoldType::One,EAttachType::Hand,0,ESideTrgAct::None,0,0,0,0,0,0.05,0,0,0,0,0.1,0,0,EDecBulletType::None,EWeaponReloadType::Reset,0,0,0,0,0,0,0,0,0,0,ECustomReloadType::None,0,0,0,0,0,0,0,0,0,0,-1,-1,-1,0,0,0,0,EBuddyWeaponType::None,0,EHoldWeaponType::None,0.35,ERecoilMotionType::Small,ERecoilMoveTiming::None,ERecoilMovePower::None,EShotCharaEffect::None,None,EShakeType::None,1,1,0,0,0,0,0,0,0,0,0,0,0,0,0,0,0,0,0,0,0,0,EWeaponMaker::None,EWeaponIcon::None,EWeaponInfoTriggerType::None,EWeaponInfo::None,EWeaponInfo::None,EWeaponInfo::None,EWeaponInfo::None,EWeaponInfo::None,EWeaponInfoScoreEvaluation::None,EWeaponInfoRank::None,EWeaponInfoRank::None,EWeaponInfoRank::None,EWeaponInfoRank::None,EWeaponInfoRank::None,EWeaponInfoRank::None,EWeaponInfoRank::None,EWeaponCategory::None,EWeaponSlayerEnemyType::None,0,0,0,0,0,0,0,0,0,EWeaponSizeInfo::Medium,空き枠,空き枠,0
Sub_WPN_Wp00104,10104,,0,/Game/Character/weapon/Blueprint/wp00000/BP_WpEmpty.uasset,0,0,0,0,0,0,EWeaponAttackIntervalType::None,EWeaponAttackType::None,EWeaponAtkTaeget::None,0,0,0,EWeaponKind::Main,EWeaponHoldType::One,EAttachType::Hand,0,ESideTrgAct::None,0,0,0,0,0,0.05,0,0,0,0,0.1,0,0,EDecBulletType::None,EWeaponReloadType::Reset,0,0,0,0,0,0,0,0,0,0,ECustomReloadType::None,0,0,0,0,0,0,0,0,0,0,-1,-1,-1,0,0,0,0,EBuddyWeaponType::None,0,EHoldWeaponType::None,0.35,ERecoilMotionType::Small,ERecoilMoveTiming::None,ERecoilMovePower::None,EShotCharaEffect::None,None,EShakeType::None,1,1,0,0,0,0,0,0,0,0,0,0,0,0,0,0,0,0,0,0,0,0,EWeaponMaker::None,EWeaponIcon::None,EWeaponInfoTriggerType::None,EWeaponInfo::None,EWeaponInfo::None,EWeaponInfo::None,EWeaponInfo::None,EWeaponInfo::None,EWeaponInfoScoreEvaluation::None,EWeaponInfoRank::None,EWeaponInfoRank::None,EWeaponInfoRank::None,EWeaponInfoRank::None,EWeaponInfoRank::None,EWeaponInfoRank::None,EWeaponInfoRank::None,EWeaponCategory::None,EWeaponSlayerEnemyType::None,0,0,0,0,0,0,0,0,0,EWeaponSizeInfo::Medium,空き枠,空き枠,0
Sub_WPN_Wp00105,10105,,0,/Game/Character/weapon/Blueprint/wp00000/BP_WpEmpty.uasset,0,0,0,0,0,0,EWeaponAttackIntervalType::None,EWeaponAttackType::None,EWeaponAtkTaeget::None,0,0,0,EWeaponKind::Main,EWeaponHoldType::One,EAttachType::Hand,0,ESideTrgAct::None,0,0,0,0,0,0.05,0,0,0,0,0.1,0,0,EDecBulletType::None,EWeaponReloadType::Reset,0,0,0,0,0,0,0,0,0,0,ECustomReloadType::None,0,0,0,0,0,0,0,0,0,0,-1,-1,-1,0,0,0,0,EBuddyWeaponType::None,0,EHoldWeaponType::None,0.35,ERecoilMotionType::Small,ERecoilMoveTiming::None,ERecoilMovePower::None,EShotCharaEffect::None,None,EShakeType::None,1,1,0,0,0,0,0,0,0,0,0,0,0,0,0,0,0,0,0,0,0,0,EWeaponMaker::None,EWeaponIcon::None,EWeaponInfoTriggerType::None,EWeaponInfo::None,EWeaponInfo::None,EWeaponInfo::None,EWeaponInfo::None,EWeaponInfo::None,EWeaponInfoScoreEvaluation::None,EWeaponInfoRank::None,EWeaponInfoRank::None,EWeaponInfoRank::None,EWeaponInfoRank::None,EWeaponInfoRank::None,EWeaponInfoRank::None,EWeaponInfoRank::None,EWeaponCategory::None,EWeaponSlayerEnemyType::None,0,0,0,0,0,0,0,0,0,EWeaponSizeInfo::Medium,空き枠,空き枠,0
Sub_WPN_Wp00106,10106,,0,/Game/Character/weapon/Blueprint/wp00000/BP_WpEmpty.uasset,0,0,0,0,0,0,EWeaponAttackIntervalType::None,EWeaponAttackType::None,EWeaponAtkTaeget::None,0,0,0,EWeaponKind::Main,EWeaponHoldType::One,EAttachType::Hand,0,ESideTrgAct::None,0,0,0,0,0,0.05,0,0,0,0,0.1,0,0,EDecBulletType::None,EWeaponReloadType::Reset,0,0,0,0,0,0,0,0,0,0,ECustomReloadType::None,0,0,0,0,0,0,0,0,0,0,-1,-1,-1,0,0,0,0,EBuddyWeaponType::None,0,EHoldWeaponType::None,0.35,ERecoilMotionType::Small,ERecoilMoveTiming::None,ERecoilMovePower::None,EShotCharaEffect::None,None,EShakeType::None,1,1,0,0,0,0,0,0,0,0,0,0,0,0,0,0,0,0,0,0,0,0,EWeaponMaker::None,EWeaponIcon::None,EWeaponInfoTriggerType::None,EWeaponInfo::None,EWeaponInfo::None,EWeaponInfo::None,EWeaponInfo::None,EWeaponInfo::None,EWeaponInfoScoreEvaluation::None,EWeaponInfoRank::None,EWeaponInfoRank::None,EWeaponInfoRank::None,EWeaponInfoRank::None,EWeaponInfoRank::None,EWeaponInfoRank::None,EWeaponInfoRank::None,EWeaponCategory::None,EWeaponSlayerEnemyType::None,0,0,0,0,0,0,0,0,0,EWeaponSizeInfo::Medium,空き枠,空き枠,0
Sub_WPN_Wp00107,10107,,0,/Game/Character/weapon/Blueprint/wp00000/BP_WpEmpty.uasset,0,0,0,0,0,0,EWeaponAttackIntervalType::None,EWeaponAttackType::None,EWeaponAtkTaeget::None,0,0,0,EWeaponKind::Main,EWeaponHoldType::One,EAttachType::Hand,0,ESideTrgAct::None,0,0,0,0,0,0.05,0,0,0,0,0.1,0,0,EDecBulletType::None,EWeaponReloadType::Reset,0,0,0,0,0,0,0,0,0,0,ECustomReloadType::None,0,0,0,0,0,0,0,0,0,0,-1,-1,-1,0,0,0,0,EBuddyWeaponType::None,0,EHoldWeaponType::None,0.35,ERecoilMotionType::Small,ERecoilMoveTiming::None,ERecoilMovePower::None,EShotCharaEffect::None,None,EShakeType::None,1,1,0,0,0,0,0,0,0,0,0,0,0,0,0,0,0,0,0,0,0,0,EWeaponMaker::None,EWeaponIcon::None,EWeaponInfoTriggerType::None,EWeaponInfo::None,EWeaponInfo::None,EWeaponInfo::None,EWeaponInfo::None,EWeaponInfo::None,EWeaponInfoScoreEvaluation::None,EWeaponInfoRank::None,EWeaponInfoRank::None,EWeaponInfoRank::None,EWeaponInfoRank::None,EWeaponInfoRank::None,EWeaponInfoRank::None,EWeaponInfoRank::None,EWeaponCategory::None,EWeaponSlayerEnemyType::None,0,0,0,0,0,0,0,0,0,EWeaponSizeInfo::Medium,空き枠,空き枠,0
Sub_WPN_Wp00108,10108,,0,/Game/Character/weapon/Blueprint/wp00000/BP_WpEmpty.uasset,0,0,0,0,0,0,EWeaponAttackIntervalType::None,EWeaponAttackType::None,EWeaponAtkTaeget::None,0,0,0,EWeaponKind::Main,EWeaponHoldType::One,EAttachType::Hand,0,ESideTrgAct::None,0,0,0,0,0,0.05,0,0,0,0,0.1,0,0,EDecBulletType::None,EWeaponReloadType::Reset,0,0,0,0,0,0,0,0,0,0,ECustomReloadType::None,0,0,0,0,0,0,0,0,0,0,-1,-1,-1,0,0,0,0,EBuddyWeaponType::None,0,EHoldWeaponType::None,0.35,ERecoilMotionType::Small,ERecoilMoveTiming::None,ERecoilMovePower::None,EShotCharaEffect::None,None,EShakeType::None,1,1,0,0,0,0,0,0,0,0,0,0,0,0,0,0,0,0,0,0,0,0,EWeaponMaker::None,EWeaponIcon::None,EWeaponInfoTriggerType::None,EWeaponInfo::None,EWeaponInfo::None,EWeaponInfo::None,EWeaponInfo::None,EWeaponInfo::None,EWeaponInfoScoreEvaluation::None,EWeaponInfoRank::None,EWeaponInfoRank::None,EWeaponInfoRank::None,EWeaponInfoRank::None,EWeaponInfoRank::None,EWeaponInfoRank::None,EWeaponInfoRank::None,EWeaponCategory::None,EWeaponSlayerEnemyType::None,0,0,0,0,0,0,0,0,0,EWeaponSizeInfo::Medium,空き枠,空き枠,0
Sub_WPN_Wp00109,10109,,0,/Game/Character/weapon/Blueprint/wp00000/BP_WpEmpty.uasset,0,0,0,0,0,0,EWeaponAttackIntervalType::None,EWeaponAttackType::None,EWeaponAtkTaeget::None,0,0,0,EWeaponKind::Main,EWeaponHoldType::One,EAttachType::Hand,0,ESideTrgAct::None,0,0,0,0,0,0.05,0,0,0,0,0.1,0,0,EDecBulletType::None,EWeaponReloadType::Reset,0,0,0,0,0,0,0,0,0,0,ECustomReloadType::None,0,0,0,0,0,0,0,0,0,0,-1,-1,-1,0,0,0,0,EBuddyWeaponType::None,0,EHoldWeaponType::None,0.35,ERecoilMotionType::Small,ERecoilMoveTiming::None,ERecoilMovePower::None,EShotCharaEffect::None,None,EShakeType::None,1,1,0,0,0,0,0,0,0,0,0,0,0,0,0,0,0,0,0,0,0,0,EWeaponMaker::None,EWeaponIcon::None,EWeaponInfoTriggerType::None,EWeaponInfo::None,EWeaponInfo::None,EWeaponInfo::None,EWeaponInfo::None,EWeaponInfo::None,EWeaponInfoScoreEvaluation::None,EWeaponInfoRank::None,EWeaponInfoRank::None,EWeaponInfoRank::None,EWeaponInfoRank::None,EWeaponInfoRank::None,EWeaponInfoRank::None,EWeaponInfoRank::None,EWeaponCategory::None,EWeaponSlayerEnemyType::None,0,0,0,0,0,0,0,0,0,EWeaponSizeInfo::Medium,空き枠,空き枠,0
Sub_WPN_Wp00110,10110,,0,/Game/Character/weapon/Blueprint/wp00000/BP_WpEmpty.uasset,0,0,0,0,0,0,EWeaponAttackIntervalType::None,EWeaponAttackType::None,EWeaponAtkTaeget::None,0,0,0,EWeaponKind::Main,EWeaponHoldType::One,EAttachType::Hand,0,ESideTrgAct::None,0,0,0,0,0,0.05,0,0,0,0,0.1,0,0,EDecBulletType::None,EWeaponReloadType::Reset,0,0,0,0,0,0,0,0,0,0,ECustomReloadType::None,0,0,0,0,0,0,0,0,0,0,-1,-1,-1,0,0,0,0,EBuddyWeaponType::None,0,EHoldWeaponType::None,0.35,ERecoilMotionType::Small,ERecoilMoveTiming::None,ERecoilMovePower::None,EShotCharaEffect::None,None,EShakeType::None,1,1,0,0,0,0,0,0,0,0,0,0,0,0,0,0,0,0,0,0,0,0,EWeaponMaker::None,EWeaponIcon::None,EWeaponInfoTriggerType::None,EWeaponInfo::None,EWeaponInfo::None,EWeaponInfo::None,EWeaponInfo::None,EWeaponInfo::None,EWeaponInfoScoreEvaluation::None,EWeaponInfoRank::None,EWeaponInfoRank::None,EWeaponInfoRank::None,EWeaponInfoRank::None,EWeaponInfoRank::None,EWeaponInfoRank::None,EWeaponInfoRank::None,EWeaponCategory::None,EWeaponSlayerEnemyType::None,0,0,0,0,0,0,0,0,0,EWeaponSizeInfo::Medium,空き枠,空き枠,0
Sub_WPN_Wp00111,10111,,0,/Game/Character/weapon/Blueprint/wp00000/BP_WpEmpty.uasset,0,0,0,0,0,0,EWeaponAttackIntervalType::None,EWeaponAttackType::None,EWeaponAtkTaeget::None,0,0,0,EWeaponKind::Main,EWeaponHoldType::One,EAttachType::Hand,0,ESideTrgAct::None,0,0,0,0,0,0.05,0,0,0,0,0.1,0,0,EDecBulletType::None,EWeaponReloadType::Reset,0,0,0,0,0,0,0,0,0,0,ECustomReloadType::None,0,0,0,0,0,0,0,0,0,0,-1,-1,-1,0,0,0,0,EBuddyWeaponType::None,0,EHoldWeaponType::None,0.35,ERecoilMotionType::Small,ERecoilMoveTiming::None,ERecoilMovePower::None,EShotCharaEffect::None,None,EShakeType::None,1,1,0,0,0,0,0,0,0,0,0,0,0,0,0,0,0,0,0,0,0,0,EWeaponMaker::None,EWeaponIcon::None,EWeaponInfoTriggerType::None,EWeaponInfo::None,EWeaponInfo::None,EWeaponInfo::None,EWeaponInfo::None,EWeaponInfo::None,EWeaponInfoScoreEvaluation::None,EWeaponInfoRank::None,EWeaponInfoRank::None,EWeaponInfoRank::None,EWeaponInfoRank::None,EWeaponInfoRank::None,EWeaponInfoRank::None,EWeaponInfoRank::None,EWeaponCategory::None,EWeaponSlayerEnemyType::None,0,0,0,0,0,0,0,0,0,EWeaponSizeInfo::Medium,空き枠,空き枠,0
Sub_WPN_Wp00112,10112,,0,/Game/Character/weapon/Blueprint/wp00000/BP_WpEmpty.uasset,0,0,0,0,0,0,EWeaponAttackIntervalType::None,EWeaponAttackType::None,EWeaponAtkTaeget::None,0,0,0,EWeaponKind::Main,EWeaponHoldType::One,EAttachType::Hand,0,ESideTrgAct::None,0,0,0,0,0,0.05,0,0,0,0,0.1,0,0,EDecBulletType::None,EWeaponReloadType::Reset,0,0,0,0,0,0,0,0,0,0,ECustomReloadType::None,0,0,0,0,0,0,0,0,0,0,-1,-1,-1,0,0,0,0,EBuddyWeaponType::None,0,EHoldWeaponType::None,0.35,ERecoilMotionType::Small,ERecoilMoveTiming::None,ERecoilMovePower::None,EShotCharaEffect::None,None,EShakeType::None,1,1,0,0,0,0,0,0,0,0,0,0,0,0,0,0,0,0,0,0,0,0,EWeaponMaker::None,EWeaponIcon::None,EWeaponInfoTriggerType::None,EWeaponInfo::None,EWeaponInfo::None,EWeaponInfo::None,EWeaponInfo::None,EWeaponInfo::None,EWeaponInfoScoreEvaluation::None,EWeaponInfoRank::None,EWeaponInfoRank::None,EWeaponInfoRank::None,EWeaponInfoRank::None,EWeaponInfoRank::None,EWeaponInfoRank::None,EWeaponInfoRank::None,EWeaponCategory::None,EWeaponSlayerEnemyType::None,0,0,0,0,0,0,0,0,0,EWeaponSizeInfo::Medium,空き枠,空き枠,0
Sub_WPN_Wp00113,10113,,0,/Game/Character/weapon/Blueprint/wp00000/BP_WpEmpty.uasset,0,0,0,0,0,0,EWeaponAttackIntervalType::None,EWeaponAttackType::None,EWeaponAtkTaeget::None,0,0,0,EWeaponKind::Main,EWeaponHoldType::One,EAttachType::Hand,0,ESideTrgAct::None,0,0,0,0,0,0.05,0,0,0,0,0.1,0,0,EDecBulletType::None,EWeaponReloadType::Reset,0,0,0,0,0,0,0,0,0,0,ECustomReloadType::None,0,0,0,0,0,0,0,0,0,0,-1,-1,-1,0,0,0,0,EBuddyWeaponType::None,0,EHoldWeaponType::None,0.35,ERecoilMotionType::Small,ERecoilMoveTiming::None,ERecoilMovePower::None,EShotCharaEffect::None,None,EShakeType::None,1,1,0,0,0,0,0,0,0,0,0,0,0,0,0,0,0,0,0,0,0,0,EWeaponMaker::None,EWeaponIcon::None,EWeaponInfoTriggerType::None,EWeaponInfo::None,EWeaponInfo::None,EWeaponInfo::None,EWeaponInfo::None,EWeaponInfo::None,EWeaponInfoScoreEvaluation::None,EWeaponInfoRank::None,EWeaponInfoRank::None,EWeaponInfoRank::None,EWeaponInfoRank::None,EWeaponInfoRank::None,EWeaponInfoRank::None,EWeaponInfoRank::None,EWeaponCategory::None,EWeaponSlayerEnemyType::None,0,0,0,0,0,0,0,0,0,EWeaponSizeInfo::Medium,空き枠,空き枠,0
Sub_WPN_Wp00114,10114,,0,/Game/Character/weapon/Blueprint/wp00000/BP_WpEmpty.uasset,0,0,0,0,0,0,EWeaponAttackIntervalType::None,EWeaponAttackType::None,EWeaponAtkTaeget::None,0,0,0,EWeaponKind::Main,EWeaponHoldType::One,EAttachType::Hand,0,ESideTrgAct::None,0,0,0,0,0,0.05,0,0,0,0,0.1,0,0,EDecBulletType::None,EWeaponReloadType::Reset,0,0,0,0,0,0,0,0,0,0,ECustomReloadType::None,0,0,0,0,0,0,0,0,0,0,-1,-1,-1,0,0,0,0,EBuddyWeaponType::None,0,EHoldWeaponType::None,0.35,ERecoilMotionType::Small,ERecoilMoveTiming::None,ERecoilMovePower::None,EShotCharaEffect::None,None,EShakeType::None,1,1,0,0,0,0,0,0,0,0,0,0,0,0,0,0,0,0,0,0,0,0,EWeaponMaker::None,EWeaponIcon::None,EWeaponInfoTriggerType::None,EWeaponInfo::None,EWeaponInfo::None,EWeaponInfo::None,EWeaponInfo::None,EWeaponInfo::None,EWeaponInfoScoreEvaluation::None,EWeaponInfoRank::None,EWeaponInfoRank::None,EWeaponInfoRank::None,EWeaponInfoRank::None,EWeaponInfoRank::None,EWeaponInfoRank::None,EWeaponInfoRank::None,EWeaponCategory::None,EWeaponSlayerEnemyType::None,0,0,0,0,0,0,0,0,0,EWeaponSizeInfo::Medium,空き枠,空き枠,0
Sub_WPN_Wp00115,10115,,0,/Game/Character/weapon/Blueprint/wp00000/BP_WpEmpty.uasset,0,0,0,0,0,0,EWeaponAttackIntervalType::None,EWeaponAttackType::None,EWeaponAtkTaeget::None,0,0,0,EWeaponKind::Main,EWeaponHoldType::One,EAttachType::Hand,0,ESideTrgAct::None,0,0,0,0,0,0.05,0,0,0,0,0.1,0,0,EDecBulletType::None,EWeaponReloadType::Reset,0,0,0,0,0,0,0,0,0,0,ECustomReloadType::None,0,0,0,0,0,0,0,0,0,0,-1,-1,-1,0,0,0,0,EBuddyWeaponType::None,0,EHoldWeaponType::None,0.35,ERecoilMotionType::Small,ERecoilMoveTiming::None,ERecoilMovePower::None,EShotCharaEffect::None,None,EShakeType::None,1,1,0,0,0,0,0,0,0,0,0,0,0,0,0,0,0,0,0,0,0,0,EWeaponMaker::None,EWeaponIcon::None,EWeaponInfoTriggerType::None,EWeaponInfo::None,EWeaponInfo::None,EWeaponInfo::None,EWeaponInfo::None,EWeaponInfo::None,EWeaponInfoScoreEvaluation::None,EWeaponInfoRank::None,EWeaponInfoRank::None,EWeaponInfoRank::None,EWeaponInfoRank::None,EWeaponInfoRank::None,EWeaponInfoRank::None,EWeaponInfoRank::None,EWeaponCategory::None,EWeaponSlayerEnemyType::None,0,0,0,0,0,0,0,0,0,EWeaponSizeInfo::Medium,空き枠,空き枠,0
Sub_WPN_Wp00116,10116,,0,/Game/Character/weapon/Blueprint/wp00000/BP_WpEmpty.uasset,0,0,0,0,0,0,EWeaponAttackIntervalType::None,EWeaponAttackType::None,EWeaponAtkTaeget::None,0,0,0,EWeaponKind::Main,EWeaponHoldType::One,EAttachType::Hand,0,ESideTrgAct::None,0,0,0,0,0,0.05,0,0,0,0,0.1,0,0,EDecBulletType::None,EWeaponReloadType::Reset,0,0,0,0,0,0,0,0,0,0,ECustomReloadType::None,0,0,0,0,0,0,0,0,0,0,-1,-1,-1,0,0,0,0,EBuddyWeaponType::None,0,EHoldWeaponType::None,0.35,ERecoilMotionType::Small,ERecoilMoveTiming::None,ERecoilMovePower::None,EShotCharaEffect::None,None,EShakeType::None,1,1,0,0,0,0,0,0,0,0,0,0,0,0,0,0,0,0,0,0,0,0,EWeaponMaker::None,EWeaponIcon::None,EWeaponInfoTriggerType::None,EWeaponInfo::None,EWeaponInfo::None,EWeaponInfo::None,EWeaponInfo::None,EWeaponInfo::None,EWeaponInfoScoreEvaluation::None,EWeaponInfoRank::None,EWeaponInfoRank::None,EWeaponInfoRank::None,EWeaponInfoRank::None,EWeaponInfoRank::None,EWeaponInfoRank::None,EWeaponInfoRank::None,EWeaponCategory::None,EWeaponSlayerEnemyType::None,0,0,0,0,0,0,0,0,0,EWeaponSizeInfo::Medium,空き枠,空き枠,0
Sub_WPN_Wp00117,10117,,0,/Game/Character/weapon/Blueprint/wp00000/BP_WpEmpty.uasset,0,0,0,0,0,0,EWeaponAttackIntervalType::None,EWeaponAttackType::None,EWeaponAtkTaeget::None,0,0,0,EWeaponKind::Main,EWeaponHoldType::One,EAttachType::Hand,0,ESideTrgAct::None,0,0,0,0,0,0.05,0,0,0,0,0.1,0,0,EDecBulletType::None,EWeaponReloadType::Reset,0,0,0,0,0,0,0,0,0,0,ECustomReloadType::None,0,0,0,0,0,0,0,0,0,0,-1,-1,-1,0,0,0,0,EBuddyWeaponType::None,0,EHoldWeaponType::None,0.35,ERecoilMotionType::Small,ERecoilMoveTiming::None,ERecoilMovePower::None,EShotCharaEffect::None,None,EShakeType::None,1,1,0,0,0,0,0,0,0,0,0,0,0,0,0,0,0,0,0,0,0,0,EWeaponMaker::None,EWeaponIcon::None,EWeaponInfoTriggerType::None,EWeaponInfo::None,EWeaponInfo::None,EWeaponInfo::None,EWeaponInfo::None,EWeaponInfo::None,EWeaponInfoScoreEvaluation::None,EWeaponInfoRank::None,EWeaponInfoRank::None,EWeaponInfoRank::None,EWeaponInfoRank::None,EWeaponInfoRank::None,EWeaponInfoRank::None,EWeaponInfoRank::None,EWeaponCategory::None,EWeaponSlayerEnemyType::None,0,0,0,0,0,0,0,0,0,EWeaponSizeInfo::Medium,空き枠,空き枠,0
Sub_WPN_Wp00118,10118,,0,/Game/Character/weapon/Blueprint/wp00000/BP_WpEmpty.uasset,0,0,0,0,0,0,EWeaponAttackIntervalType::None,EWeaponAttackType::None,EWeaponAtkTaeget::None,0,0,0,EWeaponKind::Main,EWeaponHoldType::One,EAttachType::Hand,0,ESideTrgAct::None,0,0,0,0,0,0.05,0,0,0,0,0.1,0,0,EDecBulletType::None,EWeaponReloadType::Reset,0,0,0,0,0,0,0,0,0,0,ECustomReloadType::None,0,0,0,0,0,0,0,0,0,0,-1,-1,-1,0,0,0,0,EBuddyWeaponType::None,0,EHoldWeaponType::None,0.35,ERecoilMotionType::Small,ERecoilMoveTiming::None,ERecoilMovePower::None,EShotCharaEffect::None,None,EShakeType::None,1,1,0,0,0,0,0,0,0,0,0,0,0,0,0,0,0,0,0,0,0,0,EWeaponMaker::None,EWeaponIcon::None,EWeaponInfoTriggerType::None,EWeaponInfo::None,EWeaponInfo::None,EWeaponInfo::None,EWeaponInfo::None,EWeaponInfo::None,EWeaponInfoScoreEvaluation::None,EWeaponInfoRank::None,EWeaponInfoRank::None,EWeaponInfoRank::None,EWeaponInfoRank::None,EWeaponInfoRank::None,EWeaponInfoRank::None,EWeaponInfoRank::None,EWeaponCategory::None,EWeaponSlayerEnemyType::None,0,0,0,0,0,0,0,0,0,EWeaponSizeInfo::Medium,空き枠,空き枠,0
Sub_WPN_Wp00119,10119,,0,/Game/Character/weapon/Blueprint/wp00000/BP_WpEmpty.uasset,0,0,0,0,0,0,EWeaponAttackIntervalType::None,EWeaponAttackType::None,EWeaponAtkTaeget::None,0,0,0,EWeaponKind::Main,EWeaponHoldType::One,EAttachType::Hand,0,ESideTrgAct::None,0,0,0,0,0,0.05,0,0,0,0,0.1,0,0,EDecBulletType::None,EWeaponReloadType::Reset,0,0,0,0,0,0,0,0,0,0,ECustomReloadType::None,0,0,0,0,0,0,0,0,0,0,-1,-1,-1,0,0,0,0,EBuddyWeaponType::None,0,EHoldWeaponType::None,0.35,ERecoilMotionType::Small,ERecoilMoveTiming::None,ERecoilMovePower::None,EShotCharaEffect::None,None,EShakeType::None,1,1,0,0,0,0,0,0,0,0,0,0,0,0,0,0,0,0,0,0,0,0,EWeaponMaker::None,EWeaponIcon::None,EWeaponInfoTriggerType::None,EWeaponInfo::None,EWeaponInfo::None,EWeaponInfo::None,EWeaponInfo::None,EWeaponInfo::None,EWeaponInfoScoreEvaluation::None,EWeaponInfoRank::None,EWeaponInfoRank::None,EWeaponInfoRank::None,EWeaponInfoRank::None,EWeaponInfoRank::None,EWeaponInfoRank::None,EWeaponInfoRank::None,EWeaponCategory::None,EWeaponSlayerEnemyType::None,0,0,0,0,0,0,0,0,0,EWeaponSizeInfo::Medium,空き枠,空き枠,0
Sub_WPN_Wp00120,10120,,0,/Game/Character/weapon/Blueprint/wp00000/BP_WpEmpty.uasset,0,0,0,0,0,0,EWeaponAttackIntervalType::None,EWeaponAttackType::None,EWeaponAtkTaeget::None,0,0,0,EWeaponKind::Main,EWeaponHoldType::One,EAttachType::Hand,0,ESideTrgAct::None,0,0,0,0,0,0.05,0,0,0,0,0.1,0,0,EDecBulletType::None,EWeaponReloadType::Reset,0,0,0,0,0,0,0,0,0,0,ECustomReloadType::None,0,0,0,0,0,0,0,0,0,0,-1,-1,-1,0,0,0,0,EBuddyWeaponType::None,0,EHoldWeaponType::None,0.35,ERecoilMotionType::Small,ERecoilMoveTiming::None,ERecoilMovePower::None,EShotCharaEffect::None,None,EShakeType::None,1,1,0,0,0,0,0,0,0,0,0,0,0,0,0,0,0,0,0,0,0,0,EWeaponMaker::None,EWeaponIcon::None,EWeaponInfoTriggerType::None,EWeaponInfo::None,EWeaponInfo::None,EWeaponInfo::None,EWeaponInfo::None,EWeaponInfo::None,EWeaponInfoScoreEvaluation::None,EWeaponInfoRank::None,EWeaponInfoRank::None,EWeaponInfoRank::None,EWeaponInfoRank::None,EWeaponInfoRank::None,EWeaponInfoRank::None,EWeaponInfoRank::None,EWeaponCategory::None,EWeaponSlayerEnemyType::None,0,0,0,0,0,0,0,0,0,EWeaponSizeInfo::Medium,空き枠,空き枠,0
Boss_WPN_Weapon,20000,ボス武器判別用枠(ここより↓はボス武器),0,/Game/Character/weapon/Blueprint/wp00000/BP_WpEmpty.uasset,0,0,0,0,0,0,EWeaponAttackIntervalType::None,EWeaponAttackType::None,EWeaponAtkTaeget::None,0,0,0,EWeaponKind::Main,EWeaponHoldType::One,EAttachType::Hand,0,ESideTrgAct::None,0,0,0,0,0,0.05,0,0,0,0,0.1,1,0,EDecBulletType::None,EWeaponReloadType::EmptyReload,0,0,0,0,0,0,0,0,0,0,ECustomReloadType::None,0,0,0,0,0,0,0,0,0,0,-1,-1,-1,0,0,0,0,EBuddyWeaponType::None,0,EHoldWeaponType::None,0.35,ERecoilMotionType::Small,ERecoilMoveTiming::None,ERecoilMovePower::None,EShotCharaEffect::None,None,EShakeType::None,1,1,0,0,0,0,0,0,0,0,0,0,0,0,0,0,0,0,0,0,0,0,EWeaponMaker::None,EWeaponIcon::None,EWeaponInfoTriggerType::None,EWeaponInfo::None,EWeaponInfo::None,EWeaponInfo::None,EWeaponInfo::None,EWeaponInfo::None,EWeaponInfoScoreEvaluation::None,EWeaponInfoRank::A_Plus,EWeaponInfoRank::A_Plus,EWeaponInfoRank::A_Plus,EWeaponInfoRank::A_Plus,EWeaponInfoRank::A_Plus,EWeaponInfoRank::A_Plus,EWeaponInfoRank::A_Plus,EWeaponCategory::None,EWeaponSlayerEnemyType::None,0,0,0,0,0,0,0,0,0,EWeaponSizeInfo::Medium,ここに武器の説明を記入する,ここに武器の説明を記入する,0
Boos_WPN_BeamRifleBoss01,20001,O・グレイン,0,/Game/Character/weapon/Blueprint/Boss/Oxide/BP_WpBeamRifleBoss01.uasset,339,0,0,0,0,0,EWeaponAttackIntervalType::Press,EWeaponAttackType::Ranged,EWeaponAtkTaeget::Enemy,3,0,0,EWeaponKind::Main,EWeaponHoldType::One,EAttachType::Hand,0,ESideTrgAct::None,0,0,0,0,0.6,0.2,0,0,0,0,0.1,1,0,EDecBulletType::Bullet,EWeaponReloadType::EmptyReload,0,2,2,0,9,9,9,1,3,3,ECustomReloadType::Beam,0,0,0,0,0,0,0,0,0,1,-1,-1,-1,0,0,0,0,EBuddyWeaponType::None,4,EHoldWeaponType::OneHandGun,0.3,ERecoilMotionType::Small,ERecoilMoveTiming::None,ERecoilMovePower::None,EShotCharaEffect::None,None,EShakeType::ImpactStatic,0.1,1,0,0,0,0,0,0,0,0,0,0,0,0,0,0,0,0,0,0,0,0,EWeaponMaker::WeaponMaker003,EWeaponIcon::None,EWeaponInfoTriggerType::Hold,EWeaponInfo::None,EWeaponInfo::None,EWeaponInfo::None,EWeaponInfo::None,EWeaponInfo::None,EWeaponInfoScoreEvaluation::None,EWeaponInfoRank::B,EWeaponInfoRank::B,EWeaponInfoRank::B_Plus,EWeaponInfoRank::C,EWeaponInfoRank::B_Plus,EWeaponInfoRank::A,EWeaponInfoRank::None,EWeaponCategory::ShootingMiddle,EWeaponSlayerEnemyType::Enemy,0,0,0,0,0,0,0,0,0,EWeaponSizeInfo::Medium,？？？,？？？,0
Boss_WPN_LargeSwordBoss01,20002,O・水薙,0,/Game/Character/weapon/Blueprint/Boss/Oxide/BP_WpLargeSwordBoss01.uasset,340,0,0,0,0,0,EWeaponAttackIntervalType::Trigger,EWeaponAttackType::Grapple,EWeaponAtkTaeget::Enemy,0,0,0,EWeaponKind::Main,EWeaponHoldType::One,EAttachType::Hand,0,ESideTrgAct::None,0,0,0,0,0.5,0.05,0,0,0,0,0.1,1,0,EDecBulletType::Grap,EWeaponReloadType::EmptyReload,0,2,2,0,1,1,1,1,1,1,ECustomReloadType::Grap,0,0,0,0,0,0,0,0,0,1,-1,-1,-1,0,0,0,0,EBuddyWeaponType::Slash,68,EHoldWeaponType::OneHandGun,0.35,ERecoilMotionType::Small,ERecoilMoveTiming::None,ERecoilMovePower::None,EShotCharaEffect::None,None,EShakeType::ImpactDynamic,0.1,1,0,0,0,0,0,0,0,0,0,0,0,0,0,0,0,0,0,0,0,0,EWeaponMaker::WeaponMaker002,EWeaponIcon::None,EWeaponInfoTriggerType::Single,EWeaponInfo::OneShotDown,EWeaponInfo::None,EWeaponInfo::None,EWeaponInfo::None,EWeaponInfo::None,EWeaponInfoScoreEvaluation::None,EWeaponInfoRank::B_Plus,EWeaponInfoRank::B,EWeaponInfoRank::None,EWeaponInfoRank::E,EWeaponInfoRank::B_Plus,EWeaponInfoRank::B,EWeaponInfoRank::None,EWeaponCategory::ShootingMiddle,EWeaponSlayerEnemyType::Enemy,0,0,0,0,0,0,0,0,0,EWeaponSizeInfo::Medium,？？？,？？？,0
Boss_WPN_MachineHijackBoss01,20003,O・ヘルシャフト,0,/Game/Character/weapon/Blueprint/Boss/Oxide/BP_WpMachineHijackBoss01.uasset,342,0,0,0,0,0,EWeaponAttackIntervalType::Trigger,EWeaponAttackType::Grapple,EWeaponAtkTaeget::None,0,0,0,EWeaponKind::Sub,EWeaponHoldType::One,EAttachType::Hand,0,ESideTrgAct::None,0,0,0,0,0.5,0.05,0,0,0,0,0.1,1,0,EDecBulletType::Bullet,EWeaponReloadType::EmptyReload,0,2,2,0,1,1,1,1,1,1,ECustomReloadType::Other,16,25,100000,750000,0,1,0,0,0,1,-1,-1,-1,0,0,0,0,EBuddyWeaponType::Thunder,96,EHoldWeaponType::OneHandGun,0.35,ERecoilMotionType::Small,ERecoilMoveTiming::None,ERecoilMovePower::None,EShotCharaEffect::None,None,EShakeType::None,1,1,0,0,0,0,0,0,0,0,0,0,0,0,0,0,0,0,0,0,0,0,EWeaponMaker::WeaponMaker001,EWeaponIcon::None,EWeaponInfoTriggerType::Single,EWeaponInfo::BadState_Paralysis,EWeaponInfo::None,EWeaponInfo::None,EWeaponInfo::None,EWeaponInfo::None,EWeaponInfoScoreEvaluation::None,EWeaponInfoRank::C,EWeaponInfoRank::C,EWeaponInfoRank::None,EWeaponInfoRank::E,EWeaponInfoRank::B_Plus,EWeaponInfoRank::B,EWeaponInfoRank::None,EWeaponCategory::Special,EWeaponSlayerEnemyType::EnemyPlayerObject,0,0,0,0,0,0,0,0,0,EWeaponSizeInfo::Medium,？？？,？？？,0
Boss_WPN_TacticalNuclearBoss01,20004,O・加具土,0,/Game/Character/weapon/Blueprint/Boss/Oxide/BP_WpTacticalNuclearBoss01.uasset,343,0,0,0,0,0,EWeaponAttackIntervalType::Release,EWeaponAttackType::WholeBody,EWeaponAtkTaeget::None,0,0,0,EWeaponKind::Main,EWeaponHoldType::One,EAttachType::Hand,0,ESideTrgAct::None,0,0,0,0,0.5,1,0,0.7,0,0.6,0.1,1,0,EDecBulletType::Bullet,EWeaponReloadType::EmptyReload,0,2,2,0,1,1,1,1,1,1,ECustomReloadType::Bullet,0,0,0,0,0,0,0,0,0,1,-20,1,-1,0,0,0,0,EBuddyWeaponType::Fire,46,EHoldWeaponType::BothRifles,0.6,ERecoilMotionType::Back,ERecoilMoveTiming::First,ERecoilMovePower::Medium,EShotCharaEffect::Dark,None,EShakeType::ImpactDynamic,0.5,1,0,0,0,0,0,0,0,0,0,0,0,0,0,0,0,0,0,0,0,0,EWeaponMaker::WeaponMaker002,EWeaponIcon::None,EWeaponInfoTriggerType::Single,EWeaponInfo::OneShotDown,EWeaponInfo::None,EWeaponInfo::None,EWeaponInfo::None,EWeaponInfo::None,EWeaponInfoScoreEvaluation::None,EWeaponInfoRank::A_Plus,EWeaponInfoRank::A_Plus,EWeaponInfoRank::D,EWeaponInfoRank::E,EWeaponInfoRank::E,EWeaponInfoRank::D,EWeaponInfoRank::None,EWeaponCategory::ShootingLong,EWeaponSlayerEnemyType::All,0,0,0,0,0,0,0,0,0,EWeaponSizeInfo::Large,？？？,？？？,0
Boss_WPN_TornadoAreaBoss01,20005,O・テンペスト,0,/Game/Character/weapon/Blueprint/Boss/Oxide/BP_WpTornadoAreaBoss01.uasset,344,0,0,0,0,0,EWeaponAttackIntervalType::Release,EWeaponAttackType::Throwing,EWeaponAtkTaeget::None,0,0,0,EWeaponKind::Sub,EWeaponHoldType::One,EAttachType::Hand,0,ESideTrgAct::None,0,0,0,0,0.1,0.1,0,0,0,0,0.1,1,0,EDecBulletType::Bullet,EWeaponReloadType::EmptyReload,0,2,2,0,3,3,3,1,1,1,ECustomReloadType::Debuff,1000,20000,1000,1000,20000,1000,0,0,0,1,-1,-1,-1,0,0,0,0,EBuddyWeaponType::Throw,88,EHoldWeaponType::OneHandGun,0.2,ERecoilMotionType::Middle,ERecoilMoveTiming::None,ERecoilMovePower::None,EShotCharaEffect::None,None,EShakeType::None,1,1,0,0,0,0,0,0,0,0,0,0,0,0,0,0,0,0,0,0,0,0,EWeaponMaker::WeaponMaker001,EWeaponIcon::None,EWeaponInfoTriggerType::Release,EWeaponInfo::None,EWeaponInfo::None,EWeaponInfo::None,EWeaponInfo::None,EWeaponInfo::None,EWeaponInfoScoreEvaluation::Large,EWeaponInfoRank::E,EWeaponInfoRank::C,EWeaponInfoRank::D,EWeaponInfoRank::E,EWeaponInfoRank::E,EWeaponInfoRank::C,EWeaponInfoRank::None,EWeaponCategory::Throw,EWeaponSlayerEnemyType::All,0,0,0,0,0,0,0,0,0,EWeaponSizeInfo::Medium,？？？,？？？,0
Boss_WPN_WideShotBoss01,20006,O・ラーゴ,0,/Game/Character/weapon/Blueprint/Boss/Oxide/BP_WpWideShotBoss01.uasset,345,346,0,0,0,0,EWeaponAttackIntervalType::Trigger,EWeaponAttackType::Ranged,EWeaponAtkTaeget::Enemy,0,0,0,EWeaponKind::Main,EWeaponHoldType::One,EAttachType::Hand,0,ESideTrgAct::None,0,0,0,0,0.1,0.1,0,0,0,0,0.1,1,0,EDecBulletType::Bullet,EWeaponReloadType::EmptyReload,0,2,2,0,6,6,6,1,2,2,ECustomReloadType::Beam,0,0,0,0,0,0,0,0,0,1,-1,-1,-1,0,0,0,0,EBuddyWeaponType::None,113,EHoldWeaponType::OneHandGun,0.4,ERecoilMotionType::Small,ERecoilMoveTiming::None,ERecoilMovePower::None,EShotCharaEffect::None,None,EShakeType::ImpactDynamic,0.1,1,0,0,0,0,0,0,0,0,0,0,0,0,0,0,0,0,0,0,0,0,EWeaponMaker::WeaponMaker004,EWeaponIcon::None,EWeaponInfoTriggerType::Hold,EWeaponInfo::None,EWeaponInfo::None,EWeaponInfo::None,EWeaponInfo::None,EWeaponInfo::None,EWeaponInfoScoreEvaluation::None,EWeaponInfoRank::B,EWeaponInfoRank::A,EWeaponInfoRank::C,EWeaponInfoRank::C,EWeaponInfoRank::B,EWeaponInfoRank::A,EWeaponInfoRank::None,EWeaponCategory::ShootingMiddle,EWeaponSlayerEnemyType::Enemy,0,0,0,0,0,0,0,0,0,EWeaponSizeInfo::Medium,？？？,？？？,0
Boss_WPN_LaserBoss01,20007,O・ラゼル,0,/Game/Character/weapon/Blueprint/Boss/Oxide/BP_WpLaserBoss01.uasset,347,0,0,0,0,0,EWeaponAttackIntervalType::Toggle,EWeaponAttackType::WholeBody,EWeaponAtkTaeget::Enemy,0,0,0,EWeaponKind::Main,EWeaponHoldType::Both,EAttachType::Hand,0,ESideTrgAct::None,0,0,0,0,0,0.05,0,1.1,0,0.215,0.1,1,0,EDecBulletType::Energy,EWeaponReloadType::Reset,0,8,8,0,1500,1500,1500,1,1500,1500,ECustomReloadType::Beam,0,0,0,0,0,0,0,0,0,1,-1,2,-1,0,0,0,0,EBuddyWeaponType::BigWeapon,44,EHoldWeaponType::BothRifles,0.6,ERecoilMotionType::Continue,ERecoilMoveTiming::First,ERecoilMovePower::Weak,EShotCharaEffect::Dark,None,EShakeType::RapidRandom,0.75,1,0,0,0,0,0,0,0,0,0,0,0,0,0,0,0,0,0,0,0,0,EWeaponMaker::WeaponMaker003,EWeaponIcon::None,EWeaponInfoTriggerType::Hold,EWeaponInfo::OneShotFlinch,EWeaponInfo::None,EWeaponInfo::None,EWeaponInfo::None,EWeaponInfo::None,EWeaponInfoScoreEvaluation::None,EWeaponInfoRank::A,EWeaponInfoRank::A_Plus,EWeaponInfoRank::A,EWeaponInfoRank::A_Plus,EWeaponInfoRank::B,EWeaponInfoRank::B,EWeaponInfoRank::None,EWeaponCategory::ShootingMiddle,EWeaponSlayerEnemyType::Enemy,0,0,0,0,0,0,0,0,0,EWeaponSizeInfo::Large,？？？,？？？,0
Boss_WPN_LaserType02Boss01,20008,O・コアラゼル,0,/Game/Character/weapon/Blueprint/Boss/Oxide/BP_WpLaserType02Boss01.uasset,348,0,0,0,0,0,EWeaponAttackIntervalType::Toggle,EWeaponAttackType::WholeBody,EWeaponAtkTaeget::Enemy,0,0,0,EWeaponKind::Main,EWeaponHoldType::Both,EAttachType::Hand,0,ESideTrgAct::None,0,0,0,0,0,0.05,0,3,0,0.215,0.1,1,0,EDecBulletType::Energy,EWeaponReloadType::Reset,0,2,2,0,4500,4500,4500,1,4500,4500,ECustomReloadType::Beam,0,0,0,0,0,0,0,0,0,1,-1,2,-1,0,0,0,0,EBuddyWeaponType::Snipe,44,EHoldWeaponType::BothRifles,1,ERecoilMotionType::Continue,ERecoilMoveTiming::First,ERecoilMovePower::Weak,EShotCharaEffect::Dark,AttackWholeCenter,EShakeType::RapidRandom,0.75,1,0,0,0,0,0,0,0,0,0,0,0,0,0,0,0,0,0,0,0,0,EWeaponMaker::WeaponMaker003,EWeaponIcon::None,EWeaponInfoTriggerType::Hold,EWeaponInfo::OneShotFlinch,EWeaponInfo::None,EWeaponInfo::None,EWeaponInfo::None,EWeaponInfo::None,EWeaponInfoScoreEvaluation::None,EWeaponInfoRank::A,EWeaponInfoRank::A_Plus,EWeaponInfoRank::A,EWeaponInfoRank::A_Plus,EWeaponInfoRank::B,EWeaponInfoRank::B,EWeaponInfoRank::None,EWeaponCategory::ShootingMiddle,EWeaponSlayerEnemyType::Enemy,0,0,0,0,0,0,0,0,0,EWeaponSizeInfo::Large,？？？,？？？,0
Boss_WPN_LineBombBoss01,20009,O・Xボンバルド,0,/Game/Character/weapon/Blueprint/Boss/Oxide/BP_WpLineBombBoss01.uasset,349,0,0,0,0,0,EWeaponAttackIntervalType::Release,EWeaponAttackType::Throwing,EWeaponAtkTaeget::Enemy,0,0,0,EWeaponKind::Sub,EWeaponHoldType::One,EAttachType::Hand,0,ESideTrgAct::None,0,0,0,0,0.5,0.05,0,0,0,0,0.1,1,0,EDecBulletType::Bullet,EWeaponReloadType::EmptyReload,0,8,8,0,1,1,1,1,1,1,ECustomReloadType::BulletDebuff,2,16,1,1,8000,200,0,0,0,1,-1,-1,-1,0,0,0,0,EBuddyWeaponType::Fire,76,EHoldWeaponType::OneHandGun,0.2,ERecoilMotionType::Middle,ERecoilMoveTiming::None,ERecoilMovePower::None,EShotCharaEffect::None,None,EShakeType::None,1,1,0,0,0,0,0,0,0,0,0,0,0,0,0,0,0,0,0,0,0,0,EWeaponMaker::WeaponMaker001,EWeaponIcon::None,EWeaponInfoTriggerType::Release,EWeaponInfo::BadState_Fire,EWeaponInfo::None,EWeaponInfo::None,EWeaponInfo::None,EWeaponInfo::None,EWeaponInfoScoreEvaluation::None,EWeaponInfoRank::C,EWeaponInfoRank::C,EWeaponInfoRank::C,EWeaponInfoRank::E,EWeaponInfoRank::B_Plus,EWeaponInfoRank::A,EWeaponInfoRank::None,EWeaponCategory::Throw,EWeaponSlayerEnemyType::Enemy,0,0,0,0,0,0,0,0,0,EWeaponSizeInfo::Medium,？？？,？？？,0
Boss_WPN_SatelliteMortarBoss01,20010,O・エステジオン・ボム,0,/Game/Character/weapon/Blueprint/Boss/Oxide/BP_WpSatelliteMortarBoss01.uasset,350,0,0,0,0,0,EWeaponAttackIntervalType::Trigger,EWeaponAttackType::Ranged,EWeaponAtkTaeget::None,0,0,0,EWeaponKind::Main,EWeaponHoldType::One,EAttachType::Hand,0,ESideTrgAct::None,0,0,0,0,1,99,0,1,0,0,0.1,1,0,EDecBulletType::Bullet,EWeaponReloadType::EmptyReload,0,2,2,0,1,1,1,0,1,1,ECustomReloadType::Bullet,60,15,130000,750000,50,1,0,0,0,1,-1,-1,-1,0,0,0,0,EBuddyWeaponType::Fire,38,EHoldWeaponType::OneHandGun,0.6,ERecoilMotionType::Satellite,ERecoilMoveTiming::None,ERecoilMovePower::None,EShotCharaEffect::None,None,EShakeType::None,1,1,0,0,0,0,0,0,0,0,0,0,0,0,0,0,0,0,0,0,0,0,EWeaponMaker::WeaponMaker004,EWeaponIcon::None,EWeaponInfoTriggerType::SubMonitor,EWeaponInfo::OneShotDown,EWeaponInfo::None,EWeaponInfo::None,EWeaponInfo::None,EWeaponInfo::None,EWeaponInfoScoreEvaluation::None,EWeaponInfoRank::B,EWeaponInfoRank::D,EWeaponInfoRank::C,EWeaponInfoRank::E,EWeaponInfoRank::E,EWeaponInfoRank::A,EWeaponInfoRank::None,EWeaponCategory::Special,EWeaponSlayerEnemyType::Enemy,0,0,0,0,0,0,0,0,0,EWeaponSizeInfo::Medium,？？？,？？？,0
Boss_WPN_WideShotType02Boss01,20011,O・全方位ラーゴ,0,/Game/Character/weapon/Blueprint/Boss/Oxide/BP_WpWideShotType02Boss01.uasset,351,0,0,0,0,0,EWeaponAttackIntervalType::Trigger,EWeaponAttackType::WholeBody,EWeaponAtkTaeget::Enemy,0,0,0,EWeaponKind::Main,EWeaponHoldType::One,EAttachType::Hand,0,ESideTrgAct::None,0,0,0,0,0,0.6,0,1,0,3,0.1,1,0,EDecBulletType::Bullet,EWeaponReloadType::Continuation,0,2,2,0,6,6,6,1,6,6,ECustomReloadType::Beam,0,0,0,0,0,0,0,0,0,1,-1,-1,-1,0,0,0,0,EBuddyWeaponType::Throw,113,EHoldWeaponType::OneHandGun,0.4,ERecoilMotionType::Small,ERecoilMoveTiming::None,ERecoilMovePower::None,EShotCharaEffect::None,None,EShakeType::ImpactDynamic,0.1,1,0,0,0,0,0,0,0,0,0,0,0,0,0,0,0,0,0,0,0,0,EWeaponMaker::WeaponMaker004,EWeaponIcon::None,EWeaponInfoTriggerType::Hold,EWeaponInfo::None,EWeaponInfo::None,EWeaponInfo::None,EWeaponInfo::None,EWeaponInfo::None,EWeaponInfoScoreEvaluation::None,EWeaponInfoRank::B,EWeaponInfoRank::A,EWeaponInfoRank::C,EWeaponInfoRank::C,EWeaponInfoRank::B,EWeaponInfoRank::A,EWeaponInfoRank::None,EWeaponCategory::ShootingMiddle,EWeaponSlayerEnemyType::Enemy,0,0,0,0,0,0,0,0,0,EWeaponSizeInfo::Medium,？？？,？？？,0
VS_Skill_WPN_Weapon,30000,スキル武器判別用枠(ここより↓はスキル武器),0,/Game/Character/weapon/Blueprint/wp00000/BP_WpEmpty.uasset,0,0,0,0,0,0,EWeaponAttackIntervalType::None,EWeaponAttackType::None,EWeaponAtkTaeget::None,0,0,0,EWeaponKind::Main,EWeaponHoldType::One,EAttachType::Hand,0,ESideTrgAct::None,0,0,0,0,0,0.05,0,0,0,0,0.1,1,0,EDecBulletType::None,EWeaponReloadType::EmptyReload,0,0,0,0,0,0,0,0,0,0,ECustomReloadType::None,0,0,0,0,0,0,0,0,0,0,-1,-1,-1,0,0,0,0,EBuddyWeaponType::None,0,EHoldWeaponType::None,0.35,ERecoilMotionType::Small,ERecoilMoveTiming::None,ERecoilMovePower::None,EShotCharaEffect::None,None,EShakeType::None,1,1,0,0,0,0,0,0,0,0,0,0,0,0,0,0,0,0,0,0,0,0,EWeaponMaker::None,EWeaponIcon::None,EWeaponInfoTriggerType::None,EWeaponInfo::None,EWeaponInfo::None,EWeaponInfo::None,EWeaponInfo::None,EWeaponInfo::None,EWeaponInfoScoreEvaluation::None,EWeaponInfoRank::A_Plus,EWeaponInfoRank::A_Plus,EWeaponInfoRank::A_Plus,EWeaponInfoRank::A_Plus,EWeaponInfoRank::A_Plus,EWeaponInfoRank::A_Plus,EWeaponInfoRank::A_Plus,EWeaponCategory::None,EWeaponSlayerEnemyType::None,0,0,0,0,0,0,0,0,0,EWeaponSizeInfo::Medium,ここに武器の説明を記入する,ここに武器の説明を記入する,0
Skill_WPN_BoundBubble,30001,繚乱爆弾 泡沫,0,/Game/Character/weapon/Blueprint/Skill/wp30001/BP_WpSkillBoundBubble.uasset,367,368,369,0,0,0,EWeaponAttackIntervalType::Press,EWeaponAttackType::Ranged,EWeaponAtkTaeget::Enemy,0,0,0,EWeaponKind::Main,EWeaponHoldType::Both,EAttachType::Hand,0,ESideTrgAct::None,0,0,0,0,0.2,0.8,0,0,0,0,0.1,1,0,EDecBulletType::Bullet,EWeaponReloadType::EmptyReload,0,6,6,0,1,1,1,1,1,999,ECustomReloadType::None,0,1600,0,1600,0,1600,0,0,0,1,-1,-1,-1,0,0,0,0,EBuddyWeaponType::None,48,EHoldWeaponType::BothRifles,0.3,ERecoilMotionType::Small,ERecoilMoveTiming::None,ERecoilMovePower::None,EShotCharaEffect::None,None,EShakeType::ImpactDynamic,0.3,1,0,0,0,0,0,0,0,0,0,0,0,0,0,0,0,0,0,0,0,0,EWeaponMaker::WeaponMaker002,EWeaponIcon::None,EWeaponInfoTriggerType::Hold,EWeaponInfo::OneShotFlinch,EWeaponInfo::None,EWeaponInfo::None,EWeaponInfo::None,EWeaponInfo::None,EWeaponInfoScoreEvaluation::None,EWeaponInfoRank::B,EWeaponInfoRank::C,EWeaponInfoRank::C,EWeaponInfoRank::D,EWeaponInfoRank::B_Plus,EWeaponInfoRank::A,EWeaponInfoRank::None,EWeaponCategory::ShootingMiddle,EWeaponSlayerEnemyType::Enemy,0,0,0,0,0,0,0,0,0,EWeaponSizeInfo::Medium,？？？,？？？,0
Skill_WPN_SatelliteLaser,30002,シエライトレーザー,0,/Game/Character/weapon/Blueprint/Skill/wp30002/BP_WpSkillSatelliteLaser.uasset,370,371,372,0,0,0,EWeaponAttackIntervalType::Trigger,EWeaponAttackType::Ranged,EWeaponAtkTaeget::Enemy,0,0,0,EWeaponKind::Main,EWeaponHoldType::Both,EAttachType::Hand,0,ESideTrgAct::None,0,0,0,0,0,99,0,0,0,0.2,0.1,1,0,EDecBulletType::Bullet,EWeaponReloadType::EmptyReload,0,6,6,0,1,1,1,1,1,1,ECustomReloadType::Bullet,1,30,50000,750000,90,0,0,0,0,0,-1,-1,-1,0,0,0,0,EBuddyWeaponType::BigWeapon,45,EHoldWeaponType::OneHandGun,0.4,ERecoilMotionType::Satellite,ERecoilMoveTiming::None,ERecoilMovePower::None,EShotCharaEffect::None,None,EShakeType::None,1,1,0,0,0,0,0,0,0,0,0,0,0,0,0,0,0,0,0,0,0,0,EWeaponMaker::WeaponMaker004,EWeaponIcon::None,EWeaponInfoTriggerType::Single,EWeaponInfo::OneShotDown,EWeaponInfo::None,EWeaponInfo::None,EWeaponInfo::None,EWeaponInfo::None,EWeaponInfoScoreEvaluation::None,EWeaponInfoRank::A,EWeaponInfoRank::A,EWeaponInfoRank::C,EWeaponInfoRank::D,EWeaponInfoRank::E,EWeaponInfoRank::A,EWeaponInfoRank::None,EWeaponCategory::Special,EWeaponSlayerEnemyType::Enemy,0,0,0,0,0,0,0,0,0,EWeaponSizeInfo::Medium,？？？,？？？,0
Skill_WPN_Pressure,30003,イヴフィールド,0,/Game/Character/weapon/Blueprint/Skill/wp30003/BP_WpSkillPressure.uasset,373,0,0,0,0,0,EWeaponAttackIntervalType::Trigger,EWeaponAttackType::Grapple,EWeaponAtkTaeget::None,0,0,0,EWeaponKind::Main,EWeaponHoldType::Both,EAttachType::Hand,0,ESideTrgAct::None,0,0,0,0,0,1,0,0,0,0,0.1,1,0,EDecBulletType::Grap,EWeaponReloadType::EmptyReload,0,6,6,0,1,1,1,1,1,1,ECustomReloadType::None,0,0,0,0,0,0,0,0,0,0,-1,-1,-1,0,0,0,0,EBuddyWeaponType::None,8,EHoldWeaponType::LeftOnly,3,ERecoilMotionType::LeftOnlySet,ERecoilMoveTiming::None,ERecoilMovePower::None,EShotCharaEffect::None,None,EShakeType::None,1,1,0,0,0,0,0,0,0,0,0,0,0,0,0,0,0,0,0,0,0,0,EWeaponMaker::WeaponMaker001,EWeaponIcon::None,EWeaponInfoTriggerType::Single,EWeaponInfo::OneShotDown,EWeaponInfo::None,EWeaponInfo::None,EWeaponInfo::None,EWeaponInfo::None,EWeaponInfoScoreEvaluation::None,EWeaponInfoRank::C,EWeaponInfoRank::C,EWeaponInfoRank::None,EWeaponInfoRank::E,EWeaponInfoRank::C,EWeaponInfoRank::C,EWeaponInfoRank::None,EWeaponCategory::Special,EWeaponSlayerEnemyType::Enemy,0,0,0,0,0,0,0,0,0,EWeaponSizeInfo::Medium,？？？,？？？,0
Skill_WPN_SentryGun,30004,ターレットEL,0,/Game/Character/weapon/Blueprint/Skill/wp30004/BP_WpSkillSentryGun.uasset,374,375,376,0,0,0,EWeaponAttackIntervalType::Release,EWeaponAttackType::Throwing,EWeaponAtkTaeget::None,0,0,0,EWeaponKind::Main,EWeaponHoldType::Both,EAttachType::Hand,0,ESideTrgAct::None,0,0,0,0,0.5,0.05,0,0,0,0,0.1,1,0,EDecBulletType::Bullet,EWeaponReloadType::EmptyReload,0,6,6,0,1,1,1,1,1,1,ECustomReloadType::Beam,200,15000,3,200,15000,5,200,15000,5,1,-1,-1,-1,0,0,0,0,EBuddyWeaponType::Throw,71,EHoldWeaponType::OneHandGun,0.2,ERecoilMotionType::Middle,ERecoilMoveTiming::None,ERecoilMovePower::None,EShotCharaEffect::None,None,EShakeType::None,1,1,0,0,0,0,0,0,0,0,0,0,0,0,0,0,0,0,0,0,0,0,EWeaponMaker::WeaponMaker001,EWeaponIcon::None,EWeaponInfoTriggerType::Release,EWeaponInfo::None,EWeaponInfo::None,EWeaponInfo::None,EWeaponInfo::None,EWeaponInfo::None,EWeaponInfoScoreEvaluation::Medium,EWeaponInfoRank::C,EWeaponInfoRank::C,EWeaponInfoRank::B,EWeaponInfoRank::E,EWeaponInfoRank::D,EWeaponInfoRank::A,EWeaponInfoRank::None,EWeaponCategory::Throw,EWeaponSlayerEnemyType::Enemy,0,0,0,0,0,0,0,0,0,EWeaponSizeInfo::Medium,？？？,？？？,0
Skill_WPN_PowerBall,30005,レヴォルフィア,0,/Game/Character/weapon/Blueprint/Skill/wp30005/BP_WpSkillPowerBall.uasset,377,378,379,0,0,0,EWeaponAttackIntervalType::Release,EWeaponAttackType::Ranged,EWeaponAtkTaeget::Enemy,0,0,0,EWeaponKind::Main,EWeaponHoldType::Both,EAttachType::Hand,0,ESideTrgAct::None,0,0,0,0,0,0.5,0,0.5,0,0,0.1,1,0,EDecBulletType::Bullet,EWeaponReloadType::EmptyReload,0,6,6,0,1,1,1,1,1,5,ECustomReloadType::Beam,0,0,0,0,0,0,0,0,0,0,-1,-1,-1,0,0,0,0,EBuddyWeaponType::BigWeapon,103,EHoldWeaponType::BothRifles,0.35,ERecoilMotionType::Small,ERecoilMoveTiming::First,ERecoilMovePower::Weak,EShotCharaEffect::None,None,EShakeType::ImpactDynamic,1,1,0,0,0,0,0,0,0,0,0,0,0,0,0,0,0,0,0,0,0,0,EWeaponMaker::WeaponMaker003,EWeaponIcon::None,EWeaponInfoTriggerType::Charge,EWeaponInfo::OneShotFlinch,EWeaponInfo::BadState_Jamming,EWeaponInfo::None,EWeaponInfo::None,EWeaponInfo::None,EWeaponInfoScoreEvaluation::None,EWeaponInfoRank::A,EWeaponInfoRank::A,EWeaponInfoRank::C,EWeaponInfoRank::E,EWeaponInfoRank::C,EWeaponInfoRank::B,EWeaponInfoRank::None,EWeaponCategory::ShootingMiddle,EWeaponSlayerEnemyType::Enemy,0,0,0,0,0,0,0,0,0,EWeaponSizeInfo::Medium,？？？,？？？,0
Skill_WPN_MachineGun,30006,ミトライユ・ブラズ,0,/Game/Character/weapon/Blueprint/Skill/wp30006/BP_WpSkillMachineGun.uasset,380,381,382,0,0,0,EWeaponAttackIntervalType::Press,EWeaponAttackType::Ranged,EWeaponAtkTaeget::Enemy,0,0,0,EWeaponKind::Main,EWeaponHoldType::Both,EAttachType::Hand,0,ESideTrgAct::None,0,0,0,0,0,0.06,0,0,0,0,0.1,1,0,EDecBulletType::Bullet,EWeaponReloadType::EmptyReload,0,6,6,0,30,30,30,1,5,255,ECustomReloadType::Bullet,0,0,0,0,0,0,0,0,0,1,-1,-1,-1,0,0,0,0,EBuddyWeaponType::None,1,EHoldWeaponType::OneHandGun,0.1,ERecoilMotionType::Rapid,ERecoilMoveTiming::None,ERecoilMovePower::None,EShotCharaEffect::None,None,EShakeType::None,1,1,0,0,0,0,0,0,0,0,0,0,0,0,0,0,0,0,0,0,0,0,EWeaponMaker::WeaponMaker004,EWeaponIcon::None,EWeaponInfoTriggerType::Hold,EWeaponInfo::None,EWeaponInfo::None,EWeaponInfo::None,EWeaponInfo::None,EWeaponInfo::None,EWeaponInfoScoreEvaluation::None,EWeaponInfoRank::B,EWeaponInfoRank::B,EWeaponInfoRank::B,EWeaponInfoRank::B_Plus,EWeaponInfoRank::B_Plus,EWeaponInfoRank::A,EWeaponInfoRank::None,EWeaponCategory::ShootingMiddle,EWeaponSlayerEnemyType::Enemy,0,0,0,0,0,0,0,0,0,EWeaponSizeInfo::Medium,？？？,？？？,0
Skill_WPN_CoilGun,30007,カラミッタ・エント,0,/Game/Character/weapon/Blueprint/Skill/wp30007/BP_WpSkillCoilGun.uasset,383,384,385,0,0,0,EWeaponAttackIntervalType::Trigger,EWeaponAttackType::Ranged,EWeaponAtkTaeget::Enemy,0,0,0,EWeaponKind::Main,EWeaponHoldType::Both,EAttachType::Hand,0,ESideTrgAct::None,0,0,0,0,0,0.6,0,0,0,0,0.1,1,0,EDecBulletType::Bullet,EWeaponReloadType::EmptyReload,0,6,6,0,4,1,1,1,1,1,ECustomReloadType::BulletDebuff,0,0,0,0,0,0,0,0,0,0,-1,-1,-1,0,0,0,0,EBuddyWeaponType::Thunder,11,EHoldWeaponType::OneHandGun,0.1,ERecoilMotionType::Middle,ERecoilMoveTiming::None,ERecoilMovePower::None,EShotCharaEffect::None,None,EShakeType::ImpactDynamic,0.5,1,0,0,0,0,0,0,0,0,0,0,0,0,0,0,0,0,0,0,0,0,EWeaponMaker::WeaponMaker003,EWeaponIcon::None,EWeaponInfoTriggerType::Single,EWeaponInfo::BadState_Paralysis,EWeaponInfo::None,EWeaponInfo::None,EWeaponInfo::None,EWeaponInfo::None,EWeaponInfoScoreEvaluation::None,EWeaponInfoRank::D,EWeaponInfoRank::D,EWeaponInfoRank::B,EWeaponInfoRank::E,EWeaponInfoRank::C,EWeaponInfoRank::C,EWeaponInfoRank::None,EWeaponCategory::ShootingShort,EWeaponSlayerEnemyType::Enemy,0,0,0,0,0,0,0,0,0,EWeaponSizeInfo::Medium,？？？,？？？,0
Skill_WPN_TornadoArea,30008,テンペスト・リヴァ,0,/Game/Character/weapon/Blueprint/Skill/wp30008/BP_WpSkillTornadoArea.uasset,386,387,388,0,0,0,EWeaponAttackIntervalType::Release,EWeaponAttackType::Throwing,EWeaponAtkTaeget::None,0,0,0,EWeaponKind::Main,EWeaponHoldType::Both,EAttachType::Hand,0,ESideTrgAct::None,0,0,0,0,0,0.05,0,0,0,0,0.1,1,0,EDecBulletType::Bullet,EWeaponReloadType::EmptyReload,0,6,6,0,1,1,1,1,1,1,ECustomReloadType::Debuff,1,15000,100,15000,18000,1000,0,0,0,0,-1,-1,-1,0,0,0,0,EBuddyWeaponType::Throw,88,EHoldWeaponType::OneHandGun,0.2,ERecoilMotionType::Middle,ERecoilMoveTiming::None,ERecoilMovePower::None,EShotCharaEffect::None,None,EShakeType::None,1,1,0,0,0,0,0,0,0,0,0,0,0,0,0,0,0,0,0,0,0,0,EWeaponMaker::WeaponMaker001,EWeaponIcon::None,EWeaponInfoTriggerType::Release,EWeaponInfo::BadState_Bondage,EWeaponInfo::None,EWeaponInfo::None,EWeaponInfo::None,EWeaponInfo::None,EWeaponInfoScoreEvaluation::None,EWeaponInfoRank::C,EWeaponInfoRank::C,EWeaponInfoRank::D,EWeaponInfoRank::E,EWeaponInfoRank::D,EWeaponInfoRank::B,EWeaponInfoRank::None,EWeaponCategory::Throw,EWeaponSlayerEnemyType::All,0,0,0,0,0,0,0,0,0,EWeaponSizeInfo::Medium,？？？,？？？,0
Skill_WPN_Stealth,30009,デウステルス,0,/Game/Character/weapon/Blueprint/Skill/wp30009/BP_WpSkillStealth.uasset,392,393,394,0,0,0,EWeaponAttackIntervalType::Press,EWeaponAttackType::Ranged,EWeaponAtkTaeget::Friend,0,0,0,EWeaponKind::Main,EWeaponHoldType::Both,EAttachType::Hand,0,ESideTrgAct::None,0,0,0,0,0.5,1,0,0,0,0.05,0.1,1,0,EDecBulletType::Bullet,EWeaponReloadType::EmptyReload,0,6,6,8,1,1,1,1,1,1,ECustomReloadType::Buff,115,115,115,0,0,0,0,0,0,1,-1,-1,-1,0,0,0,0,EBuddyWeaponType::Support,19,EHoldWeaponType::OneHandGun,0.2,ERecoilMotionType::Middle,ERecoilMoveTiming::None,ERecoilMovePower::None,EShotCharaEffect::None,None,EShakeType::None,1,1,0,0,0,0,0,0,0,0,0,0,0,0,0,0,0,0,0,0,0,0,EWeaponMaker::WeaponMaker003,EWeaponIcon::None,EWeaponInfoTriggerType::Single,EWeaponInfo::PowerUp,EWeaponInfo::None,EWeaponInfo::None,EWeaponInfo::None,EWeaponInfo::None,EWeaponInfoScoreEvaluation::None,EWeaponInfoRank::None,EWeaponInfoRank::None,EWeaponInfoRank::D,EWeaponInfoRank::E,EWeaponInfoRank::B,EWeaponInfoRank::A,EWeaponInfoRank::None,EWeaponCategory::ShootingMiddle,EWeaponSlayerEnemyType::Friend,0,0,0,0,0,0,0,0,0,EWeaponSizeInfo::Medium,？？？,？？？,0
Skill_WPN_OptionsShield,30010,シールドヴァイト-X,0,/Game/Character/weapon/Blueprint/Skill/wp30010/BP_WpSkillOptionsShield.uasset,395,396,397,0,0,0,EWeaponAttackIntervalType::Press,EWeaponAttackType::Ranged,EWeaponAtkTaeget::Friend,0,0,0,EWeaponKind::Main,EWeaponHoldType::Both,EAttachType::Hand,0,ESideTrgAct::None,0,0,0,0,0.5,1,0,0,0,0.05,0.1,1,0,EDecBulletType::Bullet,EWeaponReloadType::EmptyReload,0,6,6,0,1,1,1,1,1,1,ECustomReloadType::Buff,115,115,115,0,0,0,0,0,0,1,-1,-1,-1,0,0,0,0,EBuddyWeaponType::Support,19,EHoldWeaponType::OneHandGun,0.2,ERecoilMotionType::Middle,ERecoilMoveTiming::None,ERecoilMovePower::None,EShotCharaEffect::None,None,EShakeType::None,1,1,0,0,0,0,0,0,0,0,0,0,0,0,0,0,0,0,0,0,0,0,EWeaponMaker::WeaponMaker003,EWeaponIcon::None,EWeaponInfoTriggerType::Single,EWeaponInfo::PowerUp,EWeaponInfo::None,EWeaponInfo::None,EWeaponInfo::None,EWeaponInfo::None,EWeaponInfoScoreEvaluation::None,EWeaponInfoRank::None,EWeaponInfoRank::None,EWeaponInfoRank::D,EWeaponInfoRank::E,EWeaponInfoRank::B,EWeaponInfoRank::A,EWeaponInfoRank::None,EWeaponCategory::ShootingMiddle,EWeaponSlayerEnemyType::Friend,0,0,0,0,0,0,0,0,0,EWeaponSizeInfo::Medium,？？？,？？？,0
Skill_WPN_WideShot,30011,スキル:ラーゴ,0,/Game/Character/weapon/Blueprint/Skill/wp30011/BP_WpSkillWideShot.uasset,398,399,400,0,0,0,EWeaponAttackIntervalType::Press,EWeaponAttackType::Ranged,EWeaponAtkTaeget::Enemy,0,0,0,EWeaponKind::Main,EWeaponHoldType::Both,EAttachType::Hand,0,ESideTrgAct::None,0,0,0,0,0,0.9,0,0,0,0,0.1,1,0,EDecBulletType::Bullet,EWeaponReloadType::EmptyReload,0,6,6,0,1,4,4,1,1,255,ECustomReloadType::Beam,0,0,0,0,0,0,0,0,0,1,-1,-1,-1,0,0,0,0,EBuddyWeaponType::None,6,EHoldWeaponType::OneHandGun,0.2,ERecoilMotionType::Small,ERecoilMoveTiming::None,ERecoilMovePower::None,EShotCharaEffect::None,None,EShakeType::ImpactDynamic,0.1,1,0,0,0,0,0,0,0,0,0,0,0,0,0,0,0,0,0,0,0,0,EWeaponMaker::WeaponMaker004,EWeaponIcon::None,EWeaponInfoTriggerType::Hold,EWeaponInfo::None,EWeaponInfo::None,EWeaponInfo::None,EWeaponInfo::None,EWeaponInfo::None,EWeaponInfoScoreEvaluation::None,EWeaponInfoRank::B,EWeaponInfoRank::B_Plus,EWeaponInfoRank::C,EWeaponInfoRank::D,EWeaponInfoRank::B,EWeaponInfoRank::A,EWeaponInfoRank::None,EWeaponCategory::ShootingMiddle,EWeaponSlayerEnemyType::Enemy,0,0,0,0,0,0,0,0,0,EWeaponSizeInfo::Medium,？？？,？？？,0
Skill_WPN_Options,30012,レイスレイヴ Xt-Z,0,/Game/Character/weapon/Blueprint/Skill/wp30012/BP_WpSkillOptions.uasset,401,402,403,0,0,0,EWeaponAttackIntervalType::Trigger,EWeaponAttackType::Ranged,EWeaponAtkTaeget::None,0,0,0,EWeaponKind::Sub,EWeaponHoldType::One,EAttachType::Hand,0,ESideTrgAct::None,0,0,0,0,0,1,0,0,0,0,0.1,1,0,EDecBulletType::Bullet,EWeaponReloadType::EmptyReload,0,6,6,8,1,1,1,1,1,1,ECustomReloadType::BeamBuff,0,25000,0,45,90,110,35,0,0,1,-1,-1,-1,0,0,0,0,EBuddyWeaponType::None,93,EHoldWeaponType::OneHandGun,0.35,ERecoilMotionType::Satellite,ERecoilMoveTiming::None,ERecoilMovePower::None,EShotCharaEffect::None,None,EShakeType::None,1,1,0,0,0,0,0,0,0,0,0,0,0,0,0,0,0,0,0,0,0,0,EWeaponMaker::WeaponMaker001,EWeaponIcon::None,EWeaponInfoTriggerType::Single,EWeaponInfo::ReloadUp,EWeaponInfo::Heal,EWeaponInfo::None,EWeaponInfo::None,EWeaponInfo::None,EWeaponInfoScoreEvaluation::None,EWeaponInfoRank::C,EWeaponInfoRank::B,EWeaponInfoRank::C,EWeaponInfoRank::E,EWeaponInfoRank::E,EWeaponInfoRank::A,EWeaponInfoRank::C,EWeaponCategory::Special,EWeaponSlayerEnemyType::All,0,0,0,0,0,0,0,0,0,EWeaponSizeInfo::Medium,？？？,？？？,0
